file_id	image_id	ver1	ver2	ver3	ver4	ver5	ver6	vis1	vis2	vis3	vis4	vis5	vis6	vis7
tweet_00000006	saude202003_n_00001_00000001.jpg	1	1	0	-1	0	0	0	0	0	0	0	0	-2
tweet_00000022	saude202003_n_00001_00000002.jpg	-1	3	0	0	0	0	1	0	0	1	0	0	-2
tweet_00000051	saude202003_n_00002_00000001.jpg	-1	2	0	-1	-1	0	6	0	0	0	0	0	-6
tweet_00000054	saude202003_n_00002_00000002.jpg	1	1	-1	0	0	0	1	0	0	1	0	0	-3
tweet_00000073	saude202003_n_00002_00000003.jpg	1	2	0	-1	0	0	19	-1	0	1	0	1	0
tweet_00000093	saude202003_n_00003_00000001.jpg	0	2	0	0	1	0	0	0	0	0	0	0	-7
tweet_00000108	saude202003_n_00003_00000002.jpg	0	2	1	-2	0	0	0	0	0	1	0	0	-2
tweet_00000114	saude202003_n_00003_00000003.jpg	0	3	0	-1	0	0	0	3	0	-1	0	0	0
tweet_00000123	saude202003_n_00004_00000001.png	-2	4	1	0	0	0	0	0	0	0	0	0	-3
tweet_00000127	saude202003_n_00004_00000002.jpg	1	1	0	0	0	0	0	0	-1	0	16	0	0
tweet_00000131	saude202003_n_00004_00000003.jpg	2	0	0	0	0	0	-1	-1	3	0	-1	8	0
tweet_00000149	saude202003_n_00005_00000001.jpg	2	1	0	0	0	0	0	0	0	1	0	0	0
tweet_00000163	saude202003_n_00006_00000001.jpg	2	1	0	-1	0	0	1	2	0	0	0	1	0
tweet_00000166	saude202003_n_00006_00000002.jpg	2	0	0	0	0	0	0	0	-2	1	1	1	0
tweet_00000175	saude202003_n_00006_00000003.jpg	5	2	0	0	0	0	0	0	0	1	0	-1	0
tweet_00000188	saude202003_n_00008_00000001.jpg	0	-2	0	0	3	0	0	0	0	0	0	0	-7
tweet_00000194	saude202003_n_00008_00000003.png	2	1	0	0	0	0	0	0	0	9	0	0	0
tweet_00000206	saude202003_n_00008_00000004.png	3	0	0	0	0	0	0	0	0	1	0	0	0
tweet_00000212	saude202003_n_00009_00000001.jpg	0	0	0	0	3	0	0	0	0	1	0	0	-1
tweet_00000247	saude202003_n_00012_00000001.jpg	0	0	0	0	0	0	1	0	0	0	0	0	-4
tweet_00000280	saude202003_n_00014_00000001.jpg	0	3	0	0	0	0	1	1	0	-1	0	0	-1
tweet_00000281	saude202003_n_00050_00000001.jpg	1	3	0	0	0	0	0	0	0	0	0	6	0
tweet_00000288	saude202003_n_00017_00000001.jpg	1	4	0	-1	0	0	0	0	0	-1	0	0	-2
tweet_00000299	saude202003_n_00018_00000001.jpg	3	0	0	0	0	0	0	1	0	0	0	0	15
tweet_00000302	saude202003_n_00021_00000001.jpg	2	3	-1	-3	0	0	9	0	0	1	0	0	1
tweet_00000315	saude202003_n_00025_00000001.jpg	1	1	0	0	0	1	0	0	0	0	0	0	-5
tweet_00000327	saude202003_n_00025_00000002.jpg	2	2	0	0	0	0	0	0	0	8	0	0	-1
tweet_00000328	saude202003_n_00025_00000003.jpg	0	-2	1	0	2	0	4	0	0	0	0	0	-4
tweet_00000329	saude202003_n_00025_00000004.jpg	2	0	0	0	1	0	0	0	0	-1	0	-1	-2
tweet_00000339	saude202003_n_00025_00000007.png	0	1	1	-1	0	0	0	0	0	0	0	0	-3
tweet_00000340	saude202003_n_00025_00000009.jpg	0	3	0	0	0	0	2	2	0	-1	0	0	-3
tweet_00000343	saude202003_n_00026_00000001.png	0	1	0	0	0	0	0	0	0	0	0	0	-5
tweet_00000346	saude202003_n_00026_00000002.png	1	1	0	-1	0	0	0	0	0	0	0	0	-4
tweet_00000363	saude202003_n_00026_00000005.jpg	1	0	0	0	0	0	0	0	0	-1	0	0	-1
tweet_00000373	saude202003_n_00027_00000001.jpg	1	2	0	0	3	0	1	6	0	0	0	0	9
tweet_00000376	saude202003_n_00027_00000002.jpg	1	4	0	0	0	0	0	0	0	1	0	-1	-1
tweet_00000441	saude202003_n_00028_00000002.jpg	2	2	0	0	1	0	0	0	0	0	0	1	0
tweet_00000466	saude202003_n_00029_00000001.jpg	0	-2	0	0	1	1	0	0	0	0	0	0	-5
tweet_00000471	saude202003_n_00029_00000003.jpg	0	2	0	-1	0	0	0	3	0	0	0	0	7
tweet_00000475	saude202003_n_00029_00000004.jpg	1	1	0	0	0	0	1	7	0	0	0	0	20
tweet_00000482	saude202003_n_00029_00000005.png	1	1	0	-2	0	1	0	6	0	0	0	0	20
tweet_00000495	saude202003_n_00030_00000001.jpg	1	3	0	0	0	0	0	0	0	0	0	0	-4
tweet_00000500	saude202003_n_00030_00000002.jpg	1	1	0	0	0	0	0	0	0	0	0	0	2
tweet_00000506	saude202003_n_00030_00000005.jpg	0	2	0	0	0	0	1	0	0	0	0	0	-3
tweet_00000507	saude202003_n_00030_00000008.jpg	0	0	0	-2	0	0	0	2	3	0	0	-1	-1
tweet_00000564	saude202003_n_00032_00000002.jpg	3	-1	0	-1	0	0	1	-2	0	5	0	0	0
tweet_00000566	saude202003_n_00032_00000003.png	6	1	0	0	1	0	0	0	0	7	0	-3	-3
tweet_00000574	saude202003_n_00032_00000004.jpg	3	1	0	-1	0	0	0	0	0	8	0	0	0
tweet_00000583	saude202003_n_00033_00000001.jpg	-1	1	1	0	0	0	0	0	0	0	0	0	-2
tweet_00000588	saude202003_n_00033_00000003.png	3	0	0	0	0	0	12	0	0	0	0	0	0
tweet_00000595	saude202003_n_00033_00000004.jpg	0	1	0	0	0	0	7	0	0	0	0	0	1
tweet_00000617	saude202003_n_00034_00000001.jpg	0	1	0	0	0	0	0	0	0	0	0	0	-5
tweet_00000635	saude202003_n_00035_00000001.jpg	1	-2	1	0	0	-1	0	0	0	5	0	-1	0
tweet_00000638	saude202003_n_00035_00000002.jpg	3	0	0	0	0	0	1	2	0	0	0	0	4
tweet_00000664	saude202003_n_00036_00000002.jpg	2	1	0	0	0	0	0	0	0	0	0	0	-4
tweet_00000667	saude202003_n_00036_00000003.jpg	4	1	0	-2	0	0	1	0	0	0	0	0	-5
tweet_00000672	saude202003_n_00037_00000001.jpg	0	2	1	-1	0	0	2	0	0	0	0	0	-4
tweet_00000704	saude202003_n_00041_00000002.jpg	0	0	0	0	0	0	0	0	0	0	0	0	-2
tweet_00000707	saude202003_n_00042_00000004.jpg	1	-3	0	0	2	2	1	0	0	0	0	0	-5
tweet_00000715	saude202003_n_00042_00000010.jpg	6	1	0	0	0	0	0	0	0	1	0	0	0
tweet_00000720	saude202003_n_00042_00000012.png	1	2	0	-1	0	0	0	11	0	0	0	0	15
tweet_00000721	saude202003_n_00042_00000013.jpg	0	4	0	0	0	1	0	0	0	-1	-1	-1	-2
tweet_00000723	saude202003_n_00042_00000014.jpg	1	-2	0	0	3	0	0	0	0	3	0	0	0
tweet_00000735	saude202003_n_00046_00000001.jpg	1	1	0	0	0	1	0	0	0	1	0	-1	-1
tweet_00000744	saude202003_n_00047_00000001.jpg	1	1	0	0	0	0	1	0	0	0	0	0	-5
tweet_00000762	saude202003_n_00048_00000001.jpg	1	0	-1	0	0	0	0	0	1	22	0	1	1
tweet_00000777	saude202003_n_00049_00000001.png	1	2	0	0	1	0	0	0	0	26	0	0	0
tweet_00000787	saude202003_n_00050_00000002.jpg	5	1	0	0	0	0	2	0	0	3	0	-1	0
tweet_00000789	saude202003_n_00050_00000003.jpg	1	-2	0	0	3	0	0	0	0	0	0	0	-5
tweet_00000791	saude202003_n_00050_00000004.png	1	-2	0	0	2	0	0	0	0	0	0	0	-6
tweet_00000793	saude202003_n_00050_00000005.jpg	1	0	0	-1	0	0	0	0	0	0	0	0	-8
tweet_00000806	saude202003_n_00051_00000003.jpg	0	3	0	0	0	0	0	0	0	0	0	0	-3
tweet_00000815	saude202003_n_00051_00000004.jpg	1	1	0	-1	0	0	0	0	0	0	-2	-2	-1
tweet_00000827	saude202003_n_00054_00000001.jpg	0	2	0	0	0	0	0	0	0	0	0	1	0
tweet_00000838	saude202003_n_00057_00000001.jpg	1	4	0	0	0	0	1	0	0	7	0	0	0
tweet_00000839	saude202003_n_00058_00000001.jpg	1	2	0	0	0	0	0	2	0	0	0	0	4
tweet_00000842	saude202003_n_00058_00000006.jpg	1	1	0	0	0	2	0	0	0	0	0	0	-3
tweet_00000851	saude202003_n_00058_00000005.jpg	-1	-2	0	0	1	0	2	0	0	0	0	0	-6
tweet_00000852	saude202003_n_00063_00000001.jpg	1	0	0	-1	0	1	6	0	0	0	0	0	0
tweet_00000866	saude202003_n_00069_00000001.jpg	1	-2	0	0	3	0	0	0	0	0	0	0	-3
tweet_00000889	saude202003_n_00076_00000001.jpg	0	2	0	0	0	0	0	1	0	0	0	0	-1
tweet_00000895	saude202003_n_00081_00000001.jpg	1	-2	0	-1	3	2	0	4	0	0	0	0	9
tweet_00000899	saude202003_n_00085_00000001.jpg	1	1	0	0	0	0	6	0	0	0	0	0	-2
tweet_00000900	saude202003_n_00085_00000002.jpg	0	3	0	0	0	0	0	2	0	0	0	0	1
tweet_00000909	saude202003_n_00086_00000001.jpg	1	4	0	0	0	0	0	4	0	0	0	0	4
tweet_00000930	saude202003_n_00090_00000001.jpg	1	-2	0	0	3	0	0	0	0	0	0	0	-3
tweet_00000960	saude202003_n_00093_00000001.jpg	1	-1	0	1	1	0	0	0	0	0	0	0	-4
tweet_00000968	saude202003_n_00094_00000001.jpg	1	-2	0	0	2	1	0	0	0	0	0	0	-6
tweet_00000976	saude202003_n_00094_00000002.jpg	1	0	0	0	3	0	0	0	0	0	0	0	-1
tweet_00000991	saude202003_n_00096_00000001.jpg	-1	4	0	0	0	0	-1	0	0	0	0	0	-2
tweet_00000997	saude202003_n_00097_00000001.jpg	1	2	0	0	0	0	0	2	0	0	0	0	-1
tweet_00001002	saude202003_n_00098_00000001.jpg	0	-2	0	0	0	0	10	0	0	0	0	0	3
tweet_00001012	saude202003_n_00100_00000001.png	1	-1	-1	0	0	2	0	0	0	0	0	0	-5
tweet_00001016	saude202003_n_00100_00000005.jpg	0	-2	0	0	2	1	0	0	0	0	0	0	-5
tweet_00001024	saude202003_n_00102_00000003.jpg	0	0	0	0	0	0	0	0	0	0	0	0	-5
tweet_00001041	saude202003_n_00103_00000001.jpg	-1	3	1	0	0	0	0	1	0	0	0	0	-1
tweet_00001048	saude202003_n_00104_00000001.jpg	0	0	0	0	0	0	0	0	0	-1	0	0	-1
tweet_00001049	saude202003_n_00104_00000005.jpg	1	-1	0	0	2	1	0	0	0	0	0	0	-4
tweet_00001065	saude202003_n_00108_00000001.jpg	0	2	0	-1	0	0	0	8	0	1	0	0	-1
tweet_00001074	saude202003_n_00110_00000001.jpg	1	-2	0	0	3	0	0	0	0	0	0	0	-5
tweet_00001090	saude202003_n_00111_00000002.jpg	1	-2	0	0	3	0	0	0	0	0	0	0	-4
tweet_00001104	saude202003_n_00111_00000003.jpg	1	-2	0	0	2	1	0	0	0	0	0	0	-4
tweet_00001118	saude202003_n_00112_00000001.jpg	1	1	0	0	0	0	1	0	0	0	0	0	0
tweet_00001128	saude202003_n_00113_00000001.jpg	-2	3	0	0	0	0	0	0	0	0	0	0	-2
tweet_00001138	saude202003_n_00114_00000001.png	-2	2	0	0	0	0	0	2	1	0	0	0	0
tweet_00001143	saude202003_n_00114_00000002.png	0	1	0	0	0	0	0	3	0	0	0	-1	-3
tweet_00001171	saude202003_n_00116_00000002.jpg	-2	3	0	0	0	0	0	1	0	0	0	0	10
tweet_00001182	saude202003_n_00116_00000003.jpg	0	2	0	-1	0	0	0	1	0	0	0	-1	5
tweet_00001204	saude202003_n_00118_00000001.jpg	0	2	0	0	0	0	0	2	0	-1	0	0	0
tweet_00001221	saude202003_n_00118_00000002.png	1	-1	0	0	1	0	0	0	0	1	0	0	0
tweet_00001226	saude202003_n_00120_00000001.jpg	1	4	0	0	2	1	3	4	0	0	0	0	16
tweet_00001230	saude202003_n_00120_00000002.jpg	0	2	0	0	0	0	1	11	0	0	0	0	20
tweet_00001236	saude202003_n_00123_00000001.jpg	2	-2	0	0	0	1	0	0	0	5	0	1	0
tweet_00001256	saude202003_n_00124_00000001.jpg	1	-1	0	0	0	0	0	-1	0	6	0	1	0
tweet_00001275	saude202003_n_00128_00000001.jpg	1	1	0	0	0	0	0	6	0	-1	0	0	0
tweet_00001285	saude202003_n_00129_00000001.jpg	0	2	0	0	0	0	0	0	0	0	0	0	-4
tweet_00001295	saude202003_n_00131_00000001.jpg	1	2	0	0	0	0	0	0	0	0	0	0	-3
tweet_00001296	saude202003_n_00131_00000002.jpg	-2	2	0	0	0	0	0	1	0	0	0	0	-1
tweet_00001309	saude202003_n_00132_00000001.jpg	1	-2	0	0	2	0	0	0	0	0	0	0	-4
tweet_00001313	saude202003_n_00133_00000001.jpg	-1	4	0	0	0	0	0	6	1	-1	0	0	0
tweet_00001326	saude202003_n_00133_00000002.jpg	-3	2	0	0	0	0	0	4	0	0	0	0	0
tweet_00001344	saude202003_n_00134_00000001.jpg	3	1	0	0	0	0	0	0	0	0	0	0	-3
tweet_00001349	saude202003_n_00134_00000002.jpg	0	2	0	0	0	0	3	0	0	1	0	0	-4
tweet_00001360	saude202003_n_00134_00000004.jpg	1	-3	-1	1	0	0	0	0	0	0	0	0	-2
tweet_00001394	saude202003_n_00136_00000001.jpg	-2	1	0	0	0	0	0	0	0	0	0	0	-6
tweet_00001416	saude202003_n_00136_00000002.jpg	-1	1	0	0	0	0	0	0	0	0	0	-1	-4
tweet_00001429	saude202003_n_00137_00000001.jpg	-2	2	0	0	0	0	0	1	0	0	0	0	-1
tweet_00001443	saude202003_n_00138_00000001.jpg	0	2	0	0	0	0	1	0	1	0	0	1	1
tweet_00001455	saude202003_n_00138_00000005.jpg	1	1	0	-3	0	0	0	0	0	0	0	0	-5
tweet_00001475	saude202003_n_00140_00000002.jpg	1	1	0	0	0	0	0	1	0	-1	0	0	0
tweet_00001480	saude202003_n_00140_00000003.jpg	1	3	0	0	0	0	1	9	0	0	0	0	24
tweet_00001489	saude202003_n_00141_00000001.jpg	1	-1	0	0	0	0	0	-1	1	0	0	-9	0
tweet_00001503	saude202003_n_00141_00000002.jpg	1	1	-1	-2	0	0	0	0	0	-1	0	0	-2
tweet_00001521	saude202003_n_00142_00000001.jpg	0	2	0	-3	0	0	0	1	0	-1	0	-1	0
tweet_00001527	saude202003_n_00142_00000002.jpg	0	0	0	-1	0	0	0	0	4	0	0	1	0
tweet_00001547	saude202003_n_00143_00000001.png	2	1	0	-1	0	0	0	0	0	10	0	0	0
tweet_00001552	saude202003_n_00146_00000001.jpg	1	4	0	0	0	0	4	0	0	0	0	0	-5
tweet_00001564	saude202003_n_00147_00000001.jpg	4	0	0	0	0	0	2	3	0	-1	0	0	0
tweet_00001567	saude202003_n_00147_00000006.jpg	2	0	-1	0	0	0	1	0	1	2	0	0	0
tweet_00001583	saude202003_n_00148_00000001.jpg	1	3	0	0	0	0	1	0	0	0	0	-1	-4
tweet_00001591	saude202003_n_00148_00000002.jpg	0	1	0	0	0	0	0	0	0	4	0	0	0
tweet_00001594	saude202003_n_00150_00000001.jpg	2	1	-1	-2	0	0	0	0	0	7	0	0	0
tweet_00001614	saude202003_n_00150_00000002.png	1	1	0	1	0	0	0	0	0	3	0	0	0
tweet_00001616	saude202003_n_00151_00000001.jpg	0	2	2	0	0	0	0	5	0	0	0	0	0
tweet_00001619	saude202003_n_00151_00000002.jpg	-3	4	0	0	0	0	0	1	0	0	0	0	-1
tweet_00001630	saude202003_n_00152_00000001.jpg	-1	3	0	0	1	0	0	0	0	0	0	0	-2
tweet_00001634	saude202003_n_00152_00000002.jpg	1	0	0	0	0	1	0	1	0	3	0	0	0
tweet_00001650	saude202003_n_00153_00000005.jpg	3	0	-1	0	0	0	1	0	2	0	0	5	2
tweet_00001688	saude202003_n_00155_00000004.jpg	4	0	0	0	0	0	15	0	0	-1	0	0	-3
tweet_00001696	saude202003_n_00156_00000001.jpg	0	0	0	0	0	1	-1	0	0	0	4	2	-1
tweet_00001725	saude202003_n_00158_00000001.jpg	1	1	0	0	0	0	1	10	0	0	0	0	18
tweet_00001746	saude202003_n_00159_00000001.jpg	1	1	0	-2	0	0	0	2	0	-1	0	2	2
tweet_00001768	saude202003_n_00161_00000001.jpg	0	-2	0	0	1	0	1	0	0	0	0	0	-5
tweet_00001783	saude202003_n_00167_00000001.jpg	1	3	0	0	0	0	0	17	0	0	0	0	15
tweet_00001784	saude202003_n_00167_00000002.jpg	1	-2	0	0	1	0	0	0	0	0	0	0	-6
tweet_00001822	saude202003_n_00173_00000001.jpg	1	2	0	0	0	0	2	4	0	0	0	0	22
tweet_00001838	saude202003_n_00175_00000001.jpg	0	4	0	0	0	0	1	0	0	0	0	0	-3
tweet_00001843	saude202003_n_00175_00000003.jpg	0	2	0	0	0	0	0	1	0	0	0	0	1
tweet_00001857	saude202003_n_00178_00000001.jpg	0	2	1	-2	0	0	0	0	0	0	0	0	-4
tweet_00001858	saude202003_n_00178_00000003.jpg	2	-2	0	0	0	0	0	0	0	5	0	0	0
tweet_00001876	saude202003_n_00181_00000001.jpg	1	1	0	0	0	0	0	29	0	0	0	0	1
tweet_00001878	saude202003_n_00182_00000001.jpg	1	2	0	0	1	1	0	0	0	0	0	0	-3
tweet_00001892	saude202003_n_00182_00000005.jpg	1	4	0	0	-1	0	1	0	0	0	0	-1	-4
tweet_00001919	saude202003_n_00184_00000001.jpg	0	1	0	-2	0	0	0	12	0	0	0	0	0
tweet_00001921	saude202003_n_00184_00000002.jpg	2	1	0	-1	0	0	1	0	0	-1	0	0	-1
tweet_00001944	saude202003_n_00184_00000004.jpg	2	0	0	0	0	0	0	6	1	0	0	1	3
tweet_00001951	saude202003_n_00185_00000003.jpg	-1	1	0	0	0	0	0	0	0	0	0	-1	-1
tweet_00001959	saude202003_n_00185_00000005.jpg	3	0	0	0	0	0	0	0	0	0	0	0	-2
tweet_00001960	saude202003_n_00185_00000006.jpg	0	2	0	0	0	0	0	0	0	1	0	0	-3
tweet_00001976	saude202003_n_00186_00000001.jpg	1	4	0	-1	0	0	1	0	0	0	0	0	-4
tweet_00001986	saude202003_n_00186_00000002.jpg	0	1	0	0	0	0	0	0	-7	0	20	0	0
tweet_00001997	saude202003_n_00187_00000001.jpg	1	-1	0	0	0	0	0	0	0	0	0	0	-1
tweet_00002019	saude202003_n_00189_00000001.jpg	3	0	0	0	0	0	0	0	0	0	0	0	-3
tweet_00002044	saude202003_n_00193_00000001.jpg	2	3	0	0	0	0	0	0	0	-1	0	0	-3
tweet_00002055	saude202003_n_00195_00000001.jpg	0	4	0	0	0	0	0	3	0	0	0	0	1
tweet_00002061	saude202003_n_00197_00000001.jpg	1	2	0	0	0	0	0	0	0	0	0	0	2
tweet_00002062	saude202003_n_00197_00000002.jpg	1	4	0	0	0	0	0	0	0	-1	1	0	0
tweet_00002070	saude202003_n_00201_00000001.jpg	0	-1	0	0	0	0	0	5	0	0	0	0	19
tweet_00002072	saude202003_n_00201_00000002.png	1	2	0	0	0	0	10	0	0	0	0	0	-3
tweet_00002074	saude202003_n_00201_00000003.jpg	2	2	0	-1	0	0	0	0	0	2	0	0	0
tweet_00002091	saude202003_n_00207_00000002.jpg	1	3	-1	-2	0	0	0	0	0	0	0	0	-1
tweet_00002092	saude202003_n_00207_00000003.png	1	0	0	-2	1	0	0	0	0	0	0	0	-7
tweet_00002100	saude202003_n_00209_00000001.jpg	1	0	0	0	0	0	0	1	0	14	0	0	0
tweet_00002114	saude202003_n_00212_00000001.jpg	1	0	-1	0	0	0	2	4	0	0	0	0	20
tweet_00002117	saude202003_n_00212_00000002.jpg	2	2	0	0	0	0	0	4	0	0	0	1	-1
tweet_00002119	saude202003_n_00212_00000003.jpg	1	1	-1	0	0	0	0	22	0	0	0	2	0
tweet_00002129	saude202003_n_00214_00000001.jpg	2	3	0	1	0	0	0	0	0	1	0	0	-1
tweet_00002131	saude202003_n_00214_00000002.png	-1	2	0	-1	0	0	0	1	0	0	0	0	-1
tweet_00002139	saude202003_n_00216_00000001.jpg	1	1	0	-1	0	0	0	1	0	0	0	0	0
tweet_00002150	saude202003_n_00216_00000002.jpg	1	1	-1	0	0	0	0	0	0	1	0	-5	-3
tweet_00002152	saude202003_n_00217_00000001.jpg	1	1	0	0	0	1	0	1	0	0	-1	1	0
tweet_00002170	saude202003_n_00219_00000001.jpg	1	4	0	-1	0	0	0	0	0	0	0	0	-1
tweet_00002174	saude202003_n_00219_00000002.jpg	1	0	0	0	0	1	0	4	2	3	0	2	1
tweet_00002182	saude202003_n_00220_00000001.jpg	0	2	0	0	0	0	0	2	0	-1	0	0	-2
tweet_00002191	saude202003_n_00221_00000001.jpg	0	1	0	-1	0	0	0	19	0	0	0	0	13
tweet_00002200	saude202003_n_00223_00000001.jpg	1	4	0	-1	0	0	0	6	0	0	0	1	3
tweet_00002215	saude202003_n_00224_00000001.jpg	1	4	0	0	0	0	0	1	0	1	0	-1	-1
tweet_00002225	saude202003_n_00225_00000001.jpg	1	-2	1	0	0	0	0	0	2	20	0	3	1
tweet_00002243	saude202003_n_00233_00000001.jpg	1	0	0	0	0	0	0	1	0	-1	0	-1	0
tweet_00002249	saude202003_n_00234_00000001.jpg	1	1	0	0	0	0	0	0	0	15	0	0	0
tweet_00002252	saude202003_n_00235_00000001.jpg	1	-2	0	0	0	0	0	0	0	-1	0	0	-2
tweet_00002263	saude202003_n_00237_00000001.png	1	1	0	0	1	0	0	0	0	27	0	0	0
tweet_00002266	saude202003_n_00240_00000001.jpg	1	1	-1	-1	0	0	0	4	0	2	0	0	0
tweet_00002273	saude202003_n_00241_00000001.png	0	2	0	0	0	1	0	0	0	0	0	0	-3
tweet_00002277	saude202003_n_00243_00000001.png	1	1	0	0	0	0	0	1	0	7	0	-1	-3
tweet_00002280	saude202003_n_00245_00000001.jpg	-1	2	0	0	0	0	0	2	0	0	0	0	6
tweet_00002281	saude202003_n_00245_00000002.jpg	1	1	0	0	1	0	16	1	0	0	0	0	-1
tweet_00002315	saude202004_n_00001_00000001.png	0	2	0	0	0	0	1	8	0	0	0	0	11
tweet_00002330	saude202004_n_00002_00000001.jpg	0	2	0	-2	0	0	2	1	0	0	-2	0	-4
tweet_00002362	saude202004_n_00002_00000003.jpg	1	4	0	0	0	0	0	2	0	1	0	0	0
tweet_00002366	saude202004_n_00002_00000004.png	3	0	0	0	0	0	0	2	0	0	0	0	0
tweet_00002369	saude202004_n_00002_00000005.jpg	1	1	0	0	0	0	0	0	0	0	0	-1	-5
tweet_00002388	saude202004_n_00003_00000001.jpg	1	-2	0	0	0	-2	0	0	0	1	0	0	-2
tweet_00002420	saude202004_n_00004_00000002.jpg	-1	0	0	-3	0	0	0	13	0	0	0	1	-1
tweet_00002464	saude202004_n_00005_00000001.jpg	0	2	0	0	0	0	0	0	0	0	0	0	-1
tweet_00002487	saude202004_n_00006_00000001.jpg	1	3	0	-1	0	0	0	0	0	2	0	0	0
tweet_00002499	saude202004_n_00008_00000001.jpg	1	1	0	0	0	0	0	0	0	18	0	0	0
tweet_00002513	saude202004_n_00008_00000002.jpg	5	1	0	0	0	1	0	1	-1	-1	0	0	0
tweet_00002527	saude202004_n_00008_00000004.jpg	3	0	0	0	0	0	0	0	2	0	1	11	0
tweet_00002528	saude202004_n_00008_00000005.jpg	2	-1	0	0	0	0	0	0	0	0	-1	0	-5
tweet_00002531	saude202004_n_00008_00000006.jpg	1	-1	0	0	0	-2	0	0	0	8	0	0	0
tweet_00002547	saude202004_n_00009_00000002.jpg	1	-2	1	0	1	0	1	-1	0	9	0	0	0
tweet_00002553	saude202004_n_00009_00000003.png	0	2	0	-1	0	0	0	9	0	0	0	0	12
tweet_00002562	saude202004_n_00009_00000005.jpg	1	1	0	0	0	1	0	0	0	1	0	0	-2
tweet_00002571	saude202004_n_00010_00000001.jpg	1	1	-1	0	0	0	0	0	0	6	0	0	0
tweet_00002575	saude202004_n_00010_00000002.jpg	1	2	0	-3	0	0	0	0	0	0	0	0	-3
tweet_00002583	saude202004_n_00010_00000004.jpg	0	2	0	-1	0	0	24	0	0	0	0	0	1
tweet_00002603	saude202004_n_00011_00000001.jpg	1	-3	0	0	0	-1	0	0	0	7	0	0	0
tweet_00002606	saude202004_n_00011_00000002.jpg	0	2	0	-1	0	0	0	11	0	0	0	0	24
tweet_00002624	saude202004_n_00011_00000004.jpg	1	0	0	0	0	0	2	2	0	0	0	0	1
tweet_00002633	saude202004_n_00012_00000001.jpg	1	-1	0	-1	0	0	1	0	1	1	0	-1	3
tweet_00002647	saude202004_n_00012_00000004.jpg	0	3	-1	0	0	0	0	0	0	0	0	0	0
tweet_00002652	saude202004_n_00012_00000006.jpg	1	-3	0	0	1	-2	0	1	1	7	0	0	0
tweet_00002681	saude202004_n_00013_00000002.jpg	1	-1	0	0	0	-2	1	0	1	1	2	12	1
tweet_00002737	saude202004_n_00015_00000001.png	4	-4	0	0	0	-1	0	0	0	13	0	0	0
tweet_00002738	saude202004_n_00015_00000002.jpg	-2	2	1	-1	0	0	0	1	0	0	0	0	1
tweet_00002745	saude202004_n_00016_00000001.jpg	0	-1	0	1	0	0	0	0	0	0	0	-1	-6
tweet_00002751	saude202004_n_00017_00000001.jpg	1	-1	0	-1	0	-1	0	1	0	7	0	0	0
tweet_00002754	saude202004_n_00017_00000002.jpg	1	-2	0	0	0	-1	0	0	0	15	0	0	0
tweet_00002757	saude202004_n_00018_00000001.jpg	1	-2	1	-2	0	0	0	0	0	0	0	0	-3
tweet_00002795	saude202004_n_00019_00000001.jpg	1	-2	0	0	0	-1	0	12	0	0	0	0	13
tweet_00002816	saude202004_n_00020_00000001.jpg	2	-3	0	0	0	-2	0	0	0	13	0	0	0
tweet_00002817	saude202004_n_00020_00000002.jpg	1	0	1	0	0	0	0	0	0	0	0	0	-3
tweet_00002821	saude202004_n_00020_00000003.jpg	1	0	-2	1	1	0	0	0	0	-1	0	0	-3
tweet_00002864	saude202004_n_00022_00000001.jpg	1	1	1	-3	0	0	0	0	0	1	0	0	-2
tweet_00002867	saude202004_n_00022_00000003.jpg	1	1	0	0	0	0	10	0	0	1	0	1	2
tweet_00002883	saude202004_n_00023_00000004.jpg	-1	2	0	-1	0	0	2	0	0	0	0	0	-3
tweet_00002893	saude202004_n_00025_00000001.jpg	-1	3	0	0	0	1	0	0	4	0	0	-2	-1
tweet_00002915	saude202004_n_00026_00000001.jpg	-1	-1	-1	-1	0	0	0	0	0	-1	0	0	-4
tweet_00002920	saude202004_n_00027_00000001.jpg	1	-2	0	0	0	-1	0	0	0	-1	1	0	-1
tweet_00002936	saude202004_n_00031_00000001.jpg	4	0	0	0	0	0	0	0	0	0	3	-3	-1
tweet_00002937	saude202004_n_00031_00000002.jpg	2	1	0	0	-1	0	0	-1	3	0	1	3	0
tweet_00002949	saude202004_n_00032_00000001.jpg	1	2	0	0	0	0	1	0	0	0	0	0	-4
tweet_00002958	saude202004_n_00032_00000002.jpg	1	-1	0	0	1	-2	0	0	0	9	0	0	0
tweet_00002962	saude202004_n_00032_00000003.jpg	1	-2	0	0	0	-2	0	0	0	0	0	-1	0
tweet_00002967	saude202004_n_00038_00000001.jpg	2	-1	0	0	0	0	0	0	0	20	0	0	0
tweet_00002978	saude202004_n_00038_00000003.jpg	1	-2	0	0	0	-2	1	0	0	9	0	0	1
tweet_00003087	saude202004_n_00042_00000002.jpg	2	1	0	-1	0	0	0	11	0	0	0	0	10
tweet_00003095	saude202004_n_00043_00000001.jpg	1	-1	0	0	0	1	0	0	-1	0	3	-1	0
tweet_00003110	saude202004_n_00043_00000003.jpg	0	1	0	0	0	0	1	0	0	0	0	0	-4
tweet_00003136	saude202004_n_00044_00000002.jpg	1	3	0	0	0	0	0	1	1	1	0	0	0
tweet_00003151	saude202004_n_00046_00000002.png	1	-1	0	0	1	0	0	-1	0	0	0	-4	0
tweet_00003164	saude202004_n_00047_00000001.png	1	1	0	0	1	0	0	0	0	1	0	0	-3
tweet_00003177	saude202004_n_00047_00000003.jpg	1	-2	0	-1	0	-2	0	0	0	2	0	0	0
tweet_00003199	saude202004_n_00048_00000001.jpg	1	0	0	0	0	0	0	0	0	0	0	0	-4
tweet_00003231	saude202004_n_00049_00000004.jpg	1	-2	0	0	0	-2	0	0	0	4	0	-1	0
tweet_00003245	saude202004_n_00050_00000002.jpg	1	-1	0	0	0	-2	0	0	0	7	0	-1	0
tweet_00003250	saude202004_n_00050_00000005.png	4	0	0	0	0	0	0	0	0	0	0	0	-1
tweet_00003278	saude202004_n_00051_00000001.jpg	1	-2	0	1	0	-1	0	0	0	3	0	0	0
tweet_00003310	saude202004_n_00052_00000001.png	2	1	0	-2	0	0	0	0	0	0	0	0	-3
tweet_00003317	saude202004_n_00052_00000004.jpg	1	0	0	-2	0	0	1	0	0	0	1	3	1
tweet_00003327	saude202004_n_00052_00000007.jpg	1	2	0	0	0	0	0	0	0	0	0	0	-2
tweet_00003329	saude202004_n_00052_00000008.jpg	0	2	0	0	0	0	0	0	3	2	0	0	0
tweet_00003346	saude202004_n_00053_00000003.jpg	1	1	0	0	0	0	0	9	0	0	0	0	7
tweet_00003362	saude202004_n_00053_00000007.png	4	-3	0	0	0	-2	0	2	0	7	0	0	0
tweet_00003363	saude202004_n_00053_00000008.jpg	1	-2	0	0	0	-2	0	0	0	19	0	0	0
tweet_00003378	saude202004_n_00054_00000001.jpg	1	-2	0	0	0	-1	0	0	0	23	0	0	0
tweet_00003417	saude202004_n_00054_00000010.jpg	1	-2	0	0	0	-1	0	0	0	9	0	0	0
tweet_00003418	saude202004_n_00054_00000011.jpg	1	1	0	0	1	0	1	-4	0	0	0	4	0
tweet_00003433	saude202004_n_00055_00000005.jpg	3	0	0	0	0	-1	0	0	0	-1	0	0	-1
tweet_00003444	saude202004_n_00056_00000002.png	3	0	0	0	0	0	1	0	0	1	0	-1	-3
tweet_00003451	saude202004_n_00056_00000005.jpg	1	0	-1	0	-2	0	0	0	1	23	0	0	1
tweet_00003455	saude202004_n_00056_00000008.jpg	1	-2	0	0	0	-1	3	0	0	3	0	-2	0
tweet_00003461	saude202004_n_00056_00000010.jpg	2	-3	0	0	0	-2	0	0	0	15	0	0	0
tweet_00003465	saude202004_n_00056_00000011.jpg	1	-2	0	0	0	-3	0	0	0	0	0	0	-4
tweet_00003470	saude202004_n_00056_00000012.jpg	0	0	0	0	0	-1	0	0	0	0	0	0	0
tweet_00003473	saude202004_n_00057_00000001.jpg	1	-1	0	0	1	0	0	0	0	-1	0	0	-3
tweet_00003510	saude202004_n_00057_00000002.jpg	1	-2	0	0	0	-1	5	0	0	1	0	0	0
tweet_00003515	saude202004_n_00057_00000006.jpg	1	0	0	0	0	1	0	0	0	17	0	-1	0
tweet_00003522	saude202004_n_00058_00000001.jpg	1	-3	0	-1	0	-1	0	0	0	1	0	2	0
tweet_00003535	saude202004_n_00058_00000004.jpg	0	0	1	0	2	0	0	0	0	1	0	0	-1
tweet_00003539	saude202004_n_00058_00000006.png	1	-2	0	0	0	-1	0	0	0	5	0	-1	-1
tweet_00003555	saude202004_n_00059_00000001.jpg	3	0	0	1	0	0	0	0	0	9	0	0	0
tweet_00003556	saude202004_n_00059_00000002.jpg	1	-2	0	0	0	-2	0	1	1	7	0	0	0
tweet_00003561	saude202004_n_00059_00000007.jpg	1	-2	0	0	0	-2	5	0	0	1	0	0	0
tweet_00003572	saude202004_n_00059_00000011.jpg	1	-2	0	-1	0	-2	0	0	0	4	0	0	0
tweet_00003573	saude202004_n_00059_00000012.jpg	2	0	0	0	0	0	3	0	1	0	0	0	-1
tweet_00003580	saude202004_n_00060_00000002.jpg	1	-2	0	0	0	-2	0	0	0	6	0	0	0
tweet_00003591	saude202004_n_00060_00000008.jpg	2	1	0	0	0	0	3	-2	-1	9	0	1	1
tweet_00003595	saude202004_n_00060_00000009.jpg	2	-2	0	0	0	-2	0	0	0	2	0	0	0
tweet_00003600	saude202004_n_00060_00000011.jpg	4	0	0	0	0	0	0	3	0	0	0	0	-2
tweet_00003607	saude202004_n_00061_00000003.jpg	1	-1	0	0	0	0	0	0	0	21	0	0	1
tweet_00003613	saude202004_n_00061_00000004.jpg	1	-2	0	0	0	-2	1	0	0	5	0	3	1
tweet_00003628	saude202004_n_00062_00000001.jpg	2	-2	0	0	0	-1	0	0	0	3	0	0	0
tweet_00003634	saude202004_n_00062_00000005.jpg	1	-2	0	0	0	-2	2	0	0	16	0	0	0
tweet_00003646	saude202004_n_00063_00000001.jpg	1	-3	0	-1	0	-2	0	0	0	0	0	0	-4
tweet_00003662	saude202004_n_00063_00000005.jpg	1	-2	0	0	0	-1	0	0	0	7	0	-1	0
tweet_00003670	saude202004_n_00064_00000004.jpg	1	-2	0	0	0	-2	0	0	0	8	0	0	0
tweet_00003671	saude202004_n_00064_00000005.png	1	-5	0	1	0	-2	1	0	0	1	0	0	0
tweet_00003672	saude202004_n_00118_00000002.jpg	1	3	0	-2	0	0	0	0	0	0	0	0	-1
tweet_00003693	saude202004_n_00066_00000003.jpg	6	-3	0	0	0	-2	0	0	0	7	0	0	0
tweet_00003697	saude202004_n_00067_00000002.jpg	-1	1	0	-1	1	0	1	0	0	1	0	0	-3
tweet_00003698	saude202004_n_00067_00000004.jpg	1	0	1	-2	0	0	0	0	-1	2	0	0	-1
tweet_00003708	saude202004_n_00068_00000001.jpg	3	-2	0	-2	0	-1	1	0	0	18	0	0	2
tweet_00003709	saude202004_n_00068_00000003.png	2	-1	0	-1	0	-2	0	0	0	2	0	0	-1
tweet_00003713	saude202004_n_00068_00000004.png	1	-2	-1	1	1	0	0	0	0	7	0	0	0
tweet_00003720	saude202004_n_00068_00000007.png	1	-3	0	-1	0	-1	13	0	0	6	0	0	0
tweet_00003744	saude202004_n_00071_00000002.jpg	1	-2	0	-1	0	-2	0	0	0	6	0	0	0
tweet_00003806	saude202004_n_00075_00000008.jpg	1	-1	0	0	0	0	0	0	0	17	0	0	0
tweet_00003829	saude202004_n_00076_00000007.jpg	1	2	0	0	-1	0	0	10	0	0	0	0	18
tweet_00003831	saude202004_n_00076_00000009.jpg	1	-2	0	0	0	-2	0	0	0	27	0	1	0
tweet_00003842	saude202004_n_00076_00000011.jpg	1	-2	0	0	0	-3	0	0	0	12	0	0	0
tweet_00003850	saude202004_n_00076_00000013.jpg	1	-2	0	0	0	-1	0	0	0	0	0	-1	-1
tweet_00003855	saude202004_n_00076_00000014.png	1	-2	0	0	0	-2	0	2	0	15	0	0	0
tweet_00003865	saude202004_n_00077_00000003.jpg	2	-2	0	1	1	-2	0	0	0	-1	1	0	-1
tweet_00003869	saude202004_n_00077_00000005.jpg	2	-1	0	-2	0	-2	2	0	0	26	0	1	1
tweet_00003871	saude202004_n_00077_00000006.jpg	0	0	0	-2	0	0	0	0	0	-1	2	0	-1
tweet_00003874	saude202004_n_00077_00000008.jpg	1	-2	0	-1	0	-2	0	1	0	7	0	0	0
tweet_00003884	saude202004_n_00077_00000009.jpg	4	-3	0	0	0	-2	0	0	0	1	3	7	-1
tweet_00003899	saude202004_n_00078_00000005.jpg	1	-2	0	0	0	-2	0	0	0	-1	3	0	-1
tweet_00003913	saude202004_n_00078_00000007.jpg	1	2	0	0	0	0	1	0	0	0	2	0	0
tweet_00003935	saude202004_n_00078_00000009.png	1	-2	0	0	0	-2	0	0	0	7	0	0	0
tweet_00003957	saude202004_n_00079_00000003.jpg	1	-2	0	0	0	-2	4	0	0	3	0	-1	0
tweet_00003959	saude202004_n_00079_00000004.jpg	2	-1	1	0	0	0	0	0	-6	1	0	1	-2
tweet_00003961	saude202004_n_00079_00000005.jpg	1	-2	0	0	0	-1	0	0	0	15	0	0	0
tweet_00003967	saude202004_n_00080_00000003.jpg	2	-2	0	0	0	-1	1	0	0	3	2	2	1
tweet_00003976	saude202004_n_00080_00000005.jpg	0	2	0	0	0	0	0	0	0	0	8	0	0
tweet_00004045	saude202004_n_00081_00000008.jpg	1	1	0	0	0	0	0	0	0	13	0	0	0
tweet_00004056	saude202004_n_00081_00000009.jpg	4	0	0	0	0	0	0	0	0	-1	0	0	-1
tweet_00004071	saude202004_n_00082_00000001.jpg	1	3	1	0	0	0	0	6	0	0	0	0	12
tweet_00004072	saude202004_n_00082_00000002.jpg	-1	0	0	0	0	0	0	2	0	0	0	0	-1
tweet_00004109	saude202004_n_00122_00000003.jpg	2	4	0	-1	0	0	5	0	0	1	0	0	0
tweet_00004124	saude202004_n_00083_00000001.jpg	1	-2	0	0	0	-2	0	0	0	21	0	0	0
tweet_00004129	saude202004_n_00083_00000002.png	0	2	0	0	0	1	0	5	0	0	0	0	19
tweet_00004134	saude202004_n_00083_00000003.jpg	1	-2	0	0	0	-1	1	0	0	2	1	2	1
tweet_00004140	saude202004_n_00083_00000004.jpg	1	1	0	0	0	0	-1	0	-1	2	0	1	0
tweet_00004143	saude202004_n_00083_00000005.jpg	0	5	0	1	0	0	0	0	0	0	0	0	0
tweet_00004159	saude202004_n_00084_00000001.jpg	1	2	0	0	-1	0	0	0	0	10	0	2	0
tweet_00004161	saude202004_n_00084_00000002.jpg	1	2	0	0	-1	0	0	13	0	0	0	0	14
tweet_00004200	saude202004_n_00086_00000001.jpg	-1	2	0	0	1	0	1	3	0	0	0	0	17
tweet_00004224	saude202004_n_00086_00000003.jpg	-3	1	0	0	0	0	0	15	1	0	0	0	0
tweet_00004237	saude202004_n_00087_00000002.jpg	1	1	0	0	-2	0	0	0	0	0	0	0	-2
tweet_00004253	saude202004_n_00088_00000002.png	-1	1	0	0	0	0	0	1	0	0	0	0	-1
tweet_00004259	saude202004_n_00088_00000003.jpg	1	-2	0	0	0	0	0	0	0	7	0	0	0
tweet_00004268	saude202004_n_00088_00000004.jpg	1	0	-1	-1	0	0	0	0	0	11	0	0	0
tweet_00004287	saude202004_n_00089_00000001.jpg	1	5	0	-1	0	0	0	3	0	0	0	0	7
tweet_00004292	saude202004_n_00090_00000001.jpg	1	1	0	-2	0	0	0	0	0	0	1	-1	-3
tweet_00004316	saude202004_n_00091_00000001.jpg	1	-2	0	0	0	0	0	0	0	5	0	0	0
tweet_00004320	saude202004_n_00091_00000002.jpg	1	3	0	0	0	0	0	0	0	0	0	0	-1
tweet_00004333	saude202004_n_00091_00000006.jpg	1	3	0	0	0	1	0	0	0	0	0	-1	-1
tweet_00004340	saude202004_n_00091_00000008.jpg	1	2	0	0	0	0	0	8	0	0	0	1	0
tweet_00004346	saude202004_n_00092_00000002.jpg	2	2	0	0	0	1	0	1	0	0	-1	-1	-4
tweet_00004354	saude202004_n_00092_00000004.jpg	0	2	0	0	0	0	1	3	0	-1	0	0	29
tweet_00004372	saude202004_n_00093_00000001.jpg	1	1	-1	0	0	0	0	0	0	0	0	0	-1
tweet_00004385	saude202004_n_00093_00000003.jpg	1	1	0	-1	0	1	24	0	0	4	0	0	0
tweet_00004388	saude202004_n_00093_00000004.png	1	1	-1	0	-1	1	0	1	0	22	0	0	0
tweet_00004392	saude202004_n_00093_00000005.jpg	2	2	0	0	0	0	0	3	0	0	0	1	0
tweet_00004418	saude202004_n_00094_00000004.jpg	1	2	0	-1	0	0	0	0	0	-1	0	0	-4
tweet_00004421	saude202004_n_00094_00000005.jpg	1	2	0	0	-1	0	0	-1	0	24	0	0	1
tweet_00004425	saude202004_n_00094_00000006.jpg	1	1	0	-1	0	0	0	0	0	0	0	-1	-3
tweet_00004432	saude202004_n_00095_00000001.jpg	1	1	0	-1	0	0	2	0	0	0	0	1	-3
tweet_00004434	saude202004_n_00095_00000003.jpg	1	-3	0	0	1	0	1	-1	0	1	0	0	0
tweet_00004456	saude202004_n_00095_00000006.jpg	1	2	0	0	-1	0	12	0	0	0	0	1	22
tweet_00004457	saude202004_n_00095_00000007.jpg	1	2	0	0	0	0	0	5	0	0	0	0	14
tweet_00004460	saude202004_n_00095_00000008.png	0	2	0	0	0	0	0	12	0	0	0	0	18
tweet_00004484	saude202004_n_00096_00000005.jpg	1	-2	0	0	0	0	0	0	0	6	0	0	0
tweet_00004487	saude202004_n_00097_00000001.jpg	3	0	0	-1	0	1	0	1	0	0	0	0	-1
tweet_00004514	saude202004_n_00098_00000001.jpg	-1	0	0	1	0	0	0	0	0	1	0	0	-1
tweet_00004522	saude202004_n_00099_00000002.jpg	2	8	0	0	-1	0	1	1	0	6	0	1	1
tweet_00004535	saude202004_n_00100_00000001.jpg	1	1	0	0	0	0	0	0	0	1	0	0	0
tweet_00004536	saude202004_n_00100_00000002.png	-1	2	0	0	-1	0	0	0	0	0	0	0	-4
tweet_00004547	saude202004_n_00100_00000006.jpg	1	1	0	0	0	1	1	1	0	-1	0	0	22
tweet_00004552	saude202004_n_00185_00000003.jpg	1	1	0	0	0	0	0	0	0	0	0	-1	-3
tweet_00004555	saude202004_n_00101_00000002.jpg	1	-3	0	1	1	-1	0	0	0	6	0	0	0
tweet_00004564	saude202004_n_00101_00000003.jpg	1	3	0	0	-2	0	0	9	0	0	0	0	16
tweet_00004566	saude202004_n_00101_00000006.jpg	1	-2	0	0	0	-2	0	0	0	1	0	-1	0
tweet_00004574	saude202004_n_00102_00000001.png	1	1	0	0	0	0	1	0	0	0	0	0	-3
tweet_00004577	saude202004_n_00102_00000002.png	1	1	0	0	0	0	0	0	0	0	0	0	-3
tweet_00004579	saude202004_n_00102_00000004.png	1	1	0	0	0	0	0	0	0	0	0	0	-3
tweet_00004589	saude202004_n_00102_00000010.jpg	1	-2	0	0	0	-1	0	0	0	7	0	-1	0
tweet_00004593	saude202004_n_00102_00000011.jpg	3	1	0	0	0	0	0	5	0	0	0	0	16
tweet_00004611	saude202004_n_00103_00000001.jpg	1	2	0	0	0	0	28	0	0	1	0	0	1
tweet_00004638	saude202004_n_00104_00000002.jpg	1	2	0	0	-1	0	0	10	0	0	0	0	19
tweet_00004665	saude202004_n_00107_00000001.jpg	3	0	0	0	0	0	0	0	0	1	0	0	-3
tweet_00004674	saude202004_n_00107_00000004.jpg	1	1	0	0	0	0	0	0	0	21	0	0	0
tweet_00004675	saude202004_n_00107_00000005.jpg	0	2	0	0	-1	0	0	0	0	6	0	0	0
tweet_00004684	saude202004_n_00107_00000007.jpg	1	-2	0	0	0	0	0	0	0	21	0	0	0
tweet_00004687	saude202004_n_00107_00000008.jpg	1	-1	0	1	0	0	0	0	0	6	0	1	0
tweet_00004696	saude202004_n_00107_00000010.jpg	1	2	0	0	0	0	0	0	0	0	2	-1	0
tweet_00004712	saude202004_n_00108_00000001.jpg	0	2	0	0	-1	0	0	8	0	0	0	0	20
tweet_00004729	saude202004_n_00108_00000002.jpg	1	-1	1	1	0	0	0	0	0	1	0	0	-3
tweet_00004736	saude202004_n_00108_00000003.jpg	2	-3	0	1	0	0	16	0	0	4	0	0	-1
tweet_00004745	saude202004_n_00109_00000001.jpg	1	2	0	0	0	0	0	0	0	0	0	0	0
tweet_00004760	saude202004_n_00109_00000002.png	-1	1	0	0	0	0	0	0	0	0	0	0	-4
tweet_00004769	saude202004_n_00109_00000003.jpg	1	3	0	0	0	0	0	1	1	-1	0	0	-1
tweet_00004775	saude202004_n_00109_00000004.jpg	2	2	0	-2	0	0	0	0	0	5	0	0	0
tweet_00004780	saude202004_n_00110_00000001.jpg	1	3	0	0	0	0	2	0	0	-1	0	0	12
tweet_00004819	saude202004_n_00111_00000001.jpg	2	2	0	0	0	1	0	-1	0	0	19	2	0
tweet_00004820	saude202004_n_00111_00000002.jpg	2	1	0	0	0	1	0	4	0	0	0	-1	-1
tweet_00004827	saude202004_n_00111_00000003.jpg	1	1	0	0	0	0	0	0	0	0	2	0	0
tweet_00004829	saude202004_n_00111_00000004.jpg	2	0	0	0	1	1	0	0	0	0	1	6	1
tweet_00004836	saude202004_n_00111_00000006.jpg	1	1	0	0	0	0	0	0	0	0	0	-1	-2
tweet_00004842	saude202004_n_00111_00000008.jpg	1	1	0	0	0	0	0	1	0	19	0	0	0
tweet_00004859	saude202004_n_00112_00000001.jpg	0	-1	0	0	0	0	1	0	0	16	0	1	2
tweet_00004914	saude202004_n_00113_00000001.jpg	1	1	0	0	0	0	0	0	0	16	0	0	0
tweet_00004945	saude202004_n_00115_00000002.jpg	0	1	0	0	0	0	0	0	7	1	0	1	0
tweet_00004966	saude202004_n_00116_00000001.jpg	1	0	-1	0	0	1	0	0	0	4	0	0	0
tweet_00004983	saude202004_n_00116_00000002.png	1	0	0	0	0	0	0	0	0	0	0	0	0
tweet_00005018	saude202004_n_00116_00000005.jpg	1	1	0	-2	0	0	0	0	0	0	0	0	-1
tweet_00005045	saude202004_n_00117_00000002.png	1	1	-1	0	0	0	0	0	0	0	0	0	-4
tweet_00005046	saude202004_n_00117_00000003.jpg	0	4	0	0	0	1	-2	0	1	0	1	4	0
tweet_00005064	saude202004_n_00117_00000004.jpg	1	1	0	0	0	0	0	0	0	1	0	0	0
tweet_00005072	saude202004_n_00117_00000005.jpg	1	1	0	0	0	0	0	0	0	0	0	-4	0
tweet_00005094	saude202004_n_00117_00000007.jpg	0	2	0	0	-1	0	0	0	0	0	0	0	-1
tweet_00005097	saude202004_n_00117_00000008.jpg	0	0	0	0	0	0	0	0	0	0	0	-8	0
tweet_00005102	saude202004_n_00117_00000009.jpg	0	2	0	0	0	0	1	7	0	0	0	0	19
tweet_00005108	saude202004_n_00118_00000001.jpg	1	1	0	0	0	0	0	0	0	0	0	0	-2
tweet_00005138	saude202004_n_00118_00000005.jpg	1	1	0	0	0	0	0	0	0	7	0	0	0
tweet_00005157	saude202004_n_00119_00000001.jpg	1	3	1	0	1	0	0	0	0	17	0	0	0
tweet_00005160	saude202004_n_00119_00000002.jpg	1	1	0	-1	0	0	0	0	0	-1	0	0	-3
tweet_00005165	saude202004_n_00119_00000004.jpg	0	1	-1	0	0	1	0	1	0	0	0	0	-2
tweet_00005200	saude202004_n_00120_00000002.jpg	1	1	0	0	0	0	1	0	0	24	0	0	0
tweet_00005203	saude202004_n_00120_00000003.jpg	1	1	0	0	0	0	0	0	0	0	0	-2	0
tweet_00005249	saude202004_n_00121_00000002.jpg	1	1	0	0	0	0	1	0	0	-1	1	0	-2
tweet_00005250	saude202004_n_00121_00000003.jpg	1	1	0	0	0	0	0	7	0	0	0	0	24
tweet_00005262	saude202004_n_00121_00000005.jpg	1	1	0	0	0	0	2	0	0	1	0	1	4
tweet_00005270	saude202004_n_00121_00000006.png	1	1	0	0	0	0	0	0	0	4	0	4	0
tweet_00005271	saude202004_n_00121_00000007.jpg	0	3	2	-1	0	0	2	0	0	0	0	0	-5
tweet_00005285	saude202004_n_00121_00000009.jpg	1	1	0	0	1	0	0	0	0	22	0	0	0
tweet_00005312	saude202004_n_00122_00000002.jpg	-1	1	0	0	1	0	4	0	0	0	0	-1	-1
tweet_00005333	saude202004_n_00122_00000007.jpg	1	4	0	-1	0	0	1	3	1	0	0	2	0
tweet_00005343	saude202004_n_00123_00000001.jpg	1	1	0	0	0	0	0	0	0	6	0	0	0
tweet_00005386	saude202004_n_00124_00000001.jpg	1	2	0	0	0	0	0	5	0	-1	0	0	10
tweet_00005433	saude202004_n_00125_00000001.png	-1	0	0	0	0	0	1	0	0	0	0	0	-4
tweet_00005438	saude202004_n_00125_00000002.jpg	1	1	0	0	1	0	-3	0	0	0	1	2	0
tweet_00005441	saude202004_n_00126_00000001.jpg	1	1	0	0	0	0	0	0	-2	0	0	0	-1
tweet_00005449	saude202004_n_00126_00000002.jpg	1	2	0	0	0	0	0	0	0	0	0	0	0
tweet_00005474	saude202004_n_00127_00000002.jpg	1	1	0	0	0	0	0	0	0	10	0	2	0
tweet_00005478	saude202004_n_00127_00000003.jpg	1	1	0	0	0	0	2	4	0	0	0	0	23
tweet_00005488	saude202004_n_00127_00000005.png	1	1	0	0	1	0	0	0	0	1	0	0	-2
tweet_00005536	saude202004_n_00131_00000006.jpg	5	1	0	0	0	0	0	0	0	1	0	0	0
tweet_00005541	saude202004_n_00132_00000001.jpg	1	1	0	0	0	0	0	0	-1	6	0	1	0
tweet_00005560	saude202004_n_00133_00000001.jpg	2	1	0	0	0	0	0	2	0	4	0	0	-1
tweet_00005562	saude202004_n_00133_00000002.png	1	1	0	0	1	0	0	0	0	0	0	0	-5
tweet_00005578	saude202004_n_00134_00000001.jpg	0	1	0	0	0	1	8	1	0	0	0	0	15
tweet_00005586	saude202004_n_00134_00000003.jpg	2	1	0	-1	0	0	0	0	0	21	0	1	0
tweet_00005589	saude202004_n_00135_00000001.jpg	2	3	0	0	0	0	0	0	2	0	2	13	2
tweet_00005591	saude202004_n_00135_00000003.jpg	-1	3	0	0	1	0	0	6	0	0	0	0	11
tweet_00005642	saude202004_n_00136_00000006.jpg	1	1	0	0	0	0	0	0	0	24	0	1	0
tweet_00005652	saude202004_n_00137_00000001.jpg	1	1	-1	0	0	0	0	1	1	11	0	0	0
tweet_00005654	saude202004_n_00137_00000002.jpg	1	1	0	0	0	0	9	0	0	0	0	0	19
tweet_00005675	saude202004_n_00138_00000001.jpg	1	3	1	0	1	0	0	0	0	15	0	0	0
tweet_00005695	saude202004_n_00138_00000003.jpg	1	0	0	0	0	1	0	1	0	0	0	-1	-1
tweet_00005719	saude202004_n_00139_00000001.jpg	1	-1	0	-1	1	0	0	0	0	17	0	1	1
tweet_00005747	saude202004_n_00140_00000001.jpg	1	1	0	0	0	0	9	-1	0	1	0	0	1
tweet_00005757	saude202004_n_00140_00000003.jpg	1	1	0	0	1	0	0	-1	0	0	26	1	0
tweet_00005758	saude202004_n_00140_00000004.jpg	3	-3	0	1	0	0	0	0	0	8	0	-1	-1
tweet_00005793	saude202004_n_00141_00000002.jpg	1	1	0	-1	0	0	0	0	0	0	0	0	-3
tweet_00005798	saude202004_n_00141_00000004.jpg	0	-1	0	0	0	0	0	0	0	12	0	0	0
tweet_00005827	saude202004_n_00141_00000007.jpg	1	-1	0	0	0	0	1	0	0	25	0	1	0
tweet_00005849	saude202004_n_00142_00000001.jpg	1	1	0	0	0	0	-1	0	-1	8	0	0	0
tweet_00005910	saude202004_n_00143_00000004.png	2	1	0	0	0	0	0	0	0	0	0	0	0
tweet_00005914	saude202004_n_00143_00000005.jpg	-1	-1	0	-1	0	0	1	0	0	16	0	1	2
tweet_00005966	saude202004_n_00144_00000002.jpg	0	-1	0	0	0	0	0	0	0	6	0	0	0
tweet_00005991	saude202004_n_00145_00000002.jpg	1	1	0	0	0	0	0	0	0	0	0	0	0
tweet_00006007	saude202004_n_00147_00000001.jpg	1	4	0	-3	0	0	7	4	0	0	0	0	1
tweet_00006010	saude202004_n_00149_00000001.png	1	1	0	0	0	0	0	0	0	0	1	0	1
tweet_00006014	saude202004_n_00149_00000002.jpg	1	1	0	0	0	0	1	1	0	4	0	-1	0
tweet_00006025	saude202004_n_00149_00000003.jpg	1	2	0	0	1	0	1	4	0	-1	0	0	28
tweet_00006026	saude202004_n_00149_00000004.jpg	1	3	-1	0	-1	0	2	0	0	3	0	0	0
tweet_00006032	saude202004_n_00150_00000001.jpg	2	2	0	0	0	0	3	0	0	14	0	0	0
tweet_00006055	saude202004_n_00150_00000002.jpg	2	1	0	0	0	0	0	0	0	1	0	0	0
tweet_00006077	saude202004_n_00150_00000004.jpg	-2	0	1	0	0	0	2	0	0	0	0	-1	-1
tweet_00006108	saude202004_n_00151_00000001.jpg	-2	3	-1	0	-1	1	6	0	0	0	0	0	-1
tweet_00006153	saude202004_n_00152_00000001.jpg	0	1	0	0	0	0	0	0	9	0	3	0	1
tweet_00006159	saude202004_n_00152_00000002.jpg	1	1	0	-5	0	0	2	0	0	-1	0	0	20
tweet_00006186	saude202004_n_00152_00000004.jpg	0	2	0	-1	0	0	0	4	0	0	0	0	0
tweet_00006201	saude202004_n_00152_00000005.jpg	0	2	0	0	0	0	14	0	0	0	0	0	0
tweet_00006223	saude202004_n_00153_00000001.jpg	-1	4	0	0	0	0	0	0	1	0	0	1	0
tweet_00006226	saude202004_n_00153_00000002.jpg	2	0	0	0	0	0	3	0	0	0	0	0	19
tweet_00006232	saude202004_n_00153_00000003.jpg	3	0	0	0	0	0	0	0	0	5	0	0	0
tweet_00006240	saude202004_n_00153_00000004.jpg	-1	2	0	0	0	0	0	0	0	0	-1	0	-3
tweet_00006254	saude202004_n_00153_00000005.jpg	0	2	0	-4	0	0	2	0	0	-1	0	0	15
tweet_00006255	saude202004_n_00153_00000006.jpg	1	1	0	-2	0	0	2	0	0	-1	0	0	14
tweet_00006262	saude202004_n_00153_00000007.jpg	0	2	0	-1	0	0	3	0	0	0	0	0	23
tweet_00006269	saude202004_n_00154_00000002.jpg	-1	1	-1	0	0	0	11	0	0	-1	0	0	11
tweet_00006272	saude202004_n_00154_00000003.jpg	1	1	0	-2	0	0	3	0	0	-1	0	0	18
tweet_00006277	saude202004_n_00154_00000004.jpg	0	2	1	-1	-1	0	0	2	2	0	0	0	-1
tweet_00006278	saude202004_n_00154_00000005.jpg	0	3	0	-1	0	0	1	1	0	0	0	0	-1
tweet_00006304	saude202004_n_00155_00000001.jpg	1	1	0	0	1	0	1	14	0	0	0	0	19
tweet_00006309	saude202004_n_00155_00000003.jpg	1	1	0	-1	0	0	4	1	0	0	0	0	8
tweet_00006319	saude202004_n_00155_00000004.jpg	1	2	1	-1	0	0	3	0	0	0	0	0	20
tweet_00006325	saude202004_n_00156_00000001.jpg	1	1	0	1	0	0	0	0	0	3	0	-1	0
tweet_00006326	saude202004_n_00156_00000002.jpg	1	1	0	-2	0	0	5	1	0	0	0	0	17
tweet_00006332	saude202004_n_00156_00000003.jpg	1	1	-1	0	0	1	0	5	0	-1	0	1	0
tweet_00006334	saude202004_n_00156_00000004.jpg	3	-1	0	1	0	0	1	0	2	6	0	0	1
tweet_00006338	saude202004_n_00156_00000005.jpg	1	1	0	0	0	1	24	0	0	4	0	0	0
tweet_00006351	saude202004_n_00157_00000001.jpg	1	0	-1	0	-2	0	0	0	0	17	0	1	0
tweet_00006368	saude202004_n_00157_00000003.jpg	2	0	0	0	1	0	0	0	0	4	0	-2	0
tweet_00006370	saude202004_n_00157_00000004.jpg	1	2	0	0	0	0	1	13	0	0	0	0	21
tweet_00006374	saude202004_n_00157_00000006.jpg	0	2	0	-1	0	0	4	6	0	0	0	1	1
tweet_00006378	saude202004_n_00158_00000001.jpg	1	0	0	1	0	0	1	-1	0	1	0	0	1
tweet_00006382	saude202004_n_00158_00000002.jpg	2	-1	0	0	0	0	0	0	0	9	0	1	0
tweet_00006387	saude202004_n_00158_00000003.jpg	0	1	1	-2	0	0	2	0	0	0	0	0	-5
tweet_00006401	saude202004_n_00158_00000006.jpg	1	-4	0	0	0	0	0	1	0	1	0	-1	0
tweet_00006411	saude202004_n_00159_00000002.jpg	1	2	0	0	1	0	1	13	0	0	0	0	16
tweet_00006415	saude202004_n_00160_00000001.jpg	2	0	-1	0	1	0	0	0	0	0	0	0	-3
tweet_00006419	saude202004_n_00160_00000002.jpg	1	2	0	0	0	0	0	3	0	2	0	0	2
tweet_00006450	saude202004_n_00161_00000001.jpg	1	3	0	0	1	0	0	0	0	14	0	0	0
tweet_00006451	saude202004_n_00161_00000002.jpg	0	2	0	0	0	1	1	14	0	0	0	0	22
tweet_00006457	saude202004_n_00161_00000003.jpg	1	1	0	0	1	0	0	3	0	6	0	2	0
tweet_00006464	saude202004_n_00161_00000004.jpg	0	1	0	-1	0	0	0	0	0	-1	-1	-1	-3
tweet_00006469	saude202004_n_00161_00000008.jpg	1	2	0	0	0	0	0	0	0	1	0	0	0
tweet_00006472	saude202004_n_00161_00000009.jpg	1	0	0	1	0	0	0	0	0	0	0	1	0
tweet_00006479	saude202004_n_00161_00000011.jpg	1	4	0	-1	0	0	0	0	0	-1	0	0	-1
tweet_00006518	saude202004_n_00162_00000001.jpg	1	3	0	0	1	0	0	13	0	0	0	0	18
tweet_00006523	saude202004_n_00163_00000001.jpg	1	1	0	0	0	1	0	4	0	5	0	0	4
tweet_00006540	saude202004_n_00163_00000003.png	1	1	0	0	0	0	0	0	0	0	0	-1	-3
tweet_00006564	saude202004_n_00164_00000001.jpg	1	-1	0	0	0	1	0	-2	0	15	0	1	0
tweet_00006572	saude202004_n_00165_00000002.jpg	1	1	0	0	2	0	2	9	0	0	0	0	12
tweet_00006577	saude202004_n_00165_00000003.jpg	1	2	1	0	0	0	1	0	0	0	0	-1	-1
tweet_00006583	saude202004_n_00165_00000004.jpg	0	1	0	0	0	0	0	1	1	0	0	1	1
tweet_00006602	saude202004_n_00167_00000001.jpg	1	2	0	0	0	0	1	0	1	0	0	0	0
tweet_00006625	saude202004_n_00168_00000001.jpg	1	-1	0	1	0	0	1	0	0	0	0	0	0
tweet_00006635	saude202004_n_00168_00000002.jpg	1	1	0	-1	0	0	0	0	3	0	3	15	3
tweet_00006640	saude202004_n_00169_00000001.jpg	1	0	-1	0	-1	0	0	1	0	1	0	0	0
tweet_00006642	saude202004_n_00169_00000002.jpg	1	0	1	0	1	0	0	1	0	0	0	0	0
tweet_00006681	saude202004_n_00170_00000001.jpg	1	1	0	0	0	0	0	0	0	9	0	1	0
tweet_00006682	saude202004_n_00170_00000002.jpg	1	5	0	0	0	0	0	0	0	0	0	0	10
tweet_00006686	saude202004_n_00170_00000003.jpg	1	1	1	0	0	0	0	13	0	0	0	0	10
tweet_00006688	saude202004_n_00170_00000004.jpg	1	1	1	0	0	0	0	3	0	0	0	0	2
tweet_00006702	saude202004_n_00175_00000004.jpg	1	4	0	-2	0	0	2	4	0	0	0	0	22
tweet_00006731	saude202004_n_00178_00000002.jpg	1	1	0	0	0	0	9	0	0	0	0	0	26
tweet_00006743	saude202004_n_00179_00000001.jpg	3	1	0	0	0	0	0	0	0	24	0	0	0
tweet_00006748	saude202004_n_00184_00000001.jpg	1	-1	0	-1	1	0	0	0	0	-1	0	0	-4
tweet_00006750	saude202004_n_00184_00000002.jpg	1	2	0	-2	0	0	3	4	0	-1	0	0	26
tweet_00006765	saude202004_n_00184_00000003.png	1	0	0	0	0	0	19	0	0	1	0	0	0
tweet_00006771	saude202004_n_00184_00000005.jpg	2	1	0	0	0	1	0	0	0	0	0	0	-2
tweet_00006782	saude202004_n_00184_00000006.jpg	1	-1	0	0	0	0	-1	-1	0	6	0	-1	0
tweet_00006810	saude202004_n_00185_00000001.jpg	0	2	0	0	-2	0	0	0	0	12	0	0	2
tweet_00006811	saude202004_n_00185_00000002.jpg	1	3	0	-1	0	0	0	0	0	0	0	0	-3
tweet_00006828	saude202004_n_00185_00000007.jpg	0	2	0	0	0	1	0	0	0	25	0	0	0
tweet_00006835	saude202004_n_00185_00000008.jpg	0	5	0	0	0	0	0	0	0	1	3	0	0
tweet_00006857	saude202004_n_00186_00000001.jpg	-2	4	0	-1	0	0	2	0	0	0	0	0	-1
tweet_00006864	saude202004_n_00186_00000003.jpg	0	2	0	0	0	0	0	-1	0	0	-1	-9	0
tweet_00006868	saude202004_n_00186_00000005.png	0	2	0	0	-2	0	0	1	0	-1	0	0	22
tweet_00006883	saude202004_n_00186_00000006.jpg	0	5	0	-4	0	0	0	1	0	1	0	0	-3
tweet_00006912	saude202004_n_00187_00000004.jpg	0	1	0	0	0	1	1	0	0	0	0	0	22
tweet_00006914	saude202004_n_00187_00000005.jpg	0	1	0	0	0	0	0	-2	0	8	0	-1	0
tweet_00006915	saude202004_n_00187_00000006.jpg	1	1	0	0	0	0	0	0	0	0	0	0	-1
tweet_00006924	saude202004_n_00187_00000007.jpg	1	2	0	0	0	0	0	0	0	1	0	0	-3
tweet_00006938	saude202004_n_00187_00000008.jpg	1	1	0	0	0	0	4	0	0	6	0	1	0
tweet_00006942	saude202004_n_00187_00000009.jpg	1	1	0	0	1	0	0	0	0	0	0	0	-2
tweet_00006950	saude202004_n_00187_00000011.png	0	2	0	0	-2	0	1	0	-1	12	0	-1	2
tweet_00006962	saude202004_n_00188_00000001.jpg	0	0	0	0	0	0	0	0	-11	0	5	4	0
tweet_00006974	saude202004_n_00188_00000006.jpg	0	1	1	-1	0	0	4	0	0	0	0	0	-1
tweet_00006975	saude202004_n_00188_00000007.jpg	0	2	0	0	-2	0	2	0	0	12	0	1	0
tweet_00007000	saude202004_n_00188_00000009.jpg	1	-1	0	-1	0	0	0	1	0	8	0	0	0
tweet_00007013	saude202004_n_00189_00000002.jpg	1	1	0	0	0	1	0	0	1	0	3	1	0
tweet_00007014	saude202004_n_00189_00000003.png	0	2	0	0	-2	0	0	1	0	-1	0	0	22
tweet_00007016	saude202004_n_00189_00000004.jpg	1	3	0	0	0	0	0	0	0	1	0	0	-3
tweet_00007033	saude202004_n_00189_00000007.jpg	1	1	0	0	0	0	0	5	0	0	0	0	2
tweet_00007047	saude202004_n_00189_00000012.jpg	0	1	0	0	0	1	0	1	0	-1	0	0	1
tweet_00007049	saude202004_n_00189_00000013.jpg	2	0	0	-1	0	0	0	0	0	0	4	1	-1
tweet_00007063	saude202004_n_00190_00000001.png	1	-1	0	0	0	0	1	0	0	2	5	0	1
tweet_00007066	saude202004_n_00190_00000002.jpg	2	0	0	-1	1	0	3	0	0	0	0	0	0
tweet_00007074	saude202004_n_00190_00000003.jpg	0	2	0	0	-2	0	0	0	0	9	0	0	0
tweet_00007076	saude202004_n_00190_00000004.jpg	0	0	0	0	0	0	0	0	0	1	0	-1	0
tweet_00007086	saude202004_n_00190_00000005.jpg	1	1	0	0	0	1	0	-1	1	0	9	1	1
tweet_00007098	saude202004_n_00190_00000007.png	1	2	0	0	-2	0	0	11	0	-1	0	0	16
tweet_00007131	saude202004_n_00191_00000006.jpg	1	2	0	0	0	0	0	2	0	0	0	0	15
tweet_00007139	saude202004_n_00191_00000008.jpg	3	1	-1	0	1	0	0	3	0	0	0	0	0
tweet_00007155	saude202004_n_00192_00000004.jpg	-1	2	0	0	0	0	0	0	0	0	2	0	0
tweet_00007158	saude202004_n_00192_00000005.jpg	1	2	0	0	-2	0	0	0	0	24	0	0	0
tweet_00007163	saude202004_n_00192_00000006.jpg	1	0	0	0	0	1	0	0	0	0	3	0	0
tweet_00007167	saude202004_n_00192_00000007.jpg	0	1	0	0	0	0	0	9	0	0	0	-1	12
tweet_00007169	saude202004_n_00192_00000010.jpg	2	1	-1	0	0	0	1	0	0	26	0	1	0
tweet_00007180	saude202004_n_00193_00000003.jpg	-2	3	0	-1	0	0	0	0	0	0	0	0	-5
tweet_00007183	saude202004_n_00193_00000004.jpg	-1	2	0	-1	0	0	0	0	0	0	0	0	-5
tweet_00007187	saude202004_n_00193_00000005.jpg	1	2	0	0	-2	0	0	2	2	0	0	1	0
tweet_00007190	saude202004_n_00193_00000006.jpg	2	1	0	1	0	0	3	6	0	0	0	0	21
tweet_00007194	saude202004_n_00193_00000007.jpg	1	2	0	0	0	0	0	0	0	24	0	0	0
tweet_00007231	saude202004_n_00194_00000001.jpg	-1	1	0	0	0	0	1	2	0	0	0	0	4
tweet_00007251	saude202004_n_00195_00000001.jpg	4	0	0	0	0	0	0	3	1	4	0	0	0
tweet_00007258	saude202004_n_00195_00000003.jpg	1	1	0	1	0	0	2	0	0	0	0	0	22
tweet_00007264	saude202004_n_00195_00000004.jpg	1	0	0	2	0	1	0	0	0	18	0	0	0
tweet_00007278	saude202004_n_00195_00000005.jpg	1	2	0	0	-2	0	0	0	0	0	2	0	-5
tweet_00007305	saude202004_n_00196_00000001.jpg	1	2	0	0	0	0	0	-1	3	0	7	0	0
tweet_00007312	saude202004_n_00196_00000003.jpg	1	8	0	-2	0	0	1	10	0	0	0	0	15
tweet_00007316	saude202004_n_00196_00000004.jpg	2	4	0	0	0	0	0	0	0	1	0	-1	0
tweet_00007336	saude202004_n_00196_00000006.jpg	1	1	-1	0	0	0	0	0	0	0	0	0	1
tweet_00007337	saude202004_n_00196_00000007.jpg	1	0	0	0	0	0	0	4	0	0	0	0	5
tweet_00007359	saude202004_n_00197_00000001.jpg	0	0	0	0	0	1	0	0	0	0	0	0	-7
tweet_00007382	saude202004_n_00198_00000001.jpg	1	0	-1	0	-1	0	0	1	0	2	0	0	0
tweet_00007409	saude202004_n_00199_00000001.png	1	0	-1	0	0	0	0	0	0	0	0	0	-2
tweet_00007489	saude202004_n_00202_00000001.png	2	2	0	-1	-1	0	4	4	0	0	0	1	25
tweet_00007516	saude202004_n_00203_00000002.jpg	2	0	0	0	0	0	0	3	0	0	0	1	0
tweet_00007519	saude202004_n_00203_00000003.jpg	1	2	0	0	0	0	0	0	0	0	0	1	-1
tweet_00007528	saude202004_n_00204_00000002.jpg	1	1	0	0	0	2	1	0	0	-1	0	0	21
tweet_00007572	saude202004_n_00205_00000008.jpg	-1	2	0	0	0	0	1	0	0	0	-1	0	-3
tweet_00007640	saude202004_n_00207_00000001.jpg	2	-2	0	3	1	0	0	0	0	2	0	0	-2
tweet_00007698	saude202004_n_00209_00000002.jpg	1	1	0	-1	-2	0	0	0	3	0	0	3	1
tweet_00007711	saude202004_n_00209_00000003.jpg	1	1	0	0	0	0	3	5	0	0	0	0	22
tweet_00007713	saude202004_n_00210_00000001.jpg	1	1	0	0	0	0	3	4	0	0	0	0	21
tweet_00007739	saude202004_n_00211_00000003.jpg	2	0	0	0	0	0	2	0	0	0	0	0	-2
tweet_00007754	saude202004_n_00211_00000005.jpg	1	2	0	0	0	0	0	0	0	0	14	1	0
tweet_00007758	saude202004_n_00212_00000002.jpg	1	2	0	0	0	0	0	1	0	0	0	-1	-1
tweet_00007764	saude202004_n_00212_00000003.jpg	0	2	0	0	0	1	9	0	0	0	0	1	21
tweet_00007766	saude202004_n_00212_00000004.jpg	2	1	0	-1	0	0	0	-3	1	0	1	12	0
tweet_00007785	saude202004_n_00213_00000002.jpg	1	1	0	0	0	1	0	0	0	1	0	-1	0
tweet_00007791	saude202004_n_00213_00000005.png	1	1	0	0	0	0	1	5	0	0	0	0	19
tweet_00007797	saude202004_n_00213_00000007.jpg	1	1	0	0	0	1	1	9	0	0	0	0	20
tweet_00007840	saude202004_n_00214_00000001.jpg	-1	2	0	-1	0	1	1	14	0	0	0	0	19
tweet_00007850	saude202004_n_00214_00000003.jpg	1	1	0	0	0	0	2	7	0	0	0	0	22
tweet_00007887	saude202004_n_00216_00000001.jpg	1	2	0	0	0	0	0	0	0	0	21	1	0
tweet_00007891	saude202004_n_00216_00000002.png	1	5	0	0	0	1	0	0	0	0	0	0	-1
tweet_00007895	saude202004_n_00216_00000004.jpg	0	2	0	0	0	0	0	5	0	0	0	0	6
tweet_00007924	saude202004_n_00218_00000001.jpg	1	1	0	0	-2	0	0	0	0	16	0	0	0
tweet_00007930	saude202004_n_00218_00000003.jpg	1	2	0	0	-2	0	0	9	0	0	0	0	21
tweet_00007939	saude202004_n_00219_00000001.jpg	-2	2	0	0	0	0	0	0	0	0	0	0	-1
tweet_00007944	saude202004_n_00219_00000002.jpg	2	1	0	1	1	2	0	0	0	17	0	0	0
tweet_00007947	saude202004_n_00219_00000004.jpg	1	2	1	0	0	1	0	0	0	-1	0	-1	-5
tweet_00007951	saude202004_n_00219_00000006.jpg	0	0	0	0	0	1	6	0	0	0	0	0	19
tweet_00007964	saude202004_n_00220_00000001.jpg	2	0	-1	0	0	0	0	0	0	17	0	-1	0
tweet_00007965	saude202004_n_00220_00000002.jpg	0	1	0	-2	0	1	0	0	0	0	0	0	-2
tweet_00007976	saude202004_n_00220_00000003.jpg	0	3	0	0	0	0	0	0	0	1	0	0	0
tweet_00008016	saude202004_n_00223_00000002.jpg	1	2	0	0	0	0	0	1	0	1	0	0	-1
tweet_00008142	saude202005_n_00005_00000002.png	0	4	0	0	0	2	0	0	0	0	0	0	-7
tweet_00008156	saude202005_n_00005_00000004.jpg	0	2	0	0	0	3	0	1	0	8	0	1	0
tweet_00008174	saude202005_n_00006_00000002.jpg	6	0	0	0	0	0	2	0	0	1	0	0	-1
tweet_00008183	saude202005_n_00006_00000003.jpg	0	1	0	0	0	0	0	2	0	0	0	0	-3
tweet_00008212	saude202005_n_00007_00000001.jpg	0	0	1	0	0	1	0	0	0	8	0	-3	-1
tweet_00008307	saude202005_n_00009_00000001.jpg	-3	1	0	0	0	0	0	0	0	0	0	0	-6
tweet_00008319	saude202005_n_00009_00000003.jpg	1	1	0	0	0	0	0	0	0	0	0	-1	0
tweet_00008373	saude202005_n_00012_00000002.jpg	0	3	0	0	0	1	1	0	0	0	0	0	-4
tweet_00008376	saude202005_n_00012_00000004.jpg	0	4	0	0	0	1	0	1	0	0	0	0	-2
tweet_00008409	saude202005_n_00013_00000003.jpg	0	2	0	-1	0	0	0	4	0	0	0	0	10
tweet_00008416	saude202005_n_00013_00000004.jpg	1	1	0	0	0	1	2	4	0	0	0	2	12
tweet_00008417	saude202005_n_00013_00000005.jpg	2	4	0	0	0	2	0	0	0	0	0	0	22
tweet_00008437	saude202005_n_00016_00000001.jpg	0	2	0	0	0	0	2	8	0	2	0	0	8
tweet_00008452	saude202005_n_00017_00000001.jpg	0	2	0	0	0	0	-1	1	2	0	2	1	3
tweet_00008458	saude202005_n_00017_00000003.jpg	1	1	0	0	0	0	36	0	0	0	0	0	1
tweet_00008467	saude202005_n_00018_00000002.jpg	0	5	0	0	0	3	3	0	0	0	0	0	28
tweet_00008474	saude202005_n_00018_00000003.jpg	1	1	0	0	0	0	0	0	0	9	0	0	0
tweet_00008477	saude202005_n_00018_00000004.jpg	0	1	0	0	0	1	0	0	0	0	1	-2	0
tweet_00008521	saude202005_n_00022_00000001.jpg	1	1	1	0	0	0	1	1	0	0	0	0	-1
tweet_00008542	saude202005_n_00025_00000003.jpg	1	3	0	0	1	0	0	3	3	0	0	1	-3
tweet_00008608	saude202005_n_00034_00000001.jpg	0	2	0	0	0	1	0	2	0	0	0	0	0
tweet_00008682	saude202005_n_00041_00000002.jpg	1	2	0	0	0	0	0	0	0	0	0	0	-1
tweet_00008705	saude202005_n_00043_00000001.jpg	1	1	0	0	0	0	0	0	0	0	0	0	-3
tweet_00008706	saude202005_n_00043_00000002.jpg	0	2	0	0	-1	0	1	4	0	0	0	0	0
tweet_00008744	saude202005_n_00046_00000002.jpg	-1	1	0	0	0	1	0	0	0	0	0	0	-2
tweet_00008749	saude202005_n_00046_00000003.jpg	-1	2	0	-1	0	0	0	1	0	0	0	0	6
tweet_00008754	saude202005_n_00046_00000004.jpg	0	1	0	0	0	0	0	20	1	0	0	1	0
tweet_00008779	saude202005_n_00048_00000002.png	0	2	0	0	0	1	1	0	0	0	0	0	19
tweet_00008790	saude202005_n_00049_00000002.jpg	0	2	0	0	0	0	0	1	0	0	0	0	2
tweet_00008792	saude202005_n_00049_00000003.jpg	1	3	0	0	0	1	0	1	0	1	0	0	8
tweet_00008801	saude202005_n_00050_00000002.jpg	-1	3	0	0	0	1	0	1	0	0	0	0	12
tweet_00008821	saude202005_n_00051_00000002.jpg	1	1	0	0	0	1	0	2	0	0	0	1	7
tweet_00008852	saude202005_n_00053_00000002.jpg	-1	3	0	-1	0	0	0	1	0	0	0	0	0
tweet_00008893	saude202005_n_00055_00000002.png	1	2	0	0	0	1	1	1	0	0	0	0	27
tweet_00008916	saude202005_n_00057_00000002.jpg	0	4	0	0	0	1	0	0	0	0	0	2	15
tweet_00008920	saude202005_n_00057_00000003.jpg	2	1	0	0	0	0	0	0	0	0	0	0	-1
tweet_00008944	saude202005_n_00058_00000003.jpg	-2	3	0	0	0	0	0	1	1	-1	0	1	-1
tweet_00009009	saude202005_n_00062_00000003.jpg	0	2	0	0	0	0	0	2	0	0	0	0	9
tweet_00009015	saude202005_n_00062_00000005.jpg	4	2	1	-1	0	0	0	0	1	0	0	1	0
tweet_00009022	saude202005_n_00063_00000003.png	0	3	0	0	0	0	0	0	0	0	0	1	18
tweet_00009033	saude202005_n_00064_00000001.png	0	1	0	0	0	1	0	0	0	6	0	0	0
tweet_00009036	saude202005_n_00064_00000002.jpg	1	1	0	0	-1	1	0	3	0	0	-2	-1	0
tweet_00009045	saude202005_n_00065_00000002.jpg	1	1	0	0	0	0	0	0	0	1	0	0	-1
tweet_00009084	saude202005_n_00067_00000002.jpg	-1	3	0	0	0	2	0	1	0	0	0	0	9
tweet_00009090	saude202005_n_00068_00000005.jpg	1	-2	3	0	1	0	0	0	0	9	0	-4	-1
tweet_00009091	saude202005_n_00068_00000006.jpg	0	2	0	0	0	0	0	2	0	0	0	0	7
tweet_00009095	saude202005_n_00068_00000007.jpg	0	3	0	0	0	1	0	3	0	0	0	0	3
tweet_00009121	saude202005_n_00069_00000002.jpg	0	4	0	0	0	1	0	0	0	0	0	0	-1
tweet_00009146	saude202005_n_00070_00000002.jpg	0	4	0	-1	0	1	0	2	0	3	0	0	0
tweet_00009153	saude202005_n_00070_00000003.jpg	1	2	0	0	0	0	0	0	1	0	3	0	0
tweet_00009157	saude202005_n_00070_00000004.jpg	4	1	0	0	0	0	0	0	0	0	4	0	0
tweet_00009158	saude202005_n_00071_00000001.jpg	1	1	0	0	-1	0	0	7	0	-1	0	0	-1
tweet_00009160	saude202005_n_00071_00000005.jpg	0	2	0	0	4	0	0	0	0	2	0	0	-2
tweet_00009163	saude202005_n_00071_00000006.jpg	1	1	0	0	2	1	1	0	0	0	0	0	-5
tweet_00009175	saude202005_n_00072_00000002.jpg	1	1	0	1	0	1	1	0	0	5	0	-1	1
tweet_00009176	saude202005_n_00072_00000001.jpg	0	1	0	0	0	0	0	0	1	1	0	0	-1
tweet_00009178	saude202005_n_00072_00000003.png	-1	2	0	0	0	0	0	0	-5	0	0	1	-1
tweet_00009191	saude202005_n_00074_00000001.jpg	0	2	0	0	0	0	0	0	0	0	0	0	-5
tweet_00009197	saude202005_n_00075_00000001.jpg	1	4	0	0	1	0	0	0	0	3	0	0	0
tweet_00009207	saude202005_n_00078_00000001.jpg	0	1	0	-1	1	0	0	0	0	0	0	0	-5
tweet_00009218	saude202005_n_00078_00000002.jpg	0	-2	3	0	0	0	0	2	0	0	0	0	3
tweet_00009219	saude202005_n_00079_00000001.jpg	4	0	0	0	0	0	0	0	0	0	0	-1	0
tweet_00009228	saude202005_n_00080_00000001.jpg	0	0	0	0	0	1	0	0	0	1	0	0	0
tweet_00009231	saude202005_n_00081_00000001.jpg	1	1	0	-1	0	0	0	1	0	0	0	0	-1
tweet_00009236	saude202005_n_00081_00000002.jpg	0	1	0	0	0	1	0	1	0	0	0	0	0
tweet_00009238	saude202005_n_00081_00000003.jpg	0	2	0	0	0	1	0	2	0	3	0	0	0
tweet_00009265	saude202005_n_00082_00000002.jpg	1	2	0	0	0	1	0	1	0	1	0	0	0
tweet_00009283	saude202005_n_00084_00000001.jpg	0	2	-1	0	0	0	0	0	0	-1	0	0	-1
tweet_00009288	saude202005_n_00088_00000001.jpg	-1	2	0	0	1	0	0	0	0	10	0	-1	-1
tweet_00009300	saude202005_n_00089_00000001.jpg	1	-2	0	1	0	0	0	1	0	23	0	1	0
tweet_00009303	saude202005_n_00091_00000001.jpg	1	-4	3	0	0	0	1	0	0	2	7	0	0
tweet_00009309	saude202005_n_00093_00000001.jpg	1	2	0	0	1	0	2	11	0	0	0	0	-1
tweet_00009318	saude202005_n_00095_00000002.png	0	2	0	0	0	1	0	0	0	0	0	0	-6
tweet_00009322	saude202005_n_00095_00000005.jpg	0	-2	0	0	0	0	0	0	0	1	0	0	0
tweet_00009332	saude202005_n_00095_00000006.png	3	1	1	0	-1	0	0	8	0	0	0	0	0
tweet_00009341	saude202005_n_00096_00000001.jpg	1	1	-1	0	0	0	0	0	0	-1	0	0	-2
tweet_00009353	saude202005_n_00096_00000002.jpg	4	0	0	0	0	0	0	0	0	0	0	0	-3
tweet_00009377	saude202005_n_00096_00000003.jpg	1	1	0	0	0	1	0	1	0	0	0	0	0
tweet_00009380	saude202005_n_00096_00000004.png	1	1	0	0	0	0	0	1	0	0	0	0	0
tweet_00009392	saude202005_n_00098_00000001.jpg	1	-1	0	0	0	0	0	0	0	-1	0	0	-2
tweet_00009431	saude202005_n_00099_00000001.jpg	0	2	-1	-2	0	1	0	0	0	1	0	0	0
tweet_00009446	saude202005_n_00099_00000002.jpg	1	1	0	0	0	0	0	21	0	0	0	1	0
tweet_00009477	saude202005_n_00100_00000002.jpg	1	1	0	0	4	0	0	0	0	6	0	-1	-2
tweet_00009490	saude202005_n_00100_00000003.jpg	1	1	0	0	0	0	0	1	0	0	0	-3	-1
tweet_00009491	saude202005_n_00100_00000004.jpg	0	3	0	0	-1	0	0	0	0	0	0	0	-1
tweet_00009495	saude202005_n_00101_00000001.jpg	1	0	0	0	1	0	0	0	0	7	0	-2	-1
tweet_00009502	saude202005_n_00101_00000002.jpg	-1	0	0	0	0	0	0	1	0	0	0	0	0
tweet_00009515	saude202005_n_00101_00000003.jpg	1	-1	0	1	0	-1	3	0	0	1	0	0	0
tweet_00009529	saude202005_n_00102_00000001.jpg	3	1	0	0	0	0	0	0	0	0	1	0	0
tweet_00009530	saude202005_n_00102_00000002.jpg	0	2	0	-2	0	0	0	0	0	0	1	6	0
tweet_00009535	saude202005_n_00102_00000003.png	1	1	2	0	1	0	0	20	0	0	0	0	0
tweet_00009545	saude202005_n_00102_00000004.jpg	0	1	0	0	0	0	0	0	12	0	1	1	1
tweet_00009552	saude202005_n_00102_00000005.jpg	2	-1	0	-2	0	0	0	3	0	1	0	0	0
tweet_00009566	saude202005_n_00103_00000003.jpg	4	0	0	0	0	1	0	2	1	0	0	0	0
tweet_00009572	saude202005_n_00104_00000002.jpg	0	1	0	0	-3	0	0	10	0	0	0	1	0
tweet_00009576	saude202005_n_00104_00000003.jpg	1	3	0	0	0	0	0	3	0	0	0	0	3
tweet_00009607	saude202005_n_00105_00000001.jpg	2	1	1	0	4	0	1	0	0	0	0	0	-3
tweet_00009608	saude202005_n_00105_00000002.jpg	1	-3	0	0	3	0	0	0	0	1	0	0	0
tweet_00009612	saude202005_n_00105_00000004.jpg	1	1	0	0	1	0	0	0	0	0	0	0	-4
tweet_00009626	saude202005_n_00105_00000006.jpg	-1	0	0	0	0	0	0	2	0	2	0	0	0
tweet_00009638	saude202005_n_00105_00000008.jpg	1	2	0	1	0	0	0	0	5	0	1	1	0
tweet_00009643	saude202005_n_00105_00000010.jpg	0	2	0	-1	0	0	0	3	0	0	0	0	0
tweet_00009645	saude202005_n_00105_00000011.jpg	1	1	0	0	0	0	0	1	0	0	0	0	2
tweet_00009650	saude202005_n_00105_00000012.jpg	1	1	0	0	0	0	0	0	0	1	0	1	-2
tweet_00009668	saude202005_n_00105_00000014.jpg	1	2	0	0	-1	0	0	1	0	0	0	-3	0
tweet_00009708	saude202005_n_00106_00000001.jpg	3	0	0	0	0	0	6	-1	1	0	0	0	1
tweet_00009785	saude202005_n_00108_00000001.jpg	5	0	0	0	2	0	0	0	0	0	0	0	-1
tweet_00009817	saude202005_n_00109_00000001.jpg	2	0	0	-1	0	0	0	0	0	0	0	0	-3
tweet_00009824	saude202005_n_00109_00000002.jpg	0	1	0	0	0	0	0	0	0	-1	0	-1	-3
tweet_00009849	saude202005_n_00110_00000001.png	1	1	0	-1	3	0	0	0	0	0	0	0	-4
tweet_00009851	saude202005_n_00110_00000002.jpg	5	0	0	0	2	0	0	0	0	6	0	0	0
tweet_00009882	saude202005_n_00113_00000001.jpg	1	3	0	-2	0	0	0	1	0	0	0	0	0
tweet_00009891	saude202005_n_00113_00000002.jpg	0	2	0	0	0	0	0	0	0	0	0	-7	0
tweet_00009898	saude202005_n_00113_00000004.jpg	2	0	-1	0	-2	0	0	0	3	0	1	3	0
tweet_00009910	saude202005_n_00114_00000001.jpg	1	2	-1	0	0	0	1	0	0	1	0	0	0
tweet_00009915	saude202005_n_00114_00000002.png	0	2	0	0	0	0	0	0	0	0	0	-4	-1
tweet_00009919	saude202005_n_00114_00000003.jpg	3	1	0	-4	0	0	0	0	0	-1	0	0	-1
tweet_00009922	saude202005_n_00114_00000004.jpg	4	0	0	0	0	0	0	1	0	0	0	0	0
tweet_00009938	saude202005_n_00114_00000008.jpg	1	0	-1	-1	0	3	0	0	0	1	0	0	0
tweet_00009945	saude202005_n_00114_00000009.jpg	4	1	0	-2	2	1	0	0	7	0	2	1	0
tweet_00009948	saude202005_n_00114_00000010.jpg	4	3	0	-2	0	0	0	1	0	1	0	0	0
tweet_00009958	saude202005_n_00114_00000013.jpg	1	0	-1	0	-1	0	0	0	0	1	0	0	-1
tweet_00009978	saude202005_n_00115_00000001.jpg	1	1	0	2	0	0	0	5	0	-1	0	0	10
tweet_00009982	saude202005_n_00115_00000002.png	0	1	-1	0	0	1	1	1	0	0	0	1	0
tweet_00009998	saude202005_n_00115_00000003.jpg	-1	1	0	0	0	0	0	3	2	0	-1	-1	-1
tweet_00010006	saude202005_n_00115_00000004.jpg	1	0	0	0	0	0	1	0	-1	1	0	0	-2
tweet_00010030	saude202005_n_00116_00000001.jpg	1	1	0	0	1	0	0	0	0	6	0	0	-1
tweet_00010034	saude202005_n_00116_00000002.jpg	3	1	0	0	0	0	0	1	0	2	0	0	0
tweet_00010040	saude202005_n_00116_00000003.png	1	1	0	0	4	0	0	0	0	8	0	-2	-1
tweet_00010045	saude202005_n_00116_00000004.jpg	1	1	0	-1	0	1	2	1	0	0	0	0	-1
tweet_00010046	saude202005_n_00116_00000005.png	1	2	0	1	0	0	0	0	1	26	0	0	0
tweet_00010051	saude202005_n_00116_00000006.png	1	3	0	-2	1	0	0	0	0	0	0	0	-6
tweet_00010081	saude202005_n_00116_00000008.jpg	2	1	0	0	2	0	0	0	0	3	0	-1	0
tweet_00010086	saude202005_n_00117_00000001.jpg	-1	1	0	0	0	0	0	1	0	0	0	0	1
tweet_00010089	saude202005_n_00117_00000002.jpg	0	1	0	1	0	0	0	0	0	0	0	-1	-3
tweet_00010147	saude202005_n_00118_00000002.jpg	1	0	0	0	0	0	0	2	0	0	0	0	0
tweet_00010161	saude202005_n_00119_00000001.jpg	1	1	0	0	3	0	2	0	0	0	0	0	0
tweet_00010193	saude202005_n_00120_00000001.jpg	1	0	-1	0	0	0	2	1	0	0	0	-1	-4
tweet_00010211	saude202005_n_00120_00000003.jpg	1	-1	0	0	1	0	0	0	0	-1	0	0	-2
tweet_00010214	saude202005_n_00120_00000004.jpg	1	1	0	0	0	0	0	0	0	4	0	0	0
tweet_00010223	saude202005_n_00121_00000001.jpg	1	1	0	0	0	0	1	7	0	0	0	0	20
tweet_00010229	saude202005_n_00121_00000003.jpg	0	1	0	0	2	0	0	0	0	0	0	0	-1
tweet_00010246	saude202005_n_00121_00000004.jpg	1	0	-1	0	0	0	0	0	0	0	3	0	0
tweet_00010258	saude202005_n_00122_00000001.jpg	1	0	-1	0	-1	0	0	0	0	0	0	1	0
tweet_00010288	saude202005_n_00122_00000002.jpg	1	0	-1	0	-1	0	0	0	0	9	-3	1	1
tweet_00010291	saude202005_n_00123_00000001.jpg	1	1	0	0	3	0	0	6	0	1	0	1	1
tweet_00010345	saude202005_n_00124_00000002.jpg	0	2	0	0	0	0	0	1	2	0	0	0	0
tweet_00010347	saude202005_n_00124_00000003.jpg	1	1	-1	0	-2	0	0	0	0	5	0	0	0
tweet_00010368	saude202005_n_00125_00000001.jpg	1	0	-1	0	-2	0	0	0	0	1	0	0	-1
tweet_00010387	saude202005_n_00126_00000001.jpg	3	2	-1	0	-1	0	0	0	0	1	0	0	-1
tweet_00010395	saude202005_n_00126_00000002.jpg	2	2	0	0	-2	0	0	0	0	18	0	0	1
tweet_00010412	saude202005_n_00127_00000001.jpg	1	0	-1	0	0	0	0	0	0	3	-1	1	0
tweet_00010427	saude202005_n_00127_00000002.jpg	1	1	-1	0	0	0	0	0	0	0	0	0	0
tweet_00010430	saude202005_n_00128_00000001.jpg	2	2	-1	0	0	0	0	0	0	1	0	0	0
tweet_00010441	saude202005_n_00128_00000003.png	1	0	-1	0	0	0	0	1	0	0	0	1	0
tweet_00010455	saude202005_n_00128_00000004.jpg	1	1	0	0	0	0	3	0	0	0	0	1	0
tweet_00010486	saude202005_n_00129_00000002.jpg	3	1	0	0	0	0	0	0	0	0	2	0	1
tweet_00010507	saude202005_n_00129_00000003.jpg	1	0	-1	0	0	0	0	0	0	1	0	0	-1
tweet_00010516	saude202005_n_00130_00000001.jpg	1	0	-2	0	0	0	0	1	6	1	0	2	0
tweet_00010536	saude202005_n_00130_00000002.jpg	1	0	-1	0	-2	0	0	0	0	1	0	0	-1
tweet_00010538	saude202005_n_00131_00000001.jpg	1	0	-1	0	0	0	0	0	0	0	1	0	0
tweet_00010546	saude202005_n_00131_00000002.jpg	1	0	-1	0	0	0	0	0	0	13	0	0	0
tweet_00010547	saude202005_n_00131_00000003.png	1	2	0	0	4	0	0	0	0	0	0	-1	0
tweet_00010549	saude202005_n_00131_00000004.jpg	1	0	-1	0	-2	0	0	0	0	8	0	0	0
tweet_00010552	saude202005_n_00131_00000005.jpg	1	0	-1	0	0	0	0	0	0	1	0	0	-1
tweet_00010554	saude202005_n_00131_00000006.jpg	1	1	0	0	1	0	0	0	2	0	0	2	2
tweet_00010572	saude202005_n_00131_00000007.jpg	5	1	-1	0	0	0	0	0	0	1	0	0	0
tweet_00010573	saude202005_n_00131_00000008.jpg	2	4	-1	-2	0	0	0	0	0	0	0	0	-2
tweet_00010579	saude202005_n_00132_00000001.jpg	0	0	-1	0	0	0	0	0	0	0	8	-2	4
tweet_00010585	saude202005_n_00132_00000002.jpg	1	1	-1	0	-1	1	0	0	0	15	0	0	0
tweet_00010593	saude202005_n_00132_00000003.jpg	1	1	-1	0	0	1	0	1	0	0	0	0	3
tweet_00010594	saude202005_n_00132_00000004.jpg	1	1	0	0	0	0	0	0	0	0	0	-1	0
tweet_00010605	saude202005_n_00132_00000005.jpg	1	1	0	0	5	0	0	0	0	8	0	-2	-2
tweet_00010609	saude202005_n_00132_00000006.jpg	1	1	0	0	0	0	0	0	0	21	0	0	0
tweet_00010613	saude202005_n_00133_00000001.png	1	1	0	0	0	0	0	1	0	0	11	3	-1
tweet_00010614	saude202005_n_00133_00000002.jpg	0	4	0	0	0	0	2	6	0	0	0	0	23
tweet_00010625	saude202005_n_00133_00000003.jpg	1	1	0	0	0	0	0	0	0	0	1	-1	0
tweet_00010627	saude202005_n_00133_00000004.jpg	1	1	0	0	0	0	0	0	1	0	0	1	0
tweet_00010628	saude202005_n_00133_00000005.png	1	1	0	0	2	0	6	0	0	-1	0	0	7
tweet_00010639	saude202005_n_00133_00000006.jpg	2	2	0	-2	0	0	0	0	0	0	0	0	-2
tweet_00010649	saude202005_n_00134_00000001.jpg	1	0	-1	0	0	0	0	0	0	0	1	-1	0
tweet_00010663	saude202005_n_00134_00000002.jpg	4	0	0	-1	0	0	12	-1	0	0	0	0	0
tweet_00010667	saude202005_n_00134_00000003.png	1	1	0	0	0	0	0	0	0	3	0	0	0
tweet_00010701	saude202005_n_00136_00000001.png	1	0	-1	-1	0	1	0	0	0	0	0	0	-3
tweet_00010702	saude202005_n_00136_00000002.jpg	1	1	0	0	0	0	0	0	0	-1	0	0	10
tweet_00010727	saude202005_n_00137_00000003.jpg	1	1	0	2	3	1	0	0	0	1	0	0	0
tweet_00010730	saude202005_n_00137_00000004.jpg	0	0	-1	0	0	0	0	0	4	0	2	0	0
tweet_00010741	saude202005_n_00137_00000005.jpg	-1	2	0	0	2	0	0	0	0	0	0	0	-1
tweet_00010751	saude202005_n_00138_00000002.jpg	4	0	0	1	0	0	0	0	0	1	0	0	-1
tweet_00010760	saude202005_n_00138_00000003.jpg	2	3	0	-1	0	0	0	0	0	-1	1	1	0
tweet_00010793	saude202005_n_00140_00000001.jpg	5	1	0	0	0	0	-1	0	-1	11	0	0	0
tweet_00010803	saude202005_n_00140_00000002.jpg	0	1	0	0	2	1	0	3	0	0	0	-1	0
tweet_00010822	saude202005_n_00141_00000002.jpg	2	1	0	0	0	0	0	0	0	6	0	0	0
tweet_00010826	saude202005_n_00141_00000003.png	1	2	0	0	3	0	0	0	0	24	0	0	0
tweet_00010855	saude202005_n_00143_00000002.jpg	0	0	0	0	0	0	0	0	0	0	3	-1	0
tweet_00010857	saude202005_n_00143_00000003.png	0	3	-1	0	0	0	0	0	0	0	0	0	-2
tweet_00010858	saude202005_n_00143_00000004.jpg	2	-2	-1	-1	0	0	0	0	0	12	0	0	0
tweet_00010864	saude202005_n_00143_00000005.jpg	0	2	0	1	4	2	1	1	0	0	0	0	24
tweet_00010897	saude202005_n_00145_00000001.jpg	0	2	0	0	0	0	2	0	0	0	0	0	-5
tweet_00010906	saude202005_n_00145_00000003.jpg	0	2	0	0	1	1	-1	0	-1	13	0	1	0
tweet_00010933	saude202005_n_00146_00000001.jpg	1	1	0	0	2	0	0	7	0	0	0	0	12
tweet_00010958	saude202005_n_00151_00000002.jpg	2	1	0	0	3	0	0	0	0	10	0	-2	-1
tweet_00010959	saude202005_n_00151_00000003.jpg	1	2	0	0	0	0	0	16	0	0	0	0	0
tweet_00010963	saude202005_n_00152_00000001.jpg	1	2	0	0	0	0	0	0	0	0	0	0	-2
tweet_00010969	saude202005_n_00156_00000001.jpg	1	3	0	-1	3	0	0	0	0	0	0	0	-4
tweet_00010987	saude202005_n_00156_00000003.jpg	1	1	0	-1	3	0	0	0	0	21	0	0	0
tweet_00011009	saude202005_n_00158_00000001.jpg	0	0	1	0	0	0	1	6	0	-1	0	0	-2
tweet_00011019	saude202005_n_00159_00000001.jpg	1	1	0	0	0	0	0	0	4	0	0	0	0
tweet_00011022	saude202005_n_00159_00000002.jpg	3	-1	0	0	0	0	0	0	0	0	0	1	0
tweet_00011044	saude202005_n_00160_00000001.png	1	1	0	0	1	0	0	9	0	0	0	0	-1
tweet_00011057	saude202005_n_00160_00000002.jpg	2	0	-1	0	0	1	18	0	1	0	0	2	4
tweet_00011084	saude202005_n_00162_00000001.jpg	2	1	0	0	3	0	0	0	0	11	0	-2	-1
tweet_00011100	saude202005_n_00163_00000001.jpg	3	1	0	0	0	0	0	0	1	21	0	1	0
tweet_00011129	saude202005_n_00164_00000001.jpg	1	2	0	-1	2	0	1	1	0	0	0	-1	-1
tweet_00011144	saude202005_n_00165_00000002.jpg	-1	2	0	0	0	0	0	0	0	0	0	0	-2
tweet_00011174	saude202005_n_00166_00000001.jpg	1	1	0	0	0	0	0	1	1	0	0	1	1
tweet_00011199	saude202005_n_00167_00000001.jpg	2	1	0	1	4	1	0	0	0	12	0	-1	0
tweet_00011223	saude202005_n_00169_00000001.jpg	1	2	0	0	0	0	0	0	0	0	0	0	-4
tweet_00011258	saude202005_n_00170_00000002.jpg	1	1	0	0	0	0	0	0	0	0	0	-1	-5
tweet_00011271	saude202005_n_00171_00000001.jpg	1	1	0	0	1	0	0	0	0	8	0	-1	-2
tweet_00011283	saude202005_n_00171_00000002.jpg	2	0	0	0	3	0	1	0	0	0	0	0	4
tweet_00011309	saude202005_n_00175_00000001.jpg	-1	3	0	-1	0	0	0	1	0	0	0	0	9
tweet_00011332	saude202005_n_00176_00000001.png	-2	2	0	0	2	-1	0	0	0	0	0	0	-5
tweet_00011354	saude202005_n_00181_00000001.jpg	2	2	0	0	0	0	0	0	0	1	0	0	-1
tweet_00011356	saude202005_n_00181_00000002.jpg	0	1	0	0	0	0	1	0	0	0	0	0	-1
tweet_00011359	saude202005_n_00182_00000001.png	1	5	0	2	1	0	0	0	0	5	0	0	-1
tweet_00011392	saude202005_n_00183_00000002.jpg	0	0	0	0	1	0	0	2	0	0	0	0	8
tweet_00011394	saude202005_n_00184_00000001.png	0	0	0	0	0	0	0	0	0	0	0	0	-5
tweet_00011397	saude202005_n_00184_00000004.jpg	0	2	0	0	0	0	-1	0	-2	0	29	0	0
tweet_00011434	saude202005_n_00186_00000001.jpg	1	-1	0	0	1	0	0	0	0	2	0	-1	0
tweet_00011460	saude202005_n_00187_00000001.jpg	1	7	0	0	3	0	0	0	0	6	0	-1	0
tweet_00011506	saude202005_n_00194_00000001.jpg	1	1	0	0	3	0	1	10	0	0	0	0	20
tweet_00011516	saude202005_n_00195_00000001.jpg	2	1	0	0	3	0	0	0	0	12	0	0	1
tweet_00011538	saude202005_n_00197_00000001.jpg	2	1	0	1	2	0	0	3	0	0	0	0	10
tweet_00011560	saude202005_n_00199_00000001.png	1	1	0	0	4	0	0	0	0	8	0	0	0
tweet_00011561	saude202005_n_00199_00000002.jpg	1	1	0	0	-1	0	1	0	0	1	0	-3	-3
tweet_00011589	saude202005_n_00201_00000001.jpg	1	1	0	0	-1	0	3	2	0	-1	0	0	15
tweet_00011597	saude202005_n_00203_00000001.png	0	2	0	0	0	0	0	0	0	0	0	0	-2
tweet_00011598	saude202005_n_00203_00000002.jpg	1	1	0	0	-2	0	0	0	0	0	2	-1	0
tweet_00011606	saude202005_n_00204_00000001.jpg	1	1	0	0	0	0	1	3	0	1	0	0	17
tweet_00011627	saude202005_n_00206_00000001.jpg	0	1	-1	-2	0	0	-2	-1	0	0	21	7	0
tweet_00011659	saude202005_n_00208_00000001.jpg	0	3	1	0	0	0	0	1	0	0	0	0	-2
tweet_00011677	saude202005_n_00209_00000002.jpg	1	2	0	1	3	0	0	0	0	6	0	0	-1
tweet_00011695	saude202005_n_00212_00000001.jpg	1	1	0	0	0	0	0	0	0	0	1	2	0
tweet_00011703	saude202005_n_00212_00000004.jpg	0	1	0	-1	3	0	1	6	0	0	0	0	17
tweet_00011786	saude202005_n_00216_00000003.jpg	1	1	1	0	3	0	0	0	0	1	0	0	0
tweet_00011800	saude202005_n_00217_00000001.jpg	3	0	0	0	1	0	0	0	0	8	0	-1	-1
tweet_00011810	saude202005_n_00218_00000001.jpg	0	2	0	0	0	0	0	0	0	0	0	-1	0
tweet_00011820	saude202005_n_00218_00000002.png	1	1	1	0	4	0	0	0	0	9	0	-1	0
tweet_00011827	saude202005_n_00218_00000003.jpg	1	1	0	0	1	0	0	0	0	5	0	0	-1
tweet_00011833	saude202005_n_00219_00000001.jpg	1	1	0	0	0	0	-1	-1	-2	0	2	1	-1
tweet_00011885	saude202005_n_00221_00000001.jpg	1	1	0	0	2	0	0	0	0	3	0	0	0
tweet_00011926	saude202005_n_00223_00000003.jpg	1	1	0	0	3	0	2	2	0	-1	0	0	13
tweet_00011929	saude202005_n_00223_00000004.jpg	2	3	0	0	1	0	0	0	0	4	0	0	0
tweet_00011944	saude202005_n_00224_00000003.jpg	1	1	0	0	0	0	0	0	4	0	0	3	0
tweet_00011947	saude202005_n_00224_00000004.jpg	1	1	0	0	0	0	0	0	1	16	0	1	0
tweet_00011963	saude202005_n_00225_00000001.jpg	4	1	0	1	3	0	0	14	0	0	0	0	12
tweet_00011990	saude202005_n_00226_00000001.jpg	1	1	0	0	3	0	0	14	0	0	0	0	12
tweet_00012010	saude202005_n_00228_00000001.jpg	1	1	0	0	0	0	0	5	0	-1	0	0	14
tweet_00012025	saude202005_n_00228_00000002.png	1	0	-2	0	3	0	0	0	0	1	0	0	0
tweet_00012028	saude202005_n_00228_00000003.jpg	2	3	0	0	0	0	0	0	1	7	0	0	0
tweet_00012035	saude202005_n_00229_00000001.jpg	1	3	0	0	2	0	0	0	0	1	0	0	0
tweet_00012042	saude202005_n_00229_00000003.jpg	1	6	0	0	3	0	0	0	0	7	0	-1	0
tweet_00012045	saude202005_n_00229_00000004.png	0	2	0	0	0	0	0	0	1	-1	0	0	0
tweet_00012057	saude202005_n_00230_00000001.jpg	1	3	0	2	4	0	0	2	1	0	-1	1	1
tweet_00012060	saude202005_n_00230_00000002.jpg	1	2	0	1	1	0	0	0	0	6	0	0	-1
tweet_00012085	saude202005_n_00231_00000002.png	2	0	-1	0	0	0	0	0	0	1	0	0	0
tweet_00012092	saude202005_n_00232_00000001.jpg	1	7	0	1	4	0	1	7	0	0	0	0	24
tweet_00012105	saude202005_n_00232_00000002.jpg	1	1	0	2	2	0	0	0	0	10	0	-4	-2
tweet_00012142	saude202005_n_00234_00000001.jpg	0	5	0	0	0	0	0	0	0	0	0	0	-3
tweet_00012153	saude202005_n_00234_00000003.jpg	8	2	0	-2	-1	0	0	3	0	0	0	-1	5
tweet_00012155	saude202005_n_00234_00000004.jpg	1	7	0	2	3	0	0	0	0	8	0	0	0
tweet_00012163	saude202005_n_00235_00000001.jpg	1	1	0	1	1	0	0	1	0	0	0	0	-1
tweet_00012190	saude202005_n_00236_00000003.jpg	1	1	0	0	4	0	0	1	0	11	0	-1	-1
tweet_00012196	saude202005_n_00237_00000002.jpg	0	1	0	2	3	0	0	0	0	0	0	0	-1
tweet_00012213	saude202005_n_00238_00000002.jpg	1	1	0	0	3	0	0	0	0	9	0	-3	-2
tweet_00012246	saude202005_n_00239_00000002.jpg	0	1	0	1	1	0	3	4	0	-1	0	0	20
tweet_00012268	saude202005_n_00240_00000002.jpg	1	1	0	0	3	0	0	15	0	0	0	0	17
tweet_00012285	saude202005_n_00241_00000003.jpg	1	1	0	1	2	0	0	0	0	17	0	0	0
tweet_00012329	saude202006_n_00001_00000001.png	1	2	0	0	0	0	0	9	0	0	0	0	24
tweet_00012395	saude202006_n_00001_00000006.jpg	2	7	0	0	0	0	0	12	0	0	0	0	13
tweet_00012420	saude202006_n_00001_00000007.jpg	0	2	0	0	0	0	0	0	0	-1	0	0	-5
tweet_00012436	saude202006_n_00002_00000001.jpg	1	-1	0	0	0	0	2	0	0	0	0	-1	-1
tweet_00012441	saude202006_n_00002_00000002.png	0	5	0	0	0	0	1	5	0	0	0	0	23
tweet_00012496	saude202006_n_00003_00000002.png	-2	0	0	0	0	0	1	9	0	3	0	0	0
tweet_00012514	saude202006_n_00003_00000004.jpg	0	2	0	0	0	0	0	0	0	1	0	0	0
tweet_00012532	saude202006_n_00003_00000005.png	0	4	0	0	-1	0	0	0	17	0	4	6	2
tweet_00012550	saude202006_n_00003_00000007.jpg	0	2	0	0	0	0	0	0	0	1	0	0	0
tweet_00012552	saude202006_n_00003_00000008.jpg	1	2	0	0	0	0	0	0	0	1	0	0	0
tweet_00012558	saude202006_n_00004_00000001.png	0	2	0	0	0	0	2	9	0	0	0	0	20
tweet_00012560	saude202006_n_00004_00000002.png	1	2	0	0	1	0	1	13	0	0	0	0	19
tweet_00012588	saude202006_n_00004_00000004.jpg	1	2	0	-1	0	0	1	0	0	-1	0	0	11
tweet_00012681	saude202006_n_00006_00000002.jpg	4	0	0	0	0	0	12	0	0	0	0	0	-1
tweet_00012682	saude202006_n_00006_00000003.jpg	1	2	0	0	0	0	1	8	0	0	0	0	14
tweet_00012687	saude202006_n_00006_00000004.jpg	1	2	0	0	0	0	0	0	0	2	0	0	0
tweet_00012714	saude202006_n_00008_00000001.jpg	2	4	0	0	0	0	0	9	0	0	0	0	14
tweet_00012724	saude202006_n_00007_00000002.jpg	0	2	0	0	0	0	0	0	0	0	1	-1	0
tweet_00012734	saude202006_n_00007_00000004.jpg	1	1	0	0	-1	0	-2	1	-1	0	28	1	0
tweet_00012742	saude202006_n_00007_00000005.jpg	4	1	0	0	0	0	0	5	0	0	-2	-1	-3
tweet_00012749	saude202006_n_00007_00000006.jpg	1	1	0	0	0	0	0	0	0	0	0	-2	0
tweet_00012771	saude202006_n_00008_00000004.jpg	0	1	1	0	-1	1	1	11	0	0	0	0	20
tweet_00012782	saude202006_n_00008_00000005.jpg	0	2	0	0	0	0	1	6	0	0	0	0	22
tweet_00012796	saude202006_n_00009_00000001.png	1	3	0	0	-1	0	0	13	0	0	0	1	14
tweet_00012797	saude202006_n_00009_00000002.jpg	1	2	0	0	0	0	4	0	0	1	0	0	-3
tweet_00012803	saude202006_n_00009_00000004.jpg	1	9	0	0	-1	0	1	9	0	0	0	0	19
tweet_00012809	saude202006_n_00009_00000005.jpg	0	3	0	0	0	0	0	0	0	0	0	0	0
tweet_00012817	saude202006_n_00009_00000006.jpg	0	2	0	0	0	0	2	3	0	0	0	0	19
tweet_00012850	saude202006_n_00010_00000002.png	0	3	0	0	0	0	0	13	0	0	0	0	14
tweet_00012877	saude202006_n_00010_00000004.jpg	0	1	0	1	0	1	0	0	0	-1	0	0	0
tweet_00012892	saude202006_n_00011_00000001.png	1	4	0	0	-1	0	0	0	2	1	-1	0	0
tweet_00012894	saude202006_n_00011_00000002.jpg	1	9	0	0	-1	0	0	7	0	0	0	-1	5
tweet_00012899	saude202006_n_00011_00000004.jpg	3	1	0	0	0	0	0	0	0	0	0	0	10
tweet_00012909	saude202006_n_00011_00000005.jpg	1	3	0	0	1	0	0	4	0	0	0	0	11
tweet_00012916	saude202006_n_00011_00000006.jpg	0	3	0	0	0	0	1	0	0	0	0	0	-1
tweet_00012950	saude202006_n_00012_00000001.jpg	0	2	0	0	0	0	2	7	0	0	0	0	27
tweet_00012959	saude202006_n_00012_00000002.png	2	1	-1	-2	0	0	-3	0	-4	6	0	1	1
tweet_00012971	saude202006_n_00013_00000001.jpg	0	2	0	0	0	0	0	0	0	22	0	0	1
tweet_00012972	saude202006_n_00013_00000002.jpg	4	0	0	-1	1	0	0	0	0	1	0	0	0
tweet_00012975	saude202006_n_00013_00000003.jpg	1	1	0	0	0	0	0	0	0	0	0	0	12
tweet_00012995	saude202006_n_00013_00000005.jpg	1	1	0	0	-1	0	0	0	0	0	3	-6	0
tweet_00013031	saude202006_n_00014_00000001.jpg	0	1	0	0	0	1	2	2	0	0	0	0	-3
tweet_00013047	saude202006_n_00015_00000002.jpg	1	1	0	0	-1	0	6	0	0	4	0	0	0
tweet_00013051	saude202006_n_00015_00000003.jpg	2	1	-1	0	0	1	0	0	0	0	0	1	0
tweet_00013081	saude202006_n_00016_00000003.jpg	1	3	0	0	1	0	0	0	0	1	-2	-1	-2
tweet_00013088	saude202006_n_00016_00000004.jpg	0	0	0	0	0	0	0	0	0	0	0	0	1
tweet_00013105	saude202006_n_00017_00000001.jpg	3	1	0	0	0	1	0	0	0	13	0	0	-1
tweet_00013139	saude202006_n_00019_00000002.jpg	1	1	0	0	0	1	3	0	0	0	0	0	0
tweet_00013149	saude202006_n_00024_00000001.jpg	0	2	0	0	1	0	0	0	0	-1	0	0	-1
tweet_00013183	saude202006_n_00026_00000001.jpg	0	1	0	0	0	0	0	0	0	0	0	0	-4
tweet_00013220	saude202006_n_00029_00000001.jpg	1	1	0	0	-1	0	0	0	4	0	1	10	1
tweet_00013222	saude202006_n_00029_00000002.png	1	1	0	0	-1	0	0	0	0	0	1	5	-1
tweet_00013224	saude202006_n_00029_00000004.jpg	1	1	0	0	-1	0	0	0	0	0	0	-4	-1
tweet_00013228	saude202006_n_00030_00000001.jpg	1	-1	0	0	1	0	0	0	0	27	0	0	0
tweet_00013234	saude202006_n_00033_00000001.jpg	0	0	0	0	0	0	0	0	0	0	0	0	-3
tweet_00013240	saude202006_n_00037_00000001.jpg	1	1	-1	-1	0	1	15	0	0	0	0	0	7
tweet_00013248	saude202006_n_00206_00000003.jpg	3	1	0	0	1	0	0	0	0	0	3	2	0
tweet_00013266	saude202006_n_00041_00000001.jpg	-1	1	0	0	0	0	0	7	0	0	0	0	3
tweet_00013296	saude202006_n_00043_00000001.jpg	1	3	0	0	0	0	0	1	0	0	0	0	1
tweet_00013302	saude202006_n_00044_00000001.jpg	1	1	0	0	0	0	2	5	0	0	0	0	24
tweet_00013305	saude202006_n_00044_00000002.jpg	1	1	0	0	0	0	0	0	0	10	0	0	0
tweet_00013350	saude202006_n_00048_00000001.jpg	1	1	0	0	2	0	0	0	0	0	0	-1	0
tweet_00013378	saude202006_n_00050_00000002.jpg	1	2	0	0	1	0	1	0	0	-1	0	0	-3
tweet_00013392	saude202006_n_00050_00000005.jpg	1	1	0	0	1	0	0	0	0	22	0	0	0
tweet_00013397	saude202006_n_00050_00000001.jpg	0	0	0	1	1	0	0	0	0	0	0	0	-2
tweet_00013400	saude202006_n_00050_00000008.jpg	2	0	0	0	2	1	0	0	0	9	0	0	0
tweet_00013406	saude202006_n_00050_00000009.png	1	-2	0	1	1	0	0	0	0	1	0	0	0
tweet_00013429	saude202006_n_00051_00000003.jpg	1	3	0	0	0	0	6	-3	0	0	0	1	0
tweet_00013439	saude202006_n_00052_00000001.jpg	-4	2	0	0	0	0	0	0	0	1	0	-1	3
tweet_00013483	saude202006_n_00053_00000001.png	0	3	0	0	0	0	3	2	0	-1	0	0	18
tweet_00013511	saude202006_n_00054_00000001.jpg	2	0	0	0	2	1	0	0	0	7	0	0	0
tweet_00013512	saude202006_n_00054_00000002.jpg	1	0	0	1	0	1	0	0	0	-1	0	0	-3
tweet_00013513	saude202006_n_00054_00000003.jpg	1	1	0	1	0	0	0	0	0	-1	0	0	0
tweet_00013524	saude202006_n_00054_00000004.jpg	3	1	0	0	0	0	0	0	0	11	0	0	0
tweet_00013525	saude202006_n_00054_00000005.jpg	1	1	0	0	2	1	9	1	0	0	0	0	-1
tweet_00013564	saude202006_n_00055_00000003.png	0	1	0	-2	0	0	0	1	0	0	0	0	0
tweet_00013572	saude202006_n_00055_00000004.png	1	2	0	0	0	0	0	0	0	26	0	0	0
tweet_00013573	saude202006_n_00055_00000005.jpg	2	3	0	0	0	0	0	17	0	0	0	0	7
tweet_00013591	saude202006_n_00055_00000006.jpg	1	1	0	0	0	0	6	1	0	-1	0	0	25
tweet_00013597	saude202006_n_00056_00000002.jpg	0	1	1	0	0	1	0	0	0	0	0	0	-4
tweet_00013621	saude202006_n_00057_00000001.jpg	1	1	0	0	1	0	0	7	0	1	0	0	6
tweet_00013622	saude202006_n_00057_00000002.jpg	1	1	0	0	0	0	0	12	0	0	0	0	11
tweet_00013642	saude202006_n_00057_00000007.png	0	0	0	-1	1	0	2	0	0	0	0	-2	-4
tweet_00013667	saude202006_n_00058_00000004.jpg	0	3	0	0	0	0	0	9	0	0	0	0	6
tweet_00013672	saude202006_n_00058_00000005.jpg	1	2	0	0	0	0	1	4	0	0	0	1	13
tweet_00013680	saude202006_n_00058_00000007.jpg	1	4	0	0	0	0	0	6	0	0	0	0	10
tweet_00013694	saude202006_n_00060_00000001.jpg	0	1	0	0	0	0	0	1	0	0	0	0	-1
tweet_00013714	saude202006_n_00061_00000001.jpg	2	0	-2	0	1	2	0	0	4	0	0	0	0
tweet_00013727	saude202006_n_00062_00000001.jpg	1	1	0	0	1	0	0	0	0	0	-1	0	-1
tweet_00013761	saude202006_n_00063_00000001.jpg	1	1	0	0	0	0	0	0	0	11	0	1	0
tweet_00013777	saude202006_n_00064_00000002.jpg	-1	1	1	0	0	0	0	0	-1	0	0	0	0
tweet_00013934	saude202006_n_00069_00000003.jpg	1	1	0	0	1	0	0	2	5	0	0	0	1
tweet_00013943	saude202006_n_00069_00000005.jpg	0	1	0	0	0	0	1	0	0	0	0	0	-5
tweet_00013952	saude202006_n_00069_00000007.jpg	1	-2	0	1	1	0	0	0	0	11	0	-4	-2
tweet_00013953	saude202006_n_00069_00000008.jpg	1	1	0	0	0	1	0	0	0	13	0	0	0
tweet_00013984	saude202006_n_00070_00000002.jpg	1	3	0	0	0	1	0	0	0	18	0	0	0
tweet_00013991	saude202006_n_00070_00000003.jpg	1	-2	0	0	0	0	0	0	0	6	0	0	-1
tweet_00013996	saude202006_n_00070_00000004.jpg	0	3	0	0	2	1	0	0	0	1	0	0	-1
tweet_00014004	saude202006_n_00071_00000001.jpg	1	1	0	0	0	0	0	0	0	0	1	0	0
tweet_00014007	saude202006_n_00071_00000002.jpg	0	2	0	0	0	0	1	11	0	0	0	0	21
tweet_00014014	saude202006_n_00071_00000003.jpg	0	1	0	-1	0	0	0	1	2	0	0	0	0
tweet_00014018	saude202006_n_00071_00000005.jpg	1	1	0	0	0	1	0	0	0	5	0	0	0
tweet_00014021	saude202006_n_00071_00000006.jpg	0	1	0	2	2	0	0	0	0	6	0	0	0
tweet_00014023	saude202006_n_00071_00000008.jpg	3	0	0	0	2	0	0	0	0	0	0	0	-2
tweet_00014035	saude202006_n_00071_00000009.jpg	2	8	0	0	0	0	3	4	0	0	0	0	16
tweet_00014036	saude202006_n_00072_00000001.jpg	0	0	0	0	1	0	0	-3	-1	4	0	0	0
tweet_00014057	saude202006_n_00072_00000005.jpg	1	1	0	0	0	0	0	0	0	15	0	0	0
tweet_00014075	saude202006_n_00073_00000003.jpg	2	2	0	0	1	0	0	0	0	1	0	0	-1
tweet_00014102	saude202006_n_00074_00000002.jpg	1	0	-1	0	0	1	0	0	0	16	0	0	0
tweet_00014107	saude202006_n_00074_00000003.jpg	1	1	0	0	1	0	0	10	0	0	0	0	18
tweet_00014109	saude202006_n_00074_00000004.jpg	5	2	0	0	0	1	0	0	0	0	0	0	-1
tweet_00014126	saude202006_n_00075_00000001.jpg	1	1	0	0	1	0	1	0	0	1	0	0	-1
tweet_00014177	saude202006_n_00076_00000002.jpg	1	1	0	0	0	1	0	0	0	18	0	0	0
tweet_00014201	saude202006_n_00077_00000001.jpg	1	0	0	1	1	0	-2	0	-3	5	0	0	0
tweet_00014214	saude202006_n_00077_00000002.jpg	1	1	0	0	1	0	2	-2	0	20	0	1	0
tweet_00014222	saude202006_n_00077_00000003.jpg	0	1	0	0	1	0	1	0	0	23	0	1	1
tweet_00014223	saude202006_n_00077_00000004.jpg	1	-2	0	0	0	0	0	0	0	1	0	0	-2
tweet_00014228	saude202006_n_00078_00000001.jpg	1	1	0	0	0	0	0	0	0	1	0	0	0
tweet_00014234	saude202006_n_00078_00000002.jpg	1	0	-1	0	1	2	0	0	0	8	0	0	0
tweet_00014235	saude202006_n_00078_00000003.jpg	0	3	0	0	2	0	0	0	0	7	0	0	0
tweet_00014247	saude202006_n_00078_00000004.jpg	1	0	-1	0	0	1	0	0	0	1	10	0	1
tweet_00014253	saude202006_n_00078_00000005.jpg	4	1	-1	0	0	1	0	0	0	0	0	0	-1
tweet_00014271	saude202006_n_00078_00000009.png	4	-2	0	0	0	0	0	0	0	11	0	-1	0
tweet_00014304	saude202006_n_00078_00000012.jpg	0	2	0	0	0	0	0	3	0	0	0	0	-3
tweet_00014312	saude202006_n_00079_00000001.jpg	1	0	0	0	0	3	0	3	7	4	0	0	0
tweet_00014326	saude202006_n_00079_00000003.jpg	1	1	-1	0	1	0	0	1	0	0	0	-1	0
tweet_00014342	saude202006_n_00079_00000004.jpg	0	2	0	0	1	1	0	0	0	0	-1	-1	3
tweet_00014346	saude202006_n_00079_00000006.jpg	1	0	1	0	0	2	0	0	1	0	0	0	0
tweet_00014397	saude202006_n_00080_00000001.jpg	1	1	0	0	0	0	0	14	0	0	0	0	13
tweet_00014406	saude202006_n_00080_00000002.jpg	1	1	0	0	0	0	0	8	0	0	0	0	17
tweet_00014417	saude202006_n_00081_00000001.jpg	0	2	0	-1	0	0	0	0	0	0	0	-1	-1
tweet_00014422	saude202006_n_00081_00000002.jpg	1	1	0	0	0	0	0	0	0	16	0	0	0
tweet_00014427	saude202006_n_00081_00000003.jpg	0	2	0	0	0	0	1	0	0	0	0	0	-4
tweet_00014432	saude202006_n_00081_00000006.jpg	1	5	0	0	-1	0	10	0	0	0	0	0	14
tweet_00014433	saude202006_n_00081_00000007.jpg	1	5	0	0	0	0	0	0	0	0	10	0	0
tweet_00014439	saude202006_n_00081_00000008.jpg	0	1	0	-2	0	1	1	3	0	0	0	0	-3
tweet_00014443	saude202006_n_00081_00000009.jpg	4	0	0	0	0	0	0	13	0	0	0	0	12
tweet_00014466	saude202006_n_00081_00000010.jpg	2	0	-1	0	0	3	5	2	0	-1	0	0	28
tweet_00014474	saude202006_n_00081_00000011.jpg	5	0	0	0	0	0	0	1	0	1	0	0	0
tweet_00014482	saude202006_n_00081_00000012.jpg	1	1	0	-1	0	0	0	-1	0	0	4	1	0
tweet_00014483	saude202006_n_00081_00000014.png	3	0	0	0	0	0	1	0	9	-1	-1	0	-2
tweet_00014490	saude202006_n_00082_00000001.jpg	1	2	0	0	-1	0	0	-1	0	4	0	0	1
tweet_00014502	saude202006_n_00082_00000002.jpg	0	3	0	0	-2	0	2	0	0	0	0	0	0
tweet_00014517	saude202006_n_00082_00000004.jpg	0	2	0	0	1	0	0	0	0	0	21	-1	0
tweet_00014534	saude202006_n_00082_00000007.jpg	1	1	0	-1	0	0	0	-1	17	0	0	0	0
tweet_00014552	saude202006_n_00083_00000002.png	1	2	0	0	0	0	0	1	0	0	0	0	15
tweet_00014569	saude202006_n_00083_00000003.jpg	1	1	0	0	0	0	17	-1	0	0	0	1	6
tweet_00014570	saude202006_n_00083_00000004.jpg	-1	1	0	0	0	0	0	0	2	0	2	1	0
tweet_00014575	saude202006_n_00083_00000008.jpg	0	1	0	0	-1	0	0	0	0	1	0	0	0
tweet_00014578	saude202006_n_00083_00000009.jpg	0	2	0	0	-1	0	0	0	1	0	0	0	1
tweet_00014581	saude202006_n_00083_00000010.jpg	1	3	0	0	0	0	1	0	0	0	0	0	0
tweet_00014583	saude202006_n_00083_00000012.jpg	0	1	0	1	0	2	0	0	0	19	0	0	0
tweet_00014589	saude202006_n_00083_00000013.jpg	1	-2	0	0	0	0	0	0	0	1	0	0	-2
tweet_00014599	saude202006_n_00084_00000001.jpg	-1	2	2	-1	0	0	0	0	0	-1	0	0	-3
tweet_00014630	saude202006_n_00084_00000002.jpg	4	1	0	0	0	0	0	5	0	2	0	1	0
tweet_00014639	saude202006_n_00084_00000003.jpg	0	0	-1	0	0	1	0	0	0	6	0	0	0
tweet_00014643	saude202006_n_00084_00000005.jpg	2	0	0	0	0	0	0	0	2	0	8	4	1
tweet_00014646	saude202006_n_00084_00000006.jpg	0	3	0	0	0	0	0	0	1	0	0	0	0
tweet_00014649	saude202006_n_00084_00000007.jpg	0	2	0	0	-1	0	1	0	2	6	0	3	0
tweet_00014657	saude202006_n_00085_00000001.png	1	1	0	-1	0	0	0	0	0	8	0	0	0
tweet_00014664	saude202006_n_00085_00000002.jpg	2	0	-1	0	-1	0	0	0	0	1	0	1	-2
tweet_00014665	saude202006_n_00085_00000003.jpg	1	1	0	0	0	0	0	3	0	0	0	0	5
tweet_00014680	saude202006_n_00085_00000006.jpg	0	3	0	0	0	0	0	2	1	0	0	1	4
tweet_00014686	saude202006_n_00085_00000007.jpg	1	0	-1	0	-1	0	0	0	0	15	0	1	0
tweet_00014688	saude202006_n_00085_00000008.jpg	1	1	0	0	0	0	0	0	-1	0	0	-3	0
tweet_00014714	saude202006_n_00086_00000001.jpg	1	3	0	0	0	0	0	1	0	0	0	0	18
tweet_00014733	saude202006_n_00086_00000004.jpg	1	3	0	0	0	0	0	1	0	0	0	0	19
tweet_00014744	saude202006_n_00086_00000007.jpg	0	2	0	0	-2	0	0	8	0	0	0	0	12
tweet_00014746	saude202006_n_00086_00000008.jpg	3	1	0	0	0	0	0	0	0	20	0	0	0
tweet_00014750	saude202006_n_00086_00000010.jpg	0	2	0	0	-4	0	0	3	0	-1	0	0	16
tweet_00014753	saude202006_n_00086_00000011.jpg	2	3	0	0	0	0	0	0	0	6	0	1	0
tweet_00014761	saude202006_n_00086_00000013.jpg	2	3	0	0	0	1	0	4	0	-1	0	0	3
tweet_00014792	saude202006_n_00087_00000001.jpg	0	0	1	0	0	0	0	0	0	0	0	0	-5
tweet_00014795	saude202006_n_00087_00000002.jpg	1	2	0	0	-1	0	0	0	0	2	0	0	0
tweet_00014799	saude202006_n_00087_00000003.jpg	0	2	0	0	-3	0	0	0	0	21	0	0	1
tweet_00014803	saude202006_n_00087_00000004.jpg	0	1	0	0	0	0	1	7	0	0	0	0	20
tweet_00014826	saude202006_n_00087_00000006.jpg	0	2	0	0	-4	0	0	0	0	1	0	0	-1
tweet_00014839	saude202006_n_00088_00000001.jpg	1	1	0	0	0	1	0	1	0	0	0	0	-1
tweet_00014848	saude202006_n_00088_00000002.jpg	1	0	0	0	-1	0	2	3	0	1	0	0	15
tweet_00014850	saude202006_n_00088_00000003.jpg	1	1	0	0	2	0	0	0	0	0	0	0	-1
tweet_00014867	saude202006_n_00088_00000004.jpg	0	2	0	0	-1	0	0	7	0	0	0	0	12
tweet_00014871	saude202006_n_00088_00000006.jpg	-1	1	1	-2	0	0	0	0	1	0	0	0	1
tweet_00014882	saude202006_n_00089_00000001.jpg	3	0	0	0	-3	0	1	0	0	0	0	0	0
tweet_00014916	saude202006_n_00089_00000005.jpg	1	1	0	0	0	0	0	0	1	0	0	-3	0
tweet_00014971	saude202006_n_00091_00000002.jpg	1	1	0	0	0	0	-1	0	0	4	0	1	0
tweet_00014982	saude202006_n_00091_00000003.jpg	0	2	0	0	-3	0	1	-1	0	23	0	0	0
tweet_00015012	saude202006_n_00092_00000004.jpg	1	0	-1	0	0	0	0	0	0	1	0	-1	-4
tweet_00015049	saude202006_n_00115_00000008.jpg	1	3	0	2	1	0	0	0	1	23	0	1	0
tweet_00015060	saude202006_n_00093_00000003.jpg	1	1	0	0	0	0	0	0	0	1	0	0	0
tweet_00015067	saude202006_n_00093_00000004.jpg	1	0	0	0	0	0	0	1	0	1	0	0	-2
tweet_00015105	saude202006_n_00095_00000001.jpg	1	2	0	0	-1	0	0	0	0	0	0	0	-3
tweet_00015109	saude202006_n_00095_00000002.jpg	1	0	-1	-3	2	1	0	5	0	0	0	0	11
tweet_00015112	saude202006_n_00095_00000004.jpg	2	1	-1	-2	0	0	0	1	0	-1	0	0	0
tweet_00015115	saude202006_n_00095_00000005.jpg	0	2	0	0	-1	0	0	4	0	-1	0	0	15
tweet_00015119	saude202006_n_00095_00000007.jpg	1	2	0	0	-4	0	0	0	0	1	0	-2	0
tweet_00015148	saude202006_n_00096_00000001.jpg	4	1	0	0	-3	0	1	0	0	23	0	0	1
tweet_00015150	saude202006_n_00096_00000002.jpg	1	1	0	0	-3	0	0	15	0	0	0	0	11
tweet_00015154	saude202006_n_00096_00000004.jpg	1	1	0	0	0	0	0	0	0	3	0	1	0
tweet_00015163	saude202006_n_00096_00000005.jpg	1	2	0	0	-1	0	1	-1	16	0	4	13	1
tweet_00015169	saude202006_n_00097_00000001.jpg	1	2	0	0	0	0	0	9	0	0	0	0	13
tweet_00015187	saude202006_n_00097_00000002.jpg	0	2	0	0	-3	0	1	0	0	23	0	0	1
tweet_00015196	saude202006_n_00097_00000003.jpg	0	2	0	0	0	0	0	0	0	0	0	0	-4
tweet_00015202	saude202006_n_00098_00000001.jpg	1	2	0	0	0	0	0	1	0	0	0	0	0
tweet_00015206	saude202006_n_00098_00000002.jpg	0	2	0	0	0	0	1	11	0	0	0	0	18
tweet_00015219	saude202006_n_00098_00000003.jpg	0	4	0	-1	0	0	0	1	0	1	0	0	-2
tweet_00015229	saude202006_n_00099_00000001.jpg	1	3	0	0	0	0	0	1	0	1	0	0	0
tweet_00015231	saude202006_n_00099_00000002.jpg	0	2	0	0	0	0	1	10	0	0	0	0	18
tweet_00015249	saude202006_n_00100_00000001.jpg	0	3	0	0	0	0	1	10	0	0	0	0	15
tweet_00015250	saude202006_n_00100_00000002.jpg	3	1	-1	-1	0	0	0	0	0	0	0	0	-4
tweet_00015251	saude202006_n_00100_00000004.jpg	0	2	0	-1	0	0	0	1	0	0	0	0	0
tweet_00015254	saude202006_n_00100_00000005.jpg	0	5	0	0	0	0	0	0	0	8	0	0	0
tweet_00015256	saude202006_n_00100_00000006.jpg	4	3	0	0	0	0	2	2	0	0	0	0	25
tweet_00015262	saude202006_n_00101_00000001.jpg	1	3	0	0	0	0	2	7	0	0	0	0	21
tweet_00015272	saude202006_n_00102_00000001.jpg	1	2	0	0	0	0	1	14	0	0	0	0	17
tweet_00015287	saude202006_n_00103_00000001.jpg	0	2	0	0	0	1	0	0	0	0	0	0	-5
tweet_00015293	saude202006_n_00103_00000002.jpg	1	2	0	0	1	0	0	0	0	1	0	-1	0
tweet_00015299	saude202006_n_00104_00000001.jpg	-2	2	0	0	0	0	0	1	0	0	0	1	0
tweet_00015304	saude202006_n_00105_00000001.jpg	-1	0	0	0	0	0	0	4	0	0	0	0	0
tweet_00015314	saude202006_n_00105_00000003.jpg	-1	2	0	0	-1	0	1	8	0	0	0	0	21
tweet_00015315	saude202006_n_00109_00000001.jpg	1	0	0	0	0	0	3	0	2	2	0	4	2
tweet_00015328	saude202006_n_00109_00000002.jpg	0	2	0	0	0	0	0	0	10	-1	0	-1	-3
tweet_00015349	saude202006_n_00110_00000001.jpg	0	2	0	0	1	0	0	4	0	0	0	0	9
tweet_00015372	saude202006_n_00111_00000001.jpg	1	2	0	0	0	0	0	5	0	-1	0	0	22
tweet_00015373	saude202006_n_00111_00000002.jpg	1	3	0	-1	0	0	0	0	0	0	0	0	-3
tweet_00015382	saude202006_n_00112_00000001.png	0	2	0	0	0	0	0	0	0	0	0	0	-3
tweet_00015383	saude202006_n_00112_00000002.png	1	0	0	0	1	0	0	0	0	0	0	0	-3
tweet_00015415	saude202006_n_00112_00000005.jpg	0	2	0	0	0	0	2	-1	0	20	0	0	0
tweet_00015423	saude202006_n_00112_00000007.jpg	1	1	0	-1	0	0	15	1	0	-1	0	0	17
tweet_00015429	saude202006_n_00113_00000001.jpg	1	3	0	0	0	0	1	0	0	0	0	0	-4
tweet_00015431	saude202006_n_00113_00000003.png	1	1	0	0	1	0	0	0	0	5	0	0	0
tweet_00015433	saude202006_n_00113_00000004.jpg	1	0	-1	-1	0	0	0	0	0	0	0	0	-5
tweet_00015442	saude202006_n_00113_00000005.jpg	1	5	0	0	0	1	0	11	0	0	0	0	17
tweet_00015448	saude202006_n_00113_00000006.jpg	0	3	0	2	0	0	0	0	0	13	0	0	0
tweet_00015458	saude202006_n_00114_00000002.jpg	2	1	0	0	0	0	0	2	5	0	0	1	1
tweet_00015483	saude202006_n_00114_00000003.jpg	1	0	-1	1	0	0	10	0	2	0	0	3	1
tweet_00015487	saude202006_n_00114_00000006.jpg	4	0	0	0	0	0	0	0	0	0	0	0	0
tweet_00015499	saude202006_n_00115_00000001.jpg	1	1	0	0	0	0	10	1	0	0	0	1	19
tweet_00015500	saude202006_n_00115_00000002.jpg	1	2	0	0	0	0	0	0	0	0	-2	0	-1
tweet_00015505	saude202006_n_00115_00000003.jpg	0	2	0	0	0	0	0	0	0	0	0	4	0
tweet_00015519	saude202006_n_00115_00000006.jpg	1	6	0	0	0	1	0	0	0	0	0	0	-2
tweet_00015524	saude202006_n_00115_00000007.jpg	1	1	0	0	0	0	0	0	1	-1	0	0	-1
tweet_00015541	saude202006_n_00115_00000009.jpg	1	1	0	0	-1	0	0	1	1	0	0	0	2
tweet_00015542	saude202006_n_00136_00000001.jpg	1	3	-1	-1	1	1	0	0	0	-1	0	0	-4
tweet_00015546	saude202006_n_00116_00000001.jpg	0	1	0	0	0	1	0	2	0	0	-1	-1	0
tweet_00015560	saude202006_n_00116_00000002.jpg	1	1	-1	0	0	0	0	3	2	0	-1	-1	-2
tweet_00015562	saude202006_n_00116_00000003.jpg	3	1	0	0	0	1	0	0	-1	0	0	0	-1
tweet_00015575	saude202006_n_00116_00000004.jpg	0	3	0	0	0	0	0	0	0	25	0	1	0
tweet_00015584	saude202006_n_00117_00000001.jpg	0	2	0	0	0	0	0	2	0	-1	0	-1	9
tweet_00015587	saude202006_n_00117_00000002.jpg	-3	1	0	0	2	0	0	0	0	0	0	0	-1
tweet_00015593	saude202006_n_00117_00000004.jpg	1	1	0	-3	0	0	0	0	0	1	0	0	0
tweet_00015594	saude202006_n_00117_00000005.jpg	0	1	0	0	0	1	0	3	0	0	0	0	0
tweet_00015595	saude202006_n_00117_00000009.jpg	1	1	0	0	0	0	-1	0	5	0	8	6	0
tweet_00015597	saude202006_n_00117_00000010.jpg	6	1	0	0	0	0	2	1	0	0	0	0	21
tweet_00015599	saude202006_n_00117_00000011.jpg	0	3	0	-1	0	0	0	0	0	0	0	0	-3
tweet_00015613	saude202006_n_00118_00000002.jpg	1	1	0	0	0	0	0	1	0	0	0	0	2
tweet_00015617	saude202006_n_00118_00000003.jpg	1	1	0	-2	0	0	0	0	9	1	0	0	0
tweet_00015618	saude202006_n_00118_00000007.jpg	0	3	0	2	0	0	0	1	0	14	0	0	0
tweet_00015649	saude202006_n_00119_00000002.jpg	1	1	0	0	0	0	0	0	0	0	0	-1	0
tweet_00015665	saude202006_n_00119_00000004.jpg	3	0	0	0	0	0	0	1	0	-1	0	0	0
tweet_00015668	saude202006_n_00120_00000001.jpg	1	2	0	1	0	1	0	0	1	16	0	0	0
tweet_00015676	saude202006_n_00120_00000002.jpg	0	2	0	-1	0	0	1	1	0	0	0	0	-1
tweet_00015680	saude202006_n_00120_00000003.jpg	1	1	0	0	0	0	0	2	0	0	0	0	3
tweet_00015686	saude202006_n_00120_00000004.jpg	5	0	0	0	0	0	0	1	0	0	0	0	0
tweet_00015705	saude202006_n_00121_00000001.jpg	-1	3	0	0	0	0	0	0	0	0	0	0	8
tweet_00015711	saude202006_n_00121_00000002.jpg	0	2	0	-1	0	0	5	0	0	0	0	-1	-1
tweet_00015716	saude202006_n_00121_00000004.jpg	0	3	0	-1	0	0	0	0	0	21	0	1	1
tweet_00015732	saude202006_n_00122_00000001.png	-1	3	0	0	0	0	0	12	0	0	0	0	13
tweet_00015737	saude202006_n_00123_00000001.png	2	1	0	0	0	0	0	0	0	2	0	0	0
tweet_00015743	saude202006_n_00124_00000001.jpg	1	3	0	0	0	0	4	0	0	0	0	1	-1
tweet_00015753	saude202006_n_00124_00000002.jpg	0	1	0	0	0	0	0	0	1	27	0	1	1
tweet_00015758	saude202006_n_00124_00000003.jpg	-3	1	0	-1	0	0	0	0	0	0	0	0	-2
tweet_00015759	saude202006_n_00124_00000006.png	0	1	0	0	0	0	0	0	0	0	0	0	-4
tweet_00015769	saude202006_n_00124_00000007.jpg	0	2	0	0	0	0	0	15	0	0	0	0	14
tweet_00015782	saude202006_n_00124_00000009.jpg	2	0	0	0	0	0	0	1	1	0	0	0	-1
tweet_00015810	saude202006_n_00125_00000002.jpg	1	1	1	0	0	0	0	0	0	1	0	0	0
tweet_00015814	saude202006_n_00125_00000003.jpg	0	3	0	0	0	0	0	3	0	0	0	-1	0
tweet_00015823	saude202006_n_00126_00000001.jpg	0	1	0	0	0	0	2	0	0	0	0	0	-3
tweet_00015830	saude202006_n_00126_00000003.jpg	1	1	0	0	0	2	-3	0	-5	5	0	0	0
tweet_00015844	saude202006_n_00126_00000006.png	1	3	0	0	0	0	-1	0	-1	3	0	0	0
tweet_00015910	saude202006_n_00128_00000002.jpg	0	5	0	0	0	0	0	9	0	0	0	0	21
tweet_00015913	saude202006_n_00128_00000003.png	0	0	0	1	0	0	0	0	0	5	0	0	0
tweet_00015944	saude202006_n_00130_00000001.png	0	2	0	0	0	0	1	11	0	0	0	0	20
tweet_00015954	saude202006_n_00130_00000002.png	1	5	0	1	0	0	0	0	0	0	0	0	-1
tweet_00015995	saude202006_n_00132_00000002.jpg	0	3	1	-2	0	1	2	0	0	0	0	0	-4
tweet_00016002	saude202006_n_00132_00000004.jpg	-2	4	0	0	0	0	0	9	0	0	0	0	21
tweet_00016015	saude202006_n_00133_00000001.jpg	0	0	0	0	0	0	0	0	0	21	0	0	0
tweet_00016040	saude202006_n_00134_00000001.jpg	1	0	-2	0	0	0	0	2	1	0	0	0	0
tweet_00016049	saude202006_n_00134_00000002.png	-1	2	1	0	0	0	0	0	0	0	0	0	-1
tweet_00016089	saude202006_n_00137_00000001.jpg	1	0	-1	0	0	1	0	0	2	-1	0	0	-1
tweet_00016091	saude202006_n_00137_00000002.jpg	0	3	0	0	0	0	1	17	0	0	0	0	15
tweet_00016113	saude202006_n_00138_00000002.jpg	2	0	0	0	0	0	0	2	0	0	0	0	0
tweet_00016131	saude202006_n_00138_00000006.png	0	2	0	0	0	1	3	9	0	0	0	0	23
tweet_00016144	saude202006_n_00139_00000001.jpg	0	2	0	0	0	1	1	0	-1	0	0	0	-1
tweet_00016150	saude202006_n_00139_00000004.jpg	1	1	-1	0	0	0	0	5	0	0	0	0	0
tweet_00016160	saude202006_n_00140_00000004.jpg	2	5	0	0	0	0	1	11	0	0	0	0	21
tweet_00016167	saude202006_n_00140_00000007.jpg	1	1	0	0	0	0	0	0	3	0	1	4	0
tweet_00016176	saude202006_n_00141_00000002.jpg	1	2	0	0	-1	1	0	9	0	0	0	0	12
tweet_00016180	saude202006_n_00141_00000004.jpg	1	1	0	0	0	0	0	0	0	5	0	-1	0
tweet_00016182	saude202006_n_00142_00000001.jpg	0	2	0	0	0	0	0	0	0	1	0	-1	0
tweet_00016187	saude202006_n_00142_00000003.jpg	1	2	0	-1	0	0	0	0	0	8	0	0	-1
tweet_00016193	saude202006_n_00142_00000005.jpg	0	-2	0	0	1	0	0	0	0	0	0	0	-2
tweet_00016209	saude202006_n_00143_00000002.png	1	2	0	0	0	0	0	0	0	0	0	-5	-2
tweet_00016221	saude202006_n_00143_00000007.jpg	2	2	0	0	0	0	0	7	0	0	0	0	20
tweet_00016225	saude202006_n_00144_00000001.jpg	3	0	0	0	0	0	0	1	2	0	0	5	-4
tweet_00016236	saude202006_n_00144_00000006.jpg	0	4	0	0	0	0	-1	1	-1	11	0	0	0
tweet_00016237	saude202006_n_00144_00000007.png	0	2	0	0	0	0	1	0	0	0	0	0	-5
tweet_00016254	saude202006_n_00145_00000003.jpg	0	2	0	0	0	0	1	2	0	0	0	0	26
tweet_00016260	saude202006_n_00146_00000001.png	1	1	0	0	0	0	3	2	0	0	0	0	-1
tweet_00016265	saude202006_n_00146_00000002.jpg	0	2	0	0	0	0	0	1	0	0	0	0	-1
tweet_00016270	saude202006_n_00146_00000003.jpg	1	1	0	0	0	0	0	0	0	6	0	0	-1
tweet_00016279	saude202006_n_00146_00000006.png	3	1	0	-1	0	1	0	0	0	0	0	0	-4
tweet_00016283	saude202006_n_00147_00000001.jpg	1	1	0	1	0	0	3	0	0	0	0	0	-1
tweet_00016301	saude202006_n_00148_00000002.jpg	1	3	0	-1	0	0	0	0	0	24	0	1	1
tweet_00016302	saude202006_n_00148_00000003.jpg	1	2	0	0	0	0	0	0	0	0	0	-2	-2
tweet_00016313	saude202006_n_00149_00000004.jpg	1	0	0	0	0	0	0	0	0	-1	0	0	-2
tweet_00016339	saude202006_n_00151_00000001.jpg	1	1	0	0	0	0	2	0	0	2	0	-1	0
tweet_00016342	saude202006_n_00151_00000004.jpg	4	2	0	0	0	1	0	0	0	0	1	1	0
tweet_00016352	saude202006_n_00151_00000007.jpg	1	1	0	0	0	0	0	0	0	0	4	0	0
tweet_00016389	saude202006_n_00155_00000001.jpg	2	3	0	-1	-2	0	0	0	0	0	1	0	-4
tweet_00016396	saude202006_n_00156_00000002.jpg	-2	2	0	0	0	0	1	0	0	0	0	0	-4
tweet_00016413	saude202006_n_00157_00000004.jpg	4	0	0	0	0	0	0	0	0	0	0	0	-4
tweet_00016416	saude202006_n_00158_00000001.jpg	0	2	0	0	-1	1	0	1	8	0	1	7	0
tweet_00016470	saude202006_n_00160_00000002.jpg	0	2	0	-1	0	1	0	0	1	0	0	-3	0
tweet_00016491	saude202006_n_00161_00000003.jpg	1	2	0	0	0	0	0	3	1	0	-1	1	1
tweet_00016492	saude202006_n_00161_00000004.png	0	2	0	0	0	0	0	14	0	0	0	0	13
tweet_00016518	saude202006_n_00162_00000001.jpg	-1	2	0	0	0	0	2	3	0	0	0	0	6
tweet_00016526	saude202006_n_00162_00000002.jpg	1	2	0	0	0	0	0	-1	19	0	1	0	0
tweet_00016528	saude202006_n_00162_00000003.jpg	0	2	0	0	0	1	0	0	0	1	0	0	0
tweet_00016529	saude202006_n_00162_00000004.png	2	3	0	-2	0	0	0	0	0	1	0	0	0
tweet_00016530	saude202006_n_00162_00000005.jpg	3	0	1	0	0	0	0	0	0	0	0	6	0
tweet_00016543	saude202006_n_00162_00000007.jpg	3	4	0	0	0	1	1	10	0	0	0	0	12
tweet_00016547	saude202006_n_00162_00000009.jpg	1	2	0	0	0	0	-5	0	-5	1	0	1	0
tweet_00016556	saude202006_n_00162_00000010.jpg	1	2	0	0	0	1	0	0	2	0	0	0	0
tweet_00016558	saude202006_n_00163_00000002.jpg	1	2	0	0	0	1	0	1	7	0	1	5	1
tweet_00016561	saude202006_n_00163_00000003.jpg	2	1	0	0	0	0	0	0	0	10	0	0	0
tweet_00016564	saude202006_n_00163_00000004.jpg	1	1	0	0	0	2	0	0	1	0	1	0	0
tweet_00016573	saude202006_n_00163_00000008.jpg	0	1	0	0	0	0	0	0	0	22	0	0	0
tweet_00016582	saude202006_n_00163_00000009.jpg	3	-2	0	0	0	0	0	-1	2	1	-1	-12	0
tweet_00016584	saude202006_n_00163_00000010.jpg	1	1	0	0	-1	0	0	0	0	26	0	0	0
tweet_00016598	saude202006_n_00163_00000011.jpg	1	2	0	0	0	0	0	13	0	0	0	0	12
tweet_00016617	saude202006_n_00164_00000001.jpg	0	1	1	0	0	0	1	0	0	0	0	0	-1
tweet_00016621	saude202006_n_00164_00000002.jpg	1	2	0	0	0	0	0	0	0	1	0	0	0
tweet_00016633	saude202006_n_00164_00000003.jpg	1	3	0	1	0	1	0	0	0	9	0	0	0
tweet_00016644	saude202006_n_00165_00000001.jpg	1	1	0	0	-2	0	0	4	1	1	0	3	0
tweet_00016674	saude202006_n_00165_00000003.jpg	0	1	0	0	0	0	0	0	0	0	0	0	-2
tweet_00016690	saude202006_n_00166_00000001.jpg	-4	1	0	0	0	0	0	0	8	0	3	1	0
tweet_00016713	saude202006_n_00166_00000002.jpg	-1	2	0	-1	0	0	0	7	0	0	0	0	4
tweet_00016720	saude202006_n_00167_00000001.jpg	3	0	0	0	0	0	1	1	0	0	0	0	-1
tweet_00016722	saude202006_n_00167_00000002.jpg	-2	2	0	0	0	0	0	1	0	0	0	0	0
tweet_00016749	saude202006_n_00167_00000005.jpg	0	2	0	-1	0	0	0	1	0	0	0	0	-2
tweet_00016782	saude202006_n_00168_00000001.jpg	1	1	-1	-2	-4	0	0	0	0	0	10	2	-1
tweet_00016823	saude202006_n_00168_00000002.jpg	1	2	0	0	0	0	0	0	0	7	0	2	0
tweet_00016825	saude202006_n_00168_00000003.jpg	3	0	0	0	1	0	0	0	0	-1	0	0	-1
tweet_00016874	saude202006_n_00169_00000002.jpg	1	2	0	0	0	0	0	0	1	0	0	5	0
tweet_00016924	saude202006_n_00170_00000001.jpg	1	1	-1	-1	0	0	0	0	0	0	0	1	0
tweet_00016927	saude202006_n_00170_00000002.jpg	1	0	0	0	0	0	0	4	0	0	0	1	0
tweet_00016956	saude202006_n_00170_00000004.jpg	0	2	0	0	0	0	0	0	0	0	1	0	0
tweet_00016989	saude202006_n_00171_00000001.jpg	2	2	0	0	0	0	6	0	0	0	0	0	25
tweet_00017044	saude202006_n_00172_00000002.jpg	1	1	1	0	0	1	0	0	4	0	0	1	0
tweet_00017093	saude202006_n_00174_00000002.jpg	2	3	0	0	0	0	0	0	0	0	0	-1	0
tweet_00017122	saude202006_n_00174_00000004.jpg	1	2	0	0	-1	0	0	0	0	0	0	-5	0
tweet_00017131	saude202006_n_00174_00000005.jpg	0	0	0	0	0	0	0	0	0	0	0	0	-4
tweet_00017153	saude202006_n_00175_00000001.jpg	4	2	0	0	0	0	0	0	0	13	0	0	1
tweet_00017164	saude202006_n_00175_00000002.jpg	0	2	0	0	0	0	0	0	0	-1	0	0	-1
tweet_00017171	saude202006_n_00175_00000005.jpg	0	1	1	-1	0	0	3	0	0	0	0	0	0
tweet_00017183	saude202006_n_00175_00000007.jpg	-1	2	0	0	0	0	0	2	0	0	-1	-1	-3
tweet_00017185	saude202006_n_00175_00000008.jpg	1	5	0	0	0	0	2	0	0	12	0	1	3
tweet_00017201	saude202006_n_00176_00000003.jpg	1	1	0	0	0	0	0	0	0	2	0	0	0
tweet_00017240	saude202006_n_00176_00000007.jpg	1	1	0	0	0	0	1	0	0	16	0	2	0
tweet_00017276	saude202006_n_00177_00000004.jpg	1	3	1	0	0	0	0	0	0	1	0	0	-3
tweet_00017307	saude202006_n_00178_00000001.jpg	2	1	0	0	0	0	0	0	0	0	0	2	0
tweet_00017318	saude202006_n_00178_00000002.jpg	1	2	0	-1	0	0	0	5	0	0	0	0	0
tweet_00017322	saude202006_n_00178_00000003.jpg	0	1	0	0	-1	0	1	8	0	0	0	0	24
tweet_00017332	saude202006_n_00178_00000005.jpg	1	2	0	0	0	0	0	0	0	1	0	-2	0
tweet_00017342	saude202006_n_00178_00000006.jpg	0	0	1	0	0	0	0	9	0	0	0	0	0
tweet_00017358	saude202006_n_00179_00000001.jpg	5	0	0	0	0	0	0	0	0	27	0	1	0
tweet_00017370	saude202006_n_00179_00000005.jpg	1	2	0	0	0	0	0	0	0	0	0	0	-1
tweet_00017376	saude202006_n_00180_00000001.png	-1	2	0	0	0	0	0	0	0	-1	0	-2	-5
tweet_00017404	saude202006_n_00181_00000004.jpg	1	2	0	0	0	1	0	0	0	18	0	0	0
tweet_00017407	saude202006_n_00181_00000006.png	0	2	1	0	-1	0	0	0	0	0	0	0	-2
tweet_00017432	saude202006_n_00182_00000001.jpg	4	0	0	0	0	0	0	0	0	0	0	0	-1
tweet_00017464	saude202006_n_00182_00000007.jpg	1	1	-1	-1	0	0	1	2	0	1	0	1	0
tweet_00017480	saude202006_n_00182_00000009.jpg	0	2	0	0	0	0	2	0	0	0	0	0	-1
tweet_00017495	saude202006_n_00183_00000001.jpg	1	2	0	0	-1	0	4	5	0	0	0	0	23
tweet_00017505	saude202006_n_00183_00000002.jpg	1	1	0	0	0	0	0	13	0	0	0	0	0
tweet_00017510	saude202006_n_00183_00000005.jpg	0	2	0	0	0	0	0	2	1	0	0	1	4
tweet_00017521	saude202006_n_00183_00000008.png	2	0	0	-2	0	1	3	-1	0	2	0	2	0
tweet_00017534	saude202006_n_00183_00000011.png	0	2	0	0	0	0	0	17	0	0	0	0	12
tweet_00017539	saude202006_n_00183_00000012.jpg	1	1	0	0	0	0	0	12	0	0	0	0	12
tweet_00017543	saude202006_n_00183_00000013.png	1	6	0	0	0	1	0	0	0	-1	0	0	-4
tweet_00017544	saude202006_n_00183_00000014.jpg	1	1	0	0	0	0	-2	0	0	1	0	3	0
tweet_00017547	saude202006_n_00183_00000015.jpg	1	1	0	0	0	0	-1	0	-1	8	0	0	0
tweet_00017556	saude202006_n_00183_00000017.jpg	0	2	0	0	0	0	0	0	0	0	0	0	-1
tweet_00017604	saude202006_n_00184_00000007.jpg	0	2	0	0	0	0	0	2	0	0	0	0	3
tweet_00017606	saude202006_n_00184_00000008.jpg	4	0	0	0	0	0	0	0	0	0	0	-2	0
tweet_00017611	saude202006_n_00184_00000009.jpg	1	2	0	0	-2	0	2	5	0	0	0	0	16
tweet_00017613	saude202006_n_00184_00000010.jpg	1	1	0	0	0	0	0	0	0	6	0	0	0
tweet_00017614	saude202006_n_00184_00000011.jpg	1	1	0	0	0	0	3	4	0	0	0	0	23
tweet_00017620	saude202006_n_00184_00000012.jpg	1	0	0	0	0	0	0	1	1	0	0	-1	0
tweet_00017622	saude202006_n_00184_00000013.png	-2	2	0	0	0	0	0	0	0	0	0	0	-2
tweet_00017636	saude202006_n_00185_00000001.jpg	-2	3	0	-1	1	0	0	2	0	0	0	0	0
tweet_00017646	saude202006_n_00185_00000006.jpg	1	1	0	0	-2	0	0	0	30	0	0	0	0
tweet_00017647	saude202006_n_00185_00000007.jpg	1	2	0	0	0	0	1	7	0	0	0	0	15
tweet_00017662	saude202006_n_00185_00000008.png	1	2	0	0	0	1	0	0	0	0	-1	-1	-1
tweet_00017664	saude202006_n_00185_00000009.jpg	0	2	0	0	-2	0	0	0	0	1	0	-3	0
tweet_00017667	saude202006_n_00185_00000010.jpg	1	3	0	0	0	1	0	0	0	17	0	0	0
tweet_00017673	saude202006_n_00185_00000011.png	0	1	0	1	0	1	0	0	0	14	0	0	0
tweet_00017679	saude202006_n_00185_00000012.jpg	1	1	0	0	0	0	1	9	0	0	0	0	22
tweet_00017681	saude202006_n_00185_00000014.jpg	1	2	0	0	0	0	6	2	0	-1	0	0	9
tweet_00017682	saude202006_n_00186_00000001.jpg	2	-1	0	0	0	0	3	0	0	0	0	-1	-3
tweet_00017704	saude202006_n_00186_00000002.jpg	1	1	0	0	0	1	2	0	0	5	0	0	0
tweet_00017738	saude202006_n_00186_00000003.jpg	1	1	0	0	0	1	0	0	1	21	0	1	1
tweet_00017746	saude202006_n_00186_00000004.jpg	1	1	-1	0	0	0	0	0	0	0	0	0	-3
tweet_00017751	saude202006_n_00186_00000005.jpg	0	1	0	0	1	0	0	5	0	0	0	0	-1
tweet_00017753	saude202006_n_00186_00000006.jpg	1	3	0	0	0	1	0	0	0	23	0	0	0
tweet_00017765	saude202006_n_00187_00000001.jpg	0	1	0	0	0	1	0	0	0	18	0	0	0
tweet_00017776	saude202006_n_00187_00000002.jpg	1	-2	0	0	0	0	0	0	0	9	0	0	0
tweet_00017780	saude202006_n_00187_00000003.jpg	1	2	0	-1	0	0	3	1	0	0	0	0	15
tweet_00017786	saude202006_n_00187_00000004.jpg	2	0	0	0	0	0	0	6	0	0	0	1	0
tweet_00017805	saude202006_n_00187_00000006.jpg	0	2	0	0	0	0	0	0	0	0	0	0	-4
tweet_00017816	saude202006_n_00188_00000001.jpg	1	1	0	1	0	1	0	0	0	18	0	0	0
tweet_00017831	saude202006_n_00188_00000002.jpg	1	1	0	0	0	0	0	0	10	0	0	1	2
tweet_00017834	saude202006_n_00188_00000003.jpg	1	1	0	0	0	0	0	0	0	8	0	0	0
tweet_00017938	saude202006_n_00191_00000001.jpg	0	2	1	0	0	0	0	3	0	0	0	0	3
tweet_00017971	saude202006_n_00192_00000002.jpg	1	1	0	0	0	1	0	0	0	4	0	0	0
tweet_00017974	saude202006_n_00192_00000003.jpg	1	3	1	0	0	0	6	1	0	0	0	-1	6
tweet_00017999	saude202006_n_00193_00000001.jpg	1	1	0	0	0	0	0	2	2	14	0	0	1
tweet_00018016	saude202006_n_00193_00000004.jpg	1	1	0	-1	0	0	0	1	0	0	0	0	19
tweet_00018046	saude202006_n_00194_00000003.jpg	0	1	0	0	0	1	4	0	0	4	0	0	0
tweet_00018071	saude202006_n_00195_00000001.jpg	0	2	0	0	0	0	14	2	0	4	0	0	0
tweet_00018073	saude202006_n_00195_00000002.png	2	1	0	0	1	0	0	0	0	-1	0	0	-3
tweet_00018077	saude202006_n_00195_00000004.jpg	1	1	0	0	0	0	0	1	0	5	0	0	0
tweet_00018079	saude202006_n_00195_00000005.jpg	1	1	0	0	0	0	0	0	0	19	0	0	0
tweet_00018106	saude202006_n_00196_00000001.jpg	1	3	0	0	0	1	0	0	0	20	0	0	0
tweet_00018112	saude202006_n_00196_00000002.jpg	-1	1	0	0	1	0	0	0	0	4	0	0	-1
tweet_00018115	saude202006_n_00196_00000003.jpg	1	1	0	0	0	0	0	0	0	17	0	0	0
tweet_00018116	saude202006_n_00196_00000004.jpg	0	-1	0	0	1	0	14	0	0	0	0	1	0
tweet_00018117	saude202006_n_00196_00000005.jpg	1	-2	0	0	0	0	0	0	0	2	0	0	0
tweet_00018123	saude202006_n_00196_00000008.jpg	0	1	0	0	0	0	0	0	0	11	0	0	0
tweet_00018161	saude202006_n_00197_00000002.jpg	1	1	0	0	0	0	0	0	0	13	0	0	0
tweet_00018165	saude202006_n_00197_00000003.jpg	0	0	0	0	0	0	1	0	0	-1	0	0	2
tweet_00018184	saude202006_n_00197_00000005.png	1	1	0	-1	0	0	0	0	0	0	0	0	-1
tweet_00018192	saude202006_n_00197_00000006.png	1	1	0	0	0	0	0	0	0	25	0	0	0
tweet_00018199	saude202006_n_00198_00000001.jpg	5	1	0	0	0	0	0	0	0	8	0	1	0
tweet_00018216	saude202006_n_00199_00000003.jpg	1	1	0	0	0	1	0	0	0	24	0	0	0
tweet_00018227	saude202006_n_00199_00000004.jpg	0	0	0	0	0	0	0	1	0	-1	0	-1	12
tweet_00018229	saude202006_n_00199_00000005.jpg	3	1	0	0	0	0	0	0	0	11	0	0	0
tweet_00018262	saude202006_n_00199_00000001.jpg	0	2	0	0	0	0	0	0	1	0	0	0	0
tweet_00018280	saude202006_n_00200_00000002.jpg	1	1	0	0	0	1	0	0	1	0	7	8	0
tweet_00018308	saude202006_n_00200_00000004.jpg	1	1	0	0	0	1	0	0	0	18	0	0	0
tweet_00018315	saude202006_n_00200_00000006.jpg	1	1	0	0	0	1	0	0	0	18	0	0	0
tweet_00018323	saude202006_n_00200_00000007.jpg	1	1	0	0	0	0	0	0	0	21	0	0	0
tweet_00018326	saude202006_n_00201_00000001.jpg	1	1	0	0	0	1	0	-1	0	20	0	1	1
tweet_00018332	saude202006_n_00201_00000002.jpg	1	2	0	0	0	1	0	0	0	15	0	0	0
tweet_00018333	saude202006_n_00201_00000003.jpg	1	1	0	0	1	1	0	0	0	8	0	0	0
tweet_00018374	saude202006_n_00202_00000001.jpg	3	-1	0	0	0	0	0	6	1	1	0	-1	7
tweet_00018382	saude202006_n_00202_00000003.jpg	3	0	0	0	0	1	0	0	0	0	0	1	0
tweet_00018385	saude202006_n_00202_00000004.jpg	1	3	0	0	0	1	0	0	0	18	0	0	0
tweet_00018408	saude202006_n_00202_00000007.jpg	1	1	0	0	0	1	0	-2	0	3	0	-1	0
tweet_00018413	saude202006_n_00202_00000008.jpg	2	2	0	0	1	2	0	0	0	5	0	0	0
tweet_00018439	saude202006_n_00203_00000002.jpg	2	0	0	0	0	0	0	0	0	0	0	0	-2
tweet_00018447	saude202006_n_00203_00000006.png	1	0	0	-1	0	0	0	0	0	4	0	0	0
tweet_00018453	saude202006_n_00204_00000001.jpg	3	3	0	0	0	1	0	-1	0	11	0	0	0
tweet_00018465	saude202006_n_00204_00000003.jpg	0	4	0	0	0	0	0	0	0	1	0	0	-2
tweet_00018478	saude202006_n_00204_00000004.jpg	1	0	0	0	0	0	0	3	0	-1	0	0	0
tweet_00018499	saude202006_n_00204_00000006.jpg	1	2	0	-1	0	0	0	0	0	0	1	-1	0
tweet_00018506	saude202006_n_00205_00000001.jpg	1	-1	0	0	0	0	0	0	-1	0	1	0	-1
tweet_00018511	saude202006_n_00205_00000002.jpg	1	4	0	0	-1	0	0	0	0	0	0	-4	1
tweet_00018520	saude202006_n_00205_00000004.jpg	1	1	0	0	0	0	1	4	0	-1	0	0	16
tweet_00018523	saude202006_n_00205_00000005.jpg	1	1	0	-1	0	0	1	0	18	-1	0	3	2
tweet_00018544	saude202006_n_00206_00000001.jpg	-1	2	1	-3	0	0	0	0	-3	0	2	0	1
tweet_00018548	saude202006_n_00206_00000004.jpg	1	0	0	0	0	1	0	0	0	3	0	0	0
tweet_00018570	saude202006_n_00206_00000006.png	0	3	0	0	0	0	4	0	0	0	0	0	-6
tweet_00018575	saude202006_n_00206_00000007.jpg	4	0	0	0	0	0	0	0	1	0	0	11	2
tweet_00018589	saude202006_n_00207_00000002.jpg	0	0	0	0	0	0	0	0	2	0	-1	2	0
tweet_00018592	saude202006_n_00207_00000003.jpg	1	1	-1	-1	0	0	0	0	0	0	0	0	-1
tweet_00018611	saude202006_n_00207_00000004.jpg	0	1	0	-3	2	0	0	4	0	1	0	0	0
tweet_00018620	saude202006_n_00208_00000002.png	1	2	0	-1	0	0	0	2	0	-1	0	0	16
tweet_00018652	saude202006_n_00210_00000002.jpg	1	1	0	0	1	0	0	1	0	10	0	-4	-1
tweet_00018697	saude202006_n_00213_00000002.jpg	0	2	0	0	0	1	0	0	10	0	2	10	0
tweet_00018706	saude202006_n_00213_00000004.jpg	0	1	0	0	0	0	0	0	0	14	0	-2	0
tweet_00018720	saude202006_n_00213_00000006.jpg	-2	0	0	0	0	0	0	3	0	0	0	0	0
tweet_00018730	saude202006_n_00214_00000002.jpg	0	1	0	-2	0	1	1	4	0	-1	0	0	17
tweet_00018732	saude202006_n_00214_00000003.jpg	0	1	-1	-1	3	3	0	0	0	4	0	0	0
tweet_00018735	saude202006_n_00214_00000004.jpg	4	1	0	0	0	1	0	0	0	14	0	1	0
tweet_00018745	saude202006_n_00214_00000007.jpg	1	2	0	0	0	0	0	0	0	7	0	0	0
tweet_00018755	saude202006_n_00215_00000003.jpg	4	0	0	-1	0	0	0	0	0	0	0	0	-1
tweet_00018775	saude202006_n_00216_00000004.jpg	1	2	-2	0	0	0	0	1	0	8	0	0	0
tweet_00018783	saude202006_n_00208_00000001.jpg	-1	3	0	1	0	0	1	5	0	0	0	0	17
tweet_00018786	saude202006_n_00216_00000006.jpg	1	1	0	0	2	0	0	0	0	3	0	-1	0
tweet_00018793	saude202006_n_00217_00000002.jpg	1	2	0	0	0	1	10	0	0	17	0	0	-1
tweet_00018794	saude202006_n_00217_00000003.jpg	0	1	0	0	2	1	1	0	0	2	0	-2	0
tweet_00018831	saude202006_n_00218_00000002.jpg	0	2	0	-2	0	0	0	0	1	0	0	0	0
tweet_00018832	saude202006_n_00218_00000003.jpg	0	2	0	-1	0	0	0	1	0	13	0	0	0
tweet_00018837	saude202006_n_00218_00000005.jpg	1	1	0	0	1	0	0	0	0	2	0	0	0
tweet_00018839	saude202006_n_00218_00000006.png	1	1	0	0	0	0	0	6	0	0	0	0	22
tweet_00018845	saude202006_n_00218_00000009.jpg	4	0	0	0	2	0	2	10	0	0	0	0	21
tweet_00018854	saude202006_n_00219_00000001.jpg	1	2	0	0	0	0	-1	-1	0	0	0	2	0
tweet_00018858	saude202006_n_00219_00000003.jpg	0	2	0	0	0	1	0	2	0	-1	0	0	17
tweet_00018861	saude202006_n_00219_00000004.jpg	1	1	0	0	0	0	0	13	0	0	0	0	7
tweet_00018863	saude202006_n_00219_00000005.jpg	1	2	0	0	0	1	0	0	1	0	4	1	0
tweet_00018893	saude202006_n_00220_00000003.jpg	-2	0	0	0	0	2	0	0	0	0	0	-2	-3
tweet_00018905	saude202006_n_00220_00000004.jpg	0	2	0	0	0	1	0	0	0	4	0	0	0
tweet_00018917	saude202006_n_00220_00000005.jpg	1	-1	0	1	0	0	0	0	0	0	0	0	-2
tweet_00018918	saude202006_n_00220_00000006.jpg	2	1	0	0	1	0	3	0	0	1	0	-1	-1
tweet_00018923	saude202006_n_00220_00000007.jpg	1	1	0	0	1	0	0	0	0	10	0	-3	-1
tweet_00018931	saude202006_n_00221_00000004.jpg	2	1	0	0	2	1	2	7	0	0	0	0	25
tweet_00018935	saude202006_n_00221_00000005.jpg	1	1	0	-1	1	0	0	0	0	0	0	0	-1
tweet_00018936	saude202006_n_00221_00000006.jpg	1	1	0	0	2	0	0	0	0	8	0	0	0
tweet_00018947	saude202006_n_00221_00000008.jpg	1	1	0	0	0	0	0	0	0	17	0	0	0
tweet_00018951	saude202006_n_00222_00000003.jpg	0	2	0	0	0	0	0	3	0	-1	0	0	15
tweet_00018962	saude202006_n_00179_00000002.jpg	-1	1	0	0	2	0	0	0	0	7	0	0	0
tweet_00018969	saude202006_n_00223_00000002.jpg	0	3	0	0	-1	0	0	9	0	0	0	0	15
tweet_00018999	saude202006_n_00224_00000002.png	1	0	-1	0	-1	0	0	1	0	1	0	1	0
tweet_00019000	saude202006_n_00224_00000003.jpg	1	2	0	0	0	0	0	0	2	0	0	2	0
tweet_00019009	saude202006_n_00224_00000006.jpg	3	-1	0	0	1	0	0	0	0	27	0	1	1
tweet_00019028	saude202006_n_00225_00000002.jpg	2	0	0	0	2	0	0	0	0	2	0	0	0
tweet_00019030	saude202006_n_00225_00000003.jpg	1	2	0	0	0	0	0	0	0	18	0	1	0
tweet_00019033	saude202006_n_00225_00000004.jpg	1	1	0	-1	0	0	0	0	0	6	0	0	0
tweet_00019034	saude202006_n_00225_00000005.jpg	1	0	0	0	2	1	12	0	0	0	0	-1	14
tweet_00019049	saude202006_n_00226_00000002.jpg	1	1	0	0	2	0	0	0	0	7	0	0	0
tweet_00019051	saude202006_n_00226_00000003.jpg	1	1	0	0	2	0	0	0	0	7	0	0	0
tweet_00019069	saude202006_n_00227_00000001.jpg	1	1	0	0	2	0	0	0	0	1	0	0	0
tweet_00019100	saude202006_n_00228_00000001.jpg	1	1	0	0	1	0	0	0	0	7	0	0	-1
tweet_00019110	saude202006_n_00229_00000001.jpg	0	2	0	0	0	0	6	0	0	0	0	0	3
tweet_00019116	saude202006_n_00229_00000003.jpg	-1	2	1	0	0	0	1	-1	-1	1	7	-2	1
tweet_00019127	saude202006_n_00229_00000004.jpg	4	0	0	0	0	0	2	0	0	17	0	0	1
tweet_00019182	saude202007_n_00001_00000001.jpg	1	1	0	0	0	0	0	0	0	13	0	3	0
tweet_00019189	saude202007_n_00001_00000002.jpg	1	1	0	0	-2	0	0	3	0	-1	0	0	9
tweet_00019190	saude202007_n_00001_00000003.png	1	1	0	0	0	1	0	2	1	2	0	1	0
tweet_00019228	saude202007_n_00002_00000002.jpg	0	1	0	-1	0	0	0	0	0	0	0	0	-2
tweet_00019229	saude202007_n_00002_00000003.jpg	-1	0	0	0	0	0	0	0	0	1	0	0	0
tweet_00019230	saude202007_n_00002_00000004.jpg	0	2	0	-1	0	0	0	0	0	0	1	0	-4
tweet_00019238	saude202007_n_00002_00000005.jpg	1	3	0	-1	0	0	0	0	0	0	-2	-1	-3
tweet_00019242	saude202007_n_00002_00000006.jpg	0	1	0	-1	0	0	0	0	0	0	0	0	-1
tweet_00019270	saude202007_n_00002_00000008.jpg	1	0	0	0	0	0	1	4	0	0	0	0	13
tweet_00019272	saude202007_n_00002_00000009.jpg	0	1	-1	0	-2	0	1	0	3	0	0	2	2
tweet_00019281	saude202007_n_00003_00000001.jpg	1	1	0	-1	0	0	0	0	0	0	0	0	-4
tweet_00019285	saude202007_n_00003_00000002.jpg	1	1	0	0	0	0	0	1	0	21	0	0	0
tweet_00019290	saude202007_n_00003_00000004.jpg	0	1	-1	0	2	1	0	0	0	10	0	-3	-1
tweet_00019295	saude202007_n_00003_00000006.jpg	0	2	0	-1	0	0	0	4	0	0	0	0	0
tweet_00019299	saude202007_n_00003_00000007.jpg	0	1	0	-1	0	0	1	4	0	1	0	0	26
tweet_00019301	saude202007_n_00003_00000008.jpg	3	-1	0	-1	1	0	1	0	0	0	0	0	-2
tweet_00019306	saude202007_n_00003_00000009.png	1	1	-1	0	0	0	0	0	0	1	0	0	0
tweet_00019308	saude202007_n_00003_00000010.jpg	2	1	0	0	3	0	0	0	0	16	0	0	0
tweet_00019312	saude202007_n_00003_00000011.jpg	0	1	-1	0	-2	0	0	0	0	0	0	0	0
tweet_00019313	saude202007_n_00003_00000012.jpg	-2	0	0	0	0	0	0	5	0	0	0	0	0
tweet_00019325	saude202007_n_00003_00000013.jpg	0	1	0	0	0	0	0	0	0	-1	0	5	0
tweet_00019334	saude202007_n_00003_00000014.jpg	4	3	0	-1	0	1	0	-1	4	0	2	3	0
tweet_00019343	saude202007_n_00003_00000015.jpg	0	0	3	-1	0	0	5	1	0	0	0	0	-3
tweet_00019346	saude202007_n_00003_00000016.jpg	1	3	0	-1	0	0	0	-1	2	0	1	8	0
tweet_00019382	saude202007_n_00004_00000001.jpg	1	0	0	0	0	1	0	0	0	1	0	0	0
tweet_00019388	saude202007_n_00004_00000003.jpg	0	0	0	0	0	1	0	0	0	0	0	0	-5
tweet_00019393	saude202007_n_00004_00000004.jpg	0	1	0	-1	0	0	0	0	0	0	1	0	-3
tweet_00019403	saude202007_n_00004_00000005.jpg	1	1	0	0	0	0	0	0	0	19	0	1	0
tweet_00019426	saude202007_n_00005_00000001.jpg	1	1	0	0	0	0	0	0	0	21	0	0	0
tweet_00019428	saude202007_n_00005_00000002.jpg	1	1	-1	0	0	0	0	13	0	0	0	0	11
tweet_00019437	saude202007_n_00005_00000004.jpg	1	2	0	0	0	1	5	0	2	0	0	0	1
tweet_00019449	saude202007_n_00005_00000005.jpg	1	1	0	-2	0	0	0	0	0	11	0	0	0
tweet_00019452	saude202007_n_00005_00000007.jpg	0	1	0	0	0	0	0	0	0	6	0	-1	0
tweet_00019474	saude202007_n_00005_00000008.jpg	1	1	0	0	0	0	-3	0	-2	8	0	1	0
tweet_00019475	saude202007_n_00006_00000001.jpg	0	2	0	0	0	0	0	0	1	0	0	0	-3
tweet_00019497	saude202007_n_00006_00000002.jpg	1	0	0	0	1	0	0	-3	0	0	0	4	0
tweet_00019505	saude202007_n_00006_00000003.jpg	0	1	0	0	0	0	0	5	0	0	0	0	0
tweet_00019506	saude202007_n_00006_00000004.jpg	0	1	0	0	0	0	0	0	-1	0	0	0	7
tweet_00019565	saude202007_n_00008_00000001.jpg	1	1	0	0	1	1	4	3	0	2	0	0	22
tweet_00019567	saude202007_n_00008_00000002.png	4	1	-1	0	0	0	0	0	0	0	0	0	-3
tweet_00019594	saude202007_n_00009_00000002.jpg	1	1	0	0	0	0	0	0	16	0	6	0	0
tweet_00019603	saude202007_n_00009_00000003.jpg	0	2	0	0	0	0	0	0	0	9	0	0	0
tweet_00019614	saude202007_n_00010_00000001.jpg	2	2	-1	0	0	1	0	0	0	2	0	0	-3
tweet_00019621	saude202007_n_00010_00000002.png	1	1	0	0	0	0	0	0	0	1	0	0	-2
tweet_00019625	saude202007_n_00010_00000004.jpg	1	1	0	-1	0	0	0	0	25	0	2	0	0
tweet_00019642	saude202007_n_00011_00000002.jpg	0	2	0	0	0	0	6	0	0	0	0	0	-4
tweet_00019660	saude202007_n_00012_00000001.jpg	0	2	0	0	0	0	0	0	0	1	0	0	0
tweet_00019664	saude202007_n_00012_00000004.jpg	1	1	0	1	0	0	0	0	2	0	0	3	3
tweet_00019678	saude202007_n_00012_00000005.jpg	2	0	0	0	0	1	0	0	0	1	0	0	-3
tweet_00019700	saude202007_n_00013_00000001.jpg	1	1	-2	0	1	0	0	0	0	8	0	1	0
tweet_00019721	saude202007_n_00014_00000001.jpg	1	3	0	0	0	0	0	0	0	18	0	0	0
tweet_00019727	saude202007_n_00014_00000002.jpg	1	2	0	0	0	0	1	10	0	0	0	0	22
tweet_00019728	saude202007_n_00014_00000003.jpg	1	1	0	0	0	1	1	12	0	0	0	0	13
tweet_00019737	saude202007_n_00015_00000002.jpg	1	1	0	0	0	0	0	-1	22	0	5	0	0
tweet_00019743	saude202007_n_00015_00000003.jpg	2	1	0	-1	0	0	0	0	0	0	0	0	-5
tweet_00019744	saude202007_n_00015_00000004.jpg	0	2	0	-2	0	0	1	2	0	0	-1	1	1
tweet_00019746	saude202007_n_00016_00000001.jpg	1	1	0	0	0	0	0	0	26	0	1	10	3
tweet_00019757	saude202007_n_00016_00000002.png	1	1	-1	0	1	0	0	0	0	-1	0	-2	-2
tweet_00019772	saude202007_n_00017_00000002.jpg	1	1	0	-2	-1	0	0	6	14	4	0	1	1
tweet_00019773	saude202007_n_00017_00000003.jpg	1	4	0	0	0	0	11	0	0	0	0	-1	-1
tweet_00019799	saude202007_n_00021_00000001.jpg	0	0	0	0	0	0	0	0	0	15	0	0	0
tweet_00019803	saude202007_n_00026_00000001.jpg	0	1	0	0	0	0	0	0	30	0	0	0	0
tweet_00019806	saude202007_n_00026_00000002.jpg	1	1	0	-1	0	0	1	0	0	0	0	-1	0
tweet_00019826	saude202007_n_00026_00000004.jpg	1	1	-1	0	1	2	0	1	1	0	0	3	1
tweet_00019862	saude202007_n_00027_00000002.jpg	1	2	0	0	0	1	0	0	-9	0	4	0	-2
tweet_00019868	saude202007_n_00027_00000003.jpg	1	2	0	0	0	0	0	0	0	12	0	1	0
tweet_00019878	saude202007_n_00027_00000005.jpg	3	-2	0	0	0	0	0	0	0	3	0	0	0
tweet_00019879	saude202007_n_00027_00000006.png	0	2	0	0	0	0	4	0	0	6	0	0	-1
tweet_00019899	saude202007_n_00028_00000001.jpg	2	1	-1	0	0	1	0	0	1	21	0	1	0
tweet_00019905	saude202007_n_00028_00000002.jpg	0	2	0	0	0	0	0	0	0	-1	0	0	-3
tweet_00019915	saude202007_n_00028_00000003.jpg	4	0	0	0	0	0	0	1	4	3	0	0	0
tweet_00019928	saude202007_n_00028_00000008.jpg	0	4	-1	0	0	0	0	0	0	7	0	0	0
tweet_00019953	saude202007_n_00029_00000001.jpg	0	2	0	0	0	0	0	1	0	0	0	-1	-6
tweet_00020014	saude202007_n_00030_00000003.png	0	2	-1	0	0	0	0	4	2	0	0	1	0
tweet_00020024	saude202007_n_00030_00000004.jpg	0	2	0	0	0	0	0	-1	5	0	0	2	0
tweet_00020057	saude202007_n_00031_00000001.jpg	2	1	0	-1	0	0	0	4	0	0	0	0	11
tweet_00020068	saude202007_n_00031_00000002.jpg	-1	0	0	0	0	0	0	0	0	0	0	0	-4
tweet_00020094	saude202007_n_00032_00000001.png	2	1	-1	0	1	0	0	0	0	0	0	0	-2
tweet_00020102	saude202007_n_00032_00000002.jpg	-1	1	0	0	0	0	0	11	0	1	0	0	0
tweet_00020105	saude202007_n_00032_00000003.png	0	2	0	-2	0	0	0	1	0	0	0	-1	-6
tweet_00020131	saude202007_n_00032_00000011.png	0	1	0	0	0	0	0	0	0	0	0	0	-2
tweet_00020137	saude202007_n_00032_00000013.png	1	0	0	-1	0	0	0	1	0	10	0	0	0
tweet_00020154	saude202007_n_00032_00000021.jpg	1	1	0	0	0	0	2	0	0	0	0	0	11
tweet_00020159	saude202007_n_00032_00000023.jpg	0	1	0	0	0	0	0	0	0	0	2	0	0
tweet_00020188	saude202007_n_00033_00000003.png	1	6	0	-1	0	0	0	1	0	1	0	0	-3
tweet_00020199	saude202007_n_00033_00000005.png	1	2	0	0	0	0	0	0	0	0	0	0	-1
tweet_00020207	saude202007_n_00033_00000006.jpg	-1	3	0	0	0	0	0	7	2	2	0	3	0
tweet_00020212	saude202007_n_00033_00000008.jpg	0	3	0	0	0	0	0	0	0	0	0	0	-1
tweet_00020242	saude202007_n_00034_00000002.png	1	2	0	0	0	0	0	1	0	1	0	0	-2
tweet_00020262	saude202007_n_00034_00000004.jpg	4	2	0	0	0	0	0	-1	4	0	6	11	2
tweet_00020269	saude202007_n_00034_00000006.jpg	1	2	-1	0	0	0	0	0	0	1	0	0	0
tweet_00020306	saude202007_n_00035_00000001.jpg	1	4	0	0	0	0	1	0	0	0	0	0	-6
tweet_00020344	saude202007_n_00035_00000005.jpg	1	2	0	0	0	0	0	6	0	0	0	0	5
tweet_00020371	saude202007_n_00036_00000002.png	1	1	0	0	0	0	0	1	7	0	0	-1	0
tweet_00020380	saude202007_n_00036_00000003.jpg	1	2	0	0	0	0	0	20	0	0	0	0	14
tweet_00020395	saude202007_n_00037_00000001.jpg	1	2	0	0	0	1	20	0	0	0	0	0	0
tweet_00020407	saude202007_n_00037_00000002.jpg	1	1	0	0	0	0	0	-1	44	0	1	0	0
tweet_00020415	saude202007_n_00037_00000005.jpg	1	2	0	0	0	0	0	0	3	0	1	12	0
tweet_00020431	saude202007_n_00037_00000006.png	1	1	0	0	0	0	0	4	0	0	0	-2	-1
tweet_00020440	saude202007_n_00038_00000001.jpg	2	3	0	0	0	0	0	0	0	0	0	-3	-2
tweet_00020444	saude202007_n_00038_00000002.jpg	0	2	0	0	0	0	0	-1	30	0	0	0	0
tweet_00020452	saude202007_n_00038_00000003.jpg	1	2	0	0	0	0	0	-1	29	0	2	0	0
tweet_00020464	saude202007_n_00038_00000004.jpg	1	1	0	0	1	0	0	1	0	0	0	0	1
tweet_00020467	saude202007_n_00038_00000006.jpg	0	2	0	0	0	0	2	0	0	0	0	0	-2
tweet_00020492	saude202007_n_00039_00000001.png	1	0	-1	-1	1	1	0	0	0	0	0	0	-4
tweet_00020499	saude202007_n_00039_00000003.jpg	1	1	0	0	0	0	1	0	0	0	0	0	-1
tweet_00020511	saude202007_n_00039_00000004.jpg	3	1	0	-1	-1	1	1	13	0	0	0	0	19
tweet_00020538	saude202007_n_00040_00000001.jpg	0	1	0	0	0	0	5	1	0	0	0	0	-3
tweet_00020563	saude202007_n_00040_00000005.jpg	1	2	0	0	0	0	3	0	0	1	0	0	-2
tweet_00020575	saude202007_n_00040_00000006.jpg	1	2	0	0	0	0	0	0	0	0	0	0	0
tweet_00020638	saude202007_n_00042_00000002.jpg	3	1	0	-2	-1	1	0	0	0	0	0	1	0
tweet_00020653	saude202007_n_00043_00000001.jpg	1	3	0	0	0	0	0	6	0	0	0	0	5
tweet_00020687	saude202007_n_00044_00000002.jpg	0	1	0	0	1	0	0	5	0	-1	0	0	13
tweet_00020696	saude202007_n_00044_00000001.png	0	2	0	0	0	0	0	0	0	0	0	0	-2
tweet_00020711	saude202007_n_00045_00000002.png	1	1	0	0	0	0	0	0	0	0	0	0	-6
tweet_00020719	saude202007_n_00045_00000004.jpg	1	1	0	0	0	0	0	-1	0	0	0	11	1
tweet_00020740	saude202007_n_00046_00000002.png	1	1	-2	0	1	0	0	2	1	0	0	1	0
tweet_00020805	saude202007_n_00047_00000002.png	1	1	0	0	0	0	0	0	0	0	0	0	-4
tweet_00020807	saude202007_n_00047_00000003.jpg	1	2	0	-1	0	0	4	4	0	0	0	0	25
tweet_00020815	saude202007_n_00048_00000001.jpg	0	-1	0	0	0	0	0	0	0	0	0	0	-2
tweet_00020817	saude202007_n_00048_00000003.png	-1	2	0	0	0	0	1	0	0	0	0	0	-1
tweet_00020835	saude202007_n_00048_00000005.jpg	1	3	0	-1	-1	0	-2	0	-12	0	5	0	-1
tweet_00020836	saude202007_n_00048_00000006.jpg	2	-3	0	0	0	0	0	0	0	10	0	0	0
tweet_00020849	saude202007_n_00049_00000001.jpg	1	2	0	-1	0	0	0	0	0	0	0	0	1
tweet_00020865	saude202007_n_00049_00000003.jpg	3	-1	0	0	0	0	0	0	0	5	0	0	0
tweet_00020872	saude202007_n_00049_00000005.jpg	1	6	0	-1	0	0	0	0	0	10	0	1	1
tweet_00020882	saude202007_n_00050_00000001.jpg	5	0	0	0	0	0	0	7	0	0	0	0	2
tweet_00020886	saude202007_n_00050_00000002.jpg	1	1	0	-2	1	0	0	2	0	2	0	-1	2
tweet_00020887	saude202007_n_00050_00000003.jpg	1	4	0	-2	0	0	0	0	0	0	0	0	-4
tweet_00020888	saude202007_n_00050_00000004.png	1	2	0	0	0	0	0	0	0	2	0	0	0
tweet_00020894	saude202007_n_00050_00000006.jpg	1	2	0	-1	-1	0	1	11	0	0	0	0	21
tweet_00020914	saude202007_n_00050_00000010.jpg	1	2	1	-1	0	0	0	1	0	0	0	-1	1
tweet_00020915	saude202007_n_00050_00000011.jpg	0	2	0	-2	0	0	0	2	7	1	1	10	2
tweet_00020959	saude202007_n_00051_00000004.jpg	1	3	0	0	0	0	1	0	0	0	0	0	-6
tweet_00020978	saude202007_n_00052_00000002.jpg	1	5	0	-1	0	0	0	13	0	0	0	0	16
tweet_00020979	saude202007_n_00051_00000008.jpg	3	1	0	-1	-1	0	0	8	0	0	0	0	14
tweet_00020983	saude202007_n_00051_00000011.jpg	0	0	0	0	0	-1	0	0	0	7	0	-1	0
tweet_00020984	saude202007_n_00052_00000001.png	1	0	0	-1	4	-1	0	0	0	2	0	0	0
tweet_00020992	saude202007_n_00052_00000005.jpg	2	4	0	-1	0	0	2	4	0	0	0	0	20
tweet_00021000	saude202007_n_00052_00000006.png	4	0	0	0	0	0	0	0	0	0	-2	-2	0
tweet_00021022	saude202007_n_00052_00000010.jpg	1	2	0	-1	0	0	2	1	0	0	0	0	24
tweet_00021037	saude202007_n_00052_00000011.jpg	0	2	0	-1	0	0	1	11	0	0	0	0	20
tweet_00021057	saude202007_n_00052_00000015.jpg	1	2	0	-1	0	0	0	6	0	1	0	0	3
tweet_00021113	saude202007_n_00053_00000004.jpg	1	1	0	0	0	0	0	3	0	0	0	0	15
tweet_00021114	saude202007_n_00053_00000005.jpg	0	2	0	-1	0	0	0	0	0	14	0	1	0
tweet_00021119	saude202007_n_00053_00000008.jpg	1	2	0	-1	-1	0	0	7	0	0	0	0	13
tweet_00021135	saude202007_n_00054_00000001.png	0	2	0	0	0	0	0	4	0	0	0	0	-2
tweet_00021154	saude202007_n_00054_00000003.jpg	0	1	0	-1	0	0	0	0	0	0	0	0	0
tweet_00021171	saude202007_n_00055_00000002.jpg	1	1	0	0	0	0	0	0	0	23	0	1	0
tweet_00021176	saude202007_n_00055_00000003.jpg	-1	1	0	0	0	0	0	0	0	0	0	0	-5
tweet_00021202	saude202007_n_00055_00000004.png	1	0	0	0	0	2	0	0	1	2	0	1	0
tweet_00021230	saude202007_n_00056_00000001.png	-1	1	0	0	0	0	0	0	0	0	0	0	-1
tweet_00021248	saude202007_n_00056_00000005.jpg	1	-1	0	0	0	0	0	0	0	6	0	-1	0
tweet_00021297	saude202007_n_00057_00000002.png	1	4	0	0	0	0	0	0	0	13	0	0	0
tweet_00021312	saude202007_n_00058_00000002.jpg	-1	1	0	-2	0	0	0	0	17	1	0	1	2
tweet_00021317	saude202007_n_00058_00000004.jpg	1	0	0	-1	0	1	0	0	0	0	0	0	-3
tweet_00021318	saude202007_n_00058_00000005.png	3	2	-1	-1	0	0	1	0	1	0	0	2	1
tweet_00021321	saude202007_n_00058_00000006.jpg	4	1	0	0	0	0	0	-1	0	0	-1	0	-2
tweet_00021330	saude202007_n_00058_00000007.jpg	1	1	0	0	0	0	0	0	0	5	0	0	0
tweet_00021386	saude202007_n_00059_00000002.jpg	0	1	-1	0	0	0	0	0	0	0	0	0	-4
tweet_00021403	saude202007_n_00060_00000001.jpg	1	1	0	0	0	0	0	0	0	0	3	0	0
tweet_00021431	saude202007_n_00060_00000002.jpg	1	1	0	0	-1	0	0	0	0	17	0	1	0
tweet_00021438	saude202007_n_00060_00000003.png	2	2	-1	-1	0	1	0	1	0	-1	0	0	-2
tweet_00021477	saude202007_n_00061_00000001.jpg	1	1	1	0	0	0	1	0	0	0	0	0	-3
tweet_00021488	saude202007_n_00061_00000002.jpg	-1	2	1	0	0	0	-1	0	-1	1	-1	-1	8
tweet_00021490	saude202007_n_00061_00000003.jpg	0	0	0	0	0	0	0	0	0	0	0	0	0
tweet_00021506	saude202007_n_00062_00000002.png	1	0	-1	0	0	3	0	0	0	3	0	0	0
tweet_00021507	saude202007_n_00062_00000003.jpg	1	3	0	1	0	0	0	0	0	14	0	0	0
tweet_00021669	saude202007_n_00067_00000002.jpg	1	1	0	0	-1	0	0	-1	3	0	13	8	0
tweet_00021670	saude202007_n_00067_00000003.jpg	0	0	0	0	0	0	0	0	0	6	0	-1	0
tweet_00021695	saude202007_n_00067_00000005.jpg	1	1	0	0	-1	0	0	0	0	9	0	0	0
tweet_00021706	saude202007_n_00068_00000001.jpg	1	0	0	0	0	0	0	0	0	29	0	1	0
tweet_00021710	saude202007_n_00068_00000002.jpg	1	1	0	0	0	0	0	0	0	7	0	0	0
tweet_00021717	saude202007_n_00068_00000004.png	1	5	0	-1	0	0	0	2	0	1	0	0	-1
tweet_00021735	saude202007_n_00068_00000006.jpg	0	2	0	0	0	0	0	-2	0	25	0	1	0
tweet_00021736	saude202007_n_00068_00000007.png	1	3	0	1	1	0	0	0	0	10	0	0	0
tweet_00021742	saude202007_n_00068_00000008.jpg	0	1	1	0	1	0	0	1	0	0	0	0	0
tweet_00021778	saude202007_n_00069_00000001.jpg	2	1	0	0	0	0	0	0	0	10	0	0	0
tweet_00021783	saude202007_n_00069_00000004.jpg	1	-1	0	0	0	-1	0	0	0	6	0	-1	0
tweet_00021804	saude202007_n_00070_00000002.jpg	1	0	0	0	0	0	0	0	0	12	0	0	0
tweet_00021816	saude202007_n_00070_00000005.jpg	0	1	0	0	-1	0	-5	0	-2	4	0	1	0
tweet_00021824	saude202007_n_00070_00000006.jpg	1	2	0	0	1	0	0	0	0	22	0	1	0
tweet_00021827	saude202007_n_00070_00000007.png	2	-1	0	0	1	-1	0	0	0	7	0	-2	-1
tweet_00021828	saude202007_n_00070_00000008.png	-1	2	0	0	0	-1	0	1	0	0	0	0	-1
tweet_00021835	saude202007_n_00071_00000001.jpg	1	1	0	1	0	0	0	0	0	11	0	0	0
tweet_00021836	saude202007_n_00071_00000002.jpg	0	1	0	0	0	1	0	0	0	1	0	0	-1
tweet_00021851	saude202007_n_00071_00000007.jpg	1	2	-1	0	0	0	0	0	0	1	0	0	-2
tweet_00021862	saude202007_n_00072_00000001.png	0	2	0	0	0	0	13	-1	1	0	0	1	7
tweet_00021864	saude202007_n_00072_00000002.jpg	0	1	0	0	0	0	0	0	5	0	1	3	0
tweet_00021870	saude202007_n_00072_00000004.jpg	-1	2	0	0	1	0	0	0	0	0	0	0	-1
tweet_00021890	saude202007_n_00073_00000001.jpg	1	0	0	0	0	0	0	0	0	21	0	1	0
tweet_00021901	saude202007_n_00073_00000006.jpg	0	0	0	0	0	0	0	0	0	4	0	0	0
tweet_00021906	saude202007_n_00073_00000007.jpg	1	1	0	0	0	0	0	0	0	23	0	0	0
tweet_00021914	saude202007_n_00073_00000008.jpg	3	0	0	0	0	0	6	1	1	0	0	1	0
tweet_00021917	saude202007_n_00074_00000002.jpg	1	0	0	0	0	0	3	0	0	11	0	2	0
tweet_00021938	saude202007_n_00075_00000002.png	4	7	0	0	0	0	0	1	0	0	0	-1	2
tweet_00021941	saude202007_n_00075_00000004.jpg	1	-1	0	0	1	0	0	0	0	6	0	-1	0
tweet_00021944	saude202007_n_00075_00000005.jpg	0	1	1	0	3	0	0	0	0	1	0	-1	0
tweet_00021951	saude202007_n_00075_00000007.jpg	1	1	0	0	-1	0	-1	0	7	0	3	11	2
tweet_00021954	saude202007_n_00076_00000001.jpg	1	1	0	0	0	0	0	17	0	0	0	0	11
tweet_00022007	saude202007_n_00078_00000002.jpg	-1	0	1	0	2	0	0	0	0	0	0	0	-3
tweet_00022012	saude202007_n_00078_00000004.jpg	3	-2	0	0	1	-1	0	0	0	7	0	0	0
tweet_00022024	saude202007_n_00078_00000005.jpg	1	-1	0	0	0	-1	0	0	0	9	0	-2	-1
tweet_00022026	saude202007_n_00078_00000006.png	1	-1	0	0	0	0	0	12	0	0	0	0	4
tweet_00022028	saude202007_n_00078_00000007.png	3	2	0	0	0	0	0	0	0	21	0	-1	0
tweet_00022031	saude202007_n_00079_00000001.jpg	1	-1	0	0	0	0	0	0	0	26	0	0	0
tweet_00022032	saude202007_n_00079_00000002.png	1	0	0	0	0	0	0	0	0	0	0	0	-2
tweet_00022037	saude202007_n_00079_00000004.png	1	0	0	0	0	0	28	0	0	0	0	0	-1
tweet_00022054	saude202007_n_00079_00000006.jpg	3	-2	0	0	1	-1	0	0	0	10	0	0	-1
tweet_00022059	saude202007_n_00079_00000007.jpg	1	1	0	0	0	0	3	2	0	0	0	0	14
tweet_00022061	saude202007_n_00079_00000008.jpg	3	-2	0	0	2	-1	0	0	0	7	0	0	-1
tweet_00022085	saude202007_n_00081_00000001.jpg	1	3	0	0	0	0	1	4	0	0	0	0	26
tweet_00022099	saude202007_n_00082_00000001.jpg	1	1	0	0	-1	0	3	6	0	1	0	0	18
tweet_00022106	saude202007_n_00082_00000002.jpg	4	2	0	-1	0	0	0	0	0	13	0	-1	-1
tweet_00022111	saude202007_n_00084_00000001.jpg	1	4	0	0	0	0	16	-1	0	6	0	0	-1
tweet_00022112	saude202007_n_00084_00000002.jpg	-2	-1	0	-1	1	0	0	0	0	0	0	0	-1
tweet_00022130	saude202007_n_00085_00000001.jpg	0	0	0	-1	1	0	0	0	0	0	0	0	0
tweet_00022137	saude202007_n_00086_00000002.jpg	1	1	0	0	0	1	0	10	0	0	0	0	9
tweet_00022160	saude202007_n_00088_00000001.jpg	-1	0	0	0	2	0	0	0	0	0	0	0	-3
tweet_00022161	saude202007_n_00088_00000002.jpg	0	-1	0	0	1	0	0	0	0	0	0	0	-5
tweet_00022187	saude202007_n_00093_00000001.jpg	0	0	1	0	1	0	16	0	0	0	0	1	0
tweet_00022248	saude202007_n_00100_00000001.jpg	0	-1	0	0	1	0	0	0	0	5	0	-1	0
tweet_00022261	saude202007_n_00101_00000001.png	2	-1	0	0	2	-2	0	0	0	0	0	0	-5
tweet_00022262	saude202007_n_00101_00000002.jpg	3	1	2	0	0	0	0	1	0	0	0	0	1
tweet_00022271	saude202007_n_00102_00000001.jpg	1	2	0	0	0	0	0	10	0	0	0	0	12
tweet_00022279	saude202007_n_00105_00000001.jpg	0	0	0	0	0	0	0	0	0	2	0	-1	0
tweet_00022284	saude202007_n_00109_00000001.jpg	1	0	0	0	0	0	0	0	0	6	0	0	0
tweet_00022301	saude202007_n_00111_00000001.png	1	3	0	0	0	1	0	0	0	9	0	0	0
tweet_00022311	saude202007_n_00113_00000001.png	-1	2	0	-2	0	0	0	0	0	0	0	0	-1
tweet_00022326	saude202007_n_00116_00000002.jpg	0	2	0	-1	0	0	0	0	5	0	2	6	0
tweet_00022337	saude202007_n_00116_00000003.png	1	0	0	0	2	0	0	0	0	4	0	0	0
tweet_00022346	saude202007_n_00117_00000001.jpg	1	-1	0	0	1	-1	0	0	0	-1	0	0	-4
tweet_00022354	saude202007_n_00118_00000001.png	0	2	0	0	0	1	0	0	0	0	0	-1	0
tweet_00022357	saude202007_n_00118_00000002.jpg	0	3	0	0	0	0	2	2	0	0	0	0	22
tweet_00022397	saude202007_n_00122_00000001.png	4	0	0	0	0	0	1	0	0	1	0	-2	-1
tweet_00022402	saude202007_n_00123_00000001.jpg	4	0	0	-2	0	1	0	0	-1	10	-1	0	0
tweet_00022407	saude202007_n_00123_00000002.png	0	0	0	0	4	0	0	0	0	0	0	0	-5
tweet_00022408	saude202007_n_00123_00000003.jpg	1	1	0	0	0	0	3	1	0	0	0	0	27
tweet_00022414	saude202007_n_00127_00000001.jpg	0	2	0	0	-1	0	2	5	0	1	0	0	17
tweet_00022420	saude202007_n_00130_00000002.png	2	-1	0	0	1	0	1	-1	0	9	0	0	0
tweet_00022422	saude202007_n_00131_00000001.jpg	3	-2	0	0	0	0	0	0	-1	0	0	0	-2
tweet_00022443	saude202007_n_00134_00000002.jpg	-1	1	0	0	0	0	0	0	0	0	0	0	-3
tweet_00022444	saude202007_n_00136_00000001.jpg	2	1	0	0	0	0	1	1	0	0	0	0	0
tweet_00022445	saude202007_n_00136_00000002.jpg	0	2	-1	0	1	2	0	6	0	1	0	0	14
tweet_00022446	saude202007_n_00138_00000001.jpg	2	2	0	-1	0	0	0	0	0	1	0	-2	0
tweet_00022447	saude202007_n_00137_00000002.jpg	2	2	0	0	0	0	0	0	0	0	0	0	-1
tweet_00022459	saude202007_n_00140_00000001.png	1	2	-1	0	0	1	0	1	8	0	0	0	0
tweet_00022463	saude202007_n_00140_00000002.jpg	1	0	0	0	0	1	0	0	0	-1	0	0	3
tweet_00022465	saude202007_n_00143_00000001.jpg	1	2	0	0	0	0	20	-1	0	4	0	0	-1
tweet_00022468	saude202007_n_00145_00000001.jpg	1	0	0	0	0	1	6	0	0	-1	0	-1	1
tweet_00022482	saude202007_n_00150_00000001.jpg	1	1	0	0	0	0	41	0	0	0	0	4	3
tweet_00022489	saude202007_n_00152_00000001.jpg	1	1	-1	-1	0	0	40	0	0	0	0	1	2
tweet_00022492	saude202007_n_00152_00000004.jpg	1	1	0	-1	0	1	29	-1	0	0	0	1	1
tweet_00022533	saude202007_n_00156_00000002.jpg	3	0	0	1	0	0	0	0	0	1	0	0	-3
tweet_00022543	saude202007_n_00157_00000001.jpg	1	2	0	0	0	1	0	0	0	1	0	0	0
tweet_00022546	saude202007_n_00157_00000002.jpg	1	0	-1	0	2	1	0	0	4	0	1	6	0
tweet_00022549	saude202007_n_00157_00000003.jpg	1	1	0	0	2	1	1	0	0	1	2	-2	0
tweet_00022570	saude202007_n_00157_00000006.jpg	1	1	0	0	0	0	5	2	0	-1	0	0	24
tweet_00022577	saude202007_n_00157_00000007.jpg	4	-3	0	1	0	0	1	0	0	3	0	0	0
tweet_00022583	saude202007_n_00157_00000008.png	1	1	0	0	0	0	0	0	0	0	0	0	-5
tweet_00022592	saude202007_n_00157_00000009.jpg	1	1	0	0	0	0	-1	0	-1	5	0	0	0
tweet_00022599	saude202007_n_00173_00000001.jpg	4	-4	0	3	0	0	0	0	0	12	0	0	0
tweet_00022609	saude202007_n_00158_00000001.png	1	0	0	1	0	0	0	0	0	0	0	-1	-2
tweet_00022618	saude202007_n_00158_00000002.jpg	1	1	0	0	0	1	0	6	0	-1	0	0	14
tweet_00022660	saude202007_n_00159_00000001.jpg	1	4	0	0	1	0	1	6	0	0	0	0	0
tweet_00022663	saude202007_n_00159_00000002.jpg	2	0	0	0	0	0	0	6	0	-1	0	0	12
tweet_00022715	saude202007_n_00160_00000003.jpg	0	3	0	-1	0	0	0	14	0	0	0	0	10
tweet_00022734	saude202007_n_00163_00000004.jpg	2	1	0	0	0	0	1	0	0	1	0	0	0
tweet_00022742	saude202007_n_00161_00000003.jpg	1	1	0	0	0	1	0	2	0	23	0	0	0
tweet_00022743	saude202007_n_00161_00000004.jpg	-2	1	0	0	0	0	0	0	0	0	0	0	-6
tweet_00022744	saude202007_n_00161_00000005.jpg	1	2	0	1	1	0	0	0	0	10	0	0	0
tweet_00022747	saude202007_n_00161_00000006.png	2	3	0	-1	0	0	0	4	0	0	0	0	17
tweet_00022761	saude202007_n_00162_00000001.png	1	-1	0	3	0	0	0	0	0	15	0	0	1
tweet_00022772	saude202007_n_00162_00000003.jpg	-1	1	0	-2	0	0	2	0	2	0	2	4	0
tweet_00022805	saude202007_n_00163_00000002.png	1	2	0	0	0	1	0	0	0	6	0	0	0
tweet_00022852	saude202007_n_00164_00000001.png	2	3	0	0	0	0	0	0	0	0	0	-1	-2
tweet_00022875	saude202007_n_00165_00000001.jpg	1	1	0	2	0	0	0	0	0	18	0	0	0
tweet_00022878	saude202007_n_00165_00000002.jpg	1	1	0	0	0	1	3	2	0	-1	0	0	17
tweet_00022899	saude202007_n_00166_00000001.jpg	1	1	0	0	0	1	3	5	0	-1	0	0	14
tweet_00022930	saude202007_n_00167_00000002.jpg	2	-3	0	0	0	1	0	3	0	0	0	0	0
tweet_00022932	saude202007_n_00167_00000003.jpg	1	1	0	0	0	0	4	3	0	-1	0	0	14
tweet_00022937	saude202007_n_00167_00000004.jpg	1	1	0	0	0	1	0	0	0	17	0	0	0
tweet_00022946	saude202007_n_00167_00000005.jpg	0	0	0	0	0	0	0	0	0	14	0	0	0
tweet_00022957	saude202007_n_00169_00000014.png	1	3	0	0	1	0	0	0	0	0	0	-1	-1
tweet_00022959	saude202007_n_00168_00000001.jpg	4	0	0	-1	0	0	0	0	0	17	0	0	0
tweet_00022968	saude202007_n_00168_00000002.jpg	1	1	0	0	0	0	0	0	0	0	0	0	-1
tweet_00022977	saude202007_n_00169_00000001.jpg	0	-2	0	0	0	0	1	0	0	9	0	0	0
tweet_00022980	saude202007_n_00169_00000002.jpg	0	2	0	0	1	0	2	1	0	5	0	0	0
tweet_00022988	saude202007_n_00169_00000004.jpg	1	1	0	0	0	0	0	0	0	0	3	-2	2
tweet_00022991	saude202007_n_00169_00000005.jpg	1	3	0	-1	0	0	0	4	0	0	0	0	11
tweet_00022994	saude202007_n_00169_00000006.jpg	1	1	0	0	0	0	0	0	0	21	0	0	0
tweet_00022996	saude202007_n_00169_00000007.jpg	1	1	0	0	0	0	0	0	0	8	0	0	0
tweet_00022999	saude202007_n_00169_00000010.png	1	1	0	0	0	1	0	0	0	24	0	1	0
tweet_00023001	saude202007_n_00169_00000011.jpg	6	0	0	0	1	0	0	0	0	1	0	0	-3
tweet_00023002	saude202007_n_00169_00000012.jpg	1	1	0	0	0	0	0	0	0	9	0	-1	-1
tweet_00023021	saude202007_n_00169_00000013.jpg	4	-1	0	0	0	0	0	0	0	22	0	0	0
tweet_00023037	saude202007_n_00170_00000002.png	0	2	0	-1	0	0	0	1	0	0	-1	0	0
tweet_00023041	saude202007_n_00170_00000004.jpg	1	0	0	0	0	0	0	0	0	18	0	0	0
tweet_00023042	saude202007_n_00170_00000005.png	4	0	0	0	0	0	0	0	0	0	-1	0	-1
tweet_00023054	saude202007_n_00170_00000006.jpg	1	1	0	-1	0	0	0	6	0	0	0	0	8
tweet_00023065	saude202007_n_00170_00000007.jpg	-2	1	1	-1	3	1	6	1	0	4	0	0	0
tweet_00023067	saude202007_n_00170_00000008.jpg	2	0	0	0	0	0	-2	-1	-1	7	-1	2	1
tweet_00023106	saude202007_n_00171_00000002.png	0	4	0	0	0	0	0	0	-1	0	0	0	0
tweet_00023109	saude202007_n_00171_00000003.jpg	1	-2	0	0	0	0	0	0	2	17	0	0	0
tweet_00023133	saude202007_n_00171_00000006.jpg	0	0	0	0	0	0	0	0	0	2	0	0	0
tweet_00023147	saude202007_n_00171_00000008.jpg	1	2	-1	-2	0	0	4	0	0	0	0	0	0
tweet_00023172	saude202007_n_00171_00000009.jpg	1	0	0	0	1	0	1	0	0	0	0	0	-4
tweet_00023220	saude202007_n_00172_00000002.jpg	-1	1	0	0	0	0	0	0	0	4	0	2	0
tweet_00023277	saude202007_n_00173_00000004.jpg	1	1	-1	-1	0	0	0	0	0	1	0	-3	0
tweet_00023286	saude202007_n_00173_00000005.jpg	1	1	0	0	0	0	0	0	0	1	-1	0	-2
tweet_00023288	saude202007_n_00173_00000007.jpg	3	-3	0	0	1	0	0	0	0	10	0	-1	0
tweet_00023289	saude202007_n_00173_00000008.jpg	0	1	-1	0	-1	0	0	0	0	10	0	1	0
tweet_00023295	saude202007_n_00174_00000002.jpg	1	0	0	0	0	0	0	0	0	0	0	0	-4
tweet_00023309	saude202007_n_00174_00000006.jpg	5	-3	0	1	0	0	0	0	0	14	0	0	0
tweet_00023314	saude202007_n_00174_00000007.png	1	0	-1	0	-1	1	0	3	0	5	0	0	1
tweet_00023336	saude202007_n_00175_00000003.jpg	2	-3	0	2	0	0	0	0	0	8	0	0	0
tweet_00023356	saude202007_n_00176_00000001.jpg	1	-2	0	0	0	0	0	0	0	13	0	0	0
tweet_00023357	saude202007_n_00176_00000003.jpg	1	-2	1	0	0	0	0	0	0	26	0	0	0
tweet_00023369	saude202007_n_00176_00000005.jpg	1	0	-1	0	-1	0	2	0	0	0	0	0	0
tweet_00023378	saude202007_n_00176_00000006.jpg	6	0	0	0	0	0	5	0	0	0	0	1	4
tweet_00023382	saude202007_n_00176_00000007.jpg	5	1	0	0	0	0	0	0	0	0	0	0	-4
tweet_00023389	saude202007_n_00176_00000008.jpg	1	1	0	0	0	0	0	11	0	0	0	1	13
tweet_00023395	saude202007_n_00176_00000009.png	4	-1	0	0	0	-1	0	0	0	7	0	0	0
tweet_00023399	saude202007_n_00176_00000010.jpg	1	-2	0	0	0	0	2	0	0	7	0	0	0
tweet_00023408	saude202007_n_00177_00000001.jpg	1	-1	0	0	1	0	0	0	0	0	0	0	-3
tweet_00023421	saude202007_n_00177_00000004.jpg	1	-2	0	1	0	0	3	-2	0	10	0	1	0
tweet_00023438	saude202007_n_00177_00000007.jpg	1	-2	0	2	0	0	0	0	0	11	0	0	0
tweet_00023458	saude202007_n_00177_00000010.jpg	0	2	0	0	2	0	0	4	0	0	0	0	0
tweet_00023459	saude202007_n_00177_00000012.jpg	-1	0	0	0	0	0	0	3	0	0	0	0	0
tweet_00023462	saude202007_n_00177_00000013.jpg	2	-3	0	0	0	0	2	0	0	4	0	0	0
tweet_00023474	saude202007_n_00178_00000001.jpg	1	0	-1	0	-1	1	-1	0	2	0	0	5	0
tweet_00023480	saude202007_n_00178_00000003.png	-1	-1	0	0	0	0	3	0	0	0	0	0	-4
tweet_00023498	saude202007_n_00178_00000005.jpg	4	0	0	0	0	0	0	0	0	17	0	0	0
tweet_00023523	saude202007_n_00178_00000006.jpg	0	2	0	-2	0	0	0	0	0	0	0	0	-2
tweet_00023526	saude202007_n_00178_00000007.jpg	1	1	-1	0	-1	0	0	0	4	0	0	10	2
tweet_00023532	saude202007_n_00179_00000001.jpg	1	-2	0	0	0	0	0	0	0	19	0	0	0
tweet_00023533	saude202007_n_00179_00000002.jpg	1	4	0	0	0	0	0	13	0	0	0	0	19
tweet_00023538	saude202007_n_00179_00000003.jpg	0	5	0	0	-1	0	0	1	0	1	0	0	0
tweet_00023539	saude202007_n_00179_00000004.jpg	3	-4	0	1	0	0	0	9	0	5	0	0	0
tweet_00023566	saude202007_n_00179_00000005.jpg	1	-4	0	1	0	0	0	0	0	11	1	0	0
tweet_00023573	saude202007_n_00180_00000001.jpg	3	0	0	0	0	0	0	0	0	1	0	1	0
tweet_00023575	saude202007_n_00180_00000002.jpg	-1	1	0	0	0	0	0	3	0	0	0	0	-1
tweet_00023641	saude202007_n_00181_00000002.jpg	1	1	0	0	0	0	0	2	0	0	-1	-2	-3
tweet_00023649	saude202007_n_00181_00000003.jpg	1	4	0	-1	0	0	2	1	0	1	0	-1	-2
tweet_00023657	saude202007_n_00181_00000006.jpg	1	1	0	0	0	0	0	3	2	0	0	0	0
tweet_00023670	saude202007_n_00181_00000008.jpg	1	0	-2	-1	1	1	0	2	0	0	0	0	0
tweet_00023708	saude202007_n_00182_00000001.png	-1	0	1	0	0	0	0	2	0	3	0	0	0
tweet_00023717	saude202007_n_00182_00000003.jpg	0	0	0	0	0	0	0	0	0	1	0	0	-5
tweet_00023718	saude202007_n_00182_00000005.jpg	0	0	0	0	0	0	0	0	2	0	0	-3	0
tweet_00023722	saude202007_n_00183_00000001.png	-1	0	-1	0	0	1	0	0	0	0	0	0	-2
tweet_00023734	saude202007_n_00183_00000002.jpg	1	1	0	-1	-1	0	0	1	15	0	1	0	0
tweet_00023736	saude202007_n_00183_00000003.jpg	3	2	0	0	0	0	0	0	0	13	0	0	0
tweet_00023748	saude202007_n_00183_00000004.png	0	2	1	-1	0	0	5	0	0	0	0	0	-3
tweet_00023755	saude202007_n_00184_00000002.jpg	0	2	-1	-1	0	1	0	0	0	24	0	0	1
tweet_00023781	saude202007_n_00184_00000003.png	-1	0	0	0	0	0	0	0	0	0	0	0	-3
tweet_00023788	saude202007_n_00184_00000004.jpg	1	3	0	-1	0	0	0	0	6	0	2	11	1
tweet_00023804	saude202007_n_00185_00000001.jpg	0	3	0	0	0	0	0	0	0	0	-2	0	-1
tweet_00023808	saude202007_n_00185_00000002.jpg	1	1	0	-1	0	0	0	0	0	0	0	0	-1
tweet_00023812	saude202007_n_00185_00000003.png	0	-2	0	-1	1	0	0	0	0	0	0	0	-5
tweet_00023813	saude202007_n_00185_00000004.png	0	-2	0	-1	3	0	1	0	0	0	0	0	-5
tweet_00023815	saude202007_n_00185_00000005.png	4	-2	0	0	0	-1	0	0	0	5	0	0	0
tweet_00023819	saude202007_n_00185_00000006.jpg	0	1	0	0	0	0	0	2	1	1	0	-1	0
tweet_00023841	saude202007_n_00185_00000010.jpg	1	1	0	0	2	0	7	0	0	7	0	-1	2
tweet_00023847	saude202007_n_00186_00000001.jpg	3	0	0	0	0	0	0	0	0	29	0	1	0
tweet_00023853	saude202007_n_00186_00000004.jpg	1	2	0	0	0	0	0	0	0	3	0	1	0
tweet_00023878	saude202007_n_00186_00000005.jpg	1	1	0	0	0	0	1	0	2	0	0	1	0
tweet_00023881	saude202007_n_00186_00000006.jpg	2	0	0	0	0	0	2	9	0	0	0	0	28
tweet_00023889	saude202007_n_00187_00000001.jpg	0	5	0	0	0	1	0	1	0	-1	0	0	15
tweet_00023893	saude202007_n_00187_00000003.jpg	0	1	0	0	0	0	0	0	0	0	0	-1	0
tweet_00023900	saude202007_n_00187_00000005.jpg	-1	3	0	0	0	0	0	0	0	0	0	0	-3
tweet_00023918	saude202007_n_00187_00000006.jpg	0	2	0	0	1	0	0	0	0	0	0	0	-6
tweet_00023921	saude202007_n_00187_00000007.jpg	1	1	0	0	1	0	2	0	0	0	0	-1	-4
tweet_00023923	saude202007_n_00188_00000001.jpg	4	2	0	0	0	1	0	0	9	2	4	7	0
tweet_00023939	saude202007_n_00188_00000002.jpg	1	2	0	0	0	0	3	1	0	0	0	0	8
tweet_00023965	saude202007_n_00188_00000003.png	0	1	1	0	1	0	0	0	0	7	0	-3	-1
tweet_00023974	saude202007_n_00189_00000001.png	1	1	0	0	0	0	7	1	0	0	0	0	7
tweet_00024053	saude202007_n_00190_00000001.jpg	0	1	0	-1	2	0	2	1	0	2	0	0	-1
tweet_00024060	saude202007_n_00190_00000002.png	0	2	0	0	1	0	0	0	0	0	0	0	-4
tweet_00024091	saude202007_n_00191_00000001.jpg	0	0	0	-1	0	2	0	3	1	0	0	1	2
tweet_00024133	saude202007_n_00192_00000001.jpg	0	1	0	0	0	2	0	0	0	0	0	0	-2
tweet_00024145	saude202007_n_00193_00000001.jpg	2	1	0	0	-1	0	0	9	0	0	0	0	21
tweet_00024155	saude202007_n_00193_00000004.jpg	0	2	0	0	0	0	0	0	0	0	0	0	-4
tweet_00024158	saude202007_n_00193_00000005.png	-1	3	0	0	0	0	0	0	0	0	0	0	-4
tweet_00024190	saude202007_n_00194_00000003.jpg	3	0	0	0	-1	0	0	16	0	0	0	0	0
tweet_00024198	saude202007_n_00195_00000001.jpg	1	-2	1	-1	0	0	0	0	0	2	0	-1	0
tweet_00024208	saude202007_n_00195_00000002.jpg	4	4	0	-1	-1	0	0	0	2	0	0	3	0
tweet_00024210	saude202007_n_00195_00000003.jpg	2	3	0	0	-1	0	0	1	0	1	0	0	-3
tweet_00024220	saude202007_n_00196_00000002.jpg	0	0	0	-3	0	0	0	0	1	0	0	-3	0
tweet_00024230	saude202007_n_00196_00000003.jpg	2	4	0	-1	-1	0	0	0	0	13	0	0	0
tweet_00024239	saude202007_n_00196_00000005.jpg	3	4	0	-1	-1	0	0	0	1	28	0	1	1
tweet_00024247	saude202007_n_00197_00000002.jpg	5	3	0	0	0	0	0	0	0	4	0	0	0
tweet_00024263	saude202007_n_00199_00000001.jpg	2	1	0	0	0	0	0	0	0	18	0	0	0
tweet_00024291	saude202007_n_00199_00000002.png	0	-1	0	0	0	1	0	0	0	1	0	0	-1
tweet_00024372	saude202007_n_00201_00000001.png	1	1	0	0	-1	0	0	0	0	0	2	3	1
tweet_00024378	saude202007_n_00201_00000002.jpg	1	1	0	0	-1	0	0	-1	10	0	1	9	4
tweet_00024381	saude202007_n_00201_00000003.jpg	1	2	0	0	-1	1	0	1	0	2	0	0	0
tweet_00024383	saude202007_n_00201_00000004.png	2	1	0	0	0	1	0	0	0	0	1	0	-5
tweet_00024385	saude202007_n_00201_00000005.jpg	0	0	0	0	0	0	0	1	0	0	0	0	-1
tweet_00024432	saude202007_n_00202_00000001.jpg	1	1	0	0	0	0	1	0	0	0	0	1	8
tweet_00024439	saude202007_n_00202_00000002.jpg	2	1	1	-1	0	1	0	1	0	1	0	0	-1
tweet_00024443	saude202007_n_00202_00000003.jpg	0	1	0	0	0	0	0	0	5	1	0	0	0
tweet_00024447	saude202007_n_00202_00000004.png	0	1	0	0	1	0	0	0	0	4	0	-3	2
tweet_00024456	saude202007_n_00203_00000001.jpg	1	1	-1	0	0	0	0	0	0	1	0	-3	0
tweet_00024461	saude202007_n_00203_00000002.jpg	1	1	0	0	-1	0	0	-1	1	0	1	1	0
tweet_00024475	saude202007_n_00204_00000001.jpg	1	-1	0	0	0	0	0	0	0	5	0	-1	-1
tweet_00024477	saude202007_n_00204_00000002.png	1	1	0	0	0	0	0	16	0	0	0	0	15
tweet_00024488	saude202007_n_00204_00000003.jpg	0	1	0	-1	0	0	0	0	0	0	0	-1	0
tweet_00024489	saude202007_n_00204_00000004.png	-2	1	0	0	0	0	0	0	0	-1	-4	0	-2
tweet_00024496	saude202007_n_00204_00000005.jpg	1	1	0	0	1	0	0	0	0	1	0	0	-3
tweet_00024523	saude202007_n_00205_00000001.jpg	1	1	-1	-1	1	0	0	0	0	0	0	0	1
tweet_00024536	saude202007_n_00205_00000002.jpg	1	1	0	0	0	0	2	-1	0	7	0	0	0
tweet_00024587	saude202007_n_00211_00000001.jpg	-2	1	-2	0	0	0	0	3	0	0	-1	-1	-4
tweet_00024596	saude202007_n_00212_00000001.jpg	0	1	0	-1	0	0	0	0	0	0	0	0	-1
tweet_00024629	saude202007_n_00214_00000001.jpg	-2	2	0	0	0	0	0	2	0	0	0	0	4
tweet_00024630	saude202007_n_00214_00000002.jpg	0	2	0	0	0	1	0	-1	0	0	1	8	0
tweet_00024677	saude202007_n_00215_00000001.jpg	1	2	0	0	0	0	0	0	0	18	0	1	1
tweet_00024694	saude202007_n_00216_00000003.jpg	0	2	0	0	0	0	0	0	0	0	0	-7	-1
tweet_00024695	saude202007_n_00217_00000001.jpg	1	1	0	0	3	1	0	0	0	1	0	0	-1
tweet_00024720	saude202007_n_00219_00000006.jpg	1	2	0	0	0	0	0	0	0	-1	0	0	-2
tweet_00024721	saude202007_n_00218_00000001.jpg	0	3	0	0	0	1	0	15	0	0	0	0	14
tweet_00024734	saude202007_n_00218_00000003.png	0	2	0	0	0	0	0	-1	0	16	0	0	1
tweet_00024741	saude202007_n_00219_00000002.jpg	1	1	0	0	0	0	0	0	1	25	0	0	0
tweet_00024744	saude202007_n_00219_00000003.jpg	1	-2	0	0	0	0	0	0	0	18	0	0	0
tweet_00024747	saude202007_n_00219_00000004.jpg	2	-1	0	0	2	3	0	0	0	8	0	0	-1
tweet_00024751	saude202007_n_00219_00000005.jpg	1	1	0	0	0	1	15	0	0	4	0	0	0
tweet_00024777	saude202007_n_00220_00000001.jpg	0	2	0	0	0	0	1	0	0	19	0	1	0
tweet_00024783	saude202007_n_00220_00000004.jpg	0	4	0	0	0	2	0	3	0	24	0	1	0
tweet_00024795	saude202007_n_00220_00000005.jpg	1	2	0	0	0	0	0	0	0	1	0	0	0
tweet_00024798	saude202007_n_00220_00000006.png	0	0	-1	-1	0	0	0	20	1	1	0	1	0
tweet_00024813	saude202007_n_00221_00000003.jpg	0	0	-1	0	0	0	0	22	0	0	0	1	-1
tweet_00024826	saude202007_n_00221_00000004.jpg	0	2	0	0	-1	0	-1	0	-1	8	0	1	0
tweet_00024847	saude202007_n_00222_00000003.jpg	0	1	0	0	0	0	1	0	0	0	0	0	-1
tweet_00024848	saude202007_n_00222_00000004.jpg	0	1	0	0	0	0	0	0	0	0	0	0	-3
tweet_00024857	saude202007_n_00222_00000006.jpg	1	2	0	0	0	0	0	0	1	0	4	6	0
tweet_00024862	saude202007_n_00222_00000007.jpg	1	1	0	0	0	0	0	10	0	0	0	0	7
tweet_00024887	saude202007_n_00223_00000003.jpg	1	1	0	0	0	0	0	0	0	3	0	1	0
tweet_00024888	saude202007_n_00223_00000004.jpg	0	3	0	0	0	1	2	1	0	0	0	0	1
tweet_00024889	saude202007_n_00223_00000005.jpg	0	2	0	0	0	0	1	0	0	0	0	0	-5
tweet_00024904	saude202007_n_00224_00000001.jpg	4	2	0	0	0	0	1	12	0	0	0	0	20
tweet_00024929	saude202007_n_00225_00000001.jpg	1	1	0	0	0	0	2	0	0	0	0	0	26
tweet_00024957	saude202007_n_00226_00000001.jpg	1	-2	0	0	0	0	0	2	0	0	0	-1	0
tweet_00024963	saude202007_n_00226_00000002.jpg	1	1	0	-4	0	0	4	11	4	2	0	2	2
tweet_00024965	saude202007_n_00226_00000003.jpg	0	0	0	0	0	0	0	0	0	0	0	0	0
tweet_00024974	saude202007_n_00226_00000004.jpg	0	1	1	0	0	1	0	15	0	0	0	0	15
tweet_00024992	saude202007_n_00227_00000002.jpg	-1	2	3	0	0	0	1	1	0	0	0	0	5
tweet_00024998	saude202007_n_00227_00000005.jpg	0	0	1	0	0	0	0	0	0	0	0	0	-4
tweet_00025015	saude202007_n_00228_00000002.jpg	1	-2	0	0	0	-2	0	0	0	0	0	-1	0
tweet_00025030	saude202007_n_00229_00000002.jpg	0	1	0	0	0	1	0	11	0	0	0	0	0
tweet_00025038	saude202007_n_00229_00000004.jpg	1	-2	0	0	0	0	3	0	0	3	0	-1	0
tweet_00025071	saude202007_n_00231_00000001.jpg	1	2	0	0	0	0	0	0	0	0	1	2	0
tweet_00025078	saude202007_n_00231_00000003.jpg	1	-2	0	0	0	0	0	0	0	-1	0	0	0
tweet_00025085	saude202007_n_00231_00000004.jpg	0	-1	0	-1	2	0	0	0	0	0	0	-1	0
tweet_00025088	saude202007_n_00231_00000007.jpg	1	0	0	-1	0	0	0	0	0	0	0	-2	0
tweet_00025155	saude202008_n_00001_00000001.jpg	0	1	0	0	-1	0	0	5	1	0	0	1	-1
tweet_00025172	saude202008_n_00004_00000002.jpg	1	0	0	0	0	0	1	0	0	0	0	0	-4
tweet_00025186	saude202008_n_00005_00000002.jpg	0	0	0	0	-1	0	0	0	0	0	0	0	-6
tweet_00025193	saude202008_n_00006_00000001.jpg	1	1	0	-1	0	2	1	0	0	0	2	0	1
tweet_00025197	saude202008_n_00008_00000001.jpg	0	1	0	0	0	0	0	0	0	0	0	0	-5
tweet_00025199	saude202008_n_00008_00000002.jpg	1	0	0	0	-1	0	3	0	0	1	0	0	-1
tweet_00025200	saude202008_n_00008_00000003.jpg	0	1	0	0	0	0	2	0	0	-1	0	0	-4
tweet_00025202	saude202008_n_00009_00000001.jpg	0	1	0	0	0	0	0	0	0	1	0	0	0
tweet_00025205	saude202008_n_00011_00000001.jpg	0	0	0	0	0	2	0	0	0	0	0	0	-4
tweet_00025213	saude202008_n_00014_00000001.jpg	0	2	0	0	0	0	0	0	0	0	0	0	-2
tweet_00025215	saude202008_n_00016_00000001.jpg	0	-2	0	1	0	0	0	0	0	9	0	-1	-1
tweet_00025216	saude202008_n_00016_00000002.jpg	0	1	0	0	0	0	1	3	0	0	0	0	-1
tweet_00025217	saude202008_n_00016_00000004.jpg	0	0	0	0	0	2	0	0	0	0	0	0	-3
tweet_00025240	saude202008_n_00017_00000002.jpg	0	2	0	-3	0	0	0	6	5	1	0	1	1
tweet_00025245	saude202008_n_00017_00000006.jpg	2	3	0	0	0	0	0	0	7	0	1	0	0
tweet_00025250	saude202008_n_00017_00000007.jpg	0	1	0	-3	0	0	1	12	2	-1	0	2	1
tweet_00025277	saude202008_n_00017_00000008.jpg	1	1	-1	0	0	0	2	1	0	0	0	-1	-6
tweet_00025281	saude202008_n_00017_00000009.jpg	0	0	0	0	0	0	0	0	0	0	0	0	-4
tweet_00025292	saude202008_n_00017_00000010.jpg	0	2	1	0	0	0	0	2	0	0	0	0	0
tweet_00025320	saude202008_n_00018_00000001.jpg	0	-1	0	0	0	0	0	0	0	2	0	-1	0
tweet_00025388	saude202008_n_00019_00000001.jpg	0	2	0	-1	0	1	0	1	0	0	0	-1	-2
tweet_00025455	saude202008_n_00020_00000002.png	0	4	0	0	0	0	0	1	0	-1	0	0	0
tweet_00025457	saude202008_n_00020_00000003.jpg	3	0	0	0	0	-1	0	3	0	2	0	0	0
tweet_00025462	saude202008_n_00020_00000004.jpg	3	-2	0	1	2	0	0	0	0	25	0	1	1
tweet_00025463	saude202008_n_00020_00000005.png	1	-2	0	1	0	0	0	0	0	22	0	1	0
tweet_00025464	saude202008_n_00020_00000006.jpg	1	0	0	0	0	2	0	3	7	5	0	0	0
tweet_00025473	saude202008_n_00020_00000007.jpg	0	2	0	0	0	0	0	1	0	0	-2	0	-3
tweet_00025479	saude202008_n_00020_00000008.jpg	1	-1	0	0	0	0	1	0	0	0	4	0	0
tweet_00025483	saude202008_n_00020_00000009.png	1	-2	0	1	0	0	0	0	0	24	0	1	0
tweet_00025494	saude202008_n_00021_00000001.jpg	1	3	0	0	0	0	0	1	1	-1	0	-2	0
tweet_00025504	saude202008_n_00021_00000002.jpg	1	0	0	0	0	0	20	0	0	0	0	0	0
tweet_00025509	saude202008_n_00021_00000003.jpg	-1	0	0	0	0	1	0	0	0	0	0	0	-3
tweet_00025520	saude202008_n_00021_00000005.jpg	0	1	0	0	0	0	0	1	3	-1	0	0	2
tweet_00025522	saude202008_n_00021_00000006.jpg	0	1	0	0	0	0	0	4	0	2	0	0	1
tweet_00025530	saude202008_n_00021_00000008.jpg	5	0	0	0	0	0	0	0	0	0	2	0	0
tweet_00025538	saude202008_n_00022_00000001.jpg	1	0	0	1	0	1	2	0	0	0	0	0	0
tweet_00025539	saude202008_n_00022_00000002.jpg	0	1	-1	-1	0	1	0	0	0	1	0	0	0
tweet_00025540	saude202008_n_00022_00000003.jpg	-1	1	0	0	0	0	0	0	0	0	0	-4	-1
tweet_00025545	saude202008_n_00022_00000007.jpg	1	0	-1	0	0	0	0	0	0	7	0	0	-1
tweet_00025550	saude202008_n_00022_00000008.jpg	1	1	-1	0	0	0	0	0	0	0	0	0	-5
tweet_00025554	saude202008_n_00022_00000009.jpg	1	1	0	0	-1	0	0	0	2	0	1	5	1
tweet_00025580	saude202008_n_00022_00000012.jpg	0	1	0	0	0	0	1	1	0	0	0	0	1
tweet_00025584	saude202008_n_00022_00000013.jpg	1	1	0	-2	0	1	1	2	0	2	-1	0	0
tweet_00025587	saude202008_n_00022_00000014.jpg	1	-3	2	0	0	0	0	0	0	9	0	0	0
tweet_00025588	saude202008_n_00022_00000015.jpg	3	-2	0	0	0	0	0	0	0	7	0	0	-1
tweet_00025590	saude202008_n_00022_00000016.jpg	0	-2	0	1	-1	1	0	0	0	1	0	0	0
tweet_00025600	saude202008_n_00022_00000017.jpg	1	1	0	-2	0	0	0	1	0	0	4	-6	0
tweet_00025609	saude202008_n_00023_00000001.jpg	0	4	0	-1	1	0	0	-1	0	0	0	0	0
tweet_00025621	saude202008_n_00023_00000002.png	1	-1	0	1	2	0	7	0	0	0	0	0	4
tweet_00025629	saude202008_n_00023_00000003.jpg	1	2	0	-1	0	0	0	0	-1	8	0	0	0
tweet_00025651	saude202008_n_00024_00000002.jpg	1	2	-1	0	0	0	0	0	0	1	0	0	4
tweet_00025668	saude202008_n_00024_00000003.jpg	1	2	0	0	0	0	1	0	0	0	0	0	-8
tweet_00025699	saude202008_n_00025_00000002.png	-1	0	0	0	0	0	0	2	0	0	0	0	-2
tweet_00025711	saude202008_n_00025_00000003.jpg	1	1	0	0	0	0	0	1	0	0	0	5	1
tweet_00025714	saude202008_n_00025_00000004.jpg	1	1	-1	-3	0	0	9	0	0	0	0	2	2
tweet_00025716	saude202008_n_00025_00000007.jpg	1	1	0	0	0	0	9	0	0	0	0	0	0
tweet_00025730	saude202008_n_00026_00000001.jpg	1	1	0	0	0	0	0	0	0	23	0	0	0
tweet_00025773	saude202008_n_00027_00000001.jpg	0	-2	1	2	0	0	0	0	0	18	0	0	0
tweet_00025781	saude202008_n_00027_00000002.jpg	1	7	-1	0	0	0	0	0	1	8	0	1	0
tweet_00025795	saude202008_n_00027_00000003.jpg	1	3	0	-1	0	0	0	0	0	8	0	0	0
tweet_00025800	saude202008_n_00027_00000004.jpg	1	1	-1	0	0	0	0	0	-2	0	0	0	5
tweet_00025845	saude202008_n_00028_00000002.jpg	0	1	0	0	0	0	0	0	10	0	0	0	1
tweet_00025851	saude202008_n_00028_00000003.jpg	2	-1	0	0	0	0	0	0	0	24	0	0	0
tweet_00025857	saude202008_n_00028_00000004.jpg	0	1	0	0	0	0	0	4	-2	0	0	0	5
tweet_00025858	saude202008_n_00028_00000005.jpg	0	3	0	-1	0	0	0	6	0	0	0	0	0
tweet_00025859	saude202008_n_00028_00000006.jpg	1	1	0	0	0	0	0	12	0	0	0	0	17
tweet_00025871	saude202008_n_00029_00000003.jpg	1	1	-1	0	0	0	8	-1	0	1	0	0	0
tweet_00025878	saude202008_n_00029_00000004.jpg	1	1	-1	0	0	0	8	-1	0	0	0	0	0
tweet_00025884	saude202008_n_00029_00000005.jpg	1	1	0	0	0	0	0	0	0	1	0	0	-1
tweet_00025900	saude202008_n_00029_00000006.jpg	1	0	0	0	0	0	0	22	0	0	0	1	2
tweet_00025907	saude202008_n_00029_00000007.jpg	1	1	0	0	0	0	0	0	4	0	5	1	0
tweet_00025908	saude202008_n_00029_00000008.png	0	1	-1	0	0	0	0	0	0	1	0	0	-1
tweet_00025920	saude202008_n_00030_00000001.jpg	2	3	0	-1	0	0	0	0	0	0	0	0	-4
tweet_00025921	saude202008_n_00030_00000002.png	1	2	0	0	0	0	4	3	0	0	0	0	24
tweet_00025947	saude202008_n_00030_00000004.png	1	1	0	0	0	0	0	0	0	5	0	1	0
tweet_00025980	saude202008_n_00031_00000003.jpg	0	5	0	0	0	0	0	1	0	0	0	0	0
tweet_00025981	saude202008_n_00031_00000004.jpg	1	1	-1	0	1	2	4	1	0	-1	0	0	11
tweet_00025998	saude202008_n_00031_00000006.jpg	2	1	-1	0	0	0	1	0	0	11	0	0	1
tweet_00026010	saude202008_n_00032_00000001.jpg	0	2	0	0	0	0	0	0	0	0	1	3	1
tweet_00026022	saude202008_n_00032_00000003.jpg	1	1	0	0	0	0	10	0	0	0	0	0	0
tweet_00026036	saude202008_n_00032_00000006.jpg	3	-2	1	3	-1	1	0	0	0	3	0	0	0
tweet_00026076	saude202008_n_00033_00000001.jpg	1	1	-1	0	0	0	0	0	2	0	-1	1	-1
tweet_00026096	saude202008_n_00033_00000005.jpg	3	-1	0	1	2	0	0	0	0	18	0	0	0
tweet_00026097	saude202008_n_00033_00000006.jpg	0	2	0	0	0	0	0	0	0	0	0	0	-1
tweet_00026114	saude202008_n_00033_00000007.jpg	1	0	0	0	0	0	0	0	0	0	0	0	-1
tweet_00026123	saude202008_n_00033_00000008.png	1	1	0	0	0	1	0	1	0	-1	0	0	-4
tweet_00026126	saude202008_n_00034_00000001.jpg	1	-1	0	0	0	0	0	0	0	9	0	0	0
tweet_00026127	saude202008_n_00034_00000002.jpg	1	-1	0	0	0	0	0	0	0	9	0	0	0
tweet_00026130	saude202008_n_00034_00000003.jpg	0	2	0	0	0	0	18	0	0	3	0	1	0
tweet_00026133	saude202008_n_00034_00000004.jpg	1	1	0	0	0	1	0	0	0	15	0	0	0
tweet_00026149	saude202008_n_00034_00000006.jpg	1	2	0	0	0	0	0	0	5	0	1	-3	0
tweet_00026155	saude202008_n_00034_00000008.jpg	1	1	0	0	0	0	0	0	0	0	0	-1	-2
tweet_00026167	saude202008_n_00034_00000009.jpg	1	0	0	0	0	1	1	12	0	0	0	0	2
tweet_00026174	saude202008_n_00034_00000010.jpg	1	1	0	0	-1	0	0	5	0	1	0	1	0
tweet_00026203	saude202008_n_00035_00000001.jpg	1	-1	0	0	0	0	9	2	0	0	0	0	5
tweet_00026243	saude202008_n_00036_00000002.jpg	1	-1	0	0	0	0	0	0	0	23	0	1	0
tweet_00026246	saude202008_n_00036_00000004.png	1	-1	0	0	0	0	0	0	1	19	0	0	0
tweet_00026251	saude202008_n_00036_00000005.png	1	-1	0	0	0	0	0	0	0	15	0	0	0
tweet_00026281	saude202008_n_00037_00000002.jpg	1	-1	0	0	0	0	0	0	0	20	0	0	0
tweet_00026299	saude202008_n_00037_00000003.jpg	1	-1	0	0	0	0	0	0	0	6	0	0	0
tweet_00026307	saude202008_n_00037_00000004.png	0	-1	1	0	1	0	0	0	0	8	0	0	-1
tweet_00026342	saude202008_n_00038_00000002.jpg	1	-1	0	0	0	0	0	0	0	0	0	0	-6
tweet_00026355	saude202008_n_00039_00000001.jpg	1	1	-1	-1	0	1	0	0	0	1	0	1	-1
tweet_00026369	saude202008_n_00039_00000002.jpg	0	1	-1	0	0	0	32	-2	0	0	1	3	5
tweet_00026371	saude202008_n_00039_00000003.jpg	1	4	1	0	0	0	1	9	0	0	0	0	12
tweet_00026374	saude202008_n_00039_00000004.jpg	1	2	0	0	0	0	0	7	0	0	0	1	2
tweet_00026376	saude202008_n_00039_00000005.jpg	1	0	-1	0	0	4	2	0	0	0	0	0	0
tweet_00026380	saude202008_n_00039_00000006.jpg	0	1	0	0	1	0	0	1	0	0	0	0	-1
tweet_00026393	saude202008_n_00039_00000008.png	1	1	0	0	0	0	0	0	0	11	0	0	0
tweet_00026397	saude202008_n_00039_00000009.jpg	1	1	0	0	0	0	0	0	0	1	0	0	-1
tweet_00026403	saude202008_n_00039_00000010.jpg	1	1	0	0	0	0	0	8	0	0	0	1	3
tweet_00026404	saude202008_n_00039_00000011.jpg	1	3	0	0	1	0	2	-2	0	27	0	0	0
tweet_00026405	saude202008_n_00039_00000012.png	0	5	0	0	0	0	0	5	0	0	0	0	10
tweet_00026425	saude202008_n_00040_00000003.jpg	3	1	0	0	0	0	0	0	0	1	0	0	-1
tweet_00026431	saude202008_n_00040_00000004.jpg	3	3	0	0	0	0	0	0	0	1	0	-1	0
tweet_00026451	saude202008_n_00041_00000001.jpg	0	0	-1	0	-1	0	1	0	9	0	5	13	1
tweet_00026501	saude202008_n_00042_00000004.jpg	1	1	0	0	0	0	0	1	0	1	0	0	0
tweet_00026525	saude202008_n_00043_00000001.jpg	-1	0	1	0	2	0	2	0	0	0	0	0	-3
tweet_00026543	saude202008_n_00044_00000001.jpg	2	2	-2	-2	0	0	2	0	1	9	0	1	2
tweet_00026571	saude202008_n_00045_00000002.jpg	1	0	-1	0	0	0	0	0	0	12	0	1	1
tweet_00026582	saude202008_n_00045_00000003.jpg	0	3	0	0	-2	0	0	0	0	2	0	0	0
tweet_00026604	saude202008_n_00046_00000002.jpg	3	0	0	0	0	0	0	0	0	1	0	0	-1
tweet_00026605	saude202008_n_00046_00000003.jpg	0	1	0	-1	2	0	0	3	0	0	0	0	0
tweet_00026610	saude202008_n_00046_00000004.jpg	0	0	0	0	0	0	0	14	0	4	0	0	12
tweet_00026625	saude202008_n_00047_00000003.jpg	1	0	-1	0	0	1	0	-1	-1	0	9	1	0
tweet_00026629	saude202008_n_00047_00000005.jpg	1	0	-1	0	0	0	0	0	-6	0	3	0	-2
tweet_00026642	saude202008_n_00047_00000006.jpg	2	1	0	0	0	0	0	0	0	22	0	1	0
tweet_00026644	saude202008_n_00048_00000001.png	1	0	-1	0	-1	0	0	0	4	0	5	5	0
tweet_00026646	saude202008_n_00048_00000002.jpg	0	1	-1	0	0	0	2	0	0	18	0	1	1
tweet_00026647	saude202008_n_00048_00000003.jpg	1	2	0	0	0	1	0	0	0	0	0	1	0
tweet_00026668	saude202008_n_00049_00000001.jpg	0	0	-1	0	0	0	0	0	10	0	4	8	1
tweet_00026678	saude202008_n_00050_00000001.jpg	1	1	0	0	0	0	0	0	0	19	0	1	0
tweet_00026682	saude202008_n_00056_00000001.jpg	4	-2	0	1	1	0	0	0	0	4	0	0	1
tweet_00026684	saude202008_n_00050_00000004.jpg	0	0	-1	0	0	0	0	0	0	17	0	0	0
tweet_00026685	saude202008_n_00050_00000005.jpg	2	2	0	0	0	0	0	0	0	1	0	0	0
tweet_00026687	saude202008_n_00050_00000006.jpg	1	0	-1	0	-1	0	0	0	0	16	0	0	0
tweet_00026688	saude202008_n_00050_00000007.jpg	1	0	-1	0	0	0	0	14	0	4	0	0	11
tweet_00026692	saude202008_n_00051_00000002.jpg	1	0	-1	0	0	0	-1	-1	5	0	7	11	1
tweet_00026700	saude202008_n_00051_00000003.jpg	0	2	0	0	0	0	0	0	0	0	3	0	0
tweet_00026720	saude202008_n_00052_00000002.jpg	0	2	0	-2	0	0	0	0	0	0	0	0	-1
tweet_00026736	saude202008_n_00053_00000001.jpg	0	2	0	-1	0	0	0	0	-1	0	0	0	-1
tweet_00026737	saude202008_n_00053_00000002.jpg	0	1	0	0	0	1	0	0	0	9	0	0	0
tweet_00026748	saude202008_n_00054_00000001.png	1	1	0	0	0	0	0	0	0	9	0	0	0
tweet_00026749	saude202008_n_00054_00000002.jpg	1	1	0	0	0	1	2	1	0	0	0	0	-1
tweet_00026754	saude202008_n_00054_00000005.png	1	3	0	0	0	0	0	0	0	23	0	1	0
tweet_00026758	saude202008_n_00054_00000007.jpg	3	-1	0	0	1	0	4	-2	0	6	0	0	0
tweet_00026760	saude202008_n_00054_00000009.jpg	2	1	0	0	0	0	0	0	0	6	0	0	0
tweet_00026778	saude202008_n_00056_00000002.jpg	0	2	0	0	0	0	0	0	0	7	0	1	1
tweet_00026782	saude202008_n_00056_00000003.jpg	4	-2	0	1	0	1	5	-2	0	14	0	0	0
tweet_00026804	saude202008_n_00058_00000001.jpg	0	1	0	-1	0	0	0	0	0	1	0	0	-1
tweet_00026808	saude202008_n_00058_00000002.jpg	1	1	0	0	0	0	0	0	1	0	0	2	1
tweet_00026814	saude202008_n_00059_00000001.jpg	0	1	0	-1	0	0	0	0	0	1	0	0	-1
tweet_00026821	saude202008_n_00059_00000003.jpg	2	1	0	0	0	0	0	0	0	7	0	1	0
tweet_00026829	saude202008_n_00059_00000004.jpg	0	2	0	0	0	0	0	0	-1	0	0	-1	0
tweet_00026880	saude202008_n_00061_00000001.jpg	1	0	0	0	1	1	0	0	0	0	5	0	0
tweet_00026881	saude202008_n_00061_00000002.jpg	1	2	0	0	0	0	-2	0	0	0	0	3	0
tweet_00026882	saude202008_n_00061_00000003.jpg	1	1	0	0	1	0	0	0	0	13	0	0	0
tweet_00026925	saude202008_n_00062_00000002.jpg	1	1	0	0	-1	0	0	0	0	0	0	-3	0
tweet_00026945	saude202008_n_00063_00000001.png	0	-1	1	0	1	0	14	0	0	0	0	0	0
tweet_00026959	saude202008_n_00064_00000003.jpg	1	1	0	0	0	0	0	0	0	18	0	0	0
tweet_00026965	saude202008_n_00066_00000001.jpg	0	1	0	0	0	0	4	0	0	0	0	0	0
tweet_00026980	saude202008_n_00067_00000001.jpg	-2	2	0	1	0	0	1	3	0	1	0	-1	2
tweet_00026993	saude202008_n_00070_00000001.jpg	2	1	0	0	0	0	0	0	0	13	0	0	0
tweet_00027007	saude202008_n_00071_00000001.jpg	1	3	0	0	0	2	0	0	0	28	0	1	1
tweet_00027017	saude202008_n_00071_00000003.jpg	0	3	0	0	0	0	0	0	0	0	0	0	-3
tweet_00027024	saude202008_n_00074_00000001.jpg	1	3	0	0	0	0	1	12	0	0	0	0	14
tweet_00027040	saude202008_n_00074_00000002.jpg	0	3	0	0	0	0	0	0	-3	0	0	0	0
tweet_00027049	saude202008_n_00076_00000002.jpg	1	1	0	0	0	0	0	0	0	12	0	0	0
tweet_00027070	saude202008_n_00078_00000001.jpg	1	-2	0	0	0	0	0	0	0	13	0	-1	0
tweet_00027082	saude202008_n_00078_00000003.jpg	0	1	0	0	1	0	0	0	0	13	0	-1	0
tweet_00027088	saude202008_n_00079_00000001.jpg	0	2	0	0	0	0	0	15	0	0	0	0	18
tweet_00027112	saude202008_n_00081_00000001.jpg	1	0	0	0	0	1	1	-2	0	23	0	0	0
tweet_00027117	saude202008_n_00081_00000002.jpg	2	2	0	0	0	1	2	9	0	0	0	0	22
tweet_00027123	saude202008_n_00081_00000003.jpg	1	0	0	0	0	1	0	0	0	12	0	0	0
tweet_00027132	saude202008_n_00082_00000001.jpg	1	2	1	0	0	0	0	0	0	6	0	0	0
tweet_00027136	saude202008_n_00082_00000002.jpg	1	1	0	0	0	0	0	0	1	0	0	0	0
tweet_00027141	saude202008_n_00082_00000003.jpg	2	1	0	0	0	0	0	0	0	1	0	-1	0
tweet_00027142	saude202008_n_00082_00000004.jpg	1	3	0	0	0	0	0	5	0	-1	0	0	8
tweet_00027150	saude202008_n_00083_00000001.jpg	1	1	0	0	0	1	0	0	4	0	0	0	0
tweet_00027161	saude202008_n_00084_00000001.jpg	1	1	0	0	0	0	1	0	0	28	0	1	0
tweet_00027171	saude202008_n_00084_00000003.jpg	1	1	0	0	0	0	0	2	2	0	0	9	0
tweet_00027183	saude202008_n_00085_00000002.jpg	-1	2	1	0	0	0	0	0	8	0	0	0	0
tweet_00027201	saude202008_n_00088_00000001.jpg	3	1	0	0	0	0	1	7	0	0	0	0	12
tweet_00027206	saude202008_n_00089_00000002.jpg	1	1	0	1	0	0	0	0	0	7	0	0	0
tweet_00027209	saude202008_n_00090_00000001.jpg	1	1	1	-1	0	0	0	0	0	16	0	0	0
tweet_00027233	saude202008_n_00094_00000001.jpg	1	1	0	0	0	0	0	0	2	0	0	0	8
tweet_00027252	saude202008_n_00095_00000001.jpg	-1	1	0	0	-1	0	0	8	0	0	0	0	0
tweet_00027260	saude202008_n_00096_00000001.jpg	1	1	0	0	0	0	1	7	0	0	0	0	17
tweet_00027265	saude202008_n_00096_00000002.jpg	1	-1	1	0	1	0	0	0	0	5	0	0	0
tweet_00027269	saude202008_n_00097_00000001.jpg	0	2	0	0	0	1	1	1	0	0	0	0	9
tweet_00027272	saude202008_n_00097_00000002.jpg	1	1	0	0	0	1	0	0	0	21	0	1	1
tweet_00027294	saude202008_n_00098_00000003.jpg	0	1	0	0	0	0	0	0	0	11	0	0	0
tweet_00027301	saude202008_n_00099_00000001.jpg	2	3	0	1	0	0	0	12	0	0	0	0	12
tweet_00027305	saude202008_n_00099_00000003.jpg	1	-1	0	-1	1	0	0	0	0	25	0	0	0
tweet_00027362	saude202008_n_00102_00000001.jpg	1	-1	0	0	2	0	0	0	0	7	0	-1	-1
tweet_00027363	saude202008_n_00102_00000002.png	3	-2	0	0	0	0	0	0	0	5	0	0	0
tweet_00027374	saude202008_n_00103_00000001.jpg	-1	3	0	0	0	0	0	0	0	1	0	1	-1
tweet_00027377	saude202008_n_00103_00000002.jpg	1	1	0	0	0	0	2	11	0	0	0	0	17
tweet_00027389	saude202008_n_00105_00000002.jpg	1	1	0	0	0	0	1	0	0	0	2	0	5
tweet_00027405	saude202008_n_00106_00000001.jpg	1	1	0	0	1	0	0	0	0	14	0	0	0
tweet_00027407	saude202008_n_00106_00000003.jpg	1	1	1	0	1	0	0	0	0	0	0	-1	-3
tweet_00027408	saude202008_n_00106_00000004.jpg	1	1	0	0	0	0	0	0	0	21	0	0	0
tweet_00027414	saude202008_n_00107_00000001.jpg	-1	2	-1	0	0	0	0	-1	0	0	0	0	0
tweet_00027418	saude202008_n_00110_00000001.jpg	1	1	0	0	0	0	0	0	0	21	0	0	0
tweet_00027425	saude202008_n_00111_00000001.jpg	1	1	0	0	0	0	0	6	0	0	0	0	16
tweet_00027439	saude202008_n_00118_00000001.jpg	1	4	0	0	0	0	0	0	0	1	0	0	0
tweet_00027445	saude202008_n_00119_00000001.jpg	4	0	0	0	0	1	0	0	0	0	0	1	0
tweet_00027451	saude202008_n_00120_00000001.jpg	1	1	0	0	0	0	0	0	0	1	0	0	0
tweet_00027465	saude202008_n_00131_00000001.jpg	-1	1	1	0	0	0	0	0	0	0	0	0	-3
tweet_00027469	saude202008_n_00132_00000001.jpg	0	0	1	0	0	0	0	0	0	9	0	0	0
tweet_00027471	saude202008_n_00133_00000001.jpg	1	2	0	0	2	1	0	0	0	2	0	-1	0
tweet_00027472	saude202008_n_00133_00000002.jpg	1	2	0	0	0	0	0	2	3	0	0	1	0
tweet_00027478	saude202008_n_00135_00000001.jpg	1	1	0	0	-1	0	-2	0	-1	13	0	0	0
tweet_00027496	saude202008_n_00157_00000001.png	0	1	0	0	0	1	0	1	0	0	0	0	1
tweet_00027503	saude202008_n_00164_00000001.jpg	0	0	1	0	0	0	0	0	0	23	0	0	0
tweet_00027515	saude202008_n_00207_00000001.jpg	0	3	0	0	0	0	0	5	0	1	0	0	0
tweet_00027527	saude202008_n_00214_00000001.jpg	1	2	0	-1	0	1	0	0	0	1	0	2	0
tweet_00027550	saude202009_n_00001_00000001.jpg	0	3	0	0	0	-1	-1	0	-1	1	0	2	0
tweet_00027551	saude202009_n_00004_00000003.jpg	0	1	0	0	1	1	0	0	0	0	0	0	0
tweet_00027555	saude202009_n_00001_00000003.jpg	1	1	0	0	0	0	0	0	5	0	2	3	0
tweet_00027563	saude202009_n_00001_00000006.jpg	1	-2	0	0	0	0	0	0	0	10	0	0	0
tweet_00027567	saude202009_n_00001_00000008.jpg	1	-2	0	0	0	0	0	0	0	15	0	0	0
tweet_00027570	saude202009_n_00001_00000009.jpg	0	1	0	0	-1	0	1	0	4	0	0	0	-1
tweet_00027622	saude202009_n_00002_00000002.jpg	1	0	-1	0	0	2	1	1	0	0	-2	0	0
tweet_00027628	saude202009_n_00002_00000003.jpg	0	1	0	0	0	0	-1	0	0	3	1	2	0
tweet_00027652	saude202009_n_00003_00000001.jpg	1	0	0	0	0	0	0	14	0	0	0	0	15
tweet_00027676	saude202009_n_00003_00000004.jpg	1	-1	2	0	0	0	0	1	0	12	0	0	0
tweet_00027705	saude202009_n_00004_00000001.jpg	0	1	0	0	0	0	0	0	0	0	0	0	-3
tweet_00027710	saude202009_n_00004_00000002.jpg	1	1	0	0	-1	0	0	0	0	0	0	-4	-2
tweet_00027721	saude202009_n_00004_00000004.jpg	1	2	0	0	0	0	0	0	0	0	5	0	0
tweet_00027727	saude202009_n_00004_00000005.jpg	2	3	0	0	0	0	0	0	0	4	0	0	0
tweet_00027728	saude202009_n_00004_00000006.jpg	-3	3	0	0	0	0	0	7	0	0	0	0	3
tweet_00027737	saude202009_n_00004_00000007.jpg	0	1	0	-1	-1	0	0	0	2	0	0	0	0
tweet_00027739	saude202009_n_00004_00000008.jpg	1	2	0	-1	0	0	0	0	0	0	1	0	0
tweet_00027749	saude202009_n_00004_00000009.jpg	1	1	0	0	0	0	0	14	0	0	0	0	14
tweet_00027790	saude202009_n_00005_00000005.png	1	0	-2	0	-1	0	2	0	0	5	0	0	3
tweet_00027801	saude202009_n_00005_00000006.jpg	1	1	-1	0	1	0	0	4	0	0	0	0	10
tweet_00027813	saude202009_n_00006_00000001.jpg	1	3	0	0	0	0	0	0	0	5	0	0	0
tweet_00027822	saude202009_n_00006_00000003.png	1	2	0	0	0	1	0	0	0	2	0	1	0
tweet_00027825	saude202009_n_00006_00000004.jpg	1	1	0	0	0	0	5	0	0	1	0	0	0
tweet_00027838	saude202009_n_00006_00000006.jpg	1	3	0	0	0	0	2	3	0	0	0	0	19
tweet_00027842	saude202009_n_00006_00000007.jpg	1	1	0	0	0	-1	2	0	0	1	0	0	0
tweet_00027851	saude202009_n_00006_00000009.jpg	1	1	0	0	0	-1	2	10	0	0	0	0	19
tweet_00027867	saude202009_n_00007_00000003.jpg	1	2	0	0	0	0	0	3	0	17	0	0	0
tweet_00027868	saude202009_n_00007_00000004.jpg	1	1	0	0	0	-1	0	0	0	13	0	0	0
tweet_00027876	saude202009_n_00007_00000007.jpg	5	1	0	0	0	0	0	0	0	13	0	0	0
tweet_00027881	saude202009_n_00007_00000008.jpg	1	2	0	0	0	0	1	4	0	-1	0	0	27
tweet_00027884	saude202009_n_00007_00000009.jpg	0	5	0	1	0	0	0	0	0	8	0	0	0
tweet_00027885	saude202009_n_00007_00000010.jpg	1	2	0	0	0	-1	0	0	0	18	0	0	0
tweet_00027891	saude202009_n_00007_00000012.png	1	2	0	0	0	-1	0	12	0	0	0	0	18
tweet_00027910	saude202009_n_00008_00000004.jpg	0	1	0	0	0	0	0	0	1	0	1	-1	0
tweet_00027911	saude202009_n_00008_00000005.jpg	0	1	0	0	0	2	0	1	0	0	0	0	11
tweet_00027923	saude202009_n_00009_00000001.jpg	1	1	0	0	0	0	0	3	4	0	0	0	0
tweet_00027947	saude202009_n_00013_00000001.jpg	1	3	0	0	0	0	0	-1	0	0	0	-6	0
tweet_00027974	saude202009_n_00014_00000001.jpg	1	2	0	0	0	0	0	1	0	0	0	0	1
tweet_00027977	saude202009_n_00016_00000001.png	-2	3	0	0	0	0	0	0	0	0	0	0	-3
tweet_00028003	saude202009_n_00017_00000002.png	1	1	0	0	0	0	0	0	0	6	0	1	0
tweet_00028013	saude202009_n_00019_00000001.png	1	0	-2	0	0	2	0	0	0	0	0	0	-2
tweet_00028042	saude202009_n_00020_00000001.jpg	0	1	0	-1	0	1	0	3	0	3	0	1	0
tweet_00028051	saude202009_n_00021_00000001.png	0	2	0	0	0	0	0	0	0	0	0	0	-4
tweet_00028052	saude202009_n_00021_00000002.jpg	0	2	0	0	0	0	0	0	0	0	0	0	-1
tweet_00028053	saude202009_n_00021_00000004.jpg	-1	1	0	-1	0	0	0	0	0	-1	0	0	3
tweet_00028087	saude202009_n_00022_00000004.jpg	0	2	0	0	0	0	0	0	0	0	0	0	-6
tweet_00028094	saude202009_n_00040_00000002.png	1	0	-1	1	0	1	0	0	0	8	0	0	0
tweet_00028101	saude202009_n_00022_00000006.jpg	1	0	0	0	0	0	0	5	0	-1	0	0	14
tweet_00028102	saude202009_n_00022_00000007.jpg	0	3	-1	0	0	0	0	0	0	0	0	-1	0
tweet_00028140	saude202009_n_00023_00000002.jpg	2	1	0	1	0	0	0	0	12	0	0	0	0
tweet_00028147	saude202009_n_00023_00000004.jpg	-2	1	0	0	-1	0	1	6	0	0	0	0	-1
tweet_00028160	saude202009_n_00023_00000005.jpg	1	1	0	0	0	0	0	0	0	-1	0	0	-2
tweet_00028174	saude202009_n_00023_00000009.jpg	1	2	0	0	0	1	0	15	0	0	0	0	14
tweet_00028197	saude202009_n_00024_00000002.jpg	-1	2	1	-1	0	0	0	24	0	0	0	0	2
tweet_00028202	saude202009_n_00024_00000004.png	1	1	0	0	0	0	0	0	0	1	0	0	-1
tweet_00028216	saude202009_n_00024_00000007.jpg	1	1	0	0	0	0	1	0	0	29	0	0	0
tweet_00028270	saude202009_n_00026_00000002.jpg	0	1	0	0	0	0	4	0	0	3	0	0	0
tweet_00028274	saude202009_n_00026_00000003.png	-1	1	0	0	1	0	0	0	0	0	0	0	-1
tweet_00028284	saude202009_n_00026_00000004.png	1	1	0	0	0	0	0	0	0	0	0	-3	0
tweet_00028291	saude202009_n_00026_00000006.jpg	1	3	0	-1	0	1	2	5	0	0	0	0	12
tweet_00028292	saude202009_n_00026_00000007.jpg	-1	1	0	0	0	0	0	0	1	0	0	-1	0
tweet_00028327	saude202009_n_00027_00000002.jpg	1	3	0	-1	-1	0	0	0	0	11	0	0	0
tweet_00028334	saude202009_n_00028_00000001.jpg	1	1	0	0	0	0	0	0	0	6	0	0	0
tweet_00028344	saude202009_n_00028_00000003.jpg	0	2	0	1	0	0	0	14	0	0	0	0	16
tweet_00028345	saude202009_n_00028_00000004.jpg	1	-2	0	3	0	0	0	1	0	13	0	0	0
tweet_00028351	saude202009_n_00028_00000005.jpg	1	1	0	0	0	0	0	9	0	0	0	0	7
tweet_00028353	saude202009_n_00028_00000006.jpg	1	0	0	-1	0	0	0	0	0	0	-14	0	0
tweet_00028358	saude202009_n_00028_00000007.jpg	1	1	0	0	0	0	0	0	0	9	0	0	0
tweet_00028362	saude202009_n_00028_00000008.jpg	0	2	0	1	0	0	0	0	0	23	0	0	1
tweet_00028370	saude202009_n_00029_00000001.jpg	1	2	0	0	0	1	2	9	0	0	0	0	25
tweet_00028373	saude202009_n_00029_00000002.jpg	1	4	0	0	0	0	0	15	0	0	0	0	10
tweet_00028394	saude202009_n_00029_00000005.jpg	3	-2	0	0	0	0	0	0	0	1	0	-1	-4
tweet_00028395	saude202009_n_00029_00000006.jpg	4	2	0	-1	0	0	0	0	0	23	0	0	0
tweet_00028402	saude202009_n_00029_00000007.jpg	1	1	0	0	0	0	4	1	0	0	0	0	24
tweet_00028403	saude202009_n_00029_00000008.jpg	1	1	0	0	0	0	0	4	0	1	0	0	15
tweet_00028411	saude202009_n_00029_00000010.jpg	1	1	0	0	0	0	0	0	0	0	0	0	0
tweet_00028429	saude202009_n_00030_00000001.jpg	1	1	0	-1	0	0	0	6	0	0	0	0	5
tweet_00028441	saude202009_n_00030_00000008.jpg	1	1	0	0	0	0	0	11	0	0	0	0	12
tweet_00028446	saude202009_n_00030_00000009.png	1	1	0	0	0	1	0	0	0	18	0	-2	0
tweet_00028451	saude202009_n_00030_00000010.png	1	1	0	0	0	0	0	-1	-3	0	15	1	0
tweet_00028456	saude202009_n_00031_00000001.jpg	1	3	0	0	0	0	0	0	0	0	0	0	0
tweet_00028483	saude202009_n_00031_00000003.jpg	3	3	0	1	0	2	0	0	0	16	0	0	0
tweet_00028520	saude202009_n_00032_00000002.jpg	4	-1	0	1	0	0	0	0	0	1	0	0	0
tweet_00028526	saude202009_n_00032_00000003.jpg	1	1	0	0	0	0	1	0	0	27	0	0	3
tweet_00028534	saude202009_n_00032_00000004.jpg	1	2	0	0	0	0	0	7	2	1	0	3	1
tweet_00028545	saude202009_n_00032_00000005.jpg	1	1	0	0	0	0	0	0	0	9	0	0	0
tweet_00028546	saude202009_n_00033_00000001.jpg	0	-2	0	1	1	2	0	0	0	13	0	0	0
tweet_00028549	saude202009_n_00033_00000004.jpg	1	2	0	2	1	0	0	1	0	2	0	0	0
tweet_00028552	saude202009_n_00033_00000005.jpg	1	-1	1	2	0	0	1	0	0	26	0	0	0
tweet_00028565	saude202009_n_00033_00000007.png	6	1	0	0	0	0	1	0	0	0	3	0	1
tweet_00028568	saude202009_n_00034_00000002.jpg	1	0	0	0	0	1	0	0	0	18	0	0	0
tweet_00028571	saude202009_n_00034_00000003.jpg	4	0	1	-1	0	0	0	0	0	1	0	0	-1
tweet_00028584	saude202009_n_00035_00000001.png	2	0	0	0	0	0	1	0	0	0	0	0	-1
tweet_00028612	saude202009_n_00038_00000001.jpg	1	0	0	1	0	4	0	0	0	0	0	0	-3
tweet_00028643	saude202009_n_00040_00000001.jpg	1	-1	1	0	0	0	0	0	0	4	0	0	0
tweet_00028659	saude202009_n_00041_00000001.jpg	2	1	-1	0	0	0	0	0	0	4	0	0	0
tweet_00028677	saude202009_n_00043_00000002.jpg	1	-3	0	1	0	1	0	0	0	2	0	0	-1
tweet_00028678	saude202009_n_00044_00000001.jpg	0	2	0	0	0	0	2	2	0	0	0	0	16
tweet_00028681	saude202009_n_00045_00000001.png	1	1	0	0	0	0	2	0	0	0	0	0	-4
tweet_00028685	saude202009_n_00045_00000002.jpg	0	0	0	0	0	0	0	0	0	0	0	0	-3
tweet_00028690	saude202009_n_00045_00000003.jpg	1	-1	0	0	1	0	0	1	0	6	0	-1	0
tweet_00028697	saude202009_n_00046_00000001.png	1	4	0	0	0	0	3	0	0	3	0	0	0
tweet_00028710	saude202009_n_00050_00000001.jpg	1	1	0	0	0	0	0	0	3	0	0	0	0
tweet_00028711	saude202009_n_00050_00000002.jpg	1	2	0	0	0	0	0	0	0	3	0	0	0
tweet_00028723	saude202009_n_00050_00000004.jpg	-1	2	-1	1	0	0	0	0	0	0	0	0	-4
tweet_00028726	saude202009_n_00050_00000005.jpg	0	-2	0	0	0	-1	0	0	0	0	0	0	0
tweet_00028743	saude202009_n_00050_00000008.jpg	1	2	0	0	0	0	0	0	0	26	0	0	0
tweet_00028795	saude202009_n_00051_00000005.jpg	1	1	0	0	0	0	0	0	0	2	0	0	0
tweet_00028796	saude202009_n_00051_00000006.jpg	0	3	0	0	0	0	2	4	0	0	0	0	15
tweet_00028817	saude202009_n_00052_00000002.jpg	1	-2	0	0	0	0	0	0	0	0	0	0	0
tweet_00028844	saude202009_n_00052_00000003.jpg	0	1	0	0	0	0	0	0	0	0	0	0	-6
tweet_00028853	saude202009_n_00053_00000003.jpg	1	0	-1	0	-1	0	0	4	3	3	0	1	0
tweet_00028854	saude202009_n_00053_00000004.jpg	1	1	0	0	0	0	0	0	0	13	0	0	0
tweet_00028858	saude202009_n_00053_00000005.jpg	1	0	-1	0	0	2	0	0	0	1	0	0	0
tweet_00028864	saude202009_n_00053_00000009.jpg	1	1	1	-2	0	0	0	0	2	0	1	5	0
tweet_00028889	saude202009_n_00054_00000001.jpg	1	0	-1	0	0	0	0	0	0	1	0	1	2
tweet_00028897	saude202009_n_00054_00000002.png	1	4	0	0	0	1	3	0	0	-1	0	0	13
tweet_00028902	saude202009_n_00054_00000004.jpg	1	2	0	0	0	0	0	0	0	6	0	0	0
tweet_00028916	saude202009_n_00055_00000001.jpg	1	-2	0	0	0	1	0	0	1	15	0	0	0
tweet_00028938	saude202009_n_00056_00000001.jpg	1	3	0	0	0	1	0	19	0	0	0	0	11
tweet_00028939	saude202009_n_00056_00000002.jpg	1	-2	1	0	0	2	0	0	0	7	0	-1	0
tweet_00028947	saude202009_n_00056_00000003.png	1	3	0	0	1	1	0	0	0	7	0	-1	0
tweet_00028955	saude202009_n_00056_00000006.jpg	0	-2	0	1	0	0	1	0	-1	0	3	0	-1
tweet_00028970	saude202009_n_00057_00000001.jpg	4	-1	1	0	0	1	0	0	0	7	0	0	0
tweet_00029006	saude202009_n_00062_00000001.jpg	1	1	-1	0	0	0	0	4	0	0	0	0	0
tweet_00029007	saude202009_n_00062_00000002.jpg	4	2	0	0	0	0	0	0	0	16	0	0	0
tweet_00029010	saude202009_n_00064_00000001.jpg	-1	1	0	0	0	0	0	14	0	0	0	0	-1
tweet_00029042	saude202009_n_00068_00000002.jpg	1	0	-1	0	-1	0	0	3	7	4	0	0	0
tweet_00029043	saude202009_n_00069_00000001.jpg	2	0	0	0	0	0	0	0	0	-1	0	1	-1
tweet_00029049	saude202009_n_00071_00000001.jpg	0	1	0	0	-1	0	3	0	1	0	0	-1	1
tweet_00029052	saude202009_n_00072_00000001.png	1	1	0	0	2	0	0	4	0	0	0	0	20
tweet_00029056	saude202009_n_00072_00000002.jpg	0	2	1	0	0	0	0	2	0	0	0	-1	11
tweet_00029093	saude202009_n_00096_00000001.jpg	1	1	0	0	0	0	0	0	1	0	0	0	0
tweet_00029101	saude202009_n_00097_00000001.jpg	1	1	0	0	-1	0	0	0	0	22	0	0	0
tweet_00029143	saude202009_n_00098_00000001.jpg	1	1	0	0	-1	0	0	0	0	17	0	1	0
tweet_00029158	saude202009_n_00098_00000005.jpg	1	1	0	0	-1	0	0	0	0	2	0	-1	0
tweet_00029189	saude202009_n_00099_00000002.jpg	0	2	0	0	0	0	0	2	0	0	0	0	0
tweet_00029209	saude202009_n_00101_00000001.jpg	1	1	0	0	0	0	0	0	0	2	0	0	0
tweet_00029231	saude202009_n_00101_00000002.jpg	0	5	0	-1	0	0	0	0	0	0	0	0	0
tweet_00029238	saude202009_n_00102_00000001.jpg	1	1	0	0	0	0	0	0	2	0	1	5	0
tweet_00029240	saude202009_n_00102_00000002.jpg	1	-1	0	1	2	-1	0	0	0	9	0	-1	2
tweet_00029253	saude202009_n_00102_00000003.png	-1	1	-1	0	2	1	0	0	0	0	0	0	-4
tweet_00029255	saude202009_n_00102_00000004.png	0	1	0	0	1	0	0	0	0	0	0	0	-4
tweet_00029259	saude202009_n_00102_00000005.jpg	1	0	-1	0	0	1	0	7	0	1	0	0	0
tweet_00029275	saude202009_n_00103_00000001.jpg	1	1	-1	0	0	1	0	0	0	0	0	0	-3
tweet_00029283	saude202009_n_00103_00000002.jpg	0	1	0	0	0	1	0	0	0	20	0	0	0
tweet_00029285	saude202009_n_00103_00000003.jpg	1	2	0	0	0	0	2	9	0	0	0	0	22
tweet_00029294	saude202009_n_00104_00000001.jpg	1	0	-1	0	0	2	0	0	0	1	0	0	0
tweet_00029299	saude202009_n_00104_00000002.jpg	-2	0	0	-2	0	0	0	0	0	0	0	0	-5
tweet_00029305	saude202009_n_00104_00000003.jpg	1	2	0	0	0	1	0	0	0	9	0	0	0
tweet_00029318	saude202009_n_00105_00000001.jpg	2	0	-1	0	0	2	0	2	5	0	1	7	1
tweet_00029341	saude202009_n_00106_00000001.jpg	1	1	0	0	0	0	0	0	0	16	0	0	0
tweet_00029343	saude202009_n_00106_00000002.jpg	1	2	0	0	0	0	3	10	0	0	0	0	22
tweet_00029361	saude202009_n_00107_00000001.jpg	1	1	0	0	0	0	1	10	0	1	0	0	21
tweet_00029364	saude202009_n_00107_00000002.jpg	5	0	0	0	0	0	0	7	0	0	0	0	0
tweet_00029368	saude202009_n_00107_00000003.jpg	1	1	0	0	0	0	0	9	0	0	0	0	20
tweet_00029378	saude202009_n_00107_00000005.jpg	1	0	0	0	0	0	0	0	1	16	0	0	0
tweet_00029417	saude202009_n_00108_00000003.jpg	1	1	-1	-1	0	0	0	15	0	0	0	0	0
tweet_00029421	saude202009_n_00109_00000001.jpg	2	0	1	0	2	0	21	0	0	-1	0	0	-2
tweet_00029430	saude202009_n_00109_00000003.jpg	1	0	0	0	0	1	0	0	0	0	0	-1	0
tweet_00029478	saude202009_n_00111_00000001.jpg	1	0	-1	0	0	0	0	0	1	7	0	0	0
tweet_00029526	saude202009_n_00112_00000001.jpg	1	1	0	0	0	0	0	0	1	0	6	6	0
tweet_00029531	saude202009_n_00113_00000002.jpg	0	1	0	0	0	0	0	0	-1	21	0	0	0
tweet_00029548	saude202009_n_00114_00000001.jpg	0	2	0	0	0	0	0	1	0	0	0	-1	0
tweet_00029551	saude202009_n_00114_00000002.jpg	1	1	0	-1	0	0	0	8	0	0	0	0	-1
tweet_00029556	saude202009_n_00114_00000003.jpg	-3	1	0	0	0	0	0	0	3	0	1	1	0
tweet_00029566	saude202009_n_00114_00000004.jpg	0	2	1	0	0	0	0	9	0	1	0	0	0
tweet_00029571	saude202009_n_00114_00000005.jpg	-1	2	0	-1	0	0	0	4	0	-1	0	0	-2
tweet_00029611	saude202009_n_00115_00000002.jpg	1	1	0	0	-1	0	1	0	0	25	0	1	0
tweet_00029615	saude202009_n_00115_00000003.jpg	4	-1	0	0	0	1	0	0	0	0	0	0	-3
tweet_00029617	saude202009_n_00115_00000004.jpg	-2	-1	0	0	1	0	0	0	0	0	0	0	-1
tweet_00029639	saude202009_n_00116_00000001.jpg	0	-1	0	0	0	0	0	1	0	0	0	0	-4
tweet_00029644	saude202009_n_00116_00000002.jpg	1	2	0	0	1	0	0	0	1	0	1	10	0
tweet_00029660	saude202009_n_00116_00000003.jpg	1	2	0	0	1	0	0	0	0	20	0	0	0
tweet_00029683	saude202009_n_00116_00000006.jpg	1	-1	0	0	0	0	0	0	0	3	0	0	0
tweet_00029707	saude202009_n_00117_00000001.jpg	0	-1	0	0	0	0	2	2	0	0	0	0	25
tweet_00029715	saude202009_n_00117_00000002.jpg	0	2	0	0	0	1	1	0	0	0	0	0	-5
tweet_00029731	saude202009_n_00117_00000003.jpg	1	0	-1	-1	0	0	0	1	0	2	0	2	0
tweet_00029733	saude202009_n_00117_00000004.jpg	2	3	0	-1	0	0	0	0	0	2	0	0	0
tweet_00029750	saude202009_n_00117_00000006.jpg	1	0	-1	0	0	0	15	0	2	0	0	0	3
tweet_00029770	saude202009_n_00118_00000001.jpg	3	-2	1	0	0	1	3	5	0	0	0	0	29
tweet_00029784	saude202009_n_00118_00000002.png	1	-1	0	0	0	0	2	4	0	0	0	0	26
tweet_00029786	saude202009_n_00118_00000003.jpg	2	1	0	0	0	0	0	0	0	1	0	0	-2
tweet_00029807	saude202009_n_00119_00000003.jpg	0	1	0	0	0	0	0	15	0	0	0	0	12
tweet_00029828	saude202009_n_00119_00000004.jpg	0	2	0	0	-1	0	0	0	1	0	0	0	0
tweet_00029845	saude202009_n_00120_00000003.jpg	1	1	0	-1	0	0	0	0	0	2	0	0	0
tweet_00029850	saude202009_n_00120_00000004.jpg	3	0	0	0	0	2	0	0	0	19	0	1	0
tweet_00029854	saude202009_n_00120_00000005.jpg	0	0	0	0	0	0	0	0	0	0	0	0	-2
tweet_00029874	saude202009_n_00120_00000006.jpg	0	3	3	-2	0	0	0	6	0	0	0	0	7
tweet_00029914	saude202009_n_00122_00000002.jpg	2	-2	1	1	0	1	0	0	0	19	0	0	0
tweet_00029917	saude202009_n_00122_00000003.jpg	5	0	0	0	0	0	3	-2	0	12	0	0	0
tweet_00029939	saude202009_n_00122_00000006.png	1	-3	0	1	0	0	0	0	0	2	0	0	0
tweet_00029946	saude202009_n_00122_00000007.jpg	2	-3	1	1	0	0	0	1	0	0	0	0	-1
tweet_00029972	saude202009_n_00123_00000002.jpg	2	3	-1	-1	0	0	0	0	14	0	3	8	2
tweet_00029977	saude202009_n_00123_00000004.jpg	1	1	0	0	0	0	9	0	2	1	0	2	7
tweet_00029989	saude202009_n_00124_00000002.jpg	0	-3	0	1	0	0	0	0	0	20	0	1	0
tweet_00029996	saude202009_n_00124_00000003.jpg	1	-3	0	1	0	0	0	0	0	-1	0	-2	-2
tweet_00029998	saude202009_n_00124_00000005.jpg	3	-3	0	1	0	0	1	0	0	27	0	2	2
tweet_00030007	saude202009_n_00124_00000006.jpg	5	0	0	0	0	0	-1	1	0	1	0	1	0
tweet_00030016	saude202009_n_00124_00000007.jpg	1	4	-2	0	0	0	0	0	1	0	0	0	0
tweet_00030037	saude202009_n_00125_00000003.jpg	0	1	0	0	0	0	0	0	5	0	2	3	1
tweet_00030054	saude202009_n_00126_00000001.png	0	4	0	-1	0	0	0	0	0	0	1	2	0
tweet_00030090	saude202009_n_00127_00000001.jpg	1	1	0	0	0	0	12	0	0	1	1	1	1
tweet_00030093	saude202009_n_00128_00000001.jpg	1	1	1	-1	0	0	0	2	3	0	0	0	-1
tweet_00030122	saude202009_n_00129_00000001.jpg	2	5	0	0	0	0	-1	0	3	2	1	5	0
tweet_00030137	saude202009_n_00129_00000002.jpg	4	0	0	0	1	0	0	0	0	7	0	0	0
tweet_00030159	saude202009_n_00130_00000002.jpg	2	0	0	0	0	0	0	2	0	0	0	-1	0
tweet_00030240	saude202009_n_00132_00000001.jpg	1	-1	0	-1	0	1	0	0	0	0	0	0	-3
tweet_00030245	saude202009_n_00132_00000002.jpg	0	2	0	0	0	0	0	0	0	0	1	2	0
tweet_00030258	saude202009_n_00132_00000003.jpg	1	2	0	0	0	0	0	9	0	0	0	0	14
tweet_00030281	saude202009_n_00133_00000001.jpg	1	3	0	-1	0	0	0	0	0	0	1	4	0
tweet_00030307	saude202009_n_00133_00000002.jpg	1	1	0	0	1	0	0	0	10	0	0	0	0
tweet_00030326	saude202009_n_00134_00000001.jpg	3	-1	0	0	0	0	3	0	0	1	0	0	-2
tweet_00030329	saude202009_n_00134_00000003.jpg	1	1	0	0	0	1	0	6	0	1	0	0	0
tweet_00030334	saude202009_n_00134_00000005.jpg	1	1	0	0	0	1	0	0	0	19	0	0	0
tweet_00030371	saude202009_n_00135_00000003.jpg	0	1	1	0	0	0	0	0	3	0	-2	-1	0
tweet_00030372	saude202009_n_00135_00000004.jpg	1	2	0	0	1	0	0	0	0	19	0	1	1
tweet_00030388	saude202009_n_00136_00000002.jpg	0	1	-1	-1	0	0	0	0	0	16	0	0	0
tweet_00030444	saude202009_n_00137_00000003.jpg	1	-1	0	0	0	1	0	0	0	0	0	0	-5
tweet_00030445	saude202009_n_00137_00000004.jpg	4	1	-1	0	0	0	0	2	5	0	0	2	2
tweet_00030462	saude202009_n_00138_00000002.jpg	1	1	-1	0	0	0	0	0	12	0	4	7	2
tweet_00030466	saude202009_n_00138_00000003.jpg	1	3	0	0	1	0	0	0	0	3	0	0	-1
tweet_00030475	saude202009_n_00138_00000004.jpg	1	1	0	0	0	0	0	12	0	0	0	0	8
tweet_00030481	saude202009_n_00138_00000006.jpg	1	1	0	0	0	0	0	0	1	16	0	2	0
tweet_00030498	saude202009_n_00139_00000003.jpg	0	2	0	0	0	0	0	0	3	0	6	8	0
tweet_00030520	saude202009_n_00140_00000001.jpg	1	1	-1	0	0	0	0	1	3	0	0	7	0
tweet_00030539	saude202009_n_00140_00000004.jpg	0	2	0	0	-1	0	0	0	1	0	0	-1	0
tweet_00030542	saude202009_n_00140_00000005.jpg	3	1	0	-1	-2	0	3	0	0	-1	0	0	-2
tweet_00030547	saude202009_n_00140_00000008.jpg	0	2	0	-2	0	0	0	6	0	0	0	0	12
tweet_00030556	saude202009_n_00140_00000009.png	0	2	0	0	0	0	0	0	0	1	0	-4	0
tweet_00030558	saude202009_n_00140_00000010.jpg	0	2	-1	-2	0	0	0	0	0	0	0	0	-1
tweet_00030559	saude202009_n_00140_00000011.jpg	1	1	0	-1	0	0	0	0	0	11	0	0	0
tweet_00030589	saude202009_n_00141_00000002.jpg	1	3	-1	-1	0	0	0	0	5	0	0	2	0
tweet_00030590	saude202009_n_00141_00000003.jpg	1	1	0	0	0	0	0	5	0	-1	0	0	15
tweet_00030610	saude202009_n_00141_00000005.jpg	2	2	-2	0	0	0	0	0	0	3	0	0	-1
tweet_00030617	saude202009_n_00141_00000007.jpg	1	1	-2	0	0	0	2	5	0	0	0	0	21
tweet_00030636	saude202009_n_00142_00000004.jpg	1	1	-2	0	0	0	8	0	0	0	0	0	12
tweet_00030637	saude202009_n_00142_00000005.jpg	-1	2	0	-2	0	0	0	1	0	0	-1	-1	-1
tweet_00030641	saude202009_n_00142_00000006.jpg	1	0	0	0	0	2	0	0	1	13	0	2	0
tweet_00030645	saude202009_n_00142_00000007.jpg	1	0	-1	0	0	1	0	0	0	4	0	1	1
tweet_00030671	saude202009_n_00142_00000011.jpg	1	1	0	0	-1	0	0	0	-1	24	0	0	0
tweet_00030722	saude202009_n_00143_00000005.jpg	0	2	0	-1	0	0	0	5	0	0	0	-1	0
tweet_00030724	saude202009_n_00143_00000006.jpg	0	1	0	0	0	0	0	14	1	0	0	0	0
tweet_00030725	saude202009_n_00143_00000008.jpg	1	4	0	-1	-2	0	0	0	4	0	1	10	1
tweet_00030734	saude202009_n_00143_00000009.jpg	1	1	0	0	0	0	0	0	0	0	-1	0	1
tweet_00030754	saude202009_n_00144_00000001.jpg	0	1	0	0	0	0	0	7	0	0	0	0	11
tweet_00030760	saude202009_n_00144_00000002.jpg	1	0	-1	-1	-2	0	0	0	0	0	0	2	0
tweet_00030763	saude202009_n_00144_00000003.jpg	1	1	0	0	0	1	0	0	0	13	0	0	0
tweet_00030769	saude202009_n_00144_00000004.jpg	4	1	0	0	0	0	0	0	0	0	0	0	-3
tweet_00030793	saude202009_n_00144_00000007.jpg	1	0	0	0	0	0	0	0	0	7	0	0	0
tweet_00030796	saude202009_n_00144_00000008.jpg	2	1	0	0	0	0	0	0	4	-1	0	2	1
tweet_00030798	saude202009_n_00144_00000009.jpg	4	2	0	0	0	1	9	0	0	2	0	2	0
tweet_00030800	saude202009_n_00144_00000010.jpg	3	-3	0	1	0	2	0	0	0	1	0	0	0
tweet_00030807	saude202009_n_00145_00000001.jpg	0	0	-1	0	0	0	-1	0	0	1	-12	2	0
tweet_00030826	saude202009_n_00145_00000002.jpg	1	1	0	-1	0	0	0	4	0	0	0	0	14
tweet_00030845	saude202009_n_00145_00000003.jpg	1	1	0	0	0	1	0	0	0	14	0	0	0
tweet_00030847	saude202009_n_00145_00000004.png	1	1	0	-1	0	0	0	0	0	11	0	-1	0
tweet_00030852	saude202009_n_00145_00000005.jpg	3	3	0	-1	0	0	0	0	0	-1	1	-3	0
tweet_00030861	saude202009_n_00146_00000001.png	0	2	0	0	0	0	0	0	0	0	0	0	-4
tweet_00030864	saude202009_n_00146_00000002.jpg	1	2	0	0	-1	0	0	0	0	17	0	0	0
tweet_00030865	saude202009_n_00146_00000003.jpg	1	3	0	-1	0	0	0	7	0	0	0	0	12
tweet_00030871	saude202009_n_00146_00000004.png	1	0	-1	0	0	0	0	0	0	0	0	0	-2
tweet_00030907	saude202009_n_00147_00000002.jpg	3	-2	0	2	2	1	0	0	0	10	0	0	-1
tweet_00030928	saude202009_n_00147_00000003.jpg	4	0	0	0	1	0	0	-1	0	0	14	0	0
tweet_00030955	saude202009_n_00148_00000001.jpg	3	0	0	1	1	2	-1	-1	4	0	3	7	1
tweet_00030958	saude202009_n_00148_00000002.jpg	2	-2	0	1	0	1	1	0	0	7	0	1	1
tweet_00030981	saude202009_n_00148_00000004.jpg	1	3	0	-1	0	0	13	0	0	1	0	0	1
tweet_00030982	saude202009_n_00148_00000005.jpg	1	1	0	0	0	1	11	-2	0	0	0	0	1
tweet_00030990	saude202009_n_00148_00000006.jpg	1	0	-1	0	0	0	11	1	1	0	0	0	5
tweet_00031007	saude202009_n_00149_00000002.jpg	1	0	-1	0	0	0	2	1	0	3	0	1	1
tweet_00031015	saude202009_n_00149_00000003.jpg	0	1	0	0	0	0	2	0	0	0	0	0	-3
tweet_00031080	saude202009_n_00151_00000002.jpg	1	-2	0	1	0	0	0	0	0	26	0	0	0
tweet_00031083	saude202009_n_00151_00000004.jpg	0	0	0	-1	0	0	2	0	15	1	0	-2	-3
tweet_00031089	saude202009_n_00151_00000005.jpg	1	-2	0	1	1	0	0	0	0	10	0	0	0
tweet_00031107	saude202009_n_00152_00000001.jpg	0	1	0	-1	0	0	3	1	0	-1	0	0	16
tweet_00031112	saude202009_n_00152_00000002.jpg	1	1	0	0	0	0	0	0	0	0	-1	-1	0
tweet_00031121	saude202009_n_00152_00000003.jpg	1	0	0	0	0	0	0	0	0	-1	0	-1	-2
tweet_00031131	saude202009_n_00153_00000001.jpg	1	-1	0	2	2	1	0	0	0	23	0	1	0
tweet_00031145	saude202009_n_00153_00000002.jpg	0	0	0	0	0	0	0	0	0	-1	5	1	0
tweet_00031149	saude202009_n_00153_00000003.jpg	1	-2	0	1	0	0	0	0	0	16	0	1	0
tweet_00031203	saude202009_n_00155_00000002.jpg	0	2	0	0	0	0	0	0	8	1	2	11	0
tweet_00031215	saude202009_n_00155_00000004.jpg	1	2	0	0	0	0	0	2	0	0	0	0	0
tweet_00031244	saude202009_n_00157_00000001.jpg	1	-2	0	0	0	0	1	-1	0	5	0	0	0
tweet_00031253	saude202009_n_00158_00000001.jpg	1	2	0	0	0	0	1	0	0	0	0	0	-3
tweet_00031256	saude202009_n_00158_00000002.jpg	1	3	0	0	0	0	0	0	0	0	0	0	-3
tweet_00031259	saude202009_n_00158_00000003.jpg	2	0	0	0	0	0	1	4	0	0	0	0	-1
tweet_00031264	saude202009_n_00159_00000001.jpg	0	2	0	-3	0	0	0	0	0	0	0	0	-1
tweet_00031278	saude202009_n_00159_00000004.jpg	0	2	0	0	0	0	1	0	0	0	0	0	-3
tweet_00031321	saude202009_n_00163_00000001.jpg	1	1	0	0	0	0	9	0	1	2	0	1	0
tweet_00031338	saude202009_n_00164_00000001.jpg	-3	4	1	0	0	0	0	0	0	0	0	0	-3
tweet_00031383	saude202009_n_00170_00000001.jpg	0	2	0	1	0	0	7	1	0	0	0	0	14
tweet_00031409	saude202009_n_00172_00000001.jpg	0	2	0	0	0	0	1	0	0	0	0	0	0
tweet_00031422	saude202009_n_00174_00000001.png	1	2	0	0	-1	0	0	-1	0	0	9	0	0
tweet_00031429	saude202009_n_00175_00000001.jpg	2	1	0	0	0	0	0	0	1	22	0	1	0
tweet_00031436	saude202009_n_00175_00000002.jpg	1	2	0	0	-1	1	0	0	0	17	0	0	0
tweet_00031448	saude202009_n_00176_00000001.jpg	2	2	0	0	-1	1	0	0	0	22	0	0	0
tweet_00031468	saude202009_n_00177_00000001.jpg	0	2	0	0	0	0	0	0	0	15	0	0	0
tweet_00031489	saude202009_n_00179_00000001.jpg	0	1	-1	-1	0	0	15	0	2	0	0	0	3
tweet_00031497	saude202009_n_00180_00000001.jpg	1	1	0	-1	-1	1	0	0	0	1	0	0	0
tweet_00031498	saude202009_n_00180_00000002.jpg	0	2	0	0	0	1	0	0	0	10	0	0	0
tweet_00031508	saude202009_n_00181_00000001.jpg	0	1	-1	0	0	0	0	1	0	0	0	0	0
tweet_00031523	saude202009_n_00183_00000002.jpg	0	-1	0	0	0	0	0	0	0	13	0	0	0
tweet_00031558	saude202009_n_00187_00000002.jpg	1	2	0	0	0	0	0	0	0	16	0	0	0
tweet_00031569	saude202009_n_00187_00000005.jpg	1	2	0	0	-1	0	0	0	0	20	0	0	1
tweet_00031583	saude202009_n_00187_00000008.jpg	0	2	0	0	-1	0	0	0	0	1	0	0	0
tweet_00031593	saude202009_n_00188_00000003.jpg	5	0	0	0	-1	0	0	0	2	0	1	11	1
tweet_00031606	saude202009_n_00188_00000006.jpg	1	1	-1	-1	0	0	0	0	0	1	0	0	-3
tweet_00031627	saude202009_n_00189_00000001.jpg	0	1	0	0	-1	0	0	0	0	0	0	1	0
tweet_00031653	saude202009_n_00189_00000006.png	1	1	0	0	-1	0	0	-1	5	0	1	13	1
tweet_00031656	saude202009_n_00189_00000007.jpg	1	2	0	0	-1	0	0	0	0	1	2	0	0
tweet_00031674	saude202009_n_00189_00000008.jpg	0	3	1	0	0	0	0	0	0	0	0	0	-6
tweet_00031683	saude202009_n_00190_00000001.jpg	5	-2	0	0	1	1	0	0	0	21	0	0	0
tweet_00031689	saude202009_n_00190_00000003.jpg	1	2	0	0	0	0	2	5	0	0	0	0	27
tweet_00031707	saude202009_n_00190_00000005.jpg	1	1	0	0	0	0	0	0	0	0	0	0	-5
tweet_00031717	saude202009_n_00190_00000006.jpg	5	-3	0	-1	2	0	0	0	0	1	0	0	0
tweet_00031737	saude202009_n_00191_00000001.jpg	0	2	0	0	0	1	0	0	0	0	-1	0	-3
tweet_00031781	saude202009_n_00192_00000001.jpg	1	1	0	0	0	0	0	0	3	0	0	6	0
tweet_00031786	saude202009_n_00192_00000002.jpg	1	4	0	-1	0	0	0	0	0	12	0	0	0
tweet_00031798	saude202009_n_00192_00000004.png	1	1	0	0	0	0	0	-1	4	0	1	3	-1
tweet_00031823	saude202009_n_00193_00000003.jpg	1	1	0	0	1	0	0	10	0	0	0	0	15
tweet_00031837	saude202009_n_00193_00000006.jpg	1	3	0	-1	0	0	0	0	0	17	0	1	0
tweet_00031848	saude202009_n_00194_00000002.jpg	1	3	0	-1	0	0	2	3	0	0	0	0	19
tweet_00031859	saude202009_n_00194_00000009.jpg	1	1	0	-1	0	0	2	3	0	0	0	0	21
tweet_00031865	saude202009_n_00194_00000011.jpg	1	1	0	-1	0	1	0	0	1	0	0	0	1
tweet_00031879	saude202009_n_00195_00000001.jpg	1	3	0	0	0	0	0	1	0	0	0	0	-1
tweet_00031894	saude202009_n_00195_00000006.jpg	-1	2	0	0	0	0	0	2	5	0	1	0	0
tweet_00031905	saude202009_n_00195_00000010.jpg	1	1	0	0	-1	0	0	0	0	1	0	-3	-2
tweet_00031910	saude202009_n_00195_00000011.png	1	1	0	0	-1	0	0	0	0	1	0	-1	0
tweet_00031913	saude202009_n_00195_00000012.jpg	0	1	0	0	-1	0	0	0	0	13	0	0	0
tweet_00031963	saude202009_n_00197_00000010.jpg	0	1	0	0	-1	0	0	10	0	1	0	0	0
tweet_00031974	saude202009_n_00197_00000011.jpg	1	1	0	0	-1	0	0	0	7	0	0	1	1
tweet_00032037	saude202009_n_00199_00000004.jpg	1	1	0	0	0	0	0	0	0	8	0	0	0
tweet_00032039	saude202009_n_00200_00000001.jpg	3	-2	0	0	2	1	0	0	0	7	0	0	0
tweet_00032050	saude202009_n_00200_00000005.jpg	1	1	0	-3	0	0	1	-2	1	1	0	4	3
tweet_00032052	saude202009_n_00200_00000008.jpg	1	1	0	-1	0	0	4	0	-3	1	-1	0	10
tweet_00032055	saude202009_n_00201_00000001.jpg	0	1	0	0	0	0	0	3	0	0	0	-1	10
tweet_00032063	saude202009_n_00201_00000002.jpg	1	3	0	0	0	1	0	0	0	0	2	-3	1
tweet_00032077	saude202009_n_00201_00000005.jpg	0	2	1	0	0	0	0	0	0	0	0	0	-3
tweet_00032089	saude202009_n_00202_00000001.jpg	1	1	1	-1	0	1	0	0	0	0	0	-5	-1
tweet_00032104	saude202009_n_00203_00000001.png	1	1	0	-1	0	0	0	0	0	0	0	0	0
tweet_00032108	saude202009_n_00203_00000003.jpg	0	2	0	0	0	0	0	0	0	0	0	0	-3
tweet_00032120	saude202009_n_00204_00000001.jpg	0	2	1	0	-1	0	2	10	3	0	0	0	2
tweet_00032134	saude202009_n_00205_00000001.jpg	0	0	0	0	0	1	0	0	0	0	0	0	-2
tweet_00032155	saude202009_n_00213_00000001.jpg	1	1	0	0	0	0	-2	-1	0	0	0	5	0
tweet_00032161	saude202009_n_00214_00000001.jpg	1	1	0	0	0	0	0	0	0	0	0	0	-5
tweet_00032163	saude202009_n_00215_00000001.jpg	0	2	0	0	-1	0	0	18	0	1	0	1	1
tweet_00032166	saude202009_n_00217_00000001.jpg	3	-3	0	0	1	1	0	0	0	5	0	0	0
tweet_00032171	saude202009_n_00217_00000003.jpg	1	0	0	0	1	1	0	0	0	10	0	0	0
tweet_00032178	saude202009_n_00218_00000001.jpg	3	-1	0	0	2	0	0	0	1	17	0	0	0
tweet_00032179	saude202009_n_00218_00000002.jpg	3	-2	0	0	0	1	0	0	0	3	0	-2	0
tweet_00032181	saude202009_n_00218_00000003.jpg	1	-1	0	0	0	1	0	0	0	9	0	0	0
tweet_00032191	saude202009_n_00223_00000002.jpg	1	-1	0	0	1	1	0	0	0	9	0	0	0
tweet_00032207	saude202009_n_00236_00000001.jpg	0	-1	0	0	1	0	0	0	0	20	0	0	0
tweet_00032229	saude202010_n_00001_00000001.jpg	1	1	-1	0	0	0	0	1	0	0	0	0	-5
tweet_00032230	saude202010_n_00002_00000001.jpg	0	-1	0	0	0	0	11	1	0	0	0	0	23
tweet_00032241	saude202010_n_00003_00000001.jpg	1	-3	0	0	0	1	0	0	0	10	0	0	0
tweet_00032249	saude202010_n_00004_00000002.jpg	0	2	0	-2	0	0	2	4	0	-1	0	0	16
tweet_00032254	saude202010_n_00004_00000004.jpg	1	1	0	0	0	3	1	10	0	0	0	0	19
tweet_00032260	saude202010_n_00007_00000002.jpg	3	-2	2	0	0	0	0	0	0	1	0	0	0
tweet_00032286	saude202010_n_00007_00000005.jpg	1	1	0	1	0	0	0	1	0	0	0	-4	-1
tweet_00032295	saude202010_n_00007_00000006.jpg	1	-1	2	0	0	0	0	0	0	17	0	0	0
tweet_00032297	saude202010_n_00008_00000001.jpg	0	1	0	-1	0	0	0	0	0	0	0	0	-4
tweet_00032305	saude202010_n_00008_00000002.png	1	1	0	0	0	3	0	14	0	0	0	0	16
tweet_00032309	saude202010_n_00008_00000003.jpg	1	-2	2	0	0	0	2	1	0	0	0	0	22
tweet_00032317	saude202010_n_00008_00000004.jpg	2	-1	1	0	0	1	0	0	0	15	0	0	0
tweet_00032330	saude202010_n_00008_00000008.jpg	1	-1	1	0	0	0	0	0	0	10	0	0	0
tweet_00032341	saude202010_n_00008_00000009.jpg	1	7	0	0	0	2	0	12	0	0	0	0	15
tweet_00032378	saude202010_n_00009_00000002.jpg	4	-1	3	0	0	0	0	0	0	9	0	0	0
tweet_00032387	saude202010_n_00009_00000003.jpg	0	1	0	-2	0	0	0	-2	0	0	-17	0	0
tweet_00032388	saude202010_n_00009_00000004.png	1	1	0	0	0	0	0	0	0	7	0	0	0
tweet_00032392	saude202010_n_00009_00000005.jpg	2	-2	4	1	0	0	0	0	0	16	0	0	0
tweet_00032396	saude202010_n_00009_00000006.jpg	1	-1	2	0	0	0	0	0	0	6	0	0	0
tweet_00032404	saude202010_n_00009_00000007.jpg	1	-1	4	0	0	0	0	0	0	15	0	0	0
tweet_00032407	saude202010_n_00009_00000008.jpg	1	-2	0	0	0	0	0	0	0	24	0	0	0
tweet_00032412	saude202010_n_00009_00000010.jpg	1	-1	0	0	0	0	0	0	0	6	0	0	-1
tweet_00032417	saude202010_n_00009_00000012.jpg	1	-1	2	0	0	0	0	0	0	5	0	0	0
tweet_00032435	saude202010_n_00010_00000004.jpg	1	1	0	0	0	1	0	0	0	0	0	0	-1
tweet_00032456	saude202010_n_00010_00000005.jpg	0	3	0	-1	0	0	1	1	0	-1	0	-2	-2
tweet_00032461	saude202010_n_00010_00000006.jpg	1	-1	0	0	0	0	0	0	0	10	0	0	0
tweet_00032465	saude202010_n_00010_00000007.jpg	1	-1	3	-1	0	0	-1	0	0	0	0	0	-2
tweet_00032494	saude202010_n_00011_00000001.jpg	1	0	0	0	0	0	0	0	0	0	0	-1	-3
tweet_00032497	saude202010_n_00011_00000002.png	0	1	0	0	-1	1	0	0	0	0	0	0	-6
tweet_00032512	saude202010_n_00011_00000003.jpg	1	-1	0	0	0	0	10	2	0	1	0	0	25
tweet_00032546	saude202010_n_00012_00000002.jpg	1	-1	4	0	0	0	0	0	0	19	0	0	0
tweet_00032552	saude202010_n_00012_00000003.jpg	1	-1	0	0	0	0	0	0	0	12	0	0	0
tweet_00032553	saude202010_n_00012_00000004.jpg	1	-1	0	0	0	0	0	0	1	14	0	0	0
tweet_00032556	saude202010_n_00012_00000005.jpg	-1	2	0	0	0	0	0	0	0	1	0	0	0
tweet_00032582	saude202010_n_00012_00000006.jpg	-3	1	0	-1	0	0	0	0	0	0	0	0	-3
tweet_00032601	saude202010_n_00013_00000002.png	3	0	0	0	0	0	1	0	0	0	0	0	-3
tweet_00032625	saude202010_n_00013_00000004.jpg	1	-1	0	0	0	0	0	0	0	3	0	0	0
tweet_00032632	saude202010_n_00013_00000006.jpg	0	1	0	-1	0	1	0	0	0	0	0	0	-4
tweet_00032633	saude202010_n_00013_00000008.jpg	0	1	0	0	0	1	0	0	0	0	0	0	-3
tweet_00032639	saude202010_n_00013_00000009.jpg	-2	0	0	0	0	0	0	0	0	0	0	0	-3
tweet_00032672	saude202010_n_00014_00000001.jpg	1	1	-1	0	0	0	0	0	0	0	0	0	-2
tweet_00032677	saude202010_n_00014_00000005.jpg	1	-1	0	0	0	0	0	0	0	21	0	0	0
tweet_00032683	saude202010_n_00014_00000006.png	0	-1	0	0	0	0	0	4	0	0	0	0	4
tweet_00032702	saude202010_n_00014_00000010.jpg	1	2	2	-1	0	0	0	0	0	6	0	0	0
tweet_00032722	saude202010_n_00015_00000016.jpg	1	1	1	0	0	0	0	0	0	13	0	0	0
tweet_00032724	saude202010_n_00015_00000001.jpg	-1	1	-1	0	0	0	0	0	0	1	0	0	0
tweet_00032726	saude202010_n_00015_00000002.png	1	0	0	0	0	0	0	0	0	0	0	0	-6
tweet_00032729	saude202010_n_00015_00000003.jpg	2	-1	0	-1	0	0	0	5	0	0	0	0	0
tweet_00032742	saude202010_n_00015_00000006.png	0	2	0	0	-1	0	0	0	0	0	-1	0	0
tweet_00032745	saude202010_n_00015_00000007.jpg	1	1	-1	0	1	0	0	0	0	10	0	-2	-1
tweet_00032746	saude202010_n_00015_00000008.jpg	1	0	1	0	0	0	1	1	0	0	0	0	25
tweet_00032753	saude202010_n_00015_00000011.jpg	2	0	0	0	1	0	0	3	0	0	0	0	1
tweet_00032759	saude202010_n_00015_00000014.jpg	0	0	0	0	0	0	0	-3	0	0	-9	0	0
tweet_00032785	saude202010_n_00015_00000017.jpg	2	4	0	-3	0	0	0	3	0	-1	0	0	10
tweet_00032802	saude202010_n_00015_00000020.jpg	1	2	0	0	0	0	0	0	0	15	0	0	0
tweet_00032844	saude202010_n_00016_00000002.jpg	0	-2	1	0	0	0	0	0	0	17	0	0	0
tweet_00032847	saude202010_n_00016_00000003.jpg	1	1	0	0	1	0	0	2	0	-1	0	0	13
tweet_00032852	saude202010_n_00016_00000004.jpg	0	1	0	0	-1	0	0	19	2	0	1	0	0
tweet_00032858	saude202010_n_00017_00000001.jpg	1	-3	2	0	0	0	2	1	0	-1	0	0	23
tweet_00032907	saude202010_n_00017_00000005.jpg	1	-1	0	0	0	0	9	2	0	0	0	0	3
tweet_00032927	saude202010_n_00017_00000007.jpg	2	2	0	-2	0	0	0	1	0	0	-2	-1	0
tweet_00032940	saude202010_n_00018_00000001.jpg	1	-2	1	0	0	0	0	0	0	0	0	-1	-2
tweet_00032968	saude202010_n_00018_00000004.jpg	0	-1	0	0	0	0	0	0	0	1	0	0	0
tweet_00032984	saude202010_n_00018_00000005.jpg	2	-4	1	0	0	0	0	0	0	0	0	0	-2
tweet_00032988	saude202010_n_00018_00000007.jpg	2	-2	1	0	0	0	0	0	0	0	0	0	0
tweet_00033074	saude202010_n_00020_00000001.jpg	1	-1	0	0	0	0	0	0	0	16	0	0	0
tweet_00033094	saude202010_n_00020_00000002.jpg	1	3	0	-1	0	0	0	0	0	-1	0	-1	-1
tweet_00033095	saude202010_n_00020_00000003.jpg	0	-1	3	0	1	0	1	5	0	0	0	0	19
tweet_00033101	saude202010_n_00020_00000004.jpg	4	-3	1	1	0	0	0	0	0	11	0	0	0
tweet_00033109	saude202010_n_00020_00000005.png	1	-2	2	1	0	0	0	0	0	9	0	0	0
tweet_00033134	saude202010_n_00021_00000003.jpg	1	3	0	0	0	0	0	0	0	2	0	0	-1
tweet_00033166	saude202010_n_00021_00000004.jpg	0	-1	0	0	0	0	0	3	0	9	0	1	8
tweet_00033169	saude202010_n_00021_00000005.jpg	1	2	1	0	0	0	0	9	3	1	0	1	0
tweet_00033202	saude202010_n_00022_00000001.jpg	1	2	0	0	0	1	-8	0	-12	1	0	0	0
tweet_00033207	saude202010_n_00022_00000002.jpg	0	1	0	0	0	0	6	0	0	0	0	-1	-1
tweet_00033234	saude202010_n_00022_00000003.jpg	1	0	0	0	0	0	0	0	0	4	0	0	0
tweet_00033245	saude202010_n_00022_00000004.jpg	1	1	0	0	0	1	0	0	0	0	0	-2	0
tweet_00033247	saude202010_n_00022_00000007.jpg	0	6	0	0	-1	0	6	3	0	0	0	0	28
tweet_00033255	saude202010_n_00022_00000008.jpg	4	0	0	0	0	0	0	0	0	17	0	0	0
tweet_00033256	saude202010_n_00022_00000009.jpg	2	0	0	0	0	0	0	0	0	11	0	0	0
tweet_00033261	saude202010_n_00022_00000010.jpg	1	0	0	0	0	0	0	0	0	28	0	0	0
tweet_00033279	saude202010_n_00023_00000001.jpg	-2	1	-1	0	0	0	0	2	0	0	0	0	6
tweet_00033293	saude202010_n_00023_00000003.jpg	1	1	0	0	1	0	0	4	0	0	0	0	14
tweet_00033294	saude202010_n_00023_00000004.jpg	0	2	0	0	1	0	0	0	0	1	0	0	0
tweet_00033307	saude202010_n_00023_00000005.png	0	6	0	0	0	0	1	4	0	0	0	0	10
tweet_00033326	saude202010_n_00024_00000002.jpg	1	0	0	-1	0	0	0	0	0	0	2	1	0
tweet_00033360	saude202010_n_00024_00000003.jpg	1	0	0	0	0	0	0	0	0	8	0	0	0
tweet_00033363	saude202010_n_00024_00000004.jpg	-1	2	0	-1	0	0	0	2	0	0	0	-1	-1
tweet_00033414	saude202010_n_00025_00000002.jpg	0	2	0	-2	0	1	0	0	0	0	0	0	-3
tweet_00033421	saude202010_n_00025_00000003.jpg	6	2	0	0	0	0	0	22	0	0	0	0	11
tweet_00033432	saude202010_n_00026_00000001.jpg	3	1	0	0	0	0	0	2	0	0	0	0	4
tweet_00033437	saude202010_n_00026_00000002.jpg	1	1	2	-1	0	0	1	0	0	1	0	0	0
tweet_00033451	saude202010_n_00026_00000005.jpg	0	0	2	0	0	0	0	0	0	8	0	0	0
tweet_00033455	saude202010_n_00026_00000006.jpg	2	0	0	0	0	0	0	0	0	7	0	0	0
tweet_00033464	saude202010_n_00026_00000007.jpg	1	0	0	-1	-1	1	0	0	0	12	0	0	0
tweet_00033471	saude202010_n_00026_00000008.jpg	1	3	0	0	-1	0	0	0	0	1	0	0	0
tweet_00033476	saude202010_n_00026_00000009.jpg	1	-2	0	1	0	1	15	-1	0	0	0	0	10
tweet_00033485	saude202010_n_00029_00000001.jpg	-1	-1	0	0	0	0	0	1	0	0	0	0	-2
tweet_00033486	saude202010_n_00027_00000003.jpg	1	1	0	0	0	0	0	0	0	0	0	0	2
tweet_00033487	saude202010_n_00027_00000004.jpg	1	1	2	0	0	0	0	0	0	7	0	0	0
tweet_00033492	saude202010_n_00027_00000006.jpg	3	0	1	0	0	0	2	2	0	0	0	0	20
tweet_00033502	saude202010_n_00027_00000008.jpg	2	0	0	0	0	0	0	0	0	0	0	0	1
tweet_00033503	saude202010_n_00027_00000009.jpg	2	2	1	1	-1	0	0	0	0	8	0	0	0
tweet_00033546	saude202010_n_00029_00000002.jpg	1	-2	1	0	1	0	0	0	0	5	0	0	0
tweet_00033557	saude202010_n_00029_00000005.jpg	2	1	1	0	0	0	0	0	0	7	0	0	0
tweet_00033570	saude202010_n_00029_00000006.jpg	0	1	0	0	0	0	2	0	0	0	0	0	-4
tweet_00033581	saude202010_n_00029_00000007.jpg	0	-3	0	0	0	0	0	3	0	0	0	0	0
tweet_00033596	saude202010_n_00030_00000001.jpg	1	0	0	0	0	0	0	0	0	19	0	0	0
tweet_00033598	saude202010_n_00030_00000002.jpg	1	-1	1	0	0	0	0	0	0	10	0	0	0
tweet_00033607	saude202010_n_00030_00000006.jpg	1	0	-1	0	0	0	0	0	0	0	1	0	-1
tweet_00033617	saude202010_n_00030_00000007.jpg	0	2	0	0	0	0	2	5	0	0	0	0	24
tweet_00033655	saude202010_n_00031_00000001.png	1	-1	1	0	0	0	0	0	0	0	0	0	-4
tweet_00033666	saude202010_n_00031_00000002.jpg	-1	-1	1	0	0	0	0	1	0	0	-2	-3	-3
tweet_00033749	saude202010_n_00033_00000001.jpg	-1	1	0	-2	0	0	0	0	0	0	0	0	-4
tweet_00033806	saude202010_n_00035_00000003.jpg	1	-1	0	0	0	0	0	0	0	2	0	0	0
tweet_00033811	saude202010_n_00035_00000004.png	0	0	0	0	0	0	0	0	0	0	0	0	-3
tweet_00033819	saude202010_n_00035_00000005.jpg	-1	1	0	0	0	0	0	0	0	3	0	-3	0
tweet_00033822	saude202010_n_00035_00000006.png	2	1	0	0	0	0	0	0	0	0	0	0	-5
tweet_00033824	saude202010_n_00035_00000007.png	2	1	-1	0	1	0	0	0	0	0	0	0	-3
tweet_00033827	saude202010_n_00035_00000008.jpg	1	9	0	0	0	0	0	5	0	0	0	0	2
tweet_00033829	saude202010_n_00036_00000001.jpg	0	1	0	0	0	0	0	0	-3	2	0	0	-1
tweet_00033836	saude202010_n_00036_00000004.png	2	2	0	0	-1	1	0	1	0	9	0	1	0
tweet_00033891	saude202010_n_00037_00000002.jpg	0	7	0	0	0	1	0	11	0	0	0	0	13
tweet_00033907	saude202010_n_00038_00000002.jpg	1	2	0	0	0	0	0	10	0	0	0	0	21
tweet_00033926	saude202010_n_00038_00000005.jpg	0	2	0	0	0	0	6	1	0	0	0	0	1
tweet_00033949	saude202010_n_00039_00000003.jpg	4	-2	0	1	0	1	0	0	0	19	0	0	0
tweet_00033955	saude202010_n_00039_00000004.jpg	1	0	0	0	0	0	1	2	0	0	0	0	19
tweet_00033963	saude202010_n_00039_00000006.jpg	1	1	0	0	0	1	0	0	0	9	0	0	0
tweet_00033981	saude202010_n_00039_00000010.jpg	0	2	0	0	0	0	0	14	0	0	0	0	8
tweet_00033989	saude202010_n_00040_00000003.jpg	1	2	0	0	0	0	0	16	0	0	0	0	11
tweet_00033997	saude202010_n_00040_00000004.jpg	-1	2	0	0	1	0	0	4	0	0	0	0	8
tweet_00033998	saude202010_n_00040_00000005.jpg	0	3	0	0	0	0	0	1	0	5	0	0	0
tweet_00034026	saude202010_n_00042_00000001.jpg	-2	1	0	0	-1	0	0	0	0	0	0	-1	0
tweet_00034043	saude202010_n_00042_00000002.png	0	1	0	0	0	0	0	1	0	0	0	0	-2
tweet_00034058	saude202010_n_00043_00000001.png	1	-2	1	0	0	0	0	0	0	15	0	0	0
tweet_00034060	saude202010_n_00043_00000002.jpg	1	-3	0	0	0	0	0	0	0	0	0	0	0
tweet_00034072	saude202010_n_00043_00000003.jpg	0	2	0	0	0	0	1	6	0	0	0	0	21
tweet_00034081	saude202010_n_00043_00000004.jpg	-1	2	0	0	-1	0	0	3	2	0	0	0	0
tweet_00034092	saude202010_n_00043_00000006.jpg	0	2	0	0	0	0	0	9	0	0	0	0	12
tweet_00034116	saude202010_n_00045_00000001.png	0	2	0	0	0	0	0	0	0	4	0	0	0
tweet_00034133	saude202010_n_00045_00000003.jpg	1	1	0	0	0	0	0	0	0	1	0	-6	-3
tweet_00034139	saude202010_n_00046_00000001.png	1	2	0	0	2	0	0	11	0	5	0	1	0
tweet_00034152	saude202010_n_00046_00000002.jpg	0	2	0	0	0	0	0	8	0	0	0	0	14
tweet_00034171	saude202010_n_00046_00000003.jpg	0	2	0	1	0	0	0	9	0	0	0	0	14
tweet_00034189	saude202010_n_00047_00000002.jpg	1	1	0	0	-1	0	0	0	0	5	0	0	0
tweet_00034194	saude202010_n_00047_00000003.jpg	0	-1	0	0	0	0	2	5	0	0	0	0	24
tweet_00034207	saude202010_n_00047_00000004.jpg	1	1	0	0	-1	0	0	0	0	12	0	0	0
tweet_00034208	saude202010_n_00048_00000001.jpg	1	3	0	0	0	0	0	6	0	0	0	0	15
tweet_00034216	saude202010_n_00048_00000003.jpg	-1	1	0	0	0	1	0	0	0	0	0	0	-5
tweet_00034252	saude202010_n_00050_00000002.png	0	2	0	0	0	0	0	1	0	0	-1	-1	-3
tweet_00034262	saude202010_n_00050_00000003.jpg	1	2	0	-1	0	0	0	2	0	1	0	0	0
tweet_00034312	saude202010_n_00052_00000001.jpg	-2	0	0	0	1	0	0	0	0	0	0	0	-2
tweet_00034314	saude202010_n_00052_00000005.jpg	1	-2	2	1	0	1	0	0	0	10	0	0	0
tweet_00034337	saude202010_n_00052_00000006.jpg	-1	1	0	0	0	0	0	2	0	1	0	0	0
tweet_00034350	saude202010_n_00052_00000007.jpg	3	1	0	-1	0	0	0	-1	0	13	0	0	0
tweet_00034363	saude202010_n_00053_00000002.jpg	1	2	0	0	0	1	0	9	0	0	0	1	2
tweet_00034368	saude202010_n_00053_00000004.jpg	-1	3	0	0	0	0	0	1	0	0	0	0	-3
tweet_00034379	saude202010_n_00054_00000001.jpg	1	-2	1	0	0	1	0	0	0	0	0	-1	-2
tweet_00034410	saude202010_n_00057_00000001.jpg	-2	1	0	0	0	0	0	3	0	0	0	1	0
tweet_00034415	saude202010_n_00057_00000002.jpg	1	2	0	0	0	0	0	16	0	0	0	0	9
tweet_00034430	saude202010_n_00060_00000001.jpg	0	1	0	0	0	0	0	0	0	0	0	-2	-1
tweet_00034453	saude202010_n_00060_00000002.jpg	-1	-1	0	-1	3	1	0	5	0	0	0	0	6
tweet_00034458	saude202010_n_00060_00000006.jpg	0	-3	3	0	-1	1	0	0	0	7	0	-1	0
tweet_00034476	saude202010_n_00061_00000001.jpg	0	2	0	0	0	1	0	0	0	0	0	0	12
tweet_00034478	saude202010_n_00061_00000003.jpg	2	0	0	-1	0	0	2	3	0	-1	0	0	27
tweet_00034513	saude202010_n_00062_00000001.jpg	1	2	0	-1	0	0	1	10	0	0	0	0	20
tweet_00034547	saude202010_n_00062_00000002.jpg	1	3	0	0	0	0	0	0	0	0	0	0	-2
tweet_00034557	saude202010_n_00063_00000001.jpg	1	-2	3	0	1	0	0	0	0	6	0	0	0
tweet_00034581	saude202010_n_00063_00000002.jpg	4	-4	1	0	0	1	0	0	0	0	0	-1	-1
tweet_00034628	saude202010_n_00064_00000001.jpg	-2	-1	1	0	0	0	0	0	0	9	0	0	0
tweet_00034643	saude202010_n_00065_00000001.jpg	2	-3	0	0	0	1	0	2	0	0	0	0	-2
tweet_00034677	saude202010_n_00066_00000002.jpg	0	2	1	0	1	0	0	1	0	1	-1	-1	-4
tweet_00034694	saude202010_n_00066_00000003.jpg	1	1	0	0	0	0	0	4	0	0	0	0	10
tweet_00034749	saude202010_n_00067_00000004.jpg	2	2	-1	0	-1	1	0	3	0	12	0	1	-1
tweet_00034782	saude202010_n_00068_00000001.jpg	1	-4	1	0	0	1	0	0	0	12	0	0	0
tweet_00034804	saude202010_n_00069_00000002.jpg	-1	1	0	-1	0	2	0	0	0	0	0	0	-4
tweet_00034807	saude202010_n_00069_00000003.jpg	1	-2	1	0	0	1	0	0	0	2	0	0	-1
tweet_00034810	saude202010_n_00069_00000004.jpg	1	3	0	0	0	0	0	2	0	12	0	0	0
tweet_00034858	saude202010_n_00070_00000001.jpg	3	-3	2	0	0	1	0	0	0	11	0	0	0
tweet_00034869	saude202010_n_00070_00000002.jpg	0	4	0	-1	0	0	5	0	0	0	-1	0	2
tweet_00034883	saude202010_n_00071_00000001.png	2	-2	0	0	0	1	0	1	0	5	0	0	0
tweet_00034894	saude202010_n_00071_00000003.png	1	-2	4	0	0	0	0	0	0	2	0	-1	-1
tweet_00034921	saude202010_n_00072_00000001.jpg	1	-3	3	1	0	1	0	2	0	-1	0	-1	-2
tweet_00034926	saude202010_n_00072_00000002.jpg	0	-1	0	0	0	0	0	0	0	-1	0	0	-3
tweet_00034944	saude202010_n_00072_00000004.jpg	2	1	0	0	0	0	0	0	0	16	0	0	0
tweet_00034971	saude202010_n_00073_00000001.jpg	-1	-1	1	0	0	0	0	0	0	0	0	0	-3
tweet_00034972	saude202010_n_00073_00000002.jpg	-1	0	1	0	0	0	0	0	0	0	0	1	6
tweet_00034983	saude202010_n_00074_00000001.jpg	-1	1	1	0	1	0	0	0	0	-1	0	0	5
tweet_00034992	saude202010_n_00074_00000005.jpg	0	0	0	0	0	1	0	0	0	0	0	0	-1
tweet_00034993	saude202010_n_00074_00000008.jpg	-1	0	0	0	1	0	0	0	0	0	0	0	-4
tweet_00034996	saude202010_n_00074_00000009.jpg	1	-1	1	0	0	0	0	0	0	12	0	0	0
tweet_00035035	saude202010_n_00075_00000001.jpg	1	-3	0	0	0	0	0	5	0	0	0	0	3
tweet_00035041	saude202010_n_00075_00000002.jpg	1	1	0	-1	0	0	0	14	0	0	0	0	10
tweet_00035046	saude202010_n_00075_00000004.jpg	1	1	0	0	0	0	0	0	0	15	0	0	0
tweet_00035082	saude202010_n_00076_00000002.jpg	1	0	0	0	-1	0	0	2	0	-1	0	-1	11
tweet_00035093	saude202010_n_00076_00000004.png	0	0	2	0	2	0	0	0	0	0	0	0	-4
tweet_00035143	saude202010_n_00078_00000001.jpg	1	0	0	0	0	2	0	0	9	0	-1	3	0
tweet_00035148	saude202010_n_00078_00000002.jpg	0	2	0	0	0	0	5	0	9	1	0	2	1
tweet_00035183	saude202010_n_00079_00000001.jpg	1	-2	0	0	0	1	2	0	0	3	0	0	0
tweet_00035189	saude202010_n_00079_00000003.jpg	1	2	0	0	0	0	0	0	0	1	0	0	-4
tweet_00035212	saude202010_n_00080_00000002.jpg	-1	3	0	-1	1	0	0	2	0	0	0	-1	6
tweet_00035234	saude202010_n_00081_00000001.jpg	0	2	0	0	1	0	0	0	0	0	0	0	-4
tweet_00035283	saude202010_n_00082_00000001.jpg	0	1	0	-1	0	0	0	2	0	2	0	0	3
tweet_00035309	saude202010_n_00083_00000002.jpg	-1	4	0	0	0	0	0	2	0	0	0	-1	7
tweet_00035334	saude202010_n_00084_00000001.jpg	1	0	-1	0	1	1	0	0	0	10	0	0	0
tweet_00035347	saude202010_n_00085_00000001.jpg	1	3	1	0	0	1	0	4	0	0	0	0	0
tweet_00035400	saude202010_n_00089_00000001.jpg	1	1	-1	0	0	0	0	0	0	14	0	0	0
tweet_00035406	saude202010_n_00089_00000002.jpg	3	-1	2	0	1	0	0	0	0	10	0	0	0
tweet_00035431	saude202010_n_00090_00000001.jpg	0	0	0	-1	1	0	0	0	0	0	0	0	-3
tweet_00035439	saude202010_n_00090_00000002.jpg	0	2	0	0	0	0	1	0	0	-1	0	0	4
tweet_00035479	saude202010_n_00091_00000001.jpg	0	1	0	-1	0	0	0	0	0	0	-22	-2	0
tweet_00035484	saude202010_n_00093_00000001.jpg	1	1	0	-2	0	0	0	1	0	0	-2	-1	-3
tweet_00035486	saude202010_n_00094_00000001.jpg	-1	4	0	0	0	0	0	0	0	0	0	0	-1
tweet_00035487	saude202010_n_00094_00000002.jpg	0	0	0	-1	0	1	0	0	0	0	0	0	-5
tweet_00035490	saude202010_n_00094_00000003.jpg	0	-2	-1	0	0	0	0	0	0	26	0	0	0
tweet_00035513	saude202010_n_00095_00000001.jpg	1	2	0	0	0	1	5	0	0	0	0	-1	-5
tweet_00035533	saude202010_n_00096_00000001.jpg	1	0	-1	0	2	1	1	-2	0	1	0	-1	0
tweet_00035563	saude202010_n_00097_00000002.jpg	3	-1	2	0	0	0	1	2	0	0	0	0	10
tweet_00035567	saude202010_n_00100_00000001.jpg	1	2	1	-1	0	1	0	1	0	1	0	0	2
tweet_00035599	saude202010_n_00103_00000001.jpg	0	2	0	0	0	0	0	0	0	0	0	0	-1
tweet_00035627	saude202010_n_00104_00000001.jpg	1	-2	0	0	0	0	0	0	7	-1	1	2	1
tweet_00035629	saude202010_n_00104_00000002.jpg	0	1	0	0	0	0	0	0	0	0	0	0	-6
tweet_00035638	saude202010_n_00104_00000003.jpg	1	0	2	0	0	1	0	0	0	1	0	0	0
tweet_00035639	saude202010_n_00104_00000004.jpg	1	1	0	0	0	0	11	0	0	-1	0	0	21
tweet_00035653	saude202010_n_00104_00000005.jpg	-1	1	0	-1	0	0	0	0	0	1	0	0	2
tweet_00035662	saude202010_n_00105_00000001.jpg	1	0	-1	0	-1	0	0	0	0	14	0	0	0
tweet_00035675	saude202010_n_00105_00000004.jpg	1	-1	0	0	0	0	11	-2	0	1	0	-1	0
tweet_00035690	saude202010_n_00106_00000001.jpg	1	1	0	0	0	0	0	1	0	0	0	0	2
tweet_00035692	saude202010_n_00106_00000002.png	1	1	0	-2	0	0	0	13	0	0	0	0	3
tweet_00035697	saude202010_n_00106_00000003.jpg	1	2	1	0	0	0	0	9	0	0	0	-1	6
tweet_00035751	saude202010_n_00108_00000002.jpg	1	-2	4	1	0	0	0	7	0	0	0	0	9
tweet_00035773	saude202010_n_00110_00000001.jpg	2	-2	0	0	0	0	0	0	0	0	0	-1	0
tweet_00035793	saude202010_n_00110_00000002.jpg	0	1	0	-1	0	0	0	-1	0	0	-11	1	0
tweet_00035839	saude202010_n_00112_00000002.jpg	1	1	0	-1	0	0	0	0	0	0	0	0	-4
tweet_00035844	saude202010_n_00112_00000005.jpg	1	-1	0	0	0	0	1	0	0	0	0	0	0
tweet_00035872	saude202010_n_00115_00000002.jpg	1	3	1	-1	0	0	0	5	0	0	0	0	0
tweet_00035884	saude202010_n_00114_00000001.jpg	1	1	1	-1	0	0	0	0	0	0	0	0	-2
tweet_00035890	saude202010_n_00115_00000001.jpg	1	-2	1	0	0	0	0	1	0	0	0	0	3
tweet_00035895	saude202010_n_00115_00000003.jpg	0	0	1	0	0	0	0	1	0	1	0	0	2
tweet_00035921	saude202010_n_00116_00000001.jpg	0	1	0	0	0	0	0	2	0	0	0	0	0
tweet_00035973	saude202010_n_00120_00000002.jpg	-1	1	0	-1	0	0	0	0	0	0	0	0	-1
tweet_00036023	saude202010_n_00126_00000001.jpg	1	0	0	1	0	0	0	1	0	0	0	0	-1
tweet_00036068	saude202010_n_00128_00000001.jpg	1	1	0	-1	0	0	0	0	0	0	0	-1	-2
tweet_00036089	saude202010_n_00134_00000001.png	0	1	0	-1	0	0	0	0	0	0	0	0	-5
tweet_00036104	saude202010_n_00136_00000001.png	0	1	0	-1	0	0	0	0	0	0	0	-2	-1
tweet_00036110	saude202010_n_00136_00000002.jpg	1	1	0	-1	0	0	0	0	0	0	0	-3	-1
tweet_00036126	saude202010_n_00137_00000001.jpg	0	1	0	-2	0	0	0	0	0	0	0	0	3
tweet_00036189	saude202010_n_00139_00000001.jpg	1	1	0	-1	0	0	0	0	1	16	0	0	0
tweet_00036194	saude202010_n_00139_00000002.jpg	-1	-2	0	0	0	0	0	3	0	0	0	0	0
tweet_00036233	saude202010_n_00142_00000001.png	-2	1	0	0	0	0	0	1	0	0	0	0	-2
tweet_00036245	saude202010_n_00143_00000001.jpg	-2	1	0	0	0	0	0	0	0	0	0	0	-5
tweet_00036261	saude202010_n_00144_00000001.jpg	0	1	-1	0	-2	0	2	3	0	1	0	0	16
tweet_00036262	saude202010_n_00144_00000002.jpg	1	1	0	0	0	0	-1	0	2	0	0	0	0
tweet_00036263	saude202010_n_00144_00000004.jpg	1	0	0	0	0	0	0	0	0	11	0	0	1
tweet_00036265	saude202010_n_00144_00000008.jpg	1	0	-1	0	0	0	13	0	0	1	0	1	0
tweet_00036266	saude202010_n_00144_00000009.jpg	1	0	0	-1	0	0	4	0	0	0	0	2	1
tweet_00036269	saude202010_n_00144_00000010.jpg	1	1	0	0	0	0	17	0	0	0	0	1	1
tweet_00036271	saude202010_n_00144_00000011.jpg	1	1	0	0	0	1	0	0	0	4	0	0	1
tweet_00036273	saude202010_n_00144_00000015.jpg	1	1	0	0	0	1	1	0	0	2	0	1	0
tweet_00036274	saude202010_n_00144_00000017.jpg	1	1	-1	-2	0	0	20	0	1	2	0	4	2
tweet_00036278	saude202010_n_00144_00000019.jpg	1	1	0	0	0	0	43	0	1	0	0	3	2
tweet_00036285	saude202010_n_00144_00000020.jpg	1	1	-1	-4	0	1	0	0	1	0	0	6	0
tweet_00036293	saude202010_n_00146_00000001.jpg	1	-1	0	-1	0	1	0	0	0	0	0	0	-3
tweet_00036311	saude202010_n_00148_00000002.jpg	0	2	0	-1	0	0	0	0	0	1	0	0	0
tweet_00036342	saude202010_n_00150_00000001.jpg	1	-1	0	0	1	0	0	0	0	0	-2	-1	3
tweet_00036384	saude202010_n_00152_00000001.jpg	0	3	0	0	0	0	0	1	0	1	0	0	-1
tweet_00036396	saude202010_n_00155_00000002.jpg	1	0	2	2	2	1	0	3	0	0	0	0	6
tweet_00036435	saude202010_n_00161_00000001.jpg	0	-1	0	0	1	0	4	0	0	0	0	0	3
tweet_00036447	saude202010_n_00161_00000002.jpg	1	-2	0	1	2	0	0	0	0	7	0	0	0
tweet_00036458	saude202010_n_00187_00000001.png	0	0	0	4	2	1	0	0	0	4	0	0	0
tweet_00036462	saude202010_n_00163_00000001.jpg	-1	-1	2	0	0	0	0	0	0	0	0	0	-3
tweet_00036463	saude202010_n_00163_00000002.png	0	-2	0	0	0	0	0	0	0	7	0	0	0
tweet_00036468	saude202010_n_00164_00000001.jpg	0	-1	0	0	0	0	0	1	0	-1	0	0	6
tweet_00036483	saude202010_n_00165_00000001.jpg	-1	-2	0	0	2	0	0	1	0	0	-1	-1	-2
tweet_00036491	saude202010_n_00165_00000003.jpg	0	-2	0	0	1	0	4	0	0	0	0	0	-3
tweet_00036546	saude202010_n_00169_00000001.jpg	1	-3	0	0	0	0	0	0	0	15	0	0	0
tweet_00036562	saude202010_n_00171_00000001.jpg	1	-1	0	1	0	0	0	0	0	0	0	0	0
tweet_00036585	saude202010_n_00174_00000001.jpg	1	-3	0	0	0	0	0	2	0	8	0	0	-1
tweet_00036588	saude202010_n_00174_00000002.jpg	0	-1	0	-1	0	0	0	0	0	0	0	-1	-5
tweet_00036597	saude202010_n_00176_00000001.jpg	1	-1	0	1	1	0	0	0	0	21	0	0	0
tweet_00036605	saude202010_n_00176_00000002.jpg	2	-2	0	0	0	0	2	4	0	0	0	0	26
tweet_00036647	saude202010_n_00181_00000004.jpg	-2	-2	1	0	2	0	0	3	0	0	0	0	-1
tweet_00036649	saude202010_n_00181_00000007.jpg	1	0	-1	0	0	0	4	2	0	-1	0	0	25
tweet_00036658	saude202010_n_00182_00000001.png	-1	-1	0	1	0	0	0	3	0	8	0	0	4
tweet_00036718	saude202010_n_00184_00000001.jpg	1	1	0	0	-1	0	0	0	0	0	0	0	3
tweet_00036719	saude202010_n_00184_00000002.jpg	1	-2	0	-1	1	0	0	4	0	0	0	-2	-2
tweet_00036731	saude202010_n_00185_00000001.jpg	-1	-1	0	1	1	2	0	0	0	5	0	0	0
tweet_00036744	saude202010_n_00185_00000002.jpg	1	-1	0	2	2	1	0	0	0	3	0	0	0
tweet_00036752	saude202010_n_00186_00000001.jpg	1	-1	1	1	1	0	0	2	0	1	0	0	0
tweet_00036754	saude202010_n_00186_00000002.jpg	0	-1	0	2	1	0	0	0	-1	9	0	-2	0
tweet_00036761	saude202010_n_00186_00000004.png	4	0	0	0	0	0	0	0	0	0	0	0	1
tweet_00036785	saude202010_n_00187_00000003.jpg	-1	0	0	1	1	0	0	0	0	4	0	1	0
tweet_00036788	saude202010_n_00187_00000004.jpg	0	-1	0	1	1	0	0	0	0	5	0	0	0
tweet_00036810	saude202010_n_00187_00000005.jpg	-1	2	0	0	0	0	0	10	0	0	0	1	0
tweet_00036815	saude202010_n_00188_00000001.jpg	0	-1	0	1	2	0	1	0	0	0	0	0	0
tweet_00036848	saude202010_n_00188_00000002.jpg	1	1	0	0	-1	0	0	0	0	1	0	0	0
tweet_00036865	saude202010_n_00189_00000001.jpg	1	-1	0	0	3	0	0	0	0	0	0	0	-4
tweet_00036887	saude202010_n_00189_00000003.jpg	-2	1	0	0	0	0	0	2	1	0	0	0	0
tweet_00036926	saude202010_n_00190_00000003.jpg	0	-1	0	0	2	0	0	0	-4	0	0	0	-1
tweet_00036959	saude202010_n_00191_00000001.jpg	1	3	0	0	-1	0	0	-1	2	0	8	1	0
tweet_00036968	saude202010_n_00191_00000002.jpg	1	0	1	0	2	0	0	2	3	0	0	1	0
tweet_00036986	saude202010_n_00192_00000001.jpg	1	1	1	0	3	0	2	0	0	0	0	0	0
tweet_00037008	saude202010_n_00192_00000002.jpg	-1	1	0	0	3	0	0	0	0	0	0	0	-1
tweet_00037032	saude202010_n_00193_00000002.jpg	0	2	0	-2	0	0	0	0	0	0	0	0	-2
tweet_00037072	saude202010_n_00194_00000002.png	0	1	0	0	0	0	0	0	0	0	0	0	-4
tweet_00037073	saude202010_n_00194_00000003.jpg	1	1	0	0	0	2	0	0	0	3	0	-1	0
tweet_00037098	saude202010_n_00195_00000001.jpg	2	0	-1	0	0	4	0	0	0	0	0	0	-6
tweet_00037116	saude202010_n_00195_00000002.jpg	2	3	0	0	-1	0	0	0	0	22	0	0	0
tweet_00037148	saude202010_n_00196_00000001.jpg	0	-3	0	0	0	0	0	1	0	0	0	-1	2
tweet_00037227	saude202010_n_00198_00000001.jpg	1	-2	0	0	0	1	1	0	0	-1	0	0	-1
tweet_00037263	saude202010_n_00199_00000001.jpg	1	-1	0	0	0	0	0	0	0	7	0	-1	0
tweet_00037270	saude202010_n_00199_00000003.jpg	0	2	1	-1	0	0	0	0	0	0	0	-1	-4
tweet_00037286	saude202010_n_00199_00000006.jpg	0	0	0	0	0	0	0	0	3	-1	0	0	-1
tweet_00037298	saude202010_n_00200_00000002.jpg	-1	-2	0	0	0	0	0	2	0	-1	0	0	3
tweet_00037301	saude202010_n_00200_00000003.jpg	-1	0	-1	0	0	1	1	0	0	0	0	0	-3
tweet_00037311	saude202010_n_00200_00000004.jpg	0	0	0	0	0	0	0	4	0	0	0	0	0
tweet_00037316	saude202010_n_00200_00000005.png	1	0	0	1	0	0	0	0	0	0	0	0	-1
tweet_00037347	saude202010_n_00201_00000002.jpg	3	0	0	0	0	0	0	0	0	0	0	0	-2
tweet_00037349	saude202010_n_00201_00000003.jpg	1	-1	1	0	0	0	1	0	0	27	0	1	1
tweet_00037352	saude202010_n_00202_00000001.jpg	2	0	0	0	1	1	1	0	0	1	0	0	-1
tweet_00037365	saude202010_n_00202_00000002.jpg	1	-1	1	-1	0	0	9	0	0	0	0	0	1
tweet_00037391	saude202010_n_00203_00000002.jpg	1	-1	0	-1	0	0	0	-1	0	0	-7	0	0
tweet_00037392	saude202010_n_00204_00000001.jpg	0	-1	1	-2	0	2	0	0	0	0	0	-1	-5
tweet_00037427	saude202010_n_00206_00000001.jpg	1	3	0	0	0	0	0	0	0	22	0	1	0
tweet_00037434	saude202010_n_00206_00000005.jpg	0	0	0	0	0	0	0	0	0	0	0	-1	2
tweet_00037468	saude202010_n_00208_00000001.jpg	-1	0	0	-1	1	-1	0	0	0	0	-14	0	-1
tweet_00037474	saude202010_n_00208_00000002.jpg	-1	2	0	0	0	0	0	0	0	0	0	-1	-2
tweet_00037481	saude202010_n_00208_00000003.jpg	1	3	-1	0	0	1	1	0	0	14	0	2	0
tweet_00037491	saude202010_n_00208_00000004.jpg	1	1	0	0	0	0	0	0	0	9	0	0	0
tweet_00037516	saude202010_n_00209_00000001.jpg	1	1	0	0	0	0	0	0	-1	2	0	1	-1
tweet_00037528	saude202010_n_00209_00000002.png	1	4	0	2	0	0	0	0	0	9	0	0	0
tweet_00037533	saude202010_n_00209_00000003.png	1	-1	3	0	0	0	0	0	0	21	0	0	0
tweet_00037559	saude202010_n_00209_00000005.jpg	1	1	0	0	0	0	0	0	0	1	0	0	-1
tweet_00037578	saude202010_n_00210_00000001.jpg	-1	1	0	0	1	0	0	0	0	0	0	0	-5
tweet_00037586	saude202010_n_00210_00000003.jpg	0	1	0	0	2	0	0	2	0	-1	0	0	-1
tweet_00037587	saude202010_n_00210_00000004.jpg	1	1	0	0	2	0	0	0	0	6	0	0	-1
tweet_00037610	saude202010_n_00211_00000001.jpg	1	1	-1	0	0	0	1	0	0	0	0	0	10
tweet_00037624	saude202010_n_00211_00000002.jpg	1	1	-1	0	0	0	0	0	0	0	5	6	0
tweet_00037630	saude202010_n_00211_00000003.jpg	0	2	0	0	0	0	0	0	0	29	0	0	0
tweet_00037658	saude202010_n_00212_00000001.jpg	-3	2	0	-1	-1	0	0	3	0	0	0	0	-1
tweet_00037681	saude202010_n_00212_00000002.jpg	0	2	0	0	0	1	0	2	0	0	0	0	-1
tweet_00037703	saude202010_n_00213_00000001.jpg	1	1	0	0	1	0	0	0	0	0	0	-1	0
tweet_00037709	saude202010_n_00213_00000002.jpg	2	1	0	0	0	0	0	1	0	0	0	-1	-1
tweet_00037711	saude202010_n_00213_00000003.jpg	0	0	0	0	0	2	0	0	0	0	0	0	-4
tweet_00037717	saude202010_n_00213_00000004.jpg	1	0	0	0	2	1	5	0	0	2	0	0	0
tweet_00037719	saude202010_n_00213_00000005.jpg	-1	3	0	0	0	0	0	0	0	0	0	0	-4
tweet_00037736	saude202010_n_00214_00000001.jpg	0	2	0	0	0	1	0	0	0	9	0	0	0
tweet_00037747	saude202010_n_00214_00000002.jpg	-2	1	0	0	0	0	0	0	0	0	0	0	-3
tweet_00037788	saude202010_n_00215_00000001.jpg	0	1	0	0	0	1	0	1	2	-1	0	0	-2
tweet_00037792	saude202010_n_00234_00000001.jpg	0	1	0	0	0	0	0	13	0	0	0	0	12
tweet_00037806	saude202010_n_00215_00000003.jpg	-1	2	0	0	0	0	0	9	0	0	0	1	0
tweet_00037807	saude202010_n_00215_00000004.jpg	1	-1	0	0	0	3	0	0	1	0	1	8	0
tweet_00037815	saude202010_n_00215_00000005.png	2	1	0	0	0	0	1	5	0	0	0	0	16
tweet_00037819	saude202010_n_00216_00000001.jpg	1	2	0	-1	0	0	1	0	0	21	0	1	0
tweet_00037844	saude202010_n_00216_00000002.jpg	1	1	0	0	0	0	1	0	0	-1	0	0	-2
tweet_00037845	saude202010_n_00216_00000003.jpg	1	-2	0	0	1	0	0	0	0	29	0	0	0
tweet_00037854	saude202010_n_00216_00000004.jpg	0	2	0	0	-1	0	5	0	0	0	0	0	23
tweet_00037859	saude202010_n_00217_00000001.jpg	-1	2	0	-1	0	0	0	1	0	0	-2	-1	-4
tweet_00037875	saude202010_n_00217_00000002.jpg	0	2	0	-1	0	0	0	1	7	0	0	0	0
tweet_00037887	saude202010_n_00217_00000003.jpg	1	2	0	0	0	0	0	0	0	9	0	0	-1
tweet_00037893	saude202010_n_00218_00000001.jpg	1	0	-1	-2	0	0	0	0	0	0	0	0	-3
tweet_00037912	saude202010_n_00219_00000002.png	1	-2	0	0	0	0	0	1	0	0	0	0	-1
tweet_00037931	saude202010_n_00221_00000002.jpg	1	1	0	0	0	0	1	11	0	0	0	0	20
tweet_00037936	saude202010_n_00221_00000003.jpg	1	1	1	1	1	0	0	1	0	0	-2	-3	0
tweet_00037948	saude202010_n_00222_00000002.jpg	0	1	0	-1	0	0	0	2	4	0	1	0	0
tweet_00037976	saude202010_n_00222_00000005.jpg	0	1	-1	-2	0	0	0	7	0	-1	0	0	1
tweet_00038022	saude202010_n_00223_00000002.jpg	1	1	0	0	0	0	0	0	16	0	1	9	0
tweet_00038037	saude202010_n_00223_00000004.jpg	2	0	0	-1	0	1	1	0	0	0	0	2	0
tweet_00038065	saude202010_n_00224_00000001.jpg	0	1	0	-1	0	0	0	10	0	1	0	0	1
tweet_00038069	saude202010_n_00224_00000002.jpg	-1	3	0	0	0	0	0	0	0	0	0	0	2
tweet_00038083	saude202010_n_00224_00000003.png	1	1	0	-2	0	2	0	0	0	5	0	0	0
tweet_00038084	saude202010_n_00224_00000004.jpg	-1	0	0	0	0	2	0	0	0	0	0	0	-2
tweet_00038092	saude202010_n_00224_00000005.jpg	1	1	0	0	0	1	0	0	0	16	0	0	0
tweet_00038098	saude202010_n_00224_00000007.jpg	2	0	-1	-1	0	0	21	0	1	1	0	0	6
tweet_00038115	saude202010_n_00225_00000001.jpg	0	1	0	0	1	0	0	0	0	9	0	-3	-1
tweet_00038117	saude202010_n_00225_00000002.jpg	3	0	0	0	0	0	0	0	0	0	-1	-1	-4
tweet_00038170	saude202010_n_00226_00000001.jpg	0	2	0	0	-1	0	0	0	0	2	0	-1	0
tweet_00038181	saude202010_n_00227_00000001.jpg	1	1	0	0	0	0	0	0	0	0	0	0	-5
tweet_00038215	saude202010_n_00228_00000004.jpg	1	1	0	-1	0	1	13	1	0	5	0	0	-1
tweet_00038232	saude202010_n_00229_00000001.jpg	1	1	0	-1	0	0	4	0	0	0	0	0	0
tweet_00038267	saude202010_n_00231_00000002.jpg	1	1	0	0	1	0	1	0	0	26	0	1	1
tweet_00038290	saude202010_n_00233_00000002.jpg	5	1	0	0	1	1	0	0	0	16	0	-1	0
tweet_00038321	saude202010_n_00235_00000003.jpg	0	1	0	0	0	0	0	0	0	0	0	0	-1
tweet_00038340	saude202010_n_00236_00000003.jpg	2	1	0	0	1	0	1	11	0	0	0	0	20
tweet_00038360	saude202010_n_00237_00000002.jpg	3	-2	2	-1	0	0	0	0	0	1	0	0	-1
tweet_00038379	saude202010_n_00237_00000004.jpg	3	-2	0	0	0	0	0	1	0	1	0	0	-1
tweet_00038383	saude202010_n_00237_00000005.jpg	1	2	-1	0	1	0	0	0	0	24	0	0	0
tweet_00038409	saude202010_n_00238_00000003.png	3	-2	1	-1	0	1	0	0	0	0	0	0	-1
tweet_00038420	saude202010_n_00239_00000003.jpg	1	1	0	0	0	0	0	-1	0	2	0	0	0
tweet_00038424	saude202010_n_00239_00000004.jpg	1	1	0	0	1	0	0	0	0	25	0	1	1
tweet_00038446	saude202010_n_00240_00000002.jpg	1	1	-1	0	0	0	0	0	0	8	0	-3	-1
tweet_00038447	saude202010_n_00240_00000003.jpg	1	0	0	0	0	1	-1	0	-4	3	0	3	6
tweet_00038472	saude202010_n_00241_00000002.jpg	1	1	0	0	1	0	-1	-2	0	8	-1	0	1
tweet_00038475	saude202010_n_00241_00000003.jpg	0	1	1	-1	2	0	0	4	0	0	0	0	1
tweet_00038488	saude202010_n_00241_00000005.jpg	1	1	0	0	1	0	1	0	0	25	0	1	1
tweet_00038505	saude202010_n_00242_00000001.jpg	1	-2	0	0	0	0	0	0	0	4	0	0	0
tweet_00038523	saude202010_n_00242_00000007.jpg	1	1	0	0	0	0	0	0	0	-1	0	0	0
tweet_00038526	saude202010_n_00242_00000008.jpg	0	1	0	0	0	0	0	2	0	0	0	0	7
tweet_00038532	saude202010_n_00242_00000010.jpg	5	1	0	0	2	1	0	0	0	10	0	0	0
tweet_00038533	saude202010_n_00242_00000011.jpg	0	1	0	0	0	0	1	12	0	0	0	0	18
tweet_00038543	saude202011_n_00001_00000001.jpg	-1	2	1	-1	0	0	0	0	0	3	0	0	0
tweet_00038553	saude202011_n_00001_00000002.jpg	-1	1	0	0	0	-1	0	1	-1	1	0	-1	0
tweet_00038561	saude202011_n_00001_00000006.jpg	1	1	0	-1	0	0	0	7	3	0	0	1	1
tweet_00038569	saude202011_n_00001_00000010.jpg	0	2	0	-2	0	0	0	4	0	0	0	0	5
tweet_00038570	saude202011_n_00001_00000011.jpg	3	3	0	0	0	0	0	0	0	5	0	0	0
tweet_00038588	saude202011_n_00001_00000013.jpg	0	2	0	1	0	0	1	0	0	0	0	0	-7
tweet_00038590	saude202011_n_00002_00000001.jpg	4	0	0	0	0	0	0	0	0	17	0	0	0
tweet_00038595	saude202011_n_00002_00000002.jpg	0	2	0	0	0	0	0	2	0	0	0	0	1
tweet_00038641	saude202011_n_00003_00000001.jpg	2	0	-1	0	0	0	0	0	0	6	0	1	0
tweet_00038656	saude202011_n_00003_00000002.jpg	-1	2	0	0	1	0	1	0	0	0	0	0	-2
tweet_00038664	saude202011_n_00003_00000003.jpg	1	-1	0	0	0	0	1	0	0	0	7	0	0
tweet_00038713	saude202011_n_00007_00000001.jpg	2	-2	1	0	0	0	0	0	0	6	0	0	0
tweet_00038719	saude202011_n_00007_00000003.jpg	-1	1	0	0	0	0	0	0	0	0	0	0	-1
tweet_00038752	saude202011_n_00008_00000002.jpg	1	-2	1	0	0	0	1	0	0	-1	1	0	-1
tweet_00038760	saude202011_n_00008_00000003.png	4	-2	1	0	0	0	0	0	0	26	0	0	0
tweet_00038763	saude202011_n_00008_00000004.jpg	1	-2	0	0	0	0	0	0	0	7	0	0	0
tweet_00038765	saude202011_n_00008_00000005.jpg	2	-2	1	0	-1	0	0	0	0	6	0	0	0
tweet_00038782	saude202011_n_00009_00000001.jpg	3	-1	1	1	0	0	0	-1	0	0	17	0	0
tweet_00038787	saude202011_n_00009_00000004.jpg	1	-1	0	0	0	0	0	0	0	-1	0	0	-2
tweet_00038791	saude202011_n_00009_00000002.png	-1	0	0	-3	0	0	0	0	0	1	0	0	-3
tweet_00038796	saude202011_n_00010_00000001.jpg	2	0	0	-1	0	0	1	5	10	1	0	0	5
tweet_00038803	saude202011_n_00010_00000002.jpg	1	0	0	0	0	0	9	0	0	0	0	0	0
tweet_00038804	saude202011_n_00010_00000003.jpg	2	0	0	0	0	0	2	0	0	0	0	0	1
tweet_00038809	saude202011_n_00010_00000005.jpg	3	-1	0	0	2	1	0	0	0	1	0	0	0
tweet_00038814	saude202011_n_00011_00000001.jpg	0	1	0	0	0	0	0	1	11	0	0	3	2
tweet_00038817	saude202011_n_00011_00000002.jpg	1	-2	1	2	0	0	0	0	0	10	0	0	0
tweet_00038819	saude202011_n_00011_00000003.jpg	-2	2	0	0	0	0	0	0	0	0	0	0	-5
tweet_00038859	saude202011_n_00012_00000002.jpg	1	-1	0	1	0	0	0	0	0	8	0	0	0
tweet_00038868	saude202011_n_00012_00000003.jpg	0	1	0	0	0	0	0	2	-3	0	1	0	-1
tweet_00038908	saude202011_n_00013_00000002.jpg	0	0	0	0	0	0	0	0	0	0	0	0	-3
tweet_00038987	saude202011_n_00014_00000001.jpg	0	1	0	-1	-2	0	-2	0	1	0	0	3	0
tweet_00038988	saude202011_n_00014_00000002.jpg	0	1	0	0	0	0	3	0	0	-1	0	0	-3
tweet_00039012	saude202011_n_00014_00000003.jpg	1	-1	0	0	0	0	0	0	0	15	0	0	0
tweet_00039013	saude202011_n_00014_00000004.jpg	1	0	0	0	0	0	0	0	-1	3	0	-2	1
tweet_00039028	saude202011_n_00014_00000005.png	1	0	0	0	0	0	12	0	0	0	0	-1	2
tweet_00039031	saude202011_n_00014_00000006.jpg	1	1	0	0	0	0	0	-1	8	0	4	6	1
tweet_00039054	saude202011_n_00015_00000001.jpg	1	1	0	0	0	0	0	0	0	13	0	0	0
tweet_00039057	saude202011_n_00015_00000002.jpg	1	1	0	0	0	0	0	1	0	0	0	0	6
tweet_00039083	saude202011_n_00015_00000007.jpg	0	2	0	0	0	0	0	0	-1	0	0	0	0
tweet_00039084	saude202011_n_00015_00000008.jpg	0	1	-1	0	0	1	0	0	1	0	0	1	2
tweet_00039085	saude202011_n_00015_00000012.jpg	0	2	0	0	0	0	10	0	0	0	0	0	0
tweet_00039134	saude202011_n_00016_00000001.jpg	1	2	0	-1	0	0	2	0	0	0	0	-1	9
tweet_00039136	saude202011_n_00016_00000002.jpg	1	1	-1	0	0	0	41	0	0	0	0	0	6
tweet_00039143	saude202011_n_00016_00000003.jpg	1	1	0	-1	0	0	4	0	0	0	0	0	3
tweet_00039155	saude202011_n_00017_00000001.jpg	1	0	2	0	0	0	12	0	0	0	0	-1	16
tweet_00039173	saude202011_n_00017_00000002.jpg	5	-3	1	0	0	1	0	0	0	7	0	0	0
tweet_00039174	saude202011_n_00017_00000003.jpg	1	-1	0	0	0	0	1	5	0	0	0	0	-1
tweet_00039192	saude202011_n_00019_00000003.jpg	1	-1	1	1	0	1	0	18	0	0	0	0	7
tweet_00039194	saude202011_n_00018_00000001.jpg	1	0	0	0	2	1	6	1	0	0	0	0	-1
tweet_00039195	saude202011_n_00018_00000002.jpg	1	-2	0	0	0	0	0	0	0	15	0	0	0
tweet_00039201	saude202011_n_00018_00000003.jpg	0	0	0	0	0	0	0	0	0	0	0	0	-3
tweet_00039214	saude202011_n_00018_00000004.jpg	0	2	0	0	0	0	0	1	6	0	-1	0	0
tweet_00039244	saude202011_n_00018_00000005.jpg	4	-1	1	0	0	0	11	0	0	0	0	-1	16
tweet_00039247	saude202011_n_00019_00000001.jpg	1	-1	1	0	0	0	0	3	0	0	0	0	0
tweet_00039252	saude202011_n_00019_00000002.jpg	1	0	-1	0	0	0	23	0	2	0	0	0	6
tweet_00039264	saude202011_n_00019_00000004.jpg	-2	1	0	-1	0	0	-2	-2	3	0	1	9	0
tweet_00039270	saude202011_n_00019_00000005.jpg	0	1	0	-1	0	0	0	0	0	0	0	0	-5
tweet_00039352	saude202011_n_00020_00000002.png	1	0	0	0	0	0	0	1	0	0	0	0	2
tweet_00039370	saude202011_n_00020_00000006.jpg	-4	-1	0	0	0	0	0	3	0	0	0	0	2
tweet_00039371	saude202011_n_00020_00000009.jpg	-1	-3	1	0	0	0	3	0	3	0	1	1	1
tweet_00039383	saude202011_n_00021_00000001.jpg	1	-2	0	0	0	0	0	0	0	9	0	-1	0
tweet_00039384	saude202011_n_00021_00000002.png	-1	-2	0	0	1	0	0	0	0	0	0	0	-1
tweet_00039407	saude202011_n_00021_00000003.png	1	2	0	0	-1	1	0	0	0	0	0	0	1
tweet_00039409	saude202011_n_00021_00000004.jpg	1	-4	2	1	0	0	0	1	0	0	0	0	0
tweet_00039417	saude202011_n_00021_00000006.jpg	0	2	0	0	0	0	10	0	0	0	0	0	0
tweet_00039418	saude202011_n_00021_00000007.jpg	1	-2	0	0	0	0	0	0	0	12	0	0	0
tweet_00039432	saude202011_n_00021_00000010.png	1	-2	0	0	0	0	0	0	0	7	0	0	0
tweet_00039454	saude202011_n_00022_00000002.jpg	-1	2	0	0	-1	0	15	1	0	-1	0	0	4
tweet_00039464	saude202011_n_00022_00000003.jpg	1	-2	0	0	0	0	0	0	0	10	0	0	0
tweet_00039478	saude202011_n_00022_00000005.jpg	1	5	0	0	0	0	-3	-1	0	1	0	5	0
tweet_00039487	saude202011_n_00022_00000006.jpg	1	-2	0	0	0	0	0	0	0	20	0	0	0
tweet_00039491	saude202011_n_00023_00000001.jpg	1	-4	3	1	0	0	0	1	0	0	0	0	9
tweet_00039513	saude202011_n_00023_00000002.png	1	-3	0	0	0	0	2	-2	0	2	0	1	1
tweet_00039518	saude202011_n_00023_00000003.jpg	1	2	0	0	0	0	0	0	0	0	0	-1	1
tweet_00039519	saude202011_n_00023_00000004.jpg	1	0	-1	0	0	0	31	-1	0	0	0	4	3
tweet_00039559	saude202011_n_00024_00000002.jpg	1	0	-1	0	0	0	12	0	0	-1	0	0	4
tweet_00039589	saude202011_n_00024_00000006.jpg	1	0	0	0	0	2	0	-2	0	0	0	6	0
tweet_00039598	saude202011_n_00024_00000008.jpg	1	0	-1	0	0	0	30	-2	2	0	1	2	2
tweet_00039603	saude202011_n_00024_00000009.jpg	3	-2	1	0	0	0	0	0	0	7	0	0	0
tweet_00039614	saude202011_n_00024_00000010.jpg	3	-2	1	0	0	0	0	0	0	21	0	0	0
tweet_00039615	saude202011_n_00024_00000011.jpg	3	-2	1	0	0	0	0	0	0	20	0	0	0
tweet_00039621	saude202011_n_00025_00000001.jpg	2	4	-1	0	0	0	0	2	0	0	0	-1	1
tweet_00039629	saude202011_n_00025_00000002.jpg	0	-2	0	0	0	0	0	0	0	-1	0	0	0
tweet_00039649	saude202011_n_00025_00000004.jpg	0	4	0	-1	0	0	0	0	0	0	0	0	-5
tweet_00039659	saude202011_n_00025_00000007.jpg	3	-2	0	0	0	1	0	0	0	12	0	0	0
tweet_00039662	saude202011_n_00025_00000008.jpg	1	0	-1	0	0	0	0	0	0	23	0	1	0
tweet_00039667	saude202011_n_00025_00000010.jpg	-1	2	0	0	0	0	0	0	0	0	-2	-1	4
tweet_00039691	saude202011_n_00026_00000003.jpg	1	-2	1	0	0	0	5	0	0	0	0	0	19
tweet_00039707	saude202011_n_00026_00000004.jpg	0	-1	2	0	0	0	1	2	0	0	0	0	17
tweet_00039711	saude202011_n_00027_00000003.jpg	1	-3	1	0	0	0	0	0	0	20	0	0	0
tweet_00039719	saude202011_n_00027_00000005.jpg	1	-2	1	0	0	1	0	0	0	12	0	0	0
tweet_00039730	saude202011_n_00027_00000006.png	1	-2	1	0	0	0	0	0	0	12	0	0	0
tweet_00039736	saude202011_n_00027_00000007.jpg	2	-1	0	0	0	0	0	2	0	0	0	0	5
tweet_00039747	saude202011_n_00027_00000009.png	1	-2	0	0	0	0	0	0	0	8	0	0	0
tweet_00039749	saude202011_n_00027_00000010.jpg	1	1	-1	-1	0	1	0	0	0	2	0	0	0
tweet_00039759	saude202011_n_00028_00000001.jpg	1	-2	1	0	0	0	0	0	0	3	0	0	0
tweet_00039793	saude202011_n_00028_00000005.jpg	5	-2	0	0	0	0	0	0	0	10	0	-1	0
tweet_00039802	saude202011_n_00028_00000006.jpg	4	-4	3	-1	0	0	5	2	0	1	0	0	19
tweet_00039813	saude202011_n_00028_00000010.jpg	5	-2	1	0	0	0	0	0	0	7	0	0	0
tweet_00039815	saude202011_n_00029_00000004.png	0	-2	0	0	0	0	0	0	0	2	0	-1	0
tweet_00039821	saude202011_n_00029_00000006.jpg	1	-2	0	0	0	0	0	0	0	20	0	0	0
tweet_00039823	saude202011_n_00029_00000008.jpg	3	-1	0	0	0	0	0	0	0	8	0	0	0
tweet_00039835	saude202011_n_00029_00000010.jpg	3	-3	0	0	0	0	0	0	0	26	0	0	0
tweet_00039848	saude202011_n_00030_00000004.jpg	1	-2	0	0	0	0	1	0	0	-1	2	0	-1
tweet_00039863	saude202011_n_00031_00000002.jpg	1	2	0	0	1	0	0	0	0	0	0	0	-3
tweet_00039865	saude202011_n_00031_00000003.jpg	0	3	0	0	0	0	0	0	0	0	2	1	0
tweet_00039875	saude202011_n_00031_00000005.jpg	0	-2	0	0	0	0	18	0	0	0	0	0	3
tweet_00039880	saude202011_n_00031_00000006.jpg	1	0	-1	0	0	0	0	0	0	24	0	0	0
tweet_00039882	saude202011_n_00031_00000007.jpg	1	0	0	-1	0	0	0	0	0	-1	0	0	-2
tweet_00039883	saude202011_n_00032_00000001.jpg	4	-1	0	0	0	1	0	0	0	6	0	0	0
tweet_00039885	saude202011_n_00032_00000002.jpg	2	2	0	0	-1	0	0	0	0	20	0	0	0
tweet_00039908	saude202011_n_00032_00000004.jpg	4	1	-1	0	0	0	0	0	1	24	0	1	0
tweet_00039917	saude202011_n_00032_00000005.jpg	1	-2	1	0	0	0	0	2	0	5	0	0	14
tweet_00039927	saude202011_n_00032_00000007.png	0	1	-1	-1	0	0	0	0	0	0	0	0	-5
tweet_00039932	saude202011_n_00032_00000009.jpg	1	1	0	0	0	1	3	1	0	0	0	0	-1
tweet_00039933	saude202011_n_00032_00000010.jpg	0	1	0	0	0	0	0	1	0	0	0	0	-3
tweet_00039934	saude202011_n_00033_00000001.jpg	0	5	0	0	0	0	0	0	0	1	0	-1	6
tweet_00039945	saude202011_n_00033_00000003.jpg	0	3	0	-1	0	0	0	1	0	-1	0	-1	-4
tweet_00039972	saude202011_n_00034_00000002.jpg	2	1	0	0	0	0	0	0	0	0	0	0	-4
tweet_00040005	saude202011_n_00035_00000003.jpg	0	0	0	-1	0	0	0	3	0	0	0	1	0
tweet_00040008	saude202011_n_00035_00000004.jpg	0	1	0	0	0	0	0	4	0	0	0	0	0
tweet_00040021	saude202011_n_00036_00000002.jpg	0	1	0	0	-1	0	0	4	1	0	0	0	0
tweet_00040037	saude202011_n_00036_00000003.jpg	4	-2	0	0	0	1	0	0	0	2	0	0	0
tweet_00040043	saude202011_n_00036_00000004.jpg	0	-1	1	0	0	1	0	0	0	1	0	0	-1
tweet_00040060	saude202011_n_00036_00000005.jpg	3	1	0	-1	0	0	0	1	0	0	0	-1	-1
tweet_00040067	saude202011_n_00037_00000002.jpg	0	0	0	0	0	0	0	0	0	0	0	0	-1
tweet_00040076	saude202011_n_00037_00000003.jpg	0	3	0	-1	0	0	0	0	0	0	0	0	8
tweet_00040085	saude202011_n_00037_00000004.jpg	1	2	1	0	0	0	0	7	0	0	0	0	10
tweet_00040090	saude202011_n_00037_00000005.jpg	0	2	0	0	0	0	7	0	0	-1	0	0	11
tweet_00040095	saude202011_n_00038_00000002.jpg	0	-1	1	0	0	0	0	0	0	4	0	0	0
tweet_00040102	saude202011_n_00038_00000003.jpg	1	-1	0	0	0	1	3	2	0	-1	0	0	12
tweet_00040123	saude202011_n_00039_00000002.jpg	1	1	0	0	-1	0	1	1	1	0	0	0	0
tweet_00040128	saude202011_n_00039_00000004.jpg	1	3	0	1	0	0	0	0	0	5	0	0	0
tweet_00040141	saude202011_n_00040_00000003.jpg	1	1	0	0	0	0	0	0	0	0	0	0	-1
tweet_00040144	saude202011_n_00040_00000002.jpg	-2	2	0	-1	0	0	0	0	0	0	0	0	-5
tweet_00040176	saude202011_n_00042_00000002.jpg	0	0	0	0	0	0	0	0	0	0	0	-1	0
tweet_00040189	saude202011_n_00043_00000002.jpg	1	3	0	0	0	1	0	0	0	0	0	-1	-2
tweet_00040190	saude202011_n_00043_00000003.jpg	1	1	0	0	1	0	2	0	0	0	0	0	-4
tweet_00040202	saude202011_n_00044_00000002.jpg	1	2	0	0	0	0	0	12	0	0	0	0	12
tweet_00040222	saude202011_n_00046_00000002.png	0	1	0	0	0	0	0	0	5	0	1	0	1
tweet_00040239	saude202011_n_00048_00000001.jpg	0	0	0	0	0	0	0	7	1	0	0	1	0
tweet_00040319	saude202011_n_00050_00000001.jpg	3	-1	1	0	0	0	0	0	0	12	0	0	0
tweet_00040330	saude202011_n_00050_00000002.jpg	0	2	0	0	0	0	0	6	0	0	0	0	6
tweet_00040352	saude202011_n_00051_00000001.jpg	0	3	0	0	0	0	0	0	0	13	0	0	0
tweet_00040353	saude202011_n_00051_00000002.jpg	1	5	0	0	0	0	0	0	0	0	0	-1	-1
tweet_00040371	saude202011_n_00051_00000003.jpg	6	1	0	0	-1	0	-1	0	-4	9	-1	2	1
tweet_00040389	saude202011_n_00052_00000002.jpg	1	1	0	0	0	0	0	8	0	0	0	0	11
tweet_00040390	saude202011_n_00052_00000003.jpg	1	1	0	0	0	0	13	0	2	-1	0	0	8
tweet_00040402	saude202011_n_00053_00000001.jpg	1	-2	0	1	2	1	0	0	1	13	0	0	0
tweet_00040403	saude202011_n_00053_00000002.jpg	4	-2	0	1	0	0	0	1	0	2	0	-1	0
tweet_00040420	saude202011_n_00054_00000001.jpg	2	4	0	-1	-1	0	1	3	0	-1	0	0	20
tweet_00040421	saude202011_n_00054_00000002.png	1	-1	0	0	1	1	0	0	-1	-1	0	0	-2
tweet_00040436	saude202011_n_00054_00000003.jpg	5	-3	1	1	0	1	0	0	0	0	0	-1	-2
tweet_00040437	saude202011_n_00054_00000004.jpg	1	1	0	0	1	0	0	0	0	9	0	0	0
tweet_00040440	saude202011_n_00054_00000006.png	-2	-2	0	0	0	1	0	4	0	0	0	0	0
tweet_00040445	saude202011_n_00054_00000008.jpg	2	-2	2	0	0	0	5	0	0	-1	0	0	19
tweet_00040451	saude202011_n_00055_00000001.jpg	0	1	0	0	0	1	0	0	0	0	0	0	-2
tweet_00040460	saude202011_n_00056_00000002.png	0	5	0	0	0	0	0	2	0	0	0	0	12
tweet_00040483	saude202011_n_00058_00000001.jpg	-3	0	0	0	0	0	0	0	0	0	0	0	-1
tweet_00040486	saude202011_n_00059_00000001.jpg	2	-3	1	0	0	0	0	0	0	1	0	-1	0
tweet_00040530	saude202011_n_00060_00000002.jpg	1	3	1	0	0	0	0	0	5	0	0	0	0
tweet_00040551	saude202011_n_00060_00000003.jpg	-1	2	0	0	0	0	2	0	1	-1	0	0	0
tweet_00040566	saude202011_n_00061_00000001.jpg	-4	2	0	0	-1	0	0	7	0	0	0	0	0
tweet_00040599	saude202011_n_00061_00000002.jpg	0	2	0	0	0	0	0	6	1	1	0	0	0
tweet_00040601	saude202011_n_00061_00000004.jpg	-1	2	0	0	0	0	0	0	0	0	0	0	-1
tweet_00040602	saude202011_n_00061_00000005.jpg	0	1	0	0	0	0	0	0	0	0	-1	0	0
tweet_00040624	saude202011_n_00062_00000001.jpg	1	3	1	0	0	0	0	0	0	20	0	0	0
tweet_00040667	saude202011_n_00063_00000001.jpg	0	-2	0	0	0	0	0	0	2	0	0	0	0
tweet_00040669	saude202011_n_00063_00000002.jpg	0	3	2	0	0	0	0	5	0	0	0	0	0
tweet_00040699	saude202011_n_00063_00000003.jpg	2	1	0	0	0	0	0	4	0	0	0	0	2
tweet_00040727	saude202011_n_00065_00000001.jpg	1	2	0	-1	-1	0	4	0	0	0	0	0	-1
tweet_00040731	saude202011_n_00065_00000002.jpg	1	5	0	0	0	0	0	0	0	2	0	1	0
tweet_00040747	saude202011_n_00066_00000001.jpg	0	2	0	0	0	0	0	1	0	1	0	0	0
tweet_00040748	saude202011_n_00066_00000002.jpg	-1	1	0	0	0	0	0	0	0	1	0	0	-4
tweet_00040752	saude202011_n_00066_00000003.jpg	-2	2	0	0	0	0	13	1	0	0	0	0	8
tweet_00040769	saude202011_n_00066_00000004.jpg	1	1	-1	0	-1	0	0	0	1	11	0	0	0
tweet_00040770	saude202011_n_00067_00000001.jpg	2	0	0	-1	0	0	0	0	0	1	0	0	0
tweet_00040772	saude202011_n_00067_00000002.jpg	1	-1	1	0	0	0	0	0	0	0	0	0	-1
tweet_00040776	saude202011_n_00067_00000003.jpg	0	1	0	0	1	0	4	0	0	0	0	0	-2
tweet_00040783	saude202011_n_00068_00000001.jpg	-1	1	0	0	0	0	0	0	2	3	0	1	0
tweet_00040785	saude202011_n_00068_00000002.jpg	0	0	0	0	2	0	0	1	0	10	0	0	0
tweet_00040802	saude202011_n_00070_00000002.jpg	0	2	0	-2	0	0	0	0	1	-1	0	0	0
tweet_00040804	saude202011_n_00072_00000001.jpg	1	0	0	0	0	0	2	0	0	0	0	0	-5
tweet_00040810	saude202011_n_00072_00000004.jpg	1	1	0	0	0	1	2	-1	0	7	0	1	0
tweet_00040818	saude202011_n_00072_00000005.jpg	1	1	-1	0	1	0	0	0	0	4	0	-1	0
tweet_00040824	saude202011_n_00073_00000001.jpg	0	1	0	0	0	0	0	0	0	1	0	0	-1
tweet_00040841	saude202011_n_00073_00000003.jpg	1	1	0	0	2	0	0	0	0	12	0	0	0
tweet_00040865	saude202011_n_00074_00000002.jpg	1	1	0	0	3	0	0	0	0	17	0	-3	-1
tweet_00040867	saude202011_n_00074_00000003.png	2	-1	0	0	0	1	0	0	0	13	0	0	0
tweet_00040874	saude202011_n_00074_00000004.jpg	0	1	0	0	0	0	0	0	0	19	0	0	0
tweet_00040878	saude202011_n_00074_00000005.jpg	3	0	0	0	2	3	0	0	0	23	0	0	1
tweet_00040879	saude202011_n_00074_00000006.jpg	0	2	0	0	0	0	0	1	0	0	0	0	12
tweet_00040892	saude202011_n_00075_00000001.jpg	1	1	0	0	1	1	0	0	0	12	0	-1	0
tweet_00040904	saude202011_n_00076_00000001.jpg	0	3	0	0	0	0	0	1	0	1	0	0	0
tweet_00040918	saude202011_n_00077_00000001.jpg	1	1	0	0	0	0	0	0	0	7	0	-2	-1
tweet_00040929	saude202011_n_00077_00000004.jpg	1	-2	0	0	1	0	1	0	0	1	3	0	0
tweet_00040930	saude202011_n_00078_00000001.jpg	1	3	-1	0	1	0	0	0	0	6	0	0	-1
tweet_00040939	saude202011_n_00079_00000001.jpg	1	0	-1	0	-2	0	0	0	0	15	0	0	0
tweet_00040961	saude202011_n_00093_00000009.jpg	1	1	0	0	2	1	0	0	0	19	0	0	0
tweet_00040968	saude202011_n_00081_00000001.jpg	0	1	0	-4	0	0	11	1	0	0	0	0	-1
tweet_00040987	saude202011_n_00082_00000001.jpg	1	1	0	-1	0	0	0	0	0	21	0	0	0
tweet_00040990	saude202011_n_00082_00000002.jpg	1	1	0	0	0	0	0	0	0	7	0	0	0
tweet_00041011	saude202011_n_00085_00000001.jpg	1	0	0	0	0	0	1	0	0	0	0	0	-1
tweet_00041012	saude202011_n_00085_00000002.jpg	3	4	0	0	0	0	0	0	0	0	0	4	0
tweet_00041020	saude202011_n_00087_00000002.jpg	2	0	0	0	0	0	1	1	0	0	0	0	0
tweet_00041026	saude202011_n_00089_00000001.jpg	2	0	0	1	1	1	0	0	0	5	0	0	0
tweet_00041027	saude202011_n_00089_00000002.jpg	2	3	0	0	0	1	0	0	0	32	0	0	0
tweet_00041031	saude202011_n_00091_00000001.jpg	2	0	0	0	0	0	3	0	0	0	0	2	5
tweet_00041034	saude202011_n_00091_00000002.jpg	1	1	0	0	1	0	0	0	0	11	0	0	0
tweet_00041036	saude202011_n_00091_00000003.jpg	-1	1	0	0	0	0	-4	0	-3	8	0	1	0
tweet_00041054	saude202011_n_00091_00000005.jpg	1	0	0	0	0	0	1	0	0	0	0	4	7
tweet_00041055	saude202011_n_00091_00000007.jpg	1	0	0	2	1	0	8	-2	0	0	0	2	9
tweet_00041068	saude202011_n_00092_00000001.jpg	1	3	-1	0	1	0	0	0	0	1	0	0	0
tweet_00041080	saude202011_n_00092_00000002.jpg	1	1	-1	0	1	0	0	0	0	19	0	-2	0
tweet_00041089	saude202011_n_00092_00000003.jpg	0	1	2	-1	2	0	1	0	0	0	0	0	-3
tweet_00041090	saude202011_n_00092_00000004.jpg	-1	1	1	0	0	0	0	0	0	0	0	0	10
tweet_00041098	saude202011_n_00092_00000006.jpg	1	1	0	0	2	0	-4	0	-6	6	0	1	0
tweet_00041110	saude202011_n_00092_00000007.jpg	0	1	0	0	-1	1	3	1	0	-1	0	0	20
tweet_00041112	saude202011_n_00092_00000008.jpg	1	1	0	0	0	0	0	1	0	16	0	-1	0
tweet_00041119	saude202011_n_00092_00000009.jpg	1	-1	0	0	0	0	0	0	0	1	2	0	0
tweet_00041131	saude202011_n_00092_00000011.jpg	1	1	0	0	0	0	0	0	0	11	0	0	0
tweet_00041134	saude202011_n_00092_00000012.jpg	4	-1	0	0	0	1	0	0	0	17	0	0	0
tweet_00041138	saude202011_n_00092_00000013.jpg	1	-1	1	0	0	0	0	1	0	12	0	0	0
tweet_00041142	saude202011_n_00093_00000001.jpg	2	1	0	-2	0	0	0	0	0	0	0	0	-3
tweet_00041143	saude202011_n_00093_00000004.jpg	1	1	0	0	1	0	0	0	0	7	0	0	0
tweet_00041144	saude202011_n_00093_00000005.jpg	1	2	-1	0	0	0	0	0	0	6	0	0	0
tweet_00041145	saude202011_n_00093_00000006.jpg	5	3	0	0	3	0	0	0	0	11	0	0	0
tweet_00041147	saude202011_n_00093_00000007.jpg	1	1	0	0	0	0	0	0	0	12	0	0	0
tweet_00041161	saude202011_n_00093_00000010.jpg	1	1	0	0	0	0	0	0	-1	13	0	0	0
tweet_00041182	saude202011_n_00093_00000011.jpg	2	-1	0	0	0	0	0	0	0	-1	0	0	-1
tweet_00041187	saude202011_n_00093_00000012.jpg	1	1	0	-1	0	0	0	2	0	0	0	0	-2
tweet_00041189	saude202011_n_00093_00000013.jpg	1	-2	0	0	-1	1	0	0	0	1	0	0	0
tweet_00041190	saude202011_n_00093_00000014.jpg	2	2	0	0	0	0	1	0	0	1	0	2	0
tweet_00041199	saude202011_n_00094_00000001.jpg	-1	1	0	0	0	0	2	1	0	0	0	0	5
tweet_00041204	saude202011_n_00094_00000004.jpg	4	-2	0	0	0	1	0	0	0	16	0	0	0
tweet_00041205	saude202011_n_00094_00000005.jpg	2	-2	2	2	0	1	0	0	0	2	0	-1	-1
tweet_00041207	saude202011_n_00094_00000007.jpg	1	-3	0	0	0	1	0	0	0	5	0	0	0
tweet_00041212	saude202011_n_00094_00000008.jpg	6	0	0	0	0	0	0	1	0	0	0	0	0
tweet_00041218	saude202011_n_00094_00000009.jpg	0	2	0	-3	0	0	0	0	0	0	0	0	-1
tweet_00041222	saude202011_n_00094_00000010.jpg	1	1	0	0	0	1	0	0	0	30	0	0	0
tweet_00041225	saude202011_n_00094_00000011.jpg	1	3	0	0	0	0	0	0	0	-1	0	0	-3
tweet_00041234	saude202011_n_00094_00000012.jpg	1	1	0	-2	0	0	1	-2	0	0	0	1	1
tweet_00041252	saude202011_n_00095_00000001.jpg	1	1	0	0	0	0	0	0	0	0	0	0	-3
tweet_00041258	saude202011_n_00095_00000002.jpg	1	-2	0	0	0	0	0	0	0	27	0	0	0
tweet_00041269	saude202011_n_00095_00000004.jpg	1	4	0	0	0	0	-6	0	-13	2	0	1	0
tweet_00041270	saude202011_n_00095_00000005.jpg	0	1	0	0	0	0	0	0	0	0	0	0	12
tweet_00041285	saude202011_n_00095_00000007.jpg	1	3	0	1	0	0	0	0	0	1	0	0	0
tweet_00041289	saude202011_n_00095_00000011.jpg	1	-2	0	0	0	0	0	0	0	9	0	0	0
tweet_00041299	saude202011_n_00096_00000001.jpg	0	1	0	0	0	0	0	1	0	0	0	0	13
tweet_00041321	saude202011_n_00096_00000003.jpg	2	1	0	0	1	1	6	0	0	0	0	2	10
tweet_00041357	saude202011_n_00097_00000001.jpg	0	-1	0	0	0	0	0	0	0	18	0	0	0
tweet_00041372	saude202011_n_00097_00000004.png	0	1	0	0	0	0	1	0	0	-1	0	-1	-3
tweet_00041380	saude202011_n_00097_00000005.jpg	1	-2	0	0	0	2	-1	-1	-1	-1	-3	0	0
tweet_00041386	saude202011_n_00097_00000006.jpg	5	-1	2	0	0	0	0	0	0	6	0	0	0
tweet_00041389	saude202011_n_00097_00000008.jpg	0	0	1	-1	0	0	0	9	0	1	0	0	9
tweet_00041395	saude202011_n_00098_00000001.jpg	1	0	0	0	0	0	5	0	0	0	0	0	-1
tweet_00041411	saude202011_n_00098_00000002.jpg	5	8	0	0	0	0	0	2	0	3	0	0	7
tweet_00041419	saude202011_n_00098_00000004.jpg	1	1	0	-1	0	0	3	7	0	0	0	0	21
tweet_00041424	saude202011_n_00098_00000005.jpg	1	1	0	-1	0	0	0	0	1	0	1	5	-3
tweet_00041432	saude202011_n_00098_00000006.jpg	1	-2	0	0	0	0	0	0	0	19	0	1	0
tweet_00041434	saude202011_n_00098_00000007.jpg	1	0	-1	0	0	1	0	0	0	9	0	0	0
tweet_00041438	saude202011_n_00098_00000008.jpg	1	1	0	0	0	0	3	3	0	0	0	0	24
tweet_00041448	saude202011_n_00098_00000009.jpg	1	-2	0	-1	0	1	0	0	0	-1	0	-1	-3
tweet_00041457	saude202011_n_00098_00000010.jpg	1	1	0	0	0	0	0	0	0	0	0	0	-2
tweet_00041458	saude202011_n_00098_00000011.jpg	0	1	-1	0	0	0	0	0	0	26	0	0	0
tweet_00041466	saude202011_n_00098_00000013.jpg	-1	1	0	0	0	0	1	4	1	0	0	0	10
tweet_00041518	saude202011_n_00099_00000003.jpg	1	-2	0	0	-1	1	0	0	0	1	0	0	0
tweet_00041527	saude202011_n_00099_00000004.jpg	-1	-2	0	0	0	0	0	3	0	0	0	0	0
tweet_00041577	saude202011_n_00100_00000006.png	1	0	-1	0	-2	0	0	0	0	13	0	0	0
tweet_00041599	saude202011_n_00101_00000005.jpg	4	-1	0	0	2	0	0	0	0	20	0	0	0
tweet_00041605	saude202011_n_00101_00000006.jpg	3	-2	0	0	0	0	0	0	0	23	0	0	0
tweet_00041613	saude202011_n_00101_00000007.jpg	4	-3	0	-1	0	0	1	0	0	0	2	0	0
tweet_00041614	saude202011_n_00101_00000008.jpg	2	-2	0	0	0	0	0	0	0	15	0	0	0
tweet_00041619	saude202011_n_00102_00000001.jpg	4	-3	0	0	0	0	0	0	0	5	0	0	0
tweet_00041628	saude202011_n_00102_00000002.jpg	1	-1	0	0	0	0	0	0	0	13	0	0	0
tweet_00041630	saude202011_n_00102_00000003.jpg	2	-4	0	-1	-1	0	0	0	0	0	0	-1	-5
tweet_00041648	saude202011_n_00102_00000005.jpg	1	-2	0	-1	0	0	0	0	0	-1	0	1	0
tweet_00041651	saude202011_n_00102_00000006.jpg	2	-1	0	0	0	0	0	3	0	1	0	-1	-1
tweet_00041663	saude202011_n_00102_00000007.jpg	1	0	0	0	0	0	0	0	0	4	0	0	0
tweet_00041688	saude202011_n_00103_00000003.jpg	3	-3	0	0	0	0	2	0	0	19	0	1	1
tweet_00041689	saude202011_n_00103_00000004.jpg	1	-2	0	-1	0	0	0	0	0	17	0	0	0
tweet_00041708	saude202011_n_00103_00000006.jpg	1	0	0	0	0	0	0	0	0	16	0	0	0
tweet_00041710	saude202011_n_00103_00000007.jpg	2	1	1	0	0	0	2	0	0	0	0	0	12
tweet_00041718	saude202011_n_00103_00000008.jpg	0	-2	0	0	0	0	0	0	0	0	1	0	0
tweet_00041723	saude202011_n_00103_00000009.jpg	0	-1	0	0	1	0	1	0	0	1	4	-1	0
tweet_00041730	saude202011_n_00103_00000010.jpg	0	2	-1	-2	0	0	0	1	1	0	0	-2	0
tweet_00041739	saude202011_n_00103_00000011.jpg	3	-2	0	0	0	0	0	0	0	10	0	0	0
tweet_00041782	saude202011_n_00104_00000002.jpg	1	-1	0	0	0	0	0	0	0	5	0	0	0
tweet_00041792	saude202011_n_00104_00000003.png	2	-2	1	2	0	0	0	3	1	0	0	0	-1
tweet_00041813	saude202011_n_00104_00000008.jpg	1	-1	0	0	0	0	0	0	0	23	0	0	0
tweet_00041868	saude202011_n_00105_00000001.jpg	1	2	2	0	0	0	0	2	0	0	0	-1	3
tweet_00041904	saude202011_n_00105_00000006.jpg	4	-2	0	0	0	0	0	0	0	23	0	0	0
tweet_00041906	saude202011_n_00105_00000008.jpg	1	1	0	0	0	0	0	0	0	-1	1	0	0
tweet_00041912	saude202011_n_00106_00000001.jpg	-1	2	0	0	0	0	0	0	0	0	5	1	0
tweet_00041916	saude202011_n_00106_00000002.jpg	-1	2	0	0	2	0	0	0	0	1	0	0	0
tweet_00041917	saude202011_n_00106_00000003.jpg	-2	0	0	0	0	0	1	0	0	0	0	0	-4
tweet_00041924	saude202011_n_00106_00000004.jpg	0	-2	0	0	0	0	1	0	0	0	0	-1	-3
tweet_00041948	saude202011_n_00106_00000007.png	1	1	0	0	0	0	0	0	0	5	0	0	0
tweet_00041956	saude202011_n_00107_00000001.jpg	1	1	1	-1	0	0	0	3	0	2	0	0	0
tweet_00041963	saude202011_n_00107_00000002.jpg	0	1	0	0	0	0	0	0	0	0	0	0	6
tweet_00041990	saude202011_n_00111_00000003.jpg	0	3	0	0	0	2	0	0	0	8	0	0	0
tweet_00041993	saude202011_n_00108_00000001.jpg	0	1	0	0	0	0	0	0	0	0	0	0	-3
tweet_00042003	saude202011_n_00108_00000002.jpg	0	1	0	0	0	0	1	0	0	0	0	0	-2
tweet_00042009	saude202011_n_00109_00000001.jpg	2	0	0	0	0	0	0	0	0	0	0	0	0
tweet_00042040	saude202011_n_00109_00000002.jpg	0	1	0	0	0	0	1	7	0	0	0	0	23
tweet_00042043	saude202011_n_00109_00000003.jpg	0	1	-1	1	0	3	0	0	0	1	0	0	0
tweet_00042052	saude202011_n_00111_00000001.jpg	-1	3	0	0	1	0	0	5	0	0	0	0	5
tweet_00042094	saude202011_n_00112_00000001.jpg	1	3	-1	1	0	0	0	0	0	0	0	-1	-1
tweet_00042099	saude202011_n_00112_00000002.jpg	-1	2	1	0	0	0	4	0	0	0	0	0	-4
tweet_00042103	saude202011_n_00113_00000001.jpg	1	0	1	0	1	0	0	12	0	0	0	0	8
tweet_00042120	saude202011_n_00113_00000002.jpg	0	1	2	0	-1	1	0	0	0	0	0	0	3
tweet_00042132	saude202011_n_00114_00000002.jpg	2	4	1	0	0	0	1	5	0	0	0	0	23
tweet_00042140	saude202011_n_00114_00000003.jpg	2	1	-1	0	0	0	7	0	0	1	0	0	11
tweet_00042150	saude202011_n_00114_00000004.jpg	1	1	0	-1	0	0	0	-1	2	0	5	6	0
tweet_00042161	saude202011_n_00114_00000006.jpg	1	1	0	-1	0	0	0	-1	2	0	6	7	0
tweet_00042169	saude202011_n_00114_00000007.jpg	2	-3	0	0	2	0	0	0	0	19	0	0	0
tweet_00042193	saude202011_n_00114_00000008.jpg	1	1	0	0	0	0	1	11	0	0	0	0	19
tweet_00042211	saude202011_n_00114_00000009.jpg	2	1	0	0	0	1	4	-2	0	11	0	2	1
tweet_00042222	saude202011_n_00115_00000001.png	2	3	0	0	0	0	0	0	0	8	0	0	0
tweet_00042232	saude202011_n_00115_00000002.jpg	0	3	-1	0	-1	3	0	2	0	11	0	0	0
tweet_00042239	saude202011_n_00115_00000003.jpg	1	3	0	0	0	0	0	1	0	0	0	0	1
tweet_00042253	saude202011_n_00115_00000005.jpg	1	5	0	0	0	0	0	8	0	0	0	0	11
tweet_00042280	saude202011_n_00115_00000007.jpg	0	1	0	0	0	0	0	0	0	0	1	-1	-6
tweet_00042287	saude202011_n_00115_00000008.jpg	1	1	0	0	0	0	0	0	0	0	0	0	13
tweet_00042294	saude202011_n_00115_00000009.jpg	2	-1	0	-2	0	0	0	0	0	9	0	-1	0
tweet_00042311	saude202011_n_00116_00000002.jpg	0	2	0	0	0	0	0	7	0	0	0	0	16
tweet_00042320	saude202011_n_00116_00000004.jpg	2	2	0	0	0	0	0	0	0	0	1	-2	-2
tweet_00042324	saude202011_n_00116_00000005.jpg	1	2	0	0	0	0	3	0	0	0	0	0	11
tweet_00042335	saude202011_n_00116_00000007.jpg	1	1	0	0	0	0	0	0	0	29	0	0	0
tweet_00042357	saude202011_n_00116_00000009.jpg	1	2	0	0	1	0	6	2	0	0	0	0	3
tweet_00042378	saude202011_n_00116_00000012.jpg	0	2	-1	0	0	0	0	0	0	0	0	0	-1
tweet_00042396	saude202011_n_00117_00000001.jpg	0	2	0	0	0	0	0	14	1	0	0	1	0
tweet_00042426	saude202011_n_00117_00000003.jpg	1	1	0	0	-1	0	0	0	0	10	0	0	-1
tweet_00042428	saude202011_n_00117_00000004.jpg	-2	1	0	-2	0	0	0	0	0	0	0	0	-2
tweet_00042429	saude202011_n_00117_00000005.jpg	-1	0	0	-2	0	0	0	0	0	0	0	0	-2
tweet_00042431	saude202011_n_00117_00000006.jpg	0	0	0	0	0	0	0	0	0	0	0	0	0
tweet_00042439	saude202011_n_00118_00000001.jpg	2	0	-1	-2	0	0	5	0	0	0	0	0	-1
tweet_00042447	saude202011_n_00118_00000003.jpg	0	-1	2	0	0	0	0	0	0	0	0	-1	-4
tweet_00042507	saude202011_n_00118_00000006.png	2	1	0	0	-1	0	0	0	0	0	0	0	-7
tweet_00042515	saude202011_n_00119_00000001.jpg	1	-1	0	2	0	1	0	0	0	21	0	0	0
tweet_00042531	saude202011_n_00119_00000003.jpg	1	4	0	0	0	0	0	0	0	1	0	0	0
tweet_00042542	saude202011_n_00119_00000004.jpg	0	0	0	0	0	0	0	0	0	0	0	0	-1
tweet_00042588	saude202011_n_00119_00000006.jpg	0	0	0	0	0	0	3	0	0	0	0	0	-5
tweet_00042604	saude202011_n_00120_00000001.jpg	0	1	0	0	-1	0	0	0	0	0	0	0	-2
tweet_00042606	saude202011_n_00120_00000002.png	0	3	0	0	0	1	0	3	0	0	0	-1	5
tweet_00042618	saude202011_n_00120_00000003.jpg	-2	1	0	0	0	0	0	1	0	0	0	1	0
tweet_00042619	saude202011_n_00120_00000004.jpg	-1	0	0	0	0	0	0	0	0	-1	0	0	7
tweet_00042625	saude202011_n_00120_00000007.jpg	0	0	1	0	-1	0	0	0	1	0	0	1	0
tweet_00042639	saude202011_n_00120_00000008.png	0	2	0	-2	0	0	0	2	0	0	0	0	7
tweet_00042644	saude202011_n_00120_00000009.jpg	1	-2	0	0	0	0	1	3	0	0	0	0	13
tweet_00042666	saude202011_n_00121_00000001.jpg	0	2	0	0	0	0	0	0	0	0	0	0	-2
tweet_00042668	saude202011_n_00121_00000002.jpg	0	0	0	0	0	0	0	0	0	-1	0	0	-4
tweet_00042670	saude202011_n_00121_00000003.jpg	0	2	0	0	0	0	0	0	0	0	0	0	-1
tweet_00042671	saude202011_n_00121_00000004.jpg	0	0	0	0	0	0	3	0	0	0	0	0	-4
tweet_00042672	saude202011_n_00121_00000005.jpg	1	-2	1	0	0	0	0	0	0	0	0	0	0
tweet_00042673	saude202011_n_00121_00000006.jpg	1	2	0	0	0	0	0	0	0	0	0	-1	-1
tweet_00042687	saude202011_n_00121_00000008.jpg	-1	4	0	0	-1	0	0	0	0	1	0	0	-2
tweet_00042706	saude202011_n_00121_00000011.jpg	-1	0	0	1	0	0	0	0	0	0	0	0	0
tweet_00042709	saude202011_n_00121_00000012.jpg	1	-1	0	0	0	0	0	0	0	1	0	0	0
tweet_00042720	saude202011_n_00122_00000001.jpg	3	0	0	0	0	0	0	0	0	22	0	0	0
tweet_00042747	saude202011_n_00122_00000004.jpg	2	0	0	0	0	0	0	0	0	17	0	0	0
tweet_00042749	saude202011_n_00122_00000005.jpg	-1	0	0	0	0	0	2	0	0	0	0	0	-4
tweet_00042776	saude202011_n_00122_00000006.jpg	4	0	0	0	0	0	0	0	0	4	0	0	-1
tweet_00042810	saude202011_n_00123_00000002.jpg	1	-1	4	0	0	0	2	5	0	0	0	0	23
tweet_00042815	saude202011_n_00123_00000003.jpg	4	-2	3	0	0	0	2	1	0	0	0	0	23
tweet_00042823	saude202011_n_00124_00000001.jpg	0	0	1	0	0	0	5	0	0	0	0	0	-2
tweet_00042828	saude202011_n_00124_00000004.jpg	1	0	0	0	0	0	0	0	0	24	0	0	0
tweet_00042839	saude202011_n_00124_00000006.jpg	1	1	-1	0	0	0	1	0	-1	0	0	-2	2
tweet_00042842	saude202011_n_00124_00000007.jpg	1	-1	0	0	0	-2	0	0	0	2	0	0	0
tweet_00042853	saude202011_n_00124_00000008.jpg	0	1	0	0	0	4	0	1	0	0	0	0	-1
tweet_00042857	saude202011_n_00125_00000001.jpg	-1	-1	1	0	0	0	0	11	0	0	0	0	0
tweet_00042858	saude202011_n_00125_00000004.jpg	1	-2	0	2	0	1	0	5	0	9	0	0	1
tweet_00042859	saude202011_n_00125_00000005.jpg	0	-2	4	1	0	0	0	0	0	0	0	0	-1
tweet_00042861	saude202011_n_00125_00000006.jpg	0	1	0	0	1	0	0	0	0	0	0	0	-3
tweet_00042868	saude202011_n_00125_00000007.jpg	1	-1	0	0	0	0	0	17	0	0	0	0	6
tweet_00042873	saude202011_n_00125_00000008.png	3	-3	0	0	0	0	0	0	0	2	0	-1	0
tweet_00042895	saude202011_n_00125_00000010.jpg	1	0	0	0	0	0	0	0	0	8	0	0	0
tweet_00042897	saude202011_n_00125_00000011.jpg	1	0	0	0	0	0	0	0	0	10	0	0	0
tweet_00042907	saude202011_n_00126_00000001.jpg	1	0	0	0	0	0	0	0	1	16	0	0	0
tweet_00042918	saude202011_n_00126_00000002.jpg	1	-1	0	0	0	0	0	0	0	0	0	0	-2
tweet_00042924	saude202011_n_00126_00000003.jpg	3	-1	0	0	0	0	0	-2	0	9	0	0	0
tweet_00042946	saude202011_n_00126_00000006.png	1	0	0	0	0	0	0	0	0	0	0	0	-5
tweet_00042953	saude202011_n_00126_00000007.jpg	1	-1	0	0	0	0	0	0	0	17	0	1	0
tweet_00042963	saude202011_n_00127_00000001.jpg	1	1	0	0	0	0	0	3	0	2	0	-1	-1
tweet_00042965	saude202011_n_00127_00000002.png	0	0	0	0	0	0	2	0	0	0	0	0	-3
tweet_00042976	saude202011_n_00127_00000004.jpg	1	1	0	-1	0	0	0	1	0	1	0	0	-2
tweet_00043006	saude202011_n_00128_00000001.jpg	0	1	0	0	-1	0	0	5	3	0	0	1	0
tweet_00043017	saude202011_n_00128_00000003.jpg	1	3	0	0	0	1	9	0	1	0	0	0	6
tweet_00043022	saude202011_n_00128_00000005.jpg	-1	1	0	0	0	0	2	0	0	0	0	0	-1
tweet_00043023	saude202011_n_00128_00000006.jpg	1	1	-1	-1	1	2	0	0	0	7	0	0	0
tweet_00043028	saude202011_n_00128_00000007.jpg	4	0	1	0	0	0	0	0	0	20	0	0	0
tweet_00043029	saude202011_n_00129_00000001.jpg	1	3	0	-1	0	0	0	0	0	1	0	0	-2
tweet_00043037	saude202011_n_00129_00000002.jpg	1	0	-1	0	0	0	0	0	0	1	0	-2	2
tweet_00043043	saude202011_n_00129_00000003.jpg	0	2	-1	0	1	2	0	0	0	19	0	1	1
tweet_00043058	saude202011_n_00129_00000004.jpg	1	-1	2	0	0	0	0	1	0	0	0	0	12
tweet_00043078	saude202011_n_00129_00000006.jpg	0	2	-1	0	0	0	0	0	0	-1	0	0	0
tweet_00043092	saude202011_n_00130_00000001.jpg	1	4	0	0	0	0	1	0	0	0	0	7	0
tweet_00043109	saude202011_n_00130_00000002.jpg	1	-2	0	-1	0	0	0	0	0	0	0	-1	-2
tweet_00043110	saude202011_n_00130_00000004.jpg	1	0	0	0	0	0	0	3	0	0	0	0	-1
tweet_00043158	saude202011_n_00132_00000001.jpg	1	-2	1	0	0	0	0	0	0	0	0	0	0
tweet_00043166	saude202011_n_00132_00000003.jpg	2	1	0	0	0	0	2	10	0	0	0	0	19
tweet_00043208	saude202011_n_00133_00000004.jpg	1	-1	0	2	1	0	0	0	0	1	0	0	0
tweet_00043209	saude202011_n_00133_00000005.jpg	1	-1	1	0	0	0	3	0	0	0	0	0	5
tweet_00043225	saude202011_n_00146_00000003.jpg	0	-3	1	0	0	0	0	0	0	4	0	-1	0
tweet_00043238	saude202011_n_00134_00000001.jpg	1	-1	0	0	1	0	0	0	0	9	0	0	0
tweet_00043266	saude202011_n_00135_00000002.jpg	0	3	0	0	0	1	0	0	0	10	0	0	0
tweet_00043270	saude202011_n_00135_00000003.jpg	1	-1	0	0	0	0	0	0	0	0	0	0	-1
tweet_00043271	saude202011_n_00135_00000004.jpg	1	-1	0	0	0	0	0	0	3	0	0	1	0
tweet_00043312	saude202011_n_00139_00000003.jpg	0	3	0	0	0	1	0	0	0	4	0	0	0
tweet_00043321	saude202011_n_00140_00000003.jpg	1	-1	1	0	0	0	1	0	0	8	0	0	0
tweet_00043322	saude202011_n_00140_00000004.jpg	3	-1	1	0	0	0	0	-1	0	0	9	0	0
tweet_00043328	saude202011_n_00141_00000002.jpg	1	2	0	0	0	0	0	4	0	0	0	0	12
tweet_00043335	saude202011_n_00141_00000003.jpg	0	2	0	0	0	0	0	0	0	0	0	0	-3
tweet_00043337	saude202011_n_00141_00000001.jpg	0	2	0	0	0	0	1	0	0	0	0	0	-5
tweet_00043339	saude202011_n_00142_00000001.jpg	1	-2	1	0	0	0	0	1	0	1	0	0	-1
tweet_00043353	saude202011_n_00144_00000001.jpg	0	-2	0	1	0	0	0	0	0	0	0	0	-1
tweet_00043359	saude202011_n_00144_00000002.jpg	4	-1	0	1	0	0	0	0	0	7	0	0	0
tweet_00043366	saude202011_n_00144_00000003.jpg	-2	0	0	0	0	0	0	0	0	0	0	0	-6
tweet_00043378	saude202011_n_00144_00000005.jpg	-1	-1	0	0	0	0	0	0	0	0	0	0	-4
tweet_00043406	saude202011_n_00145_00000001.jpg	2	1	-1	0	0	1	0	0	0	21	0	0	0
tweet_00043408	saude202011_n_00145_00000002.jpg	-1	0	0	0	0	0	0	0	0	0	0	0	-3
tweet_00043416	saude202011_n_00145_00000004.jpg	1	0	2	0	0	0	0	0	0	9	0	0	0
tweet_00043417	saude202011_n_00145_00000005.png	1	-2	0	0	0	0	0	0	0	18	0	0	0
tweet_00043434	saude202011_n_00145_00000007.jpg	3	-3	4	0	0	0	7	0	0	0	0	0	0
tweet_00043452	saude202011_n_00146_00000002.jpg	0	-4	0	1	1	0	0	0	0	4	0	0	0
tweet_00043464	saude202011_n_00146_00000004.jpg	1	0	-1	0	0	0	0	0	1	20	0	0	0
tweet_00043465	saude202011_n_00146_00000005.jpg	1	-2	0	0	0	0	0	1	0	-1	0	1	0
tweet_00043466	saude202011_n_00146_00000006.jpg	1	-4	0	0	0	0	0	0	0	1	0	0	0
tweet_00043485	saude202011_n_00146_00000007.png	1	0	-1	0	0	1	0	0	0	11	0	0	0
tweet_00043499	saude202011_n_00147_00000002.jpg	1	-3	2	0	0	0	0	0	0	0	0	0	-3
tweet_00043515	saude202011_n_00153_00000003.jpg	1	3	0	-2	1	0	0	0	0	1	0	0	-1
tweet_00043522	saude202011_n_00147_00000004.jpg	3	-1	0	1	0	0	3	0	0	0	0	0	-1
tweet_00043524	saude202011_n_00147_00000007.jpg	1	-1	0	0	0	0	0	0	0	7	0	0	0
tweet_00043563	saude202011_n_00148_00000001.jpg	3	-3	1	2	0	0	0	0	0	4	0	0	0
tweet_00043576	saude202011_n_00148_00000002.jpg	3	0	0	0	-3	0	0	0	0	0	0	0	-4
tweet_00043587	saude202011_n_00149_00000001.jpg	1	0	0	0	0	0	0	0	0	0	0	0	-2
tweet_00043591	saude202011_n_00149_00000002.jpg	2	-2	3	0	0	0	3	7	0	0	0	0	19
tweet_00043610	saude202011_n_00149_00000003.jpg	1	-1	0	0	0	0	0	0	1	0	19	0	0
tweet_00043619	saude202011_n_00150_00000001.jpg	1	-2	0	0	0	0	0	0	0	1	0	0	0
tweet_00043625	saude202011_n_00150_00000002.jpg	1	-1	0	0	0	0	0	0	0	14	0	0	0
tweet_00043629	saude202011_n_00150_00000003.jpg	3	-4	0	0	0	0	0	0	0	2	0	0	0
tweet_00043633	saude202011_n_00150_00000004.jpg	0	-1	0	1	0	0	0	1	0	0	0	0	3
tweet_00043697	saude202011_n_00151_00000002.png	1	-3	2	0	0	0	0	0	0	0	0	-1	0
tweet_00043699	saude202011_n_00151_00000003.jpg	3	-2	1	2	-1	0	0	0	0	2	0	0	0
tweet_00043708	saude202011_n_00151_00000006.jpg	1	-2	0	2	0	0	0	1	0	12	0	0	0
tweet_00043713	saude202011_n_00151_00000007.jpg	1	-1	1	0	0	0	2	2	0	0	0	0	24
tweet_00043715	saude202011_n_00151_00000008.jpg	0	-1	1	0	0	0	2	1	0	0	0	-1	-6
tweet_00043784	saude202011_n_00152_00000001.jpg	-2	0	0	0	0	0	0	0	0	0	0	0	-4
tweet_00043799	saude202011_n_00153_00000001.jpg	1	2	0	0	0	0	0	1	0	0	0	0	-3
tweet_00043801	saude202011_n_00153_00000002.jpg	1	-2	0	0	0	1	0	0	0	1	0	-1	-1
tweet_00043834	saude202011_n_00154_00000001.jpg	0	-3	3	1	0	0	0	0	0	0	0	0	0
tweet_00043876	saude202011_n_00155_00000001.jpg	1	-2	1	1	0	0	0	4	0	-1	0	0	16
tweet_00043884	saude202011_n_00155_00000002.jpg	2	-2	0	0	0	0	1	0	0	0	0	1	13
tweet_00043899	saude202011_n_00156_00000001.jpg	1	0	1	0	-1	0	2	2	0	0	0	-2	-4
tweet_00043961	saude202011_n_00157_00000001.jpg	-1	0	0	0	0	1	0	2	2	0	0	0	0
tweet_00043968	saude202011_n_00159_00000001.jpg	1	-1	1	0	0	0	0	8	0	0	0	0	12
tweet_00043970	saude202011_n_00159_00000002.jpg	-1	0	-1	-1	0	1	0	0	0	0	0	0	-3
tweet_00043984	saude202011_n_00159_00000004.jpg	3	-2	0	1	0	2	0	0	0	9	0	0	0
tweet_00043987	saude202011_n_00159_00000005.jpg	1	2	0	0	0	0	0	10	0	1	0	0	7
tweet_00043993	saude202011_n_00159_00000006.jpg	0	3	0	0	0	0	0	0	0	24	0	0	0
tweet_00044000	saude202011_n_00160_00000003.jpg	0	-1	1	0	0	1	0	0	0	0	0	0	8
tweet_00044041	saude202011_n_00162_00000001.jpg	0	0	1	0	0	1	0	0	0	0	0	0	-4
tweet_00044061	saude202011_n_00164_00000002.jpg	3	-2	2	0	0	0	2	3	0	0	0	0	15
tweet_00044077	saude202011_n_00163_00000001.jpg	-1	-1	0	0	0	1	0	0	0	0	0	0	-2
tweet_00044099	saude202011_n_00163_00000002.jpg	1	0	0	0	0	0	0	3	0	0	-1	-2	-1
tweet_00044106	saude202011_n_00164_00000001.jpg	1	-2	0	0	0	0	1	5	0	0	0	0	9
tweet_00044163	saude202011_n_00166_00000001.jpg	3	1	1	0	0	0	0	0	0	0	0	0	-3
tweet_00044165	saude202011_n_00166_00000002.jpg	0	0	1	0	1	0	0	0	0	0	0	0	-3
tweet_00044169	saude202011_n_00166_00000003.jpg	0	-1	0	0	0	0	0	0	0	18	0	0	0
tweet_00044177	saude202011_n_00166_00000004.jpg	1	-1	1	0	0	0	2	6	0	0	0	0	20
tweet_00044234	saude202011_n_00173_00000001.jpg	1	-3	1	0	1	2	13	0	0	0	0	0	13
tweet_00044263	saude202011_n_00173_00000006.jpg	0	0	0	0	0	0	5	2	0	1	0	0	-1
tweet_00044264	saude202011_n_00173_00000007.jpg	3	-3	1	0	0	0	0	0	0	1	0	0	0
tweet_00044317	saude202011_n_00175_00000001.jpg	-1	-2	1	0	1	0	0	2	0	0	0	0	-2
tweet_00044321	saude202011_n_00175_00000002.jpg	3	-2	2	0	0	3	0	0	0	28	0	0	0
tweet_00044361	saude202011_n_00176_00000002.png	2	-3	0	0	0	0	6	0	0	0	0	0	8
tweet_00044376	saude202011_n_00177_00000001.jpg	-1	-1	2	0	0	0	15	0	0	0	0	-1	15
tweet_00044396	saude202011_n_00177_00000006.jpg	0	2	0	0	0	0	0	0	0	0	25	0	0
tweet_00044403	saude202011_n_00177_00000014.jpg	1	-1	2	1	1	0	0	0	0	1	0	0	0
tweet_00044444	saude202011_n_00179_00000001.jpg	1	-1	0	0	0	0	9	0	0	-1	0	0	21
tweet_00044447	saude202011_n_00179_00000002.jpg	1	-2	1	-1	0	0	0	2	0	0	0	0	-2
tweet_00044487	saude202011_n_00180_00000001.jpg	-1	0	0	0	0	0	5	0	0	0	0	0	9
tweet_00044521	saude202011_n_00181_00000003.jpg	1	2	0	0	0	1	0	0	2	0	0	0	0
tweet_00044532	saude202011_n_00181_00000002.jpg	0	0	0	-1	0	0	5	2	0	0	0	0	0
tweet_00044540	saude202011_n_00182_00000001.jpg	-1	0	0	0	0	0	0	0	2	0	1	0	0
tweet_00044554	saude202011_n_00182_00000006.jpg	3	-2	0	1	1	3	0	0	0	9	0	0	0
tweet_00044570	saude202011_n_00183_00000002.png	0	-1	0	0	0	0	0	0	0	0	0	0	-5
tweet_00044572	saude202011_n_00183_00000003.jpg	0	0	1	0	1	0	0	1	0	0	0	0	0
tweet_00044588	saude202011_n_00184_00000002.jpg	3	-2	0	0	1	3	2	2	0	1	0	0	4
tweet_00044602	saude202011_n_00184_00000003.jpg	2	-2	2	0	1	0	2	1	0	3	0	2	1
tweet_00044608	saude202011_n_00184_00000006.jpg	-1	-1	2	-1	0	0	0	1	6	0	0	2	0
tweet_00044616	saude202011_n_00185_00000001.jpg	1	2	0	0	1	1	0	3	0	0	0	0	4
tweet_00044625	saude202011_n_00185_00000002.png	0	-1	3	0	-1	0	0	0	5	0	0	1	0
tweet_00044639	saude202011_n_00185_00000005.jpg	0	-2	1	0	1	0	3	0	0	1	0	0	1
tweet_00044666	saude202011_n_00186_00000007.png	-1	0	1	0	0	0	0	0	0	0	0	0	-4
tweet_00044674	saude202011_n_00186_00000010.jpg	0	0	1	0	0	0	0	2	0	0	0	-3	-1
tweet_00044716	saude202011_n_00187_00000002.jpg	-1	0	0	0	0	0	0	0	0	1	0	0	0
tweet_00044730	saude202011_n_00188_00000001.jpg	1	0	0	0	0	0	0	2	0	1	0	0	0
tweet_00044846	saude202011_n_00190_00000002.png	3	-2	0	0	1	3	0	0	0	0	0	0	-3
tweet_00044857	saude202011_n_00191_00000001.jpg	0	0	0	-1	0	0	2	1	10	2	0	5	1
tweet_00044865	saude202011_n_00191_00000002.png	1	-1	2	0	0	0	0	0	0	0	0	0	0
tweet_00044867	saude202011_n_00191_00000003.jpg	0	-1	1	1	0	0	0	0	0	0	0	0	-1
tweet_00044883	saude202011_n_00192_00000001.jpg	-1	-1	0	1	1	0	0	0	0	0	0	0	-2
tweet_00044913	saude202011_n_00193_00000001.png	-1	-1	1	0	0	2	2	1	0	-1	0	0	0
tweet_00044918	saude202011_n_00193_00000002.jpg	1	-2	0	0	1	0	0	2	0	0	0	0	1
tweet_00044946	saude202011_n_00194_00000001.jpg	-2	0	0	0	1	0	0	0	0	0	0	-2	0
tweet_00044998	saude202011_n_00197_00000001.jpg	4	0	0	0	0	0	0	0	0	21	0	0	0
tweet_00045025	saude202011_n_00198_00000001.jpg	-1	-1	0	0	0	0	0	3	0	0	-2	-2	-4
tweet_00045077	saude202011_n_00200_00000001.jpg	1	-1	2	2	1	1	0	0	0	7	0	0	0
tweet_00045102	saude202011_n_00202_00000001.png	1	1	0	0	0	0	0	0	0	11	0	0	0
tweet_00045113	saude202011_n_00203_00000001.jpg	3	-2	0	1	1	0	0	0	0	3	0	-1	-1
tweet_00045141	saude202011_n_00204_00000002.jpg	0	1	0	0	0	0	5	0	0	0	0	0	-3
tweet_00045161	saude202011_n_00205_00000001.jpg	2	2	0	0	0	0	0	0	0	4	0	-1	-1
tweet_00045168	saude202011_n_00206_00000001.jpg	-1	2	0	0	0	0	0	1	0	0	0	-1	-1
tweet_00045184	saude202011_n_00206_00000002.jpg	0	0	1	-1	1	0	9	0	0	0	0	0	0
tweet_00045206	saude202011_n_00207_00000001.jpg	1	-1	0	0	0	0	0	0	0	3	0	0	0
tweet_00045234	saude202011_n_00210_00000002.jpg	3	0	4	0	0	0	9	0	0	0	0	-1	16
tweet_00045235	saude202011_n_00210_00000003.jpg	0	-1	0	0	0	3	0	0	0	8	0	0	0
tweet_00045273	saude202011_n_00211_00000001.jpg	0	1	0	0	0	0	0	0	0	-1	0	0	0
tweet_00045274	saude202011_n_00211_00000002.png	1	2	1	0	0	0	1	0	0	0	0	0	-4
tweet_00045286	saude202011_n_00211_00000003.jpg	1	-2	0	0	0	0	0	0	0	8	0	0	0
tweet_00045320	saude202011_n_00214_00000002.jpg	3	-2	0	1	1	3	2	2	0	0	0	0	20
tweet_00045346	saude202011_n_00217_00000001.jpg	1	4	0	0	0	1	0	1	0	0	0	0	10
tweet_00045351	saude202011_n_00218_00000001.jpg	1	-1	0	0	0	0	1	5	0	0	0	-1	-2
tweet_00045363	saude202011_n_00218_00000003.jpg	0	-1	0	1	0	3	0	1	0	1	0	-1	0
tweet_00045366	saude202011_n_00218_00000004.jpg	-2	0	0	1	0	0	0	0	0	0	0	-1	0
tweet_00045370	saude202011_n_00220_00000001.jpg	1	-1	0	1	1	0	1	0	0	-1	0	0	1
tweet_00045375	saude202011_n_00220_00000002.png	1	2	0	0	0	0	0	0	0	0	0	0	-3
tweet_00045382	saude202011_n_00221_00000001.jpg	0	0	1	0	0	0	0	1	4	0	0	2	0
tweet_00045388	saude202011_n_00221_00000002.jpg	1	-3	2	0	0	0	0	0	0	0	0	0	-1
tweet_00045397	saude202011_n_00223_00000001.png	0	-2	0	1	0	3	0	1	0	1	0	-1	0
tweet_00045408	saude202011_n_00224_00000001.jpg	1	1	0	0	-1	0	0	0	0	20	0	0	1
tweet_00045428	saude202011_n_00227_00000001.jpg	4	-3	2	1	1	0	0	0	0	8	0	0	0
tweet_00045433	saude202011_n_00228_00000002.jpg	4	-2	0	0	0	3	0	0	0	0	0	0	-1
tweet_00045466	saude202011_n_00229_00000001.png	1	-1	0	1	1	0	0	0	0	0	1	0	0
tweet_00045469	saude202011_n_00229_00000002.jpg	4	-2	0	2	0	3	0	0	0	2	0	-1	-1
tweet_00045520	saude202011_n_00230_00000002.jpg	3	2	0	0	0	0	1	-1	0	24	0	0	0
tweet_00045526	saude202011_n_00230_00000003.jpg	1	1	0	0	0	0	0	0	0	-1	0	0	-2
tweet_00045532	saude202011_n_00230_00000007.png	-1	-1	0	0	0	0	0	0	0	0	0	0	-5
tweet_00045543	saude202011_n_00231_00000001.jpg	1	0	0	0	0	0	0	0	0	19	0	0	0
tweet_00045546	saude202011_n_00231_00000002.jpg	1	-1	-1	-1	0	0	0	0	0	-1	0	0	-2
tweet_00045572	saude202011_n_00232_00000001.jpg	1	-2	0	1	1	0	0	0	0	8	0	0	0
tweet_00045592	saude202011_n_00233_00000002.jpg	1	4	0	0	0	0	0	4	0	0	0	0	23
tweet_00045597	saude202011_n_00233_00000003.jpg	0	-1	0	0	0	0	0	0	0	0	0	0	-1
tweet_00045599	saude202011_n_00233_00000004.jpg	1	3	0	0	0	0	0	4	0	-1	0	0	25
tweet_00045604	saude202011_n_00233_00000005.jpg	1	1	0	0	0	0	1	10	0	0	0	0	17
tweet_00045614	saude202011_n_00233_00000006.jpg	1	2	0	0	-1	1	0	0	0	0	0	0	-7
tweet_00045637	saude202011_n_00233_00000007.jpg	1	-2	0	0	0	1	0	6	0	0	0	0	0
tweet_00045681	saude202011_n_00234_00000001.jpg	1	1	0	-1	0	0	0	3	0	0	0	1	0
tweet_00045689	saude202011_n_00234_00000003.jpg	1	1	0	-1	0	0	1	1	0	10	0	1	0
tweet_00045702	saude202011_n_00234_00000005.jpg	1	-2	0	1	0	0	0	0	0	3	0	0	0
tweet_00045722	saude202011_n_00234_00000006.jpg	1	1	0	0	0	0	0	0	0	0	0	-1	-1
tweet_00045729	saude202011_n_00234_00000007.jpg	1	3	0	0	0	0	1	-1	0	11	0	0	1
tweet_00045733	saude202011_n_00234_00000008.jpg	-2	0	1	0	0	0	0	4	0	0	0	0	2
tweet_00045756	saude202012_n_00002_00000001.jpg	-1	0	0	0	0	0	0	2	0	0	0	-1	-1
tweet_00045796	saude202012_n_00003_00000001.jpg	0	1	0	0	0	1	0	0	0	1	0	0	0
tweet_00045831	saude202012_n_00008_00000001.jpg	0	-3	0	0	0	0	4	3	0	0	0	0	21
tweet_00045837	saude202012_n_00008_00000002.jpg	1	-1	0	0	0	2	0	0	0	12	0	0	0
tweet_00045880	saude202012_n_00009_00000001.jpg	0	3	0	0	-1	0	1	4	1	0	0	0	0
tweet_00045902	saude202012_n_00009_00000002.jpg	1	-1	0	0	1	1	2	22	0	2	0	1	6
tweet_00045904	saude202012_n_00009_00000003.jpg	5	-3	0	0	0	0	0	0	0	10	0	0	0
tweet_00045905	saude202012_n_00009_00000004.jpg	2	-1	1	0	0	0	0	0	0	3	0	0	0
tweet_00045906	saude202012_n_00009_00000005.jpg	1	3	0	1	0	0	0	1	0	0	0	0	-2
tweet_00045913	saude202012_n_00009_00000007.png	1	-4	0	-1	0	2	-3	-3	-2	0	-19	0	0
tweet_00045956	saude202012_n_00010_00000001.jpg	1	3	0	0	0	0	1	0	0	0	1	0	0
tweet_00045965	saude202012_n_00010_00000002.jpg	1	0	0	0	0	1	0	0	0	0	0	0	-4
tweet_00045968	saude202012_n_00010_00000003.jpg	0	-3	0	0	0	0	1	4	0	0	0	0	13
tweet_00045975	saude202012_n_00011_00000001.jpg	1	-2	0	-1	0	0	0	0	0	8	0	0	0
tweet_00045984	saude202012_n_00011_00000003.jpg	1	2	0	-1	0	1	0	0	4	0	0	0	0
tweet_00045985	saude202012_n_00011_00000002.jpg	0	3	0	0	0	0	0	0	0	0	0	0	-2
tweet_00045991	saude202012_n_00011_00000004.jpg	1	-2	0	0	0	0	1	6	0	0	0	0	14
tweet_00046015	saude202012_n_00012_00000001.jpg	1	5	0	0	0	0	0	0	0	1	0	0	-4
tweet_00046016	saude202012_n_00012_00000002.jpg	1	0	0	0	0	0	0	0	0	1	0	0	-3
tweet_00046019	saude202012_n_00012_00000004.png	1	1	0	0	4	0	0	4	0	0	0	0	9
tweet_00046024	saude202012_n_00012_00000005.jpg	-2	1	0	0	0	1	0	0	0	0	0	0	-2
tweet_00046041	saude202012_n_00012_00000006.jpg	1	-2	0	0	1	0	0	0	0	0	0	0	-1
tweet_00046052	saude202012_n_00012_00000007.jpg	5	2	0	0	0	0	0	10	0	0	0	0	8
tweet_00046067	saude202012_n_00013_00000001.jpg	1	-2	0	0	0	0	1	9	0	0	0	0	15
tweet_00046069	saude202012_n_00013_00000002.jpg	2	1	0	0	0	0	0	0	0	0	0	0	-3
tweet_00046082	saude202012_n_00013_00000003.jpg	1	1	0	0	0	0	0	8	0	0	0	0	21
tweet_00046086	saude202012_n_00013_00000004.jpg	0	2	0	0	0	0	4	0	0	0	0	0	-4
tweet_00046115	saude202012_n_00013_00000006.jpg	5	1	0	0	0	0	0	1	0	0	0	0	13
tweet_00046136	saude202012_n_00013_00000009.jpg	2	2	0	0	-2	0	3	1	0	0	0	3	5
tweet_00046146	saude202012_n_00014_00000001.jpg	0	0	0	0	1	0	0	0	0	2	0	0	0
tweet_00046148	saude202012_n_00014_00000002.jpg	0	3	0	-1	0	1	1	1	0	0	0	-4	-1
tweet_00046149	saude202012_n_00014_00000004.jpg	1	1	0	0	0	0	1	1	0	0	0	0	19
tweet_00046157	saude202012_n_00014_00000005.jpg	0	2	0	0	-1	0	0	1	0	0	0	0	0
tweet_00046183	saude202012_n_00014_00000007.jpg	1	-2	1	1	0	1	0	0	0	6	0	0	0
tweet_00046203	saude202012_n_00015_00000001.jpg	1	2	0	0	0	0	0	0	-2	16	0	0	1
tweet_00046214	saude202012_n_00015_00000003.jpg	3	-2	1	0	0	0	0	0	0	0	0	0	-4
tweet_00046219	saude202012_n_00015_00000004.jpg	5	-1	0	0	0	1	0	1	0	21	0	0	0
tweet_00046225	saude202012_n_00015_00000010.png	3	-2	1	0	1	1	0	0	0	5	0	0	0
tweet_00046236	saude202012_n_00015_00000013.png	1	-1	0	0	0	1	0	0	0	7	0	0	0
tweet_00046269	saude202012_n_00015_00000015.jpg	1	-1	0	0	0	0	0	0	0	0	1	0	0
tweet_00046275	saude202012_n_00016_00000001.jpg	1	-2	0	0	0	0	0	0	0	6	0	0	0
tweet_00046288	saude202012_n_00016_00000003.jpg	1	-1	0	0	-1	0	0	0	0	19	0	0	0
tweet_00046315	saude202012_n_00016_00000004.jpg	2	-1	0	0	0	0	0	-1	-3	0	16	0	0
tweet_00046352	saude202012_n_00017_00000002.jpg	0	2	0	0	0	0	0	0	0	0	0	0	-2
tweet_00046362	saude202012_n_00017_00000003.jpg	1	0	0	0	0	0	0	0	0	6	0	0	0
tweet_00046370	saude202012_n_00017_00000004.jpg	1	4	0	0	0	0	1	0	0	20	0	0	0
tweet_00046401	saude202012_n_00017_00000006.jpg	1	0	0	0	0	0	1	-1	0	13	0	1	0
tweet_00046403	saude202012_n_00017_00000007.jpg	5	0	0	0	0	0	0	0	0	1	0	0	0
tweet_00046406	saude202012_n_00017_00000008.jpg	3	-2	1	0	0	0	0	-1	0	0	16	0	0
tweet_00046408	saude202012_n_00018_00000001.jpg	1	-1	1	0	1	0	0	0	0	18	0	0	0
tweet_00046411	saude202012_n_00018_00000002.jpg	1	1	0	0	0	0	0	0	0	11	0	0	0
tweet_00046415	saude202012_n_00018_00000004.jpg	-1	2	0	-3	0	0	0	0	0	1	0	0	-1
tweet_00046418	saude202012_n_00018_00000005.jpg	0	4	0	0	0	0	0	0	0	17	0	0	0
tweet_00046426	saude202012_n_00018_00000006.jpg	0	-1	1	0	0	0	2	1	0	0	0	0	-3
tweet_00046438	saude202012_n_00018_00000007.jpg	0	-1	0	0	0	0	0	0	0	10	0	0	0
tweet_00046450	saude202012_n_00018_00000008.jpg	0	-5	0	0	0	1	0	0	0	0	0	0	-2
tweet_00046452	saude202012_n_00018_00000010.jpg	2	-1	0	0	0	1	0	4	0	0	0	0	0
tweet_00046453	saude202012_n_00018_00000011.jpg	0	2	1	-1	0	0	0	0	0	1	0	-1	-3
tweet_00046456	saude202012_n_00019_00000001.jpg	1	2	1	0	0	0	0	1	0	0	0	0	1
tweet_00046462	saude202012_n_00019_00000002.jpg	1	-2	0	0	0	0	0	6	0	0	0	0	13
tweet_00046467	saude202012_n_00019_00000003.jpg	1	-3	0	0	0	0	0	0	0	0	0	0	0
tweet_00046468	saude202012_n_00019_00000004.jpg	1	-2	0	0	0	0	0	0	0	13	0	0	0
tweet_00046488	saude202012_n_00019_00000006.png	2	0	0	0	0	2	0	0	0	1	0	0	-1
tweet_00046523	saude202012_n_00020_00000003.jpg	2	-2	0	0	0	0	0	0	0	1	4	0	0
tweet_00046526	saude202012_n_00020_00000004.jpg	1	-1	0	0	0	0	0	0	0	10	0	-1	0
tweet_00046528	saude202012_n_00020_00000005.png	0	-2	0	0	0	0	0	0	1	0	2	5	0
tweet_00046529	saude202012_n_00020_00000006.jpg	2	-1	1	0	0	1	2	6	0	0	0	0	21
tweet_00046546	saude202012_n_00020_00000008.jpg	0	-3	0	0	0	0	1	-2	0	1	0	-1	0
tweet_00046555	saude202012_n_00021_00000001.jpg	1	-1	2	1	0	0	0	0	0	6	0	0	0
tweet_00046561	saude202012_n_00021_00000003.jpg	3	-3	0	0	-1	0	1	0	0	0	2	0	1
tweet_00046580	saude202012_n_00021_00000004.jpg	0	2	0	0	1	1	0	15	0	0	0	0	14
tweet_00046621	saude202012_n_00022_00000002.jpg	1	-2	0	0	0	0	0	0	0	15	0	0	0
tweet_00046642	saude202012_n_00023_00000002.jpg	2	-2	0	0	0	1	1	0	0	21	0	0	0
tweet_00046704	saude202012_n_00024_00000002.jpg	1	-3	0	0	0	0	0	0	0	16	0	0	0
tweet_00046719	saude202012_n_00026_00000001.jpg	0	-1	0	0	0	1	0	0	0	11	0	0	0
tweet_00046750	saude202012_n_00027_00000002.jpg	-1	1	0	-1	0	0	0	0	0	0	1	-1	-7
tweet_00046761	saude202012_n_00027_00000003.jpg	1	-2	0	0	0	0	0	0	0	0	0	0	-5
tweet_00046767	saude202012_n_00027_00000004.jpg	0	0	0	0	0	0	0	0	0	0	0	0	-4
tweet_00046771	saude202012_n_00027_00000005.jpg	-1	-3	0	0	0	0	0	0	0	7	0	0	0
tweet_00046792	saude202012_n_00027_00000006.jpg	1	-1	0	0	0	1	8	0	1	0	0	0	11
tweet_00046835	saude202012_n_00029_00000001.png	1	1	0	0	0	0	0	7	0	0	0	0	18
tweet_00046855	saude202012_n_00029_00000003.jpg	5	-1	0	0	0	1	0	0	0	10	0	0	0
tweet_00046859	saude202012_n_00029_00000004.png	1	-2	0	0	0	0	0	0	0	21	0	0	0
tweet_00046921	saude202012_n_00031_00000002.jpg	3	-1	0	0	0	0	0	0	0	17	0	0	0
tweet_00046953	saude202012_n_00032_00000001.png	1	-1	0	0	0	0	0	0	0	10	0	0	0
tweet_00046960	saude202012_n_00032_00000002.jpg	2	0	0	1	0	0	0	0	0	6	0	0	0
tweet_00046961	saude202012_n_00032_00000003.png	1	1	0	0	0	0	0	0	0	0	0	0	-6
tweet_00046966	saude202012_n_00032_00000004.jpg	2	0	-1	0	-1	1	0	0	9	1	0	-1	0
tweet_00046973	saude202012_n_00032_00000005.jpg	0	-2	0	0	0	2	1	0	0	0	0	0	-5
tweet_00046984	saude202012_n_00032_00000007.jpg	1	-1	0	0	0	1	0	0	0	5	0	0	0
tweet_00046996	saude202012_n_00033_00000001.jpg	1	3	0	0	0	0	0	0	0	9	0	0	0
tweet_00047017	saude202012_n_00034_00000001.jpg	0	-1	2	0	0	0	0	0	0	0	0	0	-4
tweet_00047045	saude202012_n_00034_00000005.png	1	4	0	-1	0	0	0	0	0	3	0	1	0
tweet_00047055	saude202012_n_00035_00000001.jpg	1	2	0	0	0	0	0	15	0	0	0	0	17
tweet_00047071	saude202012_n_00035_00000004.jpg	1	-2	0	0	0	0	0	0	0	8	0	0	0
tweet_00047106	saude202012_n_00037_00000001.jpg	1	-2	0	-1	0	0	0	0	0	0	0	0	0
tweet_00047117	saude202012_n_00037_00000002.jpg	-1	0	0	0	1	0	0	1	0	0	0	0	0
tweet_00047126	saude202012_n_00037_00000003.png	-1	2	0	0	0	1	0	4	0	0	0	0	0
tweet_00047144	saude202012_n_00038_00000001.jpg	1	-2	1	0	0	1	0	1	0	0	0	0	0
tweet_00047152	saude202012_n_00038_00000003.jpg	4	-1	0	0	0	0	0	0	0	12	0	0	0
tweet_00047184	saude202012_n_00039_00000002.jpg	0	-3	0	0	0	2	0	0	0	7	0	0	0
tweet_00047204	saude202012_n_00039_00000003.jpg	0	-2	0	0	0	0	0	0	0	6	0	0	0
tweet_00047254	saude202012_n_00041_00000002.jpg	2	1	0	0	0	1	0	-3	0	0	-18	0	0
tweet_00047257	saude202012_n_00041_00000003.jpg	1	-2	0	0	0	0	0	0	0	22	0	0	0
tweet_00047268	saude202012_n_00041_00000004.jpg	1	-2	0	0	0	0	0	0	0	9	0	0	0
tweet_00047287	saude202012_n_00042_00000003.jpg	1	-2	0	0	0	0	0	0	0	6	0	0	0
tweet_00047291	saude202012_n_00042_00000007.jpg	1	-3	0	0	0	0	0	0	0	9	0	0	0
tweet_00047316	saude202012_n_00042_00000010.jpg	0	2	-2	0	0	0	5	1	0	0	0	0	2
tweet_00047357	saude202012_n_00044_00000001.jpg	0	0	0	0	-1	-1	0	0	0	-1	0	0	-2
tweet_00047382	saude202012_n_00045_00000001.jpg	0	-4	0	0	0	0	0	0	0	15	0	0	0
tweet_00047386	saude202012_n_00045_00000002.png	1	-2	0	0	0	0	5	0	0	0	0	0	0
tweet_00047405	saude202012_n_00046_00000001.jpg	1	-2	0	0	0	0	0	0	0	7	0	0	0
tweet_00047407	saude202012_n_00046_00000002.jpg	1	1	-1	0	0	0	0	1	0	0	0	0	0
tweet_00047415	saude202012_n_00048_00000001.jpg	1	-2	0	0	0	0	0	0	0	11	0	0	0
tweet_00047427	saude202012_n_00050_00000001.jpg	-2	-1	2	0	0	0	1	4	0	0	0	0	9
tweet_00047428	saude202012_n_00050_00000002.jpg	1	1	0	0	0	0	0	0	0	24	0	0	0
tweet_00047456	saude202012_n_00052_00000001.png	0	1	0	0	0	0	0	11	0	0	0	0	4
tweet_00047514	saude202012_n_00055_00000001.jpg	0	-2	0	0	0	0	0	-1	0	4	-1	2	4
tweet_00047523	saude202012_n_00057_00000001.jpg	0	4	0	0	0	0	0	1	0	0	0	0	-2
tweet_00047536	saude202012_n_00057_00000003.jpg	0	4	0	-1	0	0	0	-1	0	0	2	0	0
tweet_00047538	saude202012_n_00059_00000001.jpg	2	2	0	-1	0	0	0	0	0	15	0	1	0
tweet_00047542	saude202012_n_00059_00000002.jpg	2	-2	1	0	0	0	0	0	0	10	0	0	0
tweet_00047598	saude202012_n_00062_00000002.jpg	-1	2	0	0	0	0	0	0	0	3	0	0	0
tweet_00047623	saude202012_n_00063_00000002.jpg	1	-2	0	0	0	0	0	0	0	0	0	0	-5
tweet_00047634	saude202012_n_00065_00000001.png	-1	0	0	0	0	0	0	0	0	0	0	0	-5
tweet_00047650	saude202012_n_00068_00000001.jpg	1	1	0	0	0	0	0	0	0	10	0	0	0
tweet_00047699	saude202012_n_00070_00000001.jpg	3	-1	0	1	2	1	0	0	0	9	0	0	0
tweet_00047711	saude202012_n_00071_00000002.jpg	0	1	-1	0	0	0	0	1	0	0	-1	-1	-1
tweet_00047719	saude202012_n_00071_00000003.jpg	1	-1	0	0	1	0	0	0	0	8	0	0	0
tweet_00047727	saude202012_n_00071_00000004.jpg	0	0	0	0	0	1	0	0	0	0	0	0	-6
tweet_00047729	saude202012_n_00071_00000006.jpg	1	-1	0	0	0	1	0	3	0	0	-1	0	2
tweet_00047752	saude202012_n_00072_00000002.jpg	1	-2	0	0	0	1	0	0	0	0	0	0	-1
tweet_00047760	saude202012_n_00072_00000003.jpg	-1	2	0	0	0	0	0	0	0	0	0	0	-1
tweet_00047771	saude202012_n_00072_00000004.png	1	-2	0	0	0	1	0	0	0	5	0	0	0
tweet_00047772	saude202012_n_00072_00000005.jpg	1	-1	1	0	0	0	0	0	0	22	0	0	0
tweet_00047779	saude202012_n_00072_00000006.jpg	1	3	0	0	-1	0	0	2	0	0	0	-1	-2
tweet_00047786	saude202012_n_00072_00000007.jpg	0	2	0	0	0	1	0	0	0	3	0	3	0
tweet_00047795	saude202012_n_00073_00000001.jpg	1	1	0	0	-1	0	0	0	0	32	0	0	0
tweet_00047798	saude202012_n_00073_00000002.jpg	0	0	0	0	1	0	0	6	0	0	0	0	9
tweet_00047803	saude202012_n_00073_00000003.jpg	3	-1	2	0	0	0	0	3	0	1	0	0	2
tweet_00047860	saude202012_n_00075_00000001.jpg	-1	2	0	0	0	0	0	2	0	0	0	0	3
tweet_00047870	saude202012_n_00075_00000003.jpg	-2	-2	0	0	0	0	0	1	0	0	-1	-1	-2
tweet_00047874	saude202012_n_00075_00000004.jpg	1	3	0	0	0	0	0	0	0	2	0	-1	0
tweet_00047887	saude202012_n_00076_00000001.jpg	2	-1	0	0	0	0	0	0	0	15	0	0	0
tweet_00047888	saude202012_n_00076_00000002.jpg	3	-1	0	0	0	0	1	0	0	0	0	0	0
tweet_00047889	saude202012_n_00076_00000003.jpg	4	-1	0	0	0	0	-1	-1	-1	4	0	1	1
tweet_00047890	saude202012_n_00076_00000005.jpg	2	0	0	0	1	0	0	0	0	1	0	0	0
tweet_00047898	saude202012_n_00076_00000006.jpg	2	0	0	0	0	0	0	0	1	1	0	0	0
tweet_00047929	saude202012_n_00077_00000001.png	1	-1	3	0	0	0	0	1	0	1	0	0	0
tweet_00047957	saude202012_n_00078_00000001.jpg	-1	1	0	0	0	0	0	0	0	0	0	0	-3
tweet_00047971	saude202012_n_00078_00000003.jpg	0	2	0	-1	0	0	1	1	10	0	0	11	4
tweet_00047972	saude202012_n_00078_00000006.jpg	0	1	0	0	0	0	1	1	6	0	0	6	1
tweet_00048047	saude202012_n_00081_00000002.jpg	1	-2	0	0	0	2	2	6	0	0	0	0	18
tweet_00048055	saude202012_n_00081_00000003.jpg	-2	3	0	0	0	0	0	0	0	0	0	0	-1
tweet_00048073	saude202012_n_00082_00000002.jpg	0	2	0	0	-1	0	1	0	0	0	0	0	-2
tweet_00048105	saude202012_n_00083_00000003.jpg	-1	3	0	0	0	0	0	6	0	0	0	0	5
tweet_00048174	saude202012_n_00087_00000002.jpg	-1	2	0	0	0	0	1	0	0	0	0	-1	0
tweet_00048190	saude202012_n_00087_00000003.jpg	0	1	0	-1	-1	0	0	3	4	0	0	0	0
tweet_00048200	saude202012_n_00087_00000005.jpg	-1	2	0	0	0	0	0	1	0	0	0	0	4
tweet_00048205	saude202012_n_00088_00000001.jpg	1	1	0	0	-1	0	0	17	0	0	0	0	4
tweet_00048236	saude202012_n_00089_00000002.jpg	1	-1	0	0	0	0	0	0	0	0	0	0	-6
tweet_00048241	saude202012_n_00089_00000003.jpg	1	0	1	0	0	0	0	0	0	0	0	0	-4
tweet_00048293	saude202012_n_00091_00000002.jpg	1	5	0	0	0	0	1	7	0	0	0	0	22
tweet_00048303	saude202012_n_00091_00000003.jpg	1	2	0	-2	0	0	0	1	0	0	0	3	1
tweet_00048359	saude202012_n_00093_00000001.jpg	-1	0	0	0	0	0	1	0	0	0	0	0	-4
tweet_00048445	saude202012_n_00097_00000001.jpg	0	4	0	-1	0	0	0	0	0	1	0	-6	0
tweet_00048448	saude202012_n_00097_00000002.jpg	1	1	0	0	0	1	0	1	0	0	0	0	-4
tweet_00048452	saude202012_n_00097_00000003.jpg	1	2	0	0	0	0	0	1	0	0	0	0	9
tweet_00048464	saude202012_n_00097_00000004.jpg	1	2	0	0	0	0	0	4	0	0	0	0	3
tweet_00048471	saude202012_n_00097_00000006.jpg	1	2	0	0	0	0	0	5	0	0	0	0	10
tweet_00048524	saude202012_n_00099_00000001.jpg	0	0	0	0	-1	2	0	0	0	0	0	0	-3
tweet_00048525	saude202012_n_00099_00000002.jpg	-2	1	0	0	0	0	0	0	6	0	0	0	0
tweet_00048526	saude202012_n_00099_00000005.jpg	0	0	0	-1	0	0	1	0	8	-1	0	0	0
tweet_00048541	saude202012_n_00100_00000001.jpg	1	2	0	0	0	0	0	0	0	20	0	0	0
tweet_00048555	saude202012_n_00100_00000002.jpg	1	2	0	0	0	0	-1	0	1	20	0	0	0
tweet_00048562	saude202012_n_00100_00000003.jpg	-1	0	0	0	1	1	0	0	0	1	0	0	-2
tweet_00048634	saude202012_n_00102_00000002.jpg	-1	1	0	0	0	0	0	0	0	11	0	0	0
tweet_00048653	saude202012_n_00102_00000004.jpg	0	-1	1	0	0	0	0	1	0	0	0	0	3
tweet_00048663	saude202012_n_00103_00000001.jpg	1	2	0	0	0	0	0	1	0	0	0	0	9
tweet_00048667	saude202012_n_00103_00000002.jpg	1	-1	0	0	0	0	0	2	0	2	0	0	12
tweet_00048727	saude202012_n_00106_00000001.jpg	0	2	0	-1	-1	0	0	2	0	0	0	0	0
tweet_00048735	saude202012_n_00106_00000002.jpg	0	2	0	0	0	0	0	0	0	0	0	0	-1
tweet_00048757	saude202012_n_00107_00000001.jpg	2	3	0	0	0	0	-1	-1	3	0	2	15	2
tweet_00048769	saude202012_n_00107_00000002.jpg	-3	1	0	0	0	0	0	0	2	0	0	0	-1
tweet_00048776	saude202012_n_00109_00000001.jpg	1	1	0	0	0	0	0	0	0	0	0	-1	0
tweet_00048784	saude202012_n_00110_00000001.jpg	0	2	0	0	0	0	0	0	0	1	0	0	-1
tweet_00048809	saude202012_n_00110_00000002.jpg	0	0	0	0	0	0	0	0	0	1	0	0	-1
tweet_00048862	saude202012_n_00112_00000001.jpg	3	0	-1	0	0	4	-3	-4	0	0	-25	0	0
tweet_00048879	saude202012_n_00113_00000001.jpg	0	3	0	0	0	0	0	0	0	0	0	-4	-2
tweet_00048906	saude202012_n_00114_00000001.jpg	0	1	0	-1	-1	0	0	0	1	0	0	0	0
tweet_00048910	saude202012_n_00114_00000002.png	0	1	0	-1	0	0	0	5	6	0	0	3	0
tweet_00048968	saude202012_n_00115_00000001.jpg	0	-1	0	0	0	0	0	0	0	6	0	-1	0
tweet_00049005	saude202012_n_00126_00000001.jpg	-1	-1	0	0	0	1	0	0	0	0	0	0	-3
tweet_00049052	saude202012_n_00127_00000002.jpg	1	-3	3	2	-1	0	0	2	0	0	0	-1	-1
tweet_00049065	saude202012_n_00127_00000003.jpg	1	0	2	1	2	2	0	0	0	11	0	-1	0
tweet_00049069	saude202012_n_00127_00000005.jpg	3	-2	0	0	0	0	0	0	0	6	0	0	0
tweet_00049079	saude202012_n_00127_00000007.png	1	3	0	0	0	0	2	0	0	4	0	1	0
tweet_00049080	saude202012_n_00127_00000008.png	0	0	0	0	0	1	0	0	0	0	0	0	-3
tweet_00049086	saude202012_n_00128_00000001.jpg	1	-1	0	0	0	0	0	-1	4	0	0	8	0
tweet_00049102	saude202012_n_00128_00000004.jpg	2	-2	2	0	0	1	1	5	0	4	0	0	2
tweet_00049104	saude202012_n_00128_00000005.png	1	3	0	-2	0	0	0	0	0	0	0	-1	0
tweet_00049111	saude202012_n_00129_00000001.jpg	1	0	-1	0	0	4	0	0	0	9	0	0	0
tweet_00049125	saude202012_n_00129_00000002.jpg	1	1	0	-1	0	0	1	2	2	2	0	2	1
tweet_00049130	saude202012_n_00129_00000003.jpg	1	-1	0	1	2	1	0	1	0	0	-2	-1	-2
tweet_00049134	saude202012_n_00129_00000004.jpg	1	-2	0	0	0	0	0	0	0	0	1	1	0
tweet_00049139	saude202012_n_00129_00000005.jpg	3	-2	0	0	0	0	0	0	0	16	0	0	0
tweet_00049141	saude202012_n_00129_00000006.jpg	1	-2	0	0	0	0	0	0	0	22	0	0	0
tweet_00049146	saude202012_n_00129_00000007.jpg	1	-1	1	0	0	0	0	0	0	0	0	0	0
tweet_00049152	saude202012_n_00129_00000008.jpg	0	0	0	0	0	0	0	0	0	12	0	0	0
tweet_00049162	saude202012_n_00130_00000002.jpg	2	0	1	0	0	0	0	0	0	1	5	-1	0
tweet_00049204	saude202012_n_00130_00000005.jpg	-1	0	0	-1	0	0	2	2	0	0	0	7	0
tweet_00049272	saude202012_n_00133_00000001.jpg	-1	0	0	0	0	0	0	0	0	0	0	0	-3
tweet_00049277	saude202012_n_00133_00000002.jpg	1	2	0	-1	1	0	1	0	3	0	0	-1	1
tweet_00049289	saude202012_n_00133_00000003.jpg	1	0	0	-1	0	1	0	0	0	15	0	-1	0
tweet_00049306	saude202012_n_00133_00000004.jpg	1	-1	0	0	0	0	0	0	0	12	0	0	0
tweet_00049322	saude202012_n_00134_00000001.jpg	-2	0	0	-1	0	0	0	0	0	0	-1	0	-2
tweet_00049325	saude202012_n_00134_00000002.jpg	-1	1	0	0	0	1	0	1	9	0	0	4	0
tweet_00049333	saude202012_n_00134_00000003.jpg	0	1	0	0	-1	0	0	0	0	0	0	0	-3
tweet_00049336	saude202012_n_00134_00000004.jpg	0	2	-1	0	0	0	0	0	0	4	0	0	-1
tweet_00049361	saude202012_n_00134_00000007.jpg	1	-1	0	-1	0	0	0	0	0	0	-9	0	0
tweet_00049372	saude202012_n_00134_00000009.jpg	1	2	0	-1	0	0	1	0	0	-1	0	0	-1
tweet_00049385	saude202012_n_00134_00000014.jpg	1	-1	1	0	0	0	0	0	0	2	0	-1	0
tweet_00049399	saude202012_n_00135_00000001.jpg	0	-1	0	0	0	-1	0	0	0	2	0	0	0
tweet_00049411	saude202012_n_00135_00000003.jpg	2	-2	2	0	-2	0	4	0	0	-1	0	0	15
tweet_00049446	saude202012_n_00135_00000008.jpg	0	0	0	0	0	0	5	0	0	0	0	0	-2
tweet_00049449	saude202012_n_00135_00000009.jpg	1	-1	1	0	-1	0	0	0	0	11	0	0	0
tweet_00049458	saude202012_n_00136_00000001.jpg	1	-1	0	0	0	-1	0	0	0	2	0	0	0
tweet_00049473	saude202012_n_00136_00000005.jpg	3	1	0	0	0	1	-1	-3	-2	0	1	-4	0
tweet_00049479	saude202012_n_00136_00000007.jpg	2	0	0	-1	0	1	0	0	0	0	4	0	0
tweet_00049485	saude202012_n_00137_00000001.jpg	1	2	0	1	0	0	0	0	0	2	0	-2	0
tweet_00049487	saude202012_n_00137_00000002.jpg	0	1	0	0	0	0	0	0	0	6	0	0	0
tweet_00049489	saude202012_n_00137_00000003.jpg	2	3	0	0	0	0	0	0	0	0	0	1	0
tweet_00049498	saude202012_n_00137_00000005.jpg	3	-1	0	0	0	0	0	1	5	-1	0	-1	-2
tweet_00049510	saude202012_n_00137_00000007.jpg	0	1	0	0	0	2	1	0	0	0	0	0	-2
tweet_00049511	saude202012_n_00137_00000008.jpg	1	-1	1	0	0	-1	0	0	0	3	0	-1	0
tweet_00049531	saude202012_n_00138_00000002.jpg	1	-1	0	0	0	-1	0	0	0	0	0	-1	-1
tweet_00049533	saude202012_n_00138_00000003.png	1	-1	1	0	0	-1	0	0	0	1	0	0	0
tweet_00049541	saude202012_n_00138_00000005.jpg	0	1	0	0	0	0	0	1	0	20	0	0	0
tweet_00049558	saude202012_n_00139_00000001.png	1	1	0	1	1	1	1	0	0	-1	0	-1	-4
tweet_00049571	saude202012_n_00139_00000002.jpg	4	0	0	-1	0	0	0	1	1	0	0	0	0
tweet_00049573	saude202012_n_00139_00000004.jpg	3	-2	0	-2	0	1	0	-3	0	0	0	13	0
tweet_00049576	saude202012_n_00139_00000005.jpg	1	-1	0	0	0	-1	0	0	0	2	0	0	0
tweet_00049577	saude202012_n_00139_00000007.jpg	2	-1	0	0	0	1	0	0	0	1	0	0	0
tweet_00049585	saude202012_n_00139_00000009.jpg	0	-1	0	0	0	-1	0	0	0	2	0	0	0
tweet_00049586	saude202012_n_00139_00000010.jpg	-1	1	0	0	0	0	0	10	0	0	0	0	0
tweet_00049599	saude202012_n_00140_00000003.jpg	2	1	0	0	0	1	0	0	0	12	0	0	0
tweet_00049603	saude202012_n_00140_00000004.jpg	1	-1	1	0	0	-1	0	0	0	1	0	0	0
tweet_00049608	saude202012_n_00140_00000005.jpg	1	3	0	0	0	0	0	0	4	0	0	1	0
tweet_00049629	saude202012_n_00141_00000001.jpg	1	-1	0	0	0	-1	0	0	0	2	0	0	0
tweet_00049634	saude202012_n_00141_00000002.jpg	0	0	0	0	0	0	0	0	0	0	0	0	-7
tweet_00049649	saude202012_n_00142_00000002.jpg	1	1	0	-1	0	0	-1	0	1	0	7	1	0
tweet_00049692	saude202012_n_00144_00000001.jpg	0	1	0	0	0	0	0	0	0	0	0	0	-2
tweet_00049705	saude202012_n_00144_00000004.jpg	4	-4	0	0	0	0	0	0	0	5	0	-1	-1
tweet_00049727	saude202012_n_00145_00000002.jpg	2	0	0	-2	0	0	0	-1	9	0	4	3	1
tweet_00049748	saude202012_n_00147_00000002.jpg	2	3	0	0	0	0	0	0	0	0	1	-4	0
tweet_00049761	saude202012_n_00147_00000003.png	1	-2	0	0	0	0	0	0	0	7	0	-1	-1
tweet_00049789	saude202012_n_00151_00000002.jpg	0	0	0	0	0	0	0	0	0	0	0	0	-3
tweet_00049791	saude202012_n_00151_00000003.jpg	1	1	0	0	0	0	0	0	0	14	0	0	0
tweet_00049793	saude202012_n_00151_00000004.jpg	3	-2	0	0	0	0	0	0	0	10	0	0	0
tweet_00049794	saude202012_n_00151_00000005.png	0	0	0	0	0	4	0	0	0	0	0	0	-4
tweet_00049799	saude202012_n_00152_00000001.jpg	1	-2	1	0	0	0	0	0	0	1	0	0	-1
tweet_00049816	saude202012_n_00152_00000002.jpg	1	0	0	0	0	2	5	0	0	0	0	0	21
tweet_00049833	saude202012_n_00153_00000002.jpg	2	1	0	0	0	0	0	0	0	1	0	0	-2
tweet_00049842	saude202012_n_00153_00000004.jpg	1	-1	1	0	0	1	1	0	0	3	0	0	0
tweet_00049846	saude202012_n_00153_00000006.jpg	1	-1	0	0	0	0	0	0	0	5	0	-1	-1
tweet_00049867	saude202012_n_00155_00000001.jpg	2	2	0	0	-1	0	0	0	0	1	0	0	0
tweet_00049872	saude202012_n_00155_00000002.jpg	2	1	0	0	-1	0	0	0	0	28	0	0	0
tweet_00049896	saude202012_n_00156_00000004.jpg	2	-1	0	-2	-1	1	2	0	0	0	0	0	1
tweet_00049908	saude202012_n_00156_00000005.jpg	1	1	0	0	0	1	0	0	1	0	1	2	0
tweet_00049911	saude202012_n_00156_00000006.jpg	0	2	0	0	0	0	0	0	0	0	0	-4	1
tweet_00049914	saude202012_n_00157_00000001.jpg	3	0	0	-2	-1	1	1	0	0	0	0	2	3
tweet_00049919	saude202012_n_00157_00000003.jpg	0	0	0	0	0	0	0	0	0	13	0	0	0
tweet_00049940	saude202012_n_00158_00000002.jpg	2	-1	0	0	1	0	0	0	0	0	2	-1	0
tweet_00049968	saude202012_n_00160_00000001.jpg	4	-2	0	0	-1	1	-5	-5	-1	0	-27	1	0
tweet_00049969	saude202012_n_00160_00000002.jpg	3	3	0	0	0	0	0	0	0	1	0	0	0
tweet_00049971	saude202012_n_00160_00000003.jpg	1	3	0	0	0	0	-1	0	1	0	0	-7	0
tweet_00049993	saude202012_n_00161_00000001.jpg	-1	0	0	0	0	0	0	0	0	0	0	0	-2
tweet_00049996	saude202012_n_00161_00000003.jpg	1	3	0	0	-1	0	0	0	0	1	0	0	-1
tweet_00050021	saude202012_n_00162_00000003.jpg	2	-1	0	0	0	1	1	0	0	0	3	0	0
tweet_00050022	saude202012_n_00162_00000004.jpg	-1	0	0	0	0	4	0	0	0	1	0	0	0
tweet_00050027	saude202012_n_00163_00000001.jpg	1	-2	0	0	0	0	-1	-1	0	1	-8	1	0
tweet_00050031	saude202012_n_00163_00000002.jpg	2	1	0	0	0	0	1	0	0	-1	0	0	1
tweet_00050033	saude202012_n_00163_00000003.jpg	1	-2	0	1	0	0	0	2	0	1	0	0	6
tweet_00050074	saude202012_n_00168_00000001.jpg	0	0	0	0	0	1	0	0	0	0	0	0	-2
tweet_00050084	saude202012_n_00169_00000002.jpg	-1	3	0	0	0	0	0	1	0	0	0	-1	-6
tweet_00050096	saude202012_n_00170_00000002.jpg	0	-1	0	0	0	0	0	-1	0	3	0	0	0
tweet_00050113	saude202012_n_00176_00000001.jpg	1	0	-1	0	0	3	0	0	0	0	0	0	-3
tweet_00050123	saude202012_n_00178_00000001.jpg	1	1	0	0	-2	0	7	2	0	0	0	0	2
tweet_00050132	saude202012_n_00178_00000002.jpg	0	1	0	0	0	0	0	0	6	0	0	0	0
tweet_00050155	saude202012_n_00181_00000001.jpg	0	-1	0	0	0	0	0	0	0	10	0	0	0
tweet_00050164	saude202012_n_00182_00000001.jpg	1	-2	0	0	0	0	0	0	0	7	0	0	0
tweet_00050165	saude202012_n_00184_00000001.jpg	0	1	0	0	0	0	0	0	0	1	0	0	-2
tweet_00050175	saude202012_n_00184_00000002.png	1	1	0	0	0	0	0	0	0	4	0	1	0
tweet_00050198	saude202012_n_00185_00000001.jpg	1	1	0	0	-1	0	0	0	0	1	0	-2	-1
tweet_00050206	saude202012_n_00186_00000002.jpg	5	1	0	0	0	0	0	0	0	1	0	0	-1
tweet_00050213	saude202012_n_00186_00000003.png	1	4	0	-1	0	0	0	0	0	1	0	0	0
tweet_00050233	saude202012_n_00187_00000001.png	1	1	0	0	-1	0	0	0	7	0	0	6	0
tweet_00050251	saude202012_n_00188_00000002.jpg	7	0	0	0	-1	0	14	-1	0	-1	0	0	17
tweet_00050258	saude202012_n_00189_00000001.jpg	1	0	0	0	0	0	0	0	0	1	0	0	0
tweet_00050261	saude202012_n_00189_00000002.jpg	0	1	-1	-1	0	2	0	1	0	-1	0	-1	-1
tweet_00050271	saude202012_n_00189_00000003.jpg	1	1	0	0	0	0	2	2	0	0	0	0	10
tweet_00050273	saude202012_n_00189_00000004.jpg	5	1	0	0	0	1	0	0	0	15	0	0	0
tweet_00050288	saude202012_n_00191_00000001.jpg	0	-2	1	0	0	0	0	0	0	1	0	0	-1
tweet_00050292	saude202012_n_00191_00000005.png	1	1	0	0	0	0	2	5	0	0	0	0	21
tweet_00050307	saude202012_n_00191_00000008.jpg	1	1	0	0	-1	0	0	0	0	15	0	0	0
tweet_00050341	saude202012_n_00194_00000001.jpg	2	0	-1	0	-1	2	1	1	0	27	0	0	0
tweet_00050375	saude202012_n_00195_00000004.jpg	1	2	0	-1	0	0	4	-1	0	5	0	3	2
tweet_00050385	saude202012_n_00196_00000001.jpg	1	2	0	-2	0	0	39	-1	0	0	0	1	1
tweet_00050407	saude202012_n_00196_00000005.jpg	-3	1	0	0	0	0	0	0	0	4	0	0	0
tweet_00050493	saude202012_n_00198_00000004.jpg	1	1	0	0	0	2	2	0	0	0	0	0	-4
tweet_00050494	saude202012_n_00198_00000003.jpg	0	0	1	0	0	0	0	0	0	0	0	0	-4
tweet_00050499	saude202012_n_00198_00000007.png	0	1	0	0	-1	0	0	5	0	0	0	0	0
tweet_00050523	saude202012_n_00199_00000001.jpg	0	2	0	0	0	0	0	3	0	0	-1	0	0
tweet_00050540	saude202012_n_00199_00000002.png	1	2	0	0	0	0	0	0	0	0	0	0	-6
tweet_00050557	saude202012_n_00200_00000001.jpg	1	1	0	0	-1	0	0	0	0	8	0	0	0
tweet_00050572	saude202012_n_00200_00000002.jpg	0	1	0	0	-1	0	1	0	-1	1	-1	-1	-2
tweet_00050581	saude202012_n_00200_00000003.jpg	0	1	0	0	0	0	0	0	0	0	0	0	-1
tweet_00050602	saude202012_n_00201_00000003.jpg	1	1	0	0	-1	0	5	4	0	2	0	0	13
tweet_00050623	saude202012_n_00202_00000002.jpg	0	1	0	0	-1	0	1	-2	-1	1	1	3	0
tweet_00050634	saude202012_n_00202_00000003.jpg	0	2	0	0	0	0	0	0	0	0	0	0	-2
tweet_00050635	saude202012_n_00202_00000004.jpg	0	0	0	0	0	0	0	0	0	0	0	0	-4
tweet_00050677	saude202012_n_00204_00000001.jpg	1	1	0	0	0	1	1	12	0	0	0	0	20
tweet_00050682	saude202012_n_00204_00000002.png	3	0	0	0	0	0	0	12	0	0	0	0	-1
tweet_00050683	saude202012_n_00204_00000003.jpg	2	0	-1	0	0	1	0	0	0	1	0	0	0
tweet_00050685	saude202012_n_00205_00000001.jpg	0	0	0	0	0	0	0	0	0	11	0	0	0
tweet_00050688	saude202012_n_00205_00000002.jpg	0	0	0	0	0	3	0	0	0	0	0	0	-1
tweet_00050738	saude202012_n_00206_00000001.jpg	-1	-1	0	0	0	0	0	0	0	0	0	0	-5
tweet_00050748	saude202012_n_00206_00000002.jpg	2	1	0	0	0	1	0	0	0	14	0	0	0
tweet_00050758	saude202012_n_00206_00000005.jpg	-2	1	1	0	0	0	1	0	0	0	0	0	1
tweet_00050766	saude202012_n_00206_00000006.jpg	3	1	0	0	-1	1	0	0	0	0	0	-1	0
tweet_00050783	saude202012_n_00207_00000002.jpg	1	1	0	0	-1	1	0	0	0	0	9	-1	0
tweet_00050785	saude202012_n_00207_00000003.jpg	5	0	1	0	0	0	0	8	0	0	0	1	0
tweet_00050802	saude202012_n_00207_00000005.jpg	-1	2	0	0	0	0	15	0	0	0	0	0	-1
tweet_00050806	saude202012_n_00207_00000006.jpg	5	2	0	-1	0	1	0	0	0	1	0	0	-1
tweet_00050809	saude202012_n_00207_00000008.jpg	1	-1	-1	0	0	3	0	0	0	10	0	-1	0
tweet_00050820	saude202012_n_00207_00000009.jpg	1	-1	0	0	0	0	4	0	0	0	0	0	-1
tweet_00050821	saude202012_n_00207_00000010.jpg	0	0	0	0	0	0	0	0	0	1	0	-1	0
tweet_00050837	saude202012_n_00208_00000001.png	1	0	-1	0	0	2	0	0	0	9	0	-1	0
tweet_00050838	saude202012_n_00208_00000002.jpg	1	-2	1	0	0	1	0	0	0	0	0	0	-4
tweet_00050841	saude202012_n_00208_00000003.png	2	0	0	0	1	1	0	0	0	21	0	0	0
tweet_00050846	saude202012_n_00208_00000004.jpg	1	0	0	0	0	1	0	0	0	0	0	0	-1
tweet_00050849	saude202012_n_00208_00000005.png	1	0	0	0	0	1	0	0	0	0	0	0	-1
tweet_00050884	saude202012_n_00208_00000006.jpg	0	0	0	0	0	0	0	0	0	0	-2	-1	-5
tweet_00050916	saude202012_n_00209_00000002.jpg	1	1	0	0	0	0	0	8	0	0	0	0	7
tweet_00050931	saude202012_n_00210_00000005.jpg	3	0	0	0	0	0	0	0	0	0	0	0	-4
tweet_00050947	saude202012_n_00212_00000001.jpg	1	0	-1	-1	0	3	0	0	0	7	0	-1	0
tweet_00050953	saude202012_n_00212_00000002.jpg	0	2	0	0	0	0	1	0	0	1	0	2	-2
tweet_00050960	saude202012_n_00212_00000003.png	0	1	0	0	0	0	0	0	0	0	0	0	-2
tweet_00050963	saude202012_n_00212_00000004.jpg	1	0	0	0	0	1	0	0	0	0	0	0	-7
tweet_00050999	saude202012_n_00213_00000001.jpg	2	3	0	0	0	0	-3	0	-3	3	0	2	0
tweet_00051000	saude202012_n_00213_00000002.jpg	3	3	0	0	0	0	0	0	0	21	0	0	0
tweet_00051006	saude202012_n_00213_00000003.png	0	2	0	-1	0	0	0	1	0	9	0	0	0
tweet_00051024	saude202012_n_00214_00000001.jpg	1	2	0	0	0	0	0	2	0	0	0	0	-1
tweet_00051037	saude202012_n_00214_00000002.jpg	1	-4	0	-1	0	0	0	0	0	9	0	0	0
tweet_00051042	saude202012_n_00214_00000003.jpg	3	2	0	-1	0	0	0	0	0	1	0	0	0
tweet_00051049	saude202012_n_00214_00000006.jpg	2	1	0	0	0	1	0	0	0	23	0	0	0
tweet_00051063	saude202012_n_00215_00000001.png	2	2	0	0	0	0	0	0	0	20	0	0	0
tweet_00051076	saude202012_n_00215_00000003.jpg	1	3	0	0	0	0	0	1	0	1	0	0	-1
tweet_00051093	saude202012_n_00216_00000001.jpg	2	4	0	-2	0	0	0	0	-6	-1	5	0	-1
tweet_00051125	saude202012_n_00217_00000003.jpg	-1	0	0	0	0	3	0	0	0	1	0	0	0
tweet_00051143	saude202012_n_00218_00000001.jpg	-1	2	0	0	0	0	8	1	0	0	0	0	0
tweet_00051152	saude202012_n_00220_00000003.jpg	0	-1	0	-2	0	0	0	0	0	0	4	0	1
tweet_00051195	saude202012_n_00222_00000001.jpg	1	3	0	0	0	0	1	3	0	-1	0	0	18
tweet_00051202	saude202012_n_00223_00000001.jpg	1	-1	0	0	0	2	0	0	0	2	0	0	0
tweet_00051204	saude202012_n_00223_00000002.png	1	2	0	0	0	1	0	0	0	16	0	0	0
tweet_00051213	saude202012_n_00223_00000003.jpg	0	-1	1	0	0	0	0	0	0	3	0	-1	0
tweet_00051222	saude202012_n_00224_00000001.jpg	1	-1	0	-1	0	2	0	0	0	1	0	0	0
tweet_00051228	saude202012_n_00224_00000002.jpg	2	-1	1	0	0	0	0	2	0	0	0	1	1
tweet_00051231	saude202012_n_00224_00000003.jpg	1	1	0	0	0	0	0	0	2	0	0	9	0
tweet_00051234	saude202012_n_00224_00000004.jpg	0	-1	1	-1	3	0	0	0	0	3	0	-1	0
tweet_00051259	saude202012_n_00226_00000001.jpg	1	1	0	-1	0	0	2	4	0	-1	0	0	16
tweet_00051265	saude202012_n_00226_00000002.jpg	1	3	0	0	0	0	0	0	1	0	1	8	0
tweet_00051268	saude202012_n_00226_00000003.jpg	1	-2	0	-1	0	0	1	6	0	13	0	0	0
tweet_00051279	saude202012_n_00227_00000003.jpg	0	4	0	1	0	0	-4	-1	0	0	11	6	0
tweet_00051281	saude202012_n_00227_00000005.jpg	1	1	0	0	0	0	0	1	0	2	0	0	8
tweet_00051284	saude202012_n_00227_00000006.jpg	1	2	0	0	0	0	0	-1	0	2	0	0	0
tweet_00051292	saude202012_n_00227_00000008.jpg	1	3	0	0	0	0	0	0	0	1	0	0	-1
tweet_00051306	saude202012_n_00228_00000002.jpg	1	1	1	0	0	0	0	3	0	0	0	0	0
tweet_00051308	saude202012_n_00228_00000004.jpg	1	-1	0	-1	0	0	1	7	0	1	0	0	19
tweet_00051316	saude202012_n_00229_00000001.jpg	1	-2	0	0	0	0	5	1	0	0	0	0	24
tweet_00051317	saude202012_n_00229_00000004.jpg	0	1	0	-1	0	0	0	1	0	0	0	0	0
tweet_00051324	saude202012_n_00229_00000007.jpg	1	1	0	0	0	0	0	0	0	0	0	0	-2
tweet_00051329	saude202012_n_00229_00000008.jpg	1	2	0	-1	0	0	0	0	0	1	0	0	0
tweet_00051330	saude202012_n_00229_00000012.jpg	0	-1	0	0	0	2	0	0	0	1	0	0	0
tweet_00051352	saude202012_n_00231_00000002.jpg	0	0	0	0	0	0	0	0	0	0	0	-1	-5
tweet_00051355	saude202012_n_00231_00000003.png	1	-1	0	0	0	0	0	0	0	0	0	0	7
tweet_00051372	saude202012_n_00232_00000002.jpg	0	-1	2	0	0	0	0	0	0	0	0	0	-6
tweet_00051389	saude202012_n_00233_00000001.jpg	-1	0	0	0	0	1	0	0	0	0	0	0	-4
tweet_00051396	saude202012_n_00233_00000002.jpg	2	3	0	0	0	0	-1	0	2	0	4	10	2
tweet_00051399	saude202012_n_00233_00000003.jpg	6	1	0	0	0	1	0	0	0	7	0	0	0
tweet_00051435	saude202012_n_00236_00000002.jpg	1	1	0	-1	0	1	0	0	0	0	0	0	2
tweet_00051442	saude202012_n_00238_00000002.jpg	0	-1	1	0	0	0	4	4	0	0	0	0	4
tweet_00051474	saude202101_n_00001_00000002.jpg	1	3	0	0	0	1	0	0	0	9	0	0	0
tweet_00051479	saude202101_n_00001_00000003.jpg	3	1	0	0	-1	0	0	0	3	0	1	4	0
tweet_00051527	saude202101_n_00002_00000001.jpg	1	3	0	0	-1	0	0	0	0	-1	0	0	-1
tweet_00051537	saude202101_n_00002_00000002.jpg	1	1	0	0	0	0	4	1	0	6	0	-1	0
tweet_00051561	saude202101_n_00002_00000003.jpg	0	2	0	-1	0	0	0	1	0	0	0	0	-1
tweet_00051566	saude202101_n_00002_00000004.jpg	1	2	0	0	0	1	0	0	0	9	0	0	0
tweet_00051672	saude202101_n_00005_00000001.jpg	1	0	1	0	0	0	0	0	0	0	0	0	-4
tweet_00051675	saude202101_n_00005_00000002.jpg	1	2	0	0	0	0	0	0	-2	0	0	2	2
tweet_00051699	saude202101_n_00006_00000001.png	1	-2	1	0	1	0	0	0	0	7	0	0	0
tweet_00051742	saude202101_n_00007_00000001.jpg	-1	2	0	0	0	0	2	0	0	-1	0	0	-1
tweet_00051761	saude202101_n_00008_00000001.jpg	4	-3	1	0	1	1	0	0	0	0	0	0	-2
tweet_00051766	saude202101_n_00008_00000003.png	1	-2	1	0	1	0	0	0	0	11	0	0	0
tweet_00051791	saude202101_n_00008_00000004.jpg	4	3	0	0	0	0	7	5	0	0	0	0	27
tweet_00051795	saude202101_n_00009_00000001.jpg	1	1	0	-1	0	0	0	-3	0	0	-7	1	0
tweet_00051824	saude202101_n_00009_00000002.jpg	1	-2	0	0	0	1	0	0	0	1	0	0	0
tweet_00051832	saude202101_n_00010_00000001.jpg	0	3	2	-2	0	0	3	5	0	0	0	0	21
tweet_00051858	saude202101_n_00011_00000001.jpg	0	3	1	0	0	0	3	7	0	0	0	0	19
tweet_00051870	saude202101_n_00012_00000001.jpg	0	0	0	-1	0	1	0	0	0	0	0	0	-3
tweet_00051891	saude202101_n_00012_00000003.jpg	0	1	0	0	0	0	1	11	0	0	0	0	19
tweet_00051893	saude202101_n_00012_00000004.jpg	1	-2	-2	3	1	0	1	4	0	-1	0	0	13
tweet_00051898	saude202101_n_00040_00000003.jpg	1	1	0	0	0	1	0	0	0	0	0	0	-2
tweet_00051905	saude202101_n_00013_00000002.jpg	1	1	0	0	0	0	1	0	0	3	0	0	1
tweet_00051908	saude202101_n_00013_00000003.jpg	1	3	0	0	1	0	0	0	0	28	0	0	0
tweet_00051912	saude202101_n_00013_00000004.jpg	0	1	-1	-1	0	1	1	0	0	0	0	0	-3
tweet_00051922	saude202101_n_00014_00000001.jpg	1	1	0	0	0	1	1	7	6	0	0	0	2
tweet_00051926	saude202101_n_00014_00000002.jpg	1	0	-1	-2	0	1	0	0	3	0	0	3	0
tweet_00051943	saude202101_n_00014_00000006.png	0	0	0	-1	0	0	0	0	0	1	0	0	0
tweet_00051947	saude202101_n_00014_00000007.jpg	1	0	0	0	0	0	0	0	0	23	0	0	0
tweet_00051967	saude202101_n_00015_00000001.jpg	0	0	2	0	0	0	0	0	0	0	0	0	-3
tweet_00051979	saude202101_n_00015_00000004.jpg	0	-1	1	3	1	0	0	0	0	0	0	0	-2
tweet_00051986	saude202101_n_00015_00000005.jpg	0	-1	1	0	0	1	0	0	0	8	0	0	0
tweet_00051995	saude202101_n_00021_00000006.png	1	1	0	0	0	1	0	0	0	0	0	0	-1
tweet_00052002	saude202101_n_00015_00000008.jpg	0	0	0	0	0	2	1	0	0	-1	0	0	-4
tweet_00052006	saude202101_n_00015_00000009.jpg	-2	2	0	0	0	0	0	11	0	0	0	-1	0
tweet_00052034	saude202101_n_00016_00000002.jpg	1	2	0	0	1	0	0	0	0	0	0	0	6
tweet_00052063	saude202101_n_00017_00000001.jpg	2	4	0	0	1	0	0	0	0	18	0	0	0
tweet_00052064	saude202101_n_00017_00000002.jpg	1	2	0	-1	0	0	0	0	0	0	0	0	-1
tweet_00052071	saude202101_n_00017_00000004.jpg	0	1	-1	0	0	0	2	2	0	1	-1	0	2
tweet_00052078	saude202101_n_00017_00000005.jpg	2	0	-1	0	0	0	1	0	0	9	0	1	0
tweet_00052098	saude202101_n_00017_00000006.jpg	0	0	-1	0	-2	0	0	0	0	5	0	0	0
tweet_00052107	saude202101_n_00017_00000007.jpg	3	-1	1	0	-1	0	0	2	0	0	0	0	3
tweet_00052121	saude202101_n_00018_00000001.jpg	2	1	0	0	0	0	0	0	0	1	0	-1	-2
tweet_00052124	saude202101_n_00018_00000002.jpg	1	0	0	0	0	0	0	0	0	0	0	0	-2
tweet_00052143	saude202101_n_00018_00000004.jpg	-1	1	0	0	0	1	0	0	0	0	0	0	-1
tweet_00052173	saude202101_n_00018_00000010.jpg	3	-1	1	0	0	1	0	0	1	0	0	5	0
tweet_00052174	saude202101_n_00018_00000011.jpg	1	3	0	0	0	0	0	0	0	12	0	1	0
tweet_00052194	saude202101_n_00019_00000001.jpg	1	1	0	0	0	0	-2	-2	-1	6	0	1	0
tweet_00052205	saude202101_n_00019_00000002.jpg	0	4	0	0	-1	0	0	0	0	-1	0	0	-2
tweet_00052206	saude202101_n_00019_00000003.jpg	1	-2	0	0	0	1	0	0	0	18	0	0	0
tweet_00052219	saude202101_n_00019_00000005.jpg	-3	2	0	0	0	0	3	3	0	0	0	0	5
tweet_00052221	saude202101_n_00019_00000006.jpg	0	2	0	0	0	0	0	0	0	0	0	0	-4
tweet_00052223	saude202101_n_00019_00000008.jpg	2	1	0	0	-1	0	0	0	0	1	0	0	-1
tweet_00052237	saude202101_n_00019_00000009.png	0	0	0	0	0	0	0	0	0	0	0	0	0
tweet_00052247	saude202101_n_00019_00000011.jpg	5	0	1	0	0	0	0	3	0	0	0	0	3
tweet_00052248	saude202101_n_00019_00000012.jpg	1	2	0	0	0	0	1	0	0	1	12	0	0
tweet_00052277	saude202101_n_00020_00000001.jpg	0	-2	0	1	0	0	0	0	0	0	0	-4	0
tweet_00052298	saude202101_n_00020_00000002.jpg	0	1	0	0	0	0	0	0	0	1	0	0	0
tweet_00052336	saude202101_n_00021_00000001.jpg	2	1	-1	-1	0	1	11	0	0	-1	0	0	6
tweet_00052345	saude202101_n_00021_00000004.jpg	0	2	0	0	0	1	0	0	0	0	0	0	-3
tweet_00052347	saude202101_n_00021_00000005.jpg	0	1	0	0	0	0	1	0	0	0	0	0	-3
tweet_00052353	saude202101_n_00021_00000002.jpg	1	0	-1	0	0	0	19	0	0	0	0	1	1
tweet_00052374	saude202101_n_00021_00000011.jpg	2	0	0	0	0	0	1	10	0	0	0	0	16
tweet_00052375	saude202101_n_00021_00000012.jpg	1	1	0	0	0	0	0	0	0	0	13	0	0
tweet_00052401	saude202101_n_00022_00000001.jpg	1	7	0	-1	0	0	-7	-2	-5	0	5	2	-1
tweet_00052405	saude202101_n_00022_00000002.jpg	1	-1	0	0	0	-1	0	1	0	4	0	-1	0
tweet_00052407	saude202101_n_00022_00000003.jpg	0	6	0	0	0	0	0	16	0	0	0	0	12
tweet_00052420	saude202101_n_00209_00000003.jpg	2	-1	0	0	0	0	0	0	0	4	0	0	0
tweet_00052437	saude202101_n_00022_00000005.jpg	0	1	0	0	0	0	1	3	0	0	0	0	11
tweet_00052440	saude202101_n_00022_00000006.jpg	1	-1	2	0	0	1	7	2	0	0	0	0	24
tweet_00052446	saude202101_n_00023_00000002.jpg	2	6	0	0	0	1	0	0	0	10	0	0	1
tweet_00052456	saude202101_n_00023_00000008.jpg	1	4	0	0	0	0	0	0	-2	0	0	1	0
tweet_00052487	saude202101_n_00023_00000009.jpg	6	1	0	0	-1	0	0	0	0	1	0	0	0
tweet_00052540	saude202101_n_00024_00000002.png	1	0	-1	0	0	0	-6	0	-3	2	-5	0	0
tweet_00052544	saude202101_n_00024_00000003.jpg	1	1	0	0	0	0	0	0	0	0	0	0	-4
tweet_00052560	saude202101_n_00025_00000001.jpg	1	0	-1	0	0	0	0	0	0	1	0	0	-1
tweet_00052564	saude202101_n_00025_00000003.jpg	1	0	-1	0	0	0	0	0	0	18	0	1	0
tweet_00052590	saude202101_n_00025_00000006.jpg	0	1	-1	0	0	0	1	4	0	0	0	0	17
tweet_00052616	saude202101_n_00026_00000002.jpg	4	-2	0	0	0	0	0	0	0	0	0	0	-2
tweet_00052617	saude202101_n_00026_00000003.jpg	1	1	0	0	-1	0	0	0	0	1	0	0	0
tweet_00052625	saude202101_n_00026_00000005.jpg	1	2	0	0	0	0	0	-1	0	0	18	1	0
tweet_00052647	saude202101_n_00027_00000003.jpg	4	-2	0	0	0	1	0	0	0	23	0	0	0
tweet_00052649	saude202101_n_00027_00000004.png	3	1	0	0	1	0	10	1	0	2	0	0	0
tweet_00052651	saude202101_n_00027_00000005.png	0	1	0	0	2	0	4	1	0	1	0	0	0
tweet_00052657	saude202101_n_00027_00000006.jpg	2	3	0	0	-1	2	3	-1	0	0	12	4	0
tweet_00052658	saude202101_n_00027_00000007.jpg	3	0	0	0	0	0	0	0	0	2	0	-1	0
tweet_00052685	saude202101_n_00027_00000013.jpg	2	3	0	0	0	1	0	0	0	1	0	0	0
tweet_00052687	saude202101_n_00027_00000014.jpg	2	3	0	0	-1	2	0	0	0	15	0	0	0
tweet_00052692	saude202101_n_00027_00000015.jpg	3	0	0	0	0	1	0	1	0	12	0	0	0
tweet_00052694	saude202101_n_00027_00000016.jpg	1	1	0	0	-1	0	13	0	0	0	0	0	3
tweet_00052696	saude202101_n_00027_00000017.jpg	0	0	0	0	0	0	0	2	0	0	0	0	-1
tweet_00052701	saude202101_n_00028_00000002.jpg	1	1	0	0	0	0	0	0	0	1	0	0	0
tweet_00052735	saude202101_n_00029_00000001.jpg	3	2	0	0	-1	1	0	0	1	1	0	-2	0
tweet_00052736	saude202101_n_00029_00000002.jpg	3	2	1	0	0	1	0	0	0	3	0	0	0
tweet_00052739	saude202101_n_00029_00000003.jpg	3	0	0	0	0	0	0	0	0	0	0	0	-5
tweet_00052762	saude202101_n_00030_00000001.jpg	0	0	0	0	0	0	6	1	0	0	0	0	-1
tweet_00052769	saude202101_n_00031_00000001.jpg	1	1	0	0	0	0	1	12	0	0	0	0	12
tweet_00052774	saude202101_n_00031_00000002.jpg	2	7	0	0	0	0	1	0	0	9	0	0	0
tweet_00052777	saude202101_n_00031_00000003.jpg	1	7	0	0	0	0	0	0	0	11	0	0	0
tweet_00052782	saude202101_n_00031_00000004.jpg	1	1	0	0	0	2	0	0	0	5	0	0	0
tweet_00052833	saude202101_n_00033_00000001.png	1	0	0	0	1	0	3	1	0	1	0	0	0
tweet_00052837	saude202101_n_00033_00000002.jpg	0	0	-1	0	1	1	0	0	0	3	0	-1	0
tweet_00052860	saude202101_n_00034_00000001.jpg	0	4	0	0	0	0	0	0	0	-1	0	0	3
tweet_00052861	saude202101_n_00034_00000002.jpg	3	0	0	0	0	0	-1	-1	0	0	0	5	0
tweet_00052864	saude202101_n_00034_00000003.jpg	1	2	0	0	0	0	0	0	0	0	21	0	0
tweet_00052870	saude202101_n_00035_00000001.png	1	1	0	0	1	0	1	0	0	0	0	0	-4
tweet_00052874	saude202101_n_00035_00000002.jpg	0	0	-1	-2	0	1	0	1	0	1	0	0	0
tweet_00052887	saude202101_n_00037_00000001.jpg	1	3	-1	0	0	0	0	0	0	-1	1	0	0
tweet_00052893	saude202101_n_00038_00000001.jpg	1	1	-1	0	0	0	1	-1	0	23	0	1	0
tweet_00052931	saude202101_n_00042_00000001.jpg	2	1	-1	-1	2	0	0	0	0	1	2	0	0
tweet_00052963	saude202101_n_00044_00000002.jpg	0	2	0	0	0	0	0	4	9	2	0	0	0
tweet_00052967	saude202101_n_00045_00000001.jpg	0	1	0	0	0	0	4	1	0	0	0	0	-2
tweet_00052999	saude202101_n_00048_00000002.jpg	0	1	-1	0	1	0	0	0	0	0	0	0	-6
tweet_00053001	saude202101_n_00048_00000003.jpg	1	-2	0	0	0	0	0	0	0	11	0	0	0
tweet_00053012	saude202101_n_00049_00000001.jpg	1	1	0	0	1	0	0	0	0	1	0	0	-1
tweet_00053015	saude202101_n_00049_00000002.jpg	-1	1	0	0	0	1	0	1	0	0	0	0	1
tweet_00053018	saude202101_n_00049_00000003.png	2	0	-1	0	3	1	0	0	0	0	0	0	-5
tweet_00053021	saude202101_n_00049_00000004.jpg	0	1	0	0	1	1	0	0	0	18	0	0	1
tweet_00053062	saude202101_n_00053_00000001.jpg	1	-1	0	0	2	0	1	14	0	0	0	0	19
tweet_00053066	saude202101_n_00053_00000003.jpg	1	-2	0	0	0	1	0	1	0	0	-2	0	-2
tweet_00053068	saude202101_n_00053_00000004.jpg	1	2	0	0	0	1	0	0	0	0	0	0	-3
tweet_00053069	saude202101_n_00053_00000005.jpg	0	4	0	-2	0	1	0	0	0	1	0	0	0
tweet_00053100	saude202101_n_00055_00000001.png	0	3	-2	0	2	0	2	0	0	1	0	0	0
tweet_00053107	saude202101_n_00055_00000002.jpg	0	1	0	0	1	0	7	1	0	2	0	0	0
tweet_00053125	saude202101_n_00056_00000002.jpg	1	1	0	0	1	0	0	0	0	1	1	0	0
tweet_00053134	saude202101_n_00057_00000001.jpg	-1	1	0	0	1	0	1	0	0	0	0	0	0
tweet_00053161	saude202101_n_00059_00000002.png	1	3	-1	-1	2	0	0	1	0	1	0	0	0
tweet_00053173	saude202101_n_00059_00000003.jpg	1	1	-1	-1	0	1	0	1	0	0	0	0	0
tweet_00053176	saude202101_n_00060_00000001.jpg	1	1	0	0	0	0	2	4	0	0	0	0	26
tweet_00053177	saude202101_n_00060_00000002.jpg	1	7	0	0	0	0	0	0	0	14	0	0	0
tweet_00053193	saude202101_n_00062_00000001.jpg	0	1	0	-1	1	0	0	2	0	-1	0	0	3
tweet_00053199	saude202101_n_00063_00000001.jpg	1	2	0	0	2	1	1	10	0	0	0	0	17
tweet_00053221	saude202101_n_00065_00000001.jpg	1	-1	0	0	0	0	0	0	0	8	0	0	0
tweet_00053246	saude202101_n_00066_00000002.png	0	-4	0	0	0	3	0	0	0	0	0	0	-4
tweet_00053255	saude202101_n_00066_00000003.jpg	1	-2	1	2	0	0	0	0	0	18	0	1	0
tweet_00053259	saude202101_n_00067_00000001.jpg	1	1	0	0	1	0	0	0	0	1	1	0	0
tweet_00053260	saude202101_n_00067_00000002.jpg	-2	1	0	0	0	0	0	2	0	0	0	0	0
tweet_00053262	saude202101_n_00067_00000003.jpg	0	1	0	1	1	0	0	0	1	14	0	0	0
tweet_00053269	saude202101_n_00067_00000005.jpg	2	1	0	0	2	0	0	0	0	8	0	0	0
tweet_00053275	saude202101_n_00068_00000001.jpg	1	0	0	0	5	0	0	0	0	0	0	-1	0
tweet_00053287	saude202101_n_00069_00000001.png	1	1	0	0	0	0	0	0	0	26	0	1	0
tweet_00053289	saude202101_n_00069_00000002.jpg	-1	-1	0	0	1	0	0	0	0	12	0	-2	0
tweet_00053291	saude202101_n_00069_00000003.jpg	1	-1	0	1	0	1	0	0	0	1	0	0	0
tweet_00053294	saude202101_n_00069_00000004.jpg	-1	1	0	0	1	0	5	0	0	1	0	0	0
tweet_00053296	saude202101_n_00070_00000001.jpg	4	1	0	1	2	0	0	0	0	1	1	0	0
tweet_00053309	saude202101_n_00071_00000001.jpg	1	-1	1	0	-1	0	0	0	0	0	0	-1	-2
tweet_00053322	saude202101_n_00072_00000001.jpg	-2	1	0	0	0	0	0	0	0	0	0	0	0
tweet_00053330	saude202101_n_00072_00000002.jpg	4	1	0	0	-1	1	0	0	0	6	0	0	0
tweet_00053336	saude202101_n_00073_00000002.jpg	1	-2	2	0	0	1	0	0	0	0	0	0	-6
tweet_00053340	saude202101_n_00073_00000003.jpg	1	1	0	0	1	0	0	0	0	22	0	0	0
tweet_00053350	saude202101_n_00075_00000001.jpg	3	2	0	0	0	1	0	0	0	1	4	-1	1
tweet_00053357	saude202101_n_00077_00000001.jpg	1	2	0	0	0	0	0	0	0	2	0	0	0
tweet_00053361	saude202101_n_00078_00000001.jpg	1	0	0	0	0	1	0	0	0	8	0	0	0
tweet_00053369	saude202101_n_00080_00000002.jpg	0	4	0	0	0	1	0	1	0	0	0	0	0
tweet_00053382	saude202101_n_00080_00000006.jpg	1	-1	0	-1	0	0	0	0	0	0	0	0	-1
tweet_00053405	saude202101_n_00082_00000001.jpg	-1	0	1	0	2	0	0	1	0	0	-2	-1	-1
tweet_00053416	saude202101_n_00084_00000001.jpg	0	-1	0	0	0	1	0	0	0	0	0	0	-3
tweet_00053418	saude202101_n_00084_00000002.png	1	1	0	0	0	1	0	0	4	0	4	-1	0
tweet_00053430	saude202101_n_00086_00000001.jpg	-1	3	0	0	2	1	0	0	0	0	0	0	-1
tweet_00053444	saude202101_n_00086_00000006.jpg	0	-2	0	0	0	1	0	0	0	0	0	0	-4
tweet_00053445	saude202101_n_00087_00000001.jpg	1	-1	0	0	1	0	1	-1	0	4	0	0	0
tweet_00053446	saude202101_n_00087_00000002.jpg	1	-1	1	0	0	0	0	0	0	14	0	0	0
tweet_00053447	saude202101_n_00087_00000003.jpg	1	3	0	0	0	1	0	5	0	1	0	0	7
tweet_00053469	saude202101_n_00090_00000001.jpg	1	-2	1	0	0	0	0	0	0	0	0	0	-3
tweet_00053472	saude202101_n_00090_00000002.jpg	-1	1	-1	0	0	0	0	0	0	0	0	0	-6
tweet_00053496	saude202101_n_00091_00000001.jpg	-1	2	1	0	1	0	0	0	0	-1	0	0	0
tweet_00053526	saude202101_n_00091_00000003.png	0	-1	0	0	2	0	0	0	0	0	0	0	-4
tweet_00053537	saude202101_n_00091_00000004.jpg	2	-2	0	0	0	0	0	0	0	1	0	0	0
tweet_00053545	saude202101_n_00091_00000005.jpg	3	-3	0	0	1	0	0	0	0	6	0	0	0
tweet_00053555	saude202101_n_00092_00000001.jpg	0	-1	1	0	1	0	2	0	0	15	0	1	1
tweet_00053558	saude202101_n_00092_00000005.jpg	1	3	0	0	0	1	3	4	1	0	0	0	1
tweet_00053563	saude202101_n_00092_00000007.jpg	1	-3	2	0	0	2	0	0	0	8	0	0	0
tweet_00053564	saude202101_n_00092_00000008.jpg	-1	-2	0	0	0	0	3	0	0	0	0	0	-4
tweet_00053573	saude202101_n_00092_00000009.png	0	1	0	-1	0	2	0	0	0	0	0	0	-3
tweet_00053624	saude202101_n_00093_00000001.jpg	0	1	0	0	1	0	0	0	0	0	0	0	-1
tweet_00053640	saude202101_n_00093_00000003.jpg	1	-2	0	0	0	0	0	0	0	0	0	-1	-2
tweet_00053645	saude202101_n_00093_00000006.jpg	2	3	-1	-1	0	0	1	0	0	-1	0	0	-4
tweet_00053648	saude202101_n_00093_00000007.jpg	1	0	0	0	0	0	0	0	0	0	0	0	-2
tweet_00053649	saude202101_n_00093_00000008.png	-1	3	0	-1	-1	1	0	5	0	1	0	1	-2
tweet_00053683	saude202101_n_00094_00000001.png	1	1	0	0	0	1	0	0	0	0	0	-1	-3
tweet_00053717	saude202101_n_00094_00000003.png	1	2	0	0	0	0	0	0	0	0	0	0	-7
tweet_00053731	saude202101_n_00095_00000001.png	1	1	0	0	0	0	0	19	0	0	0	0	5
tweet_00053750	saude202101_n_00095_00000002.jpg	-1	2	0	-1	0	0	0	0	0	0	0	0	-3
tweet_00053764	saude202101_n_00095_00000005.jpg	1	-3	0	0	0	1	0	1	2	1	0	1	0
tweet_00053788	saude202101_n_00096_00000001.jpg	3	2	0	0	0	0	0	0	0	1	0	0	-1
tweet_00053797	saude202101_n_00096_00000002.jpg	1	2	0	0	0	1	0	2	0	0	0	0	0
tweet_00053807	saude202101_n_00096_00000003.jpg	1	-3	0	0	0	0	8	0	0	0	0	0	-1
tweet_00053835	saude202101_n_00097_00000001.png	0	1	0	-1	-1	0	0	0	0	1	0	-1	0
tweet_00053894	saude202101_n_00098_00000002.jpg	1	1	0	0	-1	0	0	0	0	1	-1	0	0
tweet_00053899	saude202101_n_00103_00000001.jpg	0	-1	0	0	0	0	0	0	0	6	0	-1	0
tweet_00053915	saude202101_n_00106_00000001.jpg	3	0	0	0	0	3	0	0	0	17	0	0	0
tweet_00053926	saude202101_n_00111_00000001.jpg	1	-2	2	-1	0	1	2	5	0	0	0	0	22
tweet_00053927	saude202101_n_00112_00000001.jpg	1	1	-1	0	0	3	0	0	0	4	0	0	0
tweet_00053939	saude202101_n_00114_00000001.jpg	0	-2	0	0	0	0	0	0	0	0	0	0	-4
tweet_00053942	saude202101_n_00115_00000001.jpg	3	-2	0	0	0	3	0	1	2	13	0	1	0
tweet_00053944	saude202101_n_00116_00000003.jpg	1	4	0	0	0	0	0	0	0	1	0	1	0
tweet_00053978	saude202101_n_00117_00000002.jpg	0	-1	0	0	0	1	0	0	0	0	0	0	-4
tweet_00054005	saude202101_n_00120_00000001.jpg	3	2	0	-1	-1	0	0	0	0	0	0	-1	0
tweet_00054006	saude202101_n_00120_00000002.jpg	3	-2	0	0	0	1	0	0	0	21	0	0	0
tweet_00054014	saude202101_n_00121_00000001.jpg	2	3	-1	0	0	1	0	1	0	0	0	0	-1
tweet_00054024	saude202101_n_00138_00000005.jpg	0	0	0	0	0	0	0	0	0	3	0	-1	0
tweet_00054026	saude202101_n_00122_00000002.jpg	0	1	0	0	0	0	0	0	0	1	0	0	0
tweet_00054030	saude202101_n_00122_00000004.jpg	1	-3	0	0	0	1	0	0	0	14	0	0	0
tweet_00054084	saude202101_n_00127_00000001.jpg	1	-1	0	0	1	0	0	0	0	0	0	0	-5
tweet_00054093	saude202101_n_00127_00000002.png	1	3	0	0	0	0	9	0	0	0	0	1	14
tweet_00054094	saude202101_n_00127_00000003.jpg	0	-2	1	0	1	0	8	0	0	0	0	0	-3
tweet_00054109	saude202101_n_00127_00000005.jpg	1	5	0	0	0	0	2	1	0	0	0	0	0
tweet_00054125	saude202101_n_00128_00000002.jpg	0	-3	0	0	0	0	0	0	0	1	0	0	0
tweet_00054126	saude202101_n_00128_00000003.png	0	0	0	0	-1	0	0	0	0	0	1	0	-5
tweet_00054127	saude202101_n_00128_00000004.jpg	0	0	0	-1	-1	1	0	0	0	1	0	0	-2
tweet_00054145	saude202101_n_00129_00000001.jpg	2	-1	0	0	0	0	0	0	0	10	0	0	0
tweet_00054151	saude202101_n_00130_00000001.jpg	0	3	0	-1	0	0	0	1	0	-1	0	0	9
tweet_00054154	saude202101_n_00130_00000004.jpg	0	-3	0	0	1	0	1	0	0	0	0	0	-5
tweet_00054161	saude202101_n_00131_00000001.jpg	1	-3	2	0	1	0	0	13	0	0	0	0	4
tweet_00054175	saude202101_n_00131_00000002.jpg	1	-4	1	0	1	0	0	0	0	0	0	-1	-2
tweet_00054184	saude202101_n_00132_00000002.jpg	0	0	0	0	0	0	0	3	0	0	-1	-1	2
tweet_00054190	saude202101_n_00132_00000003.jpg	-1	0	0	0	1	0	0	1	0	0	0	0	0
tweet_00054200	saude202101_n_00133_00000001.jpg	0	2	0	-1	0	0	0	0	0	0	0	0	-3
tweet_00054204	saude202101_n_00133_00000003.jpg	1	-2	0	0	0	0	3	-1	0	0	0	-1	0
tweet_00054233	saude202101_n_00135_00000001.jpg	0	-1	0	0	1	0	0	0	0	0	0	0	-5
tweet_00054245	saude202101_n_00135_00000002.jpg	1	1	0	0	0	1	0	0	0	14	0	1	0
tweet_00054252	saude202101_n_00136_00000001.jpg	1	-3	0	0	1	0	0	0	0	1	0	0	0
tweet_00054264	saude202101_n_00136_00000003.jpg	1	-1	0	0	2	0	2	0	0	0	0	-1	-4
tweet_00054287	saude202101_n_00138_00000001.jpg	2	-1	0	1	0	1	0	0	0	3	0	0	0
tweet_00054301	saude202101_n_00138_00000003.jpg	1	4	0	0	0	0	0	0	1	0	8	-1	0
tweet_00054322	saude202101_n_00139_00000002.jpg	1	-3	0	0	0	0	0	0	0	15	0	0	0
tweet_00054327	saude202101_n_00139_00000005.jpg	1	-4	2	0	0	0	0	0	0	12	0	0	0
tweet_00054345	saude202101_n_00141_00000001.jpg	0	-2	2	0	0	2	0	0	0	0	0	0	-4
tweet_00054347	saude202101_n_00124_00000001.jpg	1	2	-1	0	0	1	2	0	0	-1	0	0	20
tweet_00054360	saude202101_n_00141_00000003.png	1	0	0	0	0	1	1	0	0	0	3	0	0
tweet_00054370	saude202101_n_00141_00000005.jpg	1	2	0	0	0	0	0	0	0	12	0	0	0
tweet_00054373	saude202101_n_00142_00000001.jpg	0	-1	0	0	0	1	0	0	0	0	0	0	-1
tweet_00054383	saude202101_n_00142_00000004.jpg	1	1	0	0	0	1	2	0	0	-1	0	0	1
tweet_00054384	saude202101_n_00142_00000005.jpg	1	-1	0	0	0	1	0	0	0	2	0	-1	-1
tweet_00054401	saude202101_n_00143_00000001.jpg	1	0	0	0	0	2	0	0	0	11	0	0	0
tweet_00054409	saude202101_n_00143_00000003.jpg	-1	1	0	0	1	0	3	0	0	0	0	0	-2
tweet_00054420	saude202101_n_00143_00000005.jpg	1	0	0	0	0	0	1	0	0	19	0	0	1
tweet_00054432	saude202101_n_00143_00000008.jpg	1	-4	2	0	0	0	0	0	0	11	0	0	0
tweet_00054443	saude202101_n_00144_00000001.jpg	1	-2	0	0	1	0	0	0	0	7	0	0	0
tweet_00054446	saude202101_n_00144_00000002.jpg	3	-3	2	0	0	1	0	0	0	8	0	1	0
tweet_00054449	saude202101_n_00144_00000003.jpg	4	1	0	0	0	1	0	0	0	19	0	0	0
tweet_00054459	saude202101_n_00144_00000004.jpg	0	2	0	0	0	0	0	1	0	0	0	-1	0
tweet_00054533	saude202101_n_00146_00000001.jpg	4	0	0	0	0	1	0	0	0	8	0	0	0
tweet_00054545	saude202101_n_00146_00000002.jpg	1	1	0	1	1	0	0	2	0	9	0	1	0
tweet_00054548	saude202101_n_00146_00000003.jpg	0	1	0	0	2	0	0	0	0	0	0	0	-5
tweet_00054581	saude202101_n_00147_00000001.jpg	1	0	0	0	0	1	0	1	0	9	0	0	0
tweet_00054585	saude202101_n_00147_00000002.jpg	1	2	0	0	0	0	0	0	0	2	0	0	0
tweet_00054587	saude202101_n_00147_00000003.jpg	1	2	0	0	0	0	0	-1	4	0	10	11	0
tweet_00054610	saude202101_n_00147_00000004.jpg	1	2	0	0	0	0	0	0	0	0	0	0	-1
tweet_00054635	saude202101_n_00148_00000001.jpg	1	2	0	0	0	0	0	0	0	1	0	0	0
tweet_00054658	saude202101_n_00149_00000001.jpg	-2	0	1	0	0	0	0	2	0	0	0	0	-2
tweet_00054662	saude202101_n_00149_00000007.jpg	-1	1	0	0	0	0	0	1	0	-1	0	0	0
tweet_00054667	saude202101_n_00149_00000009.jpg	2	1	0	-1	0	0	0	1	0	0	0	0	5
tweet_00054692	saude202101_n_00150_00000001.jpg	1	1	0	0	0	0	0	0	0	15	0	0	0
tweet_00054697	saude202101_n_00150_00000002.jpg	2	0	0	-1	0	0	0	0	0	3	0	0	0
tweet_00054705	saude202101_n_00150_00000003.jpg	1	1	0	0	-1	1	0	0	0	0	0	0	-7
tweet_00054767	saude202101_n_00151_00000002.jpg	3	2	0	0	0	1	0	0	0	0	4	-1	0
tweet_00054827	saude202101_n_00152_00000001.jpg	1	2	0	0	0	0	0	0	0	0	0	0	-6
tweet_00054845	saude202101_n_00152_00000002.jpg	0	1	0	-1	0	0	0	8	0	1	0	0	1
tweet_00054863	saude202101_n_00153_00000011.jpg	1	-1	2	0	0	1	0	0	0	7	0	-1	0
tweet_00054869	saude202101_n_00153_00000012.jpg	1	-1	2	0	0	0	0	0	0	7	0	0	0
tweet_00054877	saude202101_n_00153_00000013.jpg	1	-1	1	0	0	0	0	0	0	7	0	0	0
tweet_00054879	saude202101_n_00154_00000001.jpg	1	0	2	0	0	1	0	0	0	15	0	-2	0
tweet_00054891	saude202101_n_00154_00000003.jpg	1	0	0	0	3	0	4	0	0	0	0	0	-2
tweet_00054894	saude202101_n_00154_00000004.png	1	-1	0	0	0	0	1	0	0	-1	0	0	0
tweet_00054900	saude202101_n_00155_00000001.jpg	1	0	1	0	0	0	0	5	2	0	-2	-1	-3
tweet_00054913	saude202101_n_00155_00000002.jpg	-1	-2	0	0	0	0	0	0	0	-1	0	0	-2
tweet_00054964	saude202101_n_00156_00000001.jpg	1	-2	0	0	0	2	0	0	0	24	0	0	0
tweet_00054992	saude202101_n_00157_00000001.jpg	1	-2	0	0	0	0	4	6	0	0	0	0	1
tweet_00055005	saude202101_n_00157_00000002.jpg	1	-3	0	0	0	1	0	0	0	1	0	0	0
tweet_00055047	saude202101_n_00158_00000001.jpg	1	-2	0	0	0	0	0	0	0	5	0	-1	0
tweet_00055053	saude202101_n_00158_00000002.jpg	0	-1	0	0	0	1	0	1	0	-1	0	0	0
tweet_00055059	saude202101_n_00158_00000003.jpg	1	0	0	0	0	0	0	0	-2	1	0	2	0
tweet_00055064	saude202101_n_00158_00000004.jpg	0	1	0	0	0	0	0	0	0	1	0	0	0
tweet_00055094	saude202101_n_00164_00000001.jpg	-1	3	1	0	2	0	0	1	0	0	0	0	0
tweet_00055103	saude202101_n_00159_00000002.jpg	2	4	0	0	0	0	1	-1	0	19	0	1	1
tweet_00055119	saude202101_n_00159_00000005.jpg	1	-2	0	1	0	1	0	0	1	8	0	2	0
tweet_00055126	saude202101_n_00159_00000007.jpg	1	0	0	0	2	0	0	1	0	0	0	0	0
tweet_00055127	saude202101_n_00159_00000009.jpg	1	-1	0	-1	0	1	0	1	0	15	0	0	0
tweet_00055129	saude202101_n_00160_00000001.jpg	1	-1	2	0	0	0	0	1	0	21	0	1	1
tweet_00055140	saude202101_n_00160_00000003.png	1	1	0	0	2	4	0	0	0	0	0	0	-7
tweet_00055153	saude202101_n_00160_00000002.jpg	1	-1	0	0	0	0	0	0	0	26	0	0	0
tweet_00055158	saude202101_n_00161_00000001.jpg	0	-1	0	0	2	0	15	0	2	0	0	0	10
tweet_00055253	saude202101_n_00163_00000001.jpg	2	-1	3	0	0	1	0	1	0	21	0	1	1
tweet_00055274	saude202101_n_00164_00000004.jpg	3	-2	2	0	1	0	0	0	1	10	0	2	0
tweet_00055313	saude202101_n_00165_00000001.jpg	0	3	0	0	-1	0	0	1	0	-1	0	0	0
tweet_00055321	saude202101_n_00165_00000002.jpg	1	3	0	0	0	0	0	0	0	11	0	0	0
tweet_00055334	saude202101_n_00167_00000001.jpg	1	1	0	0	0	1	0	0	0	0	0	2	0
tweet_00055356	saude202101_n_00167_00000003.jpg	0	0	1	0	0	0	0	0	0	1	0	0	-2
tweet_00055358	saude202101_n_00167_00000004.jpg	1	-2	0	0	0	0	0	0	0	1	0	0	-3
tweet_00055363	saude202101_n_00168_00000001.jpg	0	1	0	0	0	0	0	1	0	0	0	0	8
tweet_00055385	saude202101_n_00168_00000002.png	0	3	-2	0	0	3	3	1	0	-1	0	0	13
tweet_00055391	saude202101_n_00168_00000003.jpg	1	2	0	0	0	1	0	0	0	0	1	0	5
tweet_00055458	saude202101_n_00171_00000001.jpg	1	1	0	0	0	1	32	0	0	0	0	0	9
tweet_00055465	saude202101_n_00171_00000002.jpg	0	-1	1	0	0	0	2	1	0	-1	0	0	15
tweet_00055507	saude202101_n_00173_00000001.png	1	0	1	0	0	0	0	0	0	0	0	0	-1
tweet_00055513	saude202101_n_00174_00000001.jpg	1	1	0	0	0	1	0	9	0	0	0	0	14
tweet_00055522	saude202101_n_00174_00000002.jpg	-1	1	0	-1	0	0	0	0	0	0	0	0	-5
tweet_00055532	saude202101_n_00175_00000001.jpg	1	-2	1	0	0	1	0	0	0	16	0	0	0
tweet_00055533	saude202101_n_00175_00000002.jpg	1	-3	0	0	0	0	0	0	0	0	0	-1	0
tweet_00055550	saude202101_n_00176_00000001.jpg	0	1	0	0	0	1	0	1	0	1	0	0	0
tweet_00055553	saude202101_n_00176_00000002.png	-2	2	0	0	0	0	0	2	0	0	0	0	7
tweet_00055562	saude202101_n_00176_00000003.jpg	3	2	0	0	0	0	0	0	0	-1	0	-1	-2
tweet_00055573	saude202101_n_00176_00000004.jpg	-1	0	0	0	1	0	3	0	0	0	0	-1	-6
tweet_00055583	saude202101_n_00176_00000005.jpg	1	6	0	0	0	1	1	0	0	0	0	0	-4
tweet_00055587	saude202101_n_00177_00000001.jpg	1	-2	1	1	0	0	0	0	0	12	0	0	0
tweet_00055608	saude202101_n_00178_00000001.jpg	3	-1	1	0	1	0	0	0	0	0	3	0	0
tweet_00055612	saude202101_n_00178_00000002.jpg	0	-2	0	0	0	1	0	0	0	1	0	0	0
tweet_00055655	saude202101_n_00179_00000001.jpg	-2	0	0	0	2	0	0	0	0	0	0	0	-5
tweet_00055667	saude202101_n_00179_00000002.jpg	0	0	0	0	0	0	0	0	0	0	0	0	-4
tweet_00055695	saude202101_n_00180_00000002.png	1	2	0	-1	0	0	0	0	0	0	0	0	-5
tweet_00055702	saude202101_n_00180_00000005.jpg	1	1	0	0	-1	0	0	13	0	0	0	1	0
tweet_00055709	saude202101_n_00180_00000008.jpg	0	2	-1	-2	0	0	0	0	0	0	0	0	-5
tweet_00055742	saude202101_n_00181_00000001.jpg	1	-1	3	1	-1	0	0	0	0	9	0	0	0
tweet_00055776	saude202101_n_00182_00000001.jpg	1	-2	1	0	0	2	0	2	0	0	0	0	6
tweet_00055779	saude202101_n_00182_00000002.jpg	1	-2	1	0	0	0	0	0	0	11	0	0	0
tweet_00055782	saude202101_n_00182_00000003.jpg	1	-3	0	0	-1	0	0	0	0	8	0	0	0
tweet_00055793	saude202101_n_00182_00000004.jpg	1	-2	4	1	0	0	0	0	0	7	0	0	0
tweet_00055794	saude202101_n_00182_00000005.jpg	1	-1	0	0	2	0	7	0	0	0	0	0	-1
tweet_00055801	saude202101_n_00182_00000006.jpg	2	-1	4	0	0	1	8	4	0	0	0	0	24
tweet_00055806	saude202101_n_00182_00000007.jpg	6	1	0	0	-1	0	0	0	0	1	-1	0	-2
tweet_00055811	saude202101_n_00183_00000001.jpg	6	1	0	0	0	0	0	-2	0	21	0	1	0
tweet_00055821	saude202101_n_00183_00000002.jpg	0	-1	0	0	0	2	0	0	0	0	0	0	-1
tweet_00055839	saude202101_n_00184_00000001.jpg	1	-1	0	0	3	0	7	0	0	-1	0	0	-1
tweet_00055840	saude202101_n_00184_00000002.jpg	0	1	0	0	0	0	1	1	0	5	0	1	0
tweet_00055862	saude202101_n_00184_00000003.jpg	1	-1	0	0	3	0	0	6	0	0	0	0	-3
tweet_00055871	saude202101_n_00188_00000001.jpg	1	3	0	0	-1	0	0	0	1	0	0	0	0
tweet_00055874	saude202101_n_00185_00000002.jpg	2	1	0	-1	0	0	0	0	0	0	0	0	2
tweet_00055879	saude202101_n_00185_00000003.jpg	-1	2	1	-1	0	0	0	4	0	0	0	0	8
tweet_00055888	saude202101_n_00185_00000005.jpg	0	-2	0	0	0	0	0	4	0	0	0	0	6
tweet_00055889	saude202101_n_00185_00000006.jpg	3	-2	0	0	0	0	0	0	0	1	0	0	-2
tweet_00055890	saude202101_n_00185_00000007.jpg	0	0	0	0	0	0	2	0	0	-1	0	0	-3
tweet_00055895	saude202101_n_00185_00000009.png	0	2	0	-1	0	1	0	1	0	0	0	0	5
tweet_00055915	saude202101_n_00186_00000001.jpg	1	1	0	0	0	0	-1	-1	1	0	2	7	1
tweet_00055962	saude202101_n_00187_00000001.jpg	1	1	0	-1	0	1	0	1	1	0	0	0	0
tweet_00055965	saude202101_n_00187_00000003.jpg	0	0	1	0	3	1	0	0	0	0	0	0	-4
tweet_00055971	saude202101_n_00187_00000004.jpg	2	1	0	-1	0	1	1	1	0	9	0	0	0
tweet_00055980	saude202101_n_00187_00000005.jpg	1	4	0	-1	0	1	32	0	0	1	0	0	1
tweet_00055986	saude202101_n_00187_00000006.jpg	1	1	0	-1	0	1	0	0	2	0	1	5	0
tweet_00055991	saude202101_n_00187_00000007.jpg	0	-2	2	0	2	0	0	0	0	0	0	0	-3
tweet_00055992	saude202101_n_00187_00000008.jpg	1	3	0	0	0	0	1	12	0	0	0	0	17
tweet_00056000	saude202101_n_00188_00000002.jpg	1	3	0	0	-1	0	0	0	0	1	0	0	-2
tweet_00056005	saude202101_n_00188_00000003.jpg	0	1	0	0	1	0	0	5	0	0	0	0	0
tweet_00056013	saude202101_n_00190_00000001.jpg	1	1	0	0	1	0	0	1	-1	0	0	0	3
tweet_00056014	saude202101_n_00190_00000002.jpg	1	-1	0	0	4	0	0	0	0	0	0	0	-5
tweet_00056060	saude202101_n_00193_00000001.jpg	-1	0	0	0	0	0	0	0	0	0	0	0	-5
tweet_00056110	saude202101_n_00197_00000001.jpg	1	0	0	0	0	1	0	0	0	6	0	0	1
tweet_00056131	saude202101_n_00198_00000001.png	2	-2	1	0	1	0	0	0	0	0	4	-3	0
tweet_00056137	saude202101_n_00198_00000002.jpg	1	3	0	0	0	1	0	0	0	0	0	0	11
tweet_00056142	saude202101_n_00201_00000001.jpg	5	-1	1	0	1	0	0	0	0	6	0	0	0
tweet_00056155	saude202101_n_00203_00000001.jpg	1	-2	0	0	0	1	0	0	0	0	-2	-1	-3
tweet_00056156	saude202101_n_00203_00000002.jpg	3	-2	2	0	0	0	0	0	1	18	0	0	0
tweet_00056180	saude202101_n_00204_00000001.jpg	-1	0	0	0	2	0	0	0	0	5	0	0	0
tweet_00056183	saude202101_n_00204_00000002.jpg	1	-3	3	0	0	1	1	3	0	-1	0	0	18
tweet_00056199	saude202101_n_00205_00000001.jpg	3	-3	0	0	0	2	0	0	0	0	0	-1	-2
tweet_00056216	saude202101_n_00206_00000001.jpg	0	2	0	0	0	0	1	4	0	0	0	0	20
tweet_00056228	saude202101_n_00206_00000004.jpg	1	0	0	0	2	0	1	3	0	0	0	0	3
tweet_00056231	saude202101_n_00206_00000008.jpg	1	0	-1	-1	0	1	2	2	0	1	0	0	16
tweet_00056247	saude202101_n_00207_00000002.jpg	2	-1	0	0	0	0	0	0	0	0	0	0	-3
tweet_00056251	saude202101_n_00207_00000003.jpg	-1	-1	0	0	0	1	0	5	0	1	0	1	0
tweet_00056259	saude202101_n_00209_00000001.jpg	2	-1	0	0	0	0	-1	0	-13	1	1	0	-1
tweet_00056292	saude202101_n_00210_00000001.jpg	0	3	0	-1	0	0	0	0	0	0	0	0	-3
tweet_00056307	saude202101_n_00210_00000002.jpg	-2	-2	0	0	1	2	0	0	0	0	0	0	-4
tweet_00056313	saude202101_n_00211_00000001.jpg	1	3	0	0	0	0	1	5	0	0	0	0	17
tweet_00056355	saude202101_n_00212_00000003.jpg	5	1	0	0	0	0	1	7	0	0	0	0	22
tweet_00056368	saude202101_n_00213_00000001.jpg	1	-2	1	0	1	0	-1	0	2	0	0	-5	-1
tweet_00056389	saude202101_n_00214_00000001.png	0	-1	-1	0	-1	1	0	0	0	0	0	0	-1
tweet_00056394	saude202101_n_00214_00000002.jpg	-1	-1	0	0	2	0	1	0	0	0	0	0	-5
tweet_00056397	saude202101_n_00214_00000003.jpg	3	0	-1	0	0	0	4	1	0	1	0	0	0
tweet_00056415	saude202101_n_00216_00000001.jpg	0	-2	0	0	0	1	0	4	0	0	0	0	0
tweet_00056420	saude202101_n_00216_00000002.jpg	1	-2	1	2	0	1	0	0	0	16	0	-2	0
tweet_00056433	saude202101_n_00219_00000001.jpg	0	-2	1	0	2	1	0	1	0	7	0	-1	-3
tweet_00056468	saude202101_n_00220_00000001.jpg	1	-3	0	0	2	1	0	0	0	8	0	-1	0
tweet_00056469	saude202101_n_00220_00000002.jpg	1	3	0	0	0	0	-4	-1	-7	0	12	1	-1
tweet_00056474	saude202101_n_00221_00000001.png	0	1	1	0	0	0	3	0	0	0	0	0	-5
tweet_00056480	saude202101_n_00221_00000005.jpg	0	-2	2	1	2	1	0	0	0	27	0	0	0
tweet_00056495	saude202101_n_00222_00000001.jpg	0	2	0	0	0	0	3	0	0	12	0	0	0
tweet_00056497	saude202101_n_00222_00000002.jpg	0	-1	0	0	0	1	0	0	0	4	0	0	0
tweet_00056502	saude202101_n_00222_00000003.jpg	0	-1	0	0	1	0	-4	0	-5	2	0	0	0
tweet_00056503	saude202101_n_00222_00000004.jpg	0	-2	1	1	0	2	0	0	0	-1	0	0	-2
tweet_00056508	saude202101_n_00222_00000005.jpg	1	-2	1	0	1	4	0	0	0	0	0	-1	-4
tweet_00056511	saude202101_n_00222_00000006.jpg	5	-1	0	0	0	0	0	0	0	6	0	0	0
tweet_00056533	saude202101_n_00224_00000001.jpg	0	3	0	0	0	0	0	0	0	0	0	3	1
tweet_00056552	saude202101_n_00225_00000001.jpg	4	1	0	0	0	0	0	0	0	0	0	0	0
tweet_00056569	saude202101_n_00225_00000002.jpg	0	-1	0	0	0	0	0	13	0	0	0	0	3
tweet_00056581	saude202101_n_00226_00000001.jpg	-1	-1	0	0	0	0	0	0	0	13	0	0	0
tweet_00056600	saude202101_n_00227_00000002.jpg	0	-2	0	0	0	1	0	0	0	0	0	0	-5
tweet_00056601	saude202101_n_00227_00000005.jpg	1	-2	0	0	0	1	0	0	0	4	0	1	0
tweet_00056604	saude202101_n_00228_00000001.jpg	2	-1	1	0	0	0	0	0	0	1	0	0	7
tweet_00056623	saude202101_n_00229_00000001.jpg	-1	-1	0	0	2	0	0	0	0	0	0	0	-5
tweet_00056625	saude202101_n_00229_00000002.jpg	0	4	0	0	0	0	0	13	0	0	0	0	12
tweet_00056633	saude202101_n_00230_00000001.jpg	0	3	0	0	0	0	0	0	0	0	0	0	-2
tweet_00056635	saude202101_n_00230_00000002.jpg	5	-2	0	1	0	1	0	1	0	17	0	1	0
tweet_00056636	saude202101_n_00230_00000004.jpg	0	-1	0	0	1	0	2	0	0	0	0	0	-5
tweet_00056646	saude202101_n_00231_00000001.jpg	1	0	0	0	0	0	5	10	0	0	0	0	15
tweet_00056669	saude202101_n_00233_00000001.jpg	2	8	0	0	0	0	1	0	0	15	0	0	1
tweet_00056671	saude202101_n_00233_00000002.jpg	1	0	0	0	1	0	1	1	0	-1	0	0	-3
tweet_00056685	saude202101_n_00234_00000002.jpg	0	-2	0	0	1	0	0	1	0	7	0	-1	0
tweet_00056692	saude202101_n_00235_00000001.jpg	0	3	0	0	0	0	0	0	0	15	0	0	0
tweet_00056694	saude202101_n_00235_00000002.jpg	1	-1	-1	0	2	0	0	0	0	9	0	-3	-1
tweet_00056697	saude202101_n_00235_00000003.jpg	0	1	0	0	2	1	0	0	0	7	0	-2	-1
tweet_00056706	saude202101_n_00236_00000001.jpg	1	0	0	0	0	1	1	0	0	6	0	1	1
tweet_00056773	saude202102_n_00002_00000001.jpg	0	2	0	0	0	0	0	13	0	0	0	0	5
tweet_00056813	saude202102_n_00004_00000003.jpg	0	1	0	0	0	0	0	0	0	0	0	0	-5
tweet_00056833	saude202102_n_00006_00000002.jpg	1	1	0	0	-1	0	2	0	0	11	0	1	0
tweet_00056865	saude202102_n_00008_00000001.jpg	0	2	0	0	0	0	0	9	0	0	0	0	7
tweet_00056872	saude202102_n_00009_00000001.jpg	0	0	1	0	0	0	0	0	0	0	0	0	-5
tweet_00056877	saude202102_n_00009_00000003.jpg	0	2	0	0	-1	0	10	0	0	0	0	1	0
tweet_00056889	saude202102_n_00010_00000001.jpg	0	2	0	0	0	0	0	0	0	1	0	-3	0
tweet_00056904	saude202102_n_00011_00000001.jpg	1	1	0	0	0	0	0	3	1	1	0	0	0
tweet_00056916	saude202102_n_00012_00000001.jpg	0	-1	1	0	0	0	0	0	0	3	0	0	0
tweet_00056947	saude202102_n_00013_00000001.jpg	0	2	0	0	0	0	2	10	4	3	-1	2	3
tweet_00056962	saude202102_n_00013_00000004.jpg	2	4	0	0	0	0	0	0	0	15	0	0	0
tweet_00056975	saude202102_n_00014_00000001.jpg	1	1	0	0	-1	0	0	0	0	0	3	0	0
tweet_00056981	saude202102_n_00014_00000002.jpg	1	3	0	0	0	0	0	-1	32	0	0	0	0
tweet_00056993	saude202102_n_00014_00000004.jpg	0	2	0	-2	0	0	0	0	0	0	0	-1	-2
tweet_00056997	saude202102_n_00015_00000001.jpg	0	3	0	0	0	0	0	-2	1	0	1	-1	0
tweet_00056998	saude202102_n_00015_00000002.jpg	3	0	0	0	0	0	0	0	0	0	0	0	0
tweet_00057001	saude202102_n_00015_00000003.jpg	2	4	0	0	0	0	0	0	0	0	0	-1	0
tweet_00057012	saude202102_n_00015_00000004.jpg	1	-2	0	0	0	1	0	0	0	5	0	0	-1
tweet_00057022	saude202102_n_00017_00000001.jpg	0	3	0	0	0	0	0	1	0	0	0	0	-2
tweet_00057054	saude202102_n_00017_00000003.jpg	0	2	0	0	0	0	3	8	0	0	0	0	24
tweet_00057076	saude202102_n_00018_00000001.jpg	0	2	0	0	-1	0	0	0	0	1	0	-2	0
tweet_00057104	saude202102_n_00019_00000001.jpg	0	0	0	-1	0	0	0	0	0	0	0	0	-1
tweet_00057122	saude202102_n_00019_00000003.png	1	2	0	0	0	0	0	0	0	0	0	-4	-1
tweet_00057129	saude202102_n_00019_00000005.jpg	-2	0	0	0	1	1	0	0	0	1	0	0	0
tweet_00057139	saude202102_n_00020_00000001.png	0	1	0	0	0	0	0	0	0	0	0	0	-5
tweet_00057190	saude202102_n_00021_00000001.jpg	0	2	0	-1	0	0	2	0	0	6	0	0	0
tweet_00057205	saude202102_n_00022_00000003.jpg	1	-1	0	-1	0	0	0	0	2	1	0	-1	3
tweet_00057239	saude202102_n_00023_00000001.jpg	0	2	0	0	0	1	0	0	1	0	1	-3	-1
tweet_00057246	saude202102_n_00023_00000002.png	-1	2	0	0	0	0	0	0	0	1	0	-2	0
tweet_00057307	saude202102_n_00025_00000001.jpg	0	2	0	0	0	0	0	7	2	0	0	-1	0
tweet_00057311	saude202102_n_00025_00000002.jpg	-1	1	0	0	1	0	0	0	1	22	0	1	0
tweet_00057324	saude202102_n_00025_00000004.jpg	1	1	0	0	0	0	0	0	0	1	0	0	-1
tweet_00057356	saude202102_n_00026_00000006.png	2	1	-1	0	0	0	0	10	0	0	0	0	4
tweet_00057357	saude202102_n_00026_00000007.jpg	0	1	0	-1	0	1	0	1	0	2	0	1	0
tweet_00057363	saude202102_n_00026_00000008.png	0	-1	1	0	0	1	0	6	0	0	0	0	-1
tweet_00057392	saude202102_n_00026_00000009.png	0	1	0	0	0	1	0	17	0	0	0	1	13
tweet_00057404	saude202102_n_00027_00000002.jpg	1	1	-1	0	-1	0	0	2	0	-1	0	0	17
tweet_00057406	saude202102_n_00027_00000003.jpg	0	-1	0	0	0	0	0	0	0	2	0	0	0
tweet_00057415	saude202102_n_00027_00000005.jpg	1	1	0	0	0	0	1	0	0	1	0	0	0
tweet_00057417	saude202102_n_00027_00000006.jpg	0	0	0	0	0	2	0	1	1	11	0	0	0
tweet_00057429	saude202102_n_00028_00000002.png	0	-1	0	0	1	0	0	0	0	0	0	0	-4
tweet_00057437	saude202102_n_00028_00000003.jpg	1	1	0	0	0	0	1	5	0	-1	0	0	16
tweet_00057450	saude202102_n_00028_00000004.jpg	0	-1	0	0	-1	0	0	4	0	0	0	0	4
tweet_00057506	saude202102_n_00030_00000001.jpg	1	1	0	0	0	0	0	6	0	0	0	0	0
tweet_00057516	saude202102_n_00030_00000002.jpg	0	4	0	0	0	0	0	2	0	0	0	-1	0
tweet_00057533	saude202102_n_00031_00000001.jpg	0	-2	1	0	0	0	11	0	0	2	0	0	-1
tweet_00057543	saude202102_n_00031_00000002.jpg	-1	-1	0	-1	0	1	0	0	0	0	0	0	-3
tweet_00057572	saude202102_n_00031_00000003.jpg	0	0	0	0	0	0	0	0	0	2	0	0	0
tweet_00057583	saude202102_n_00032_00000001.jpg	0	-2	0	0	0	0	1	2	0	-1	0	0	19
tweet_00057587	saude202102_n_00032_00000002.jpg	0	-1	0	1	1	0	7	2	0	0	0	0	25
tweet_00057636	saude202102_n_00033_00000001.jpg	1	-2	0	0	4	1	0	0	-5	0	12	-1	0
tweet_00057637	saude202102_n_00033_00000002.jpg	0	1	0	0	0	0	0	0	0	1	0	0	0
tweet_00057647	saude202102_n_00033_00000003.jpg	2	1	-1	0	2	0	0	0	0	19	0	1	0
tweet_00057658	saude202102_n_00033_00000005.jpg	2	1	0	0	0	2	0	0	0	19	0	0	0
tweet_00057693	saude202102_n_00035_00000001.jpg	1	1	-1	0	0	1	0	3	0	0	0	0	0
tweet_00057704	saude202102_n_00036_00000001.jpg	0	1	-1	0	0	1	1	0	0	21	0	0	0
tweet_00057741	saude202102_n_00037_00000001.jpg	5	3	0	0	0	0	0	0	0	0	0	-1	-1
tweet_00057748	saude202102_n_00037_00000002.jpg	0	-4	0	0	0	0	0	0	0	13	0	0	0
tweet_00057766	saude202102_n_00038_00000001.jpg	0	1	-1	0	0	0	0	1	0	10	0	0	0
tweet_00057768	saude202102_n_00038_00000002.jpg	0	1	0	0	0	0	0	0	0	0	0	0	6
tweet_00057773	saude202102_n_00038_00000003.jpg	1	1	0	0	3	0	15	0	0	0	0	0	3
tweet_00057786	saude202102_n_00039_00000001.jpg	0	1	-1	0	0	0	0	0	0	21	0	0	0
tweet_00057792	saude202102_n_00039_00000003.jpg	3	0	0	0	0	0	1	2	0	0	0	-1	5
tweet_00057809	saude202102_n_00040_00000001.jpg	0	1	-1	0	0	0	0	0	0	20	0	0	0
tweet_00057810	saude202102_n_00040_00000002.jpg	0	1	0	0	1	1	0	0	-3	-1	1	0	2
tweet_00057822	saude202102_n_00040_00000004.jpg	2	1	-1	0	0	0	0	0	0	21	0	0	0
tweet_00057830	saude202102_n_00042_00000002.jpg	1	1	-1	0	0	1	0	0	0	0	0	0	-1
tweet_00057832	saude202102_n_00041_00000001.jpg	0	-2	1	0	0	0	0	0	0	0	3	-4	0
tweet_00057846	saude202102_n_00042_00000001.jpg	1	-1	-1	0	0	0	0	0	0	0	0	0	-1
tweet_00057856	saude202102_n_00042_00000003.jpg	1	-3	0	0	0	0	0	0	0	9	0	0	0
tweet_00057861	saude202102_n_00042_00000004.jpg	1	1	0	0	0	0	1	0	0	0	1	0	0
tweet_00057863	saude202102_n_00043_00000001.jpg	1	-3	0	0	0	1	0	0	0	1	0	0	-1
tweet_00057873	saude202102_n_00043_00000002.jpg	1	1	0	0	0	0	0	6	0	1	0	0	0
tweet_00057874	saude202102_n_00043_00000003.jpg	0	0	0	0	0	0	1	0	0	3	0	1	1
tweet_00057881	saude202102_n_00043_00000005.jpg	1	1	-1	0	1	2	0	0	0	23	0	0	0
tweet_00057884	saude202102_n_00044_00000001.jpg	1	1	-1	0	1	1	0	0	0	7	0	1	0
tweet_00057886	saude202102_n_00044_00000002.jpg	3	1	-1	0	1	1	0	1	0	4	0	0	0
tweet_00057900	saude202102_n_00044_00000003.jpg	0	1	0	0	0	1	0	0	0	0	0	0	-1
tweet_00057901	saude202102_n_00044_00000005.jpg	0	1	0	0	0	0	-2	0	-15	-1	4	0	-3
tweet_00057922	saude202102_n_00046_00000002.jpg	1	3	0	0	0	0	0	0	0	2	0	0	0
tweet_00057928	saude202102_n_00046_00000003.jpg	1	2	0	0	0	0	0	0	0	3	0	-1	0
tweet_00057954	saude202102_n_00047_00000001.png	0	1	0	0	0	1	0	15	0	0	0	0	12
tweet_00057961	saude202102_n_00047_00000003.jpg	1	-5	1	-1	0	1	1	0	0	0	0	0	0
tweet_00057969	saude202102_n_00047_00000004.jpg	1	1	0	0	0	2	2	-1	0	11	0	0	0
tweet_00057971	saude202102_n_00047_00000005.jpg	1	1	0	0	0	0	0	0	0	20	0	0	0
tweet_00057983	saude202102_n_00047_00000007.jpg	0	1	-1	0	0	1	0	2	0	1	0	0	7
tweet_00057992	saude202102_n_00047_00000011.jpg	0	1	-1	0	0	0	0	0	0	17	0	-3	0
tweet_00058019	saude202102_n_00048_00000001.jpg	1	3	-1	0	-1	0	0	1	0	18	0	0	0
tweet_00058048	saude202102_n_00048_00000003.jpg	3	-3	0	0	0	1	0	0	0	11	0	0	0
tweet_00058062	saude202102_n_00049_00000001.jpg	1	2	0	0	0	0	2	4	0	-1	0	0	16
tweet_00058075	saude202102_n_00049_00000002.jpg	1	-3	0	0	0	1	0	0	0	7	0	0	0
tweet_00058078	saude202102_n_00049_00000003.png	3	-1	0	-1	0	0	0	1	0	1	0	0	0
tweet_00058093	saude202102_n_00049_00000004.jpg	2	-1	0	0	0	0	0	0	0	0	-1	-3	-2
tweet_00058098	saude202102_n_00049_00000007.jpg	3	-2	2	0	0	0	0	1	1	0	0	1	-1
tweet_00058129	saude202102_n_00050_00000001.jpg	1	-4	0	-1	0	0	6	0	1	0	0	0	4
tweet_00058142	saude202102_n_00050_00000002.jpg	1	2	0	0	0	0	0	0	0	1	0	0	0
tweet_00058159	saude202102_n_00050_00000004.jpg	0	2	0	0	0	0	0	2	0	4	0	0	1
tweet_00058169	saude202102_n_00051_00000001.jpg	1	0	0	0	0	0	0	2	0	-1	0	0	14
tweet_00058212	saude202102_n_00051_00000004.jpg	0	-3	2	0	0	3	2	5	0	0	0	0	22
tweet_00058214	saude202102_n_00051_00000005.jpg	-1	0	0	0	0	0	0	0	0	1	0	0	0
tweet_00058215	saude202102_n_00051_00000006.jpg	1	0	-1	1	0	0	1	0	0	0	0	0	-1
tweet_00058230	saude202102_n_00052_00000001.jpg	0	3	0	-2	-1	0	1	0	0	0	0	0	-1
tweet_00058251	saude202102_n_00052_00000002.jpg	-1	-2	0	0	0	0	0	0	0	0	0	0	-3
tweet_00058260	saude202102_n_00052_00000003.jpg	5	-3	0	0	0	0	0	0	0	8	0	0	0
tweet_00058264	saude202102_n_00053_00000001.jpg	1	-1	2	0	0	0	2	3	0	0	0	0	22
tweet_00058266	saude202102_n_00053_00000002.jpg	0	3	0	0	0	0	0	1	0	0	0	0	-1
tweet_00058267	saude202102_n_00053_00000003.jpg	5	1	0	0	0	0	0	0	0	12	0	0	0
tweet_00058283	saude202102_n_00053_00000006.jpg	1	-1	0	0	0	5	0	0	0	19	0	0	0
tweet_00058287	saude202102_n_00053_00000007.jpg	1	4	0	0	0	0	0	0	0	0	0	-2	0
tweet_00058290	saude202102_n_00053_00000008.jpg	1	2	0	0	0	0	0	0	2	1	0	3	0
tweet_00058306	saude202102_n_00054_00000001.jpg	2	-2	3	-2	0	2	0	0	0	0	0	-1	0
tweet_00058327	saude202102_n_00054_00000005.jpg	4	-2	1	-1	0	0	0	0	0	0	0	0	-5
tweet_00058343	saude202102_n_00055_00000001.jpg	1	-3	0	0	0	0	0	0	0	9	0	0	0
tweet_00058355	saude202102_n_00055_00000002.jpg	0	1	0	1	0	0	0	3	4	0	0	1	0
tweet_00058365	saude202102_n_00055_00000003.jpg	2	1	0	0	1	0	1	-1	0	0	5	0	1
tweet_00058390	saude202102_n_00056_00000004.jpg	1	-2	0	0	0	0	3	0	0	0	0	0	-4
tweet_00058396	saude202102_n_00057_00000001.jpg	1	2	0	0	0	1	1	0	0	-1	0	0	16
tweet_00058403	saude202102_n_00057_00000003.jpg	2	1	0	0	0	0	1	0	0	0	3	0	1
tweet_00058449	saude202102_n_00059_00000002.jpg	3	-5	0	0	0	1	0	0	0	9	0	0	0
tweet_00058458	saude202102_n_00059_00000003.jpg	1	-4	0	0	0	0	0	0	-1	2	0	0	0
tweet_00058467	saude202102_n_00059_00000005.png	1	-1	0	0	0	0	0	0	0	0	0	0	-3
tweet_00058478	saude202102_n_00060_00000003.jpg	3	-2	0	0	1	0	0	0	0	8	0	0	0
tweet_00058486	saude202102_n_00061_00000002.jpg	1	-3	0	0	0	2	0	0	0	6	0	0	0
tweet_00058507	saude202102_n_00062_00000002.jpg	1	-2	2	0	0	0	0	1	0	8	0	0	0
tweet_00058558	saude202102_n_00064_00000002.jpg	-1	1	0	0	0	0	0	4	2	2	0	1	1
tweet_00058574	saude202102_n_00065_00000001.jpg	-1	0	2	-1	0	0	0	0	0	0	1	0	0
tweet_00058580	saude202102_n_00065_00000003.jpg	0	-1	1	-2	0	0	0	0	0	0	0	0	-3
tweet_00058589	saude202102_n_00065_00000005.jpg	0	1	0	0	2	0	0	23	0	0	0	1	1
tweet_00058624	saude202102_n_00066_00000004.jpg	1	-2	0	0	0	0	10	0	0	-1	0	0	2
tweet_00058639	saude202102_n_00067_00000002.jpg	0	-2	0	0	0	0	0	4	0	0	0	0	11
tweet_00058647	saude202102_n_00067_00000006.jpg	1	-3	0	0	0	0	0	0	0	9	0	0	0
tweet_00058655	saude202102_n_00067_00000007.jpg	2	-1	0	-1	0	0	4	0	0	0	0	0	-2
tweet_00058660	saude202102_n_00067_00000008.jpg	2	-1	1	-1	0	0	0	0	0	0	8	0	0
tweet_00058666	saude202102_n_00068_00000004.jpg	0	-2	0	0	0	0	0	0	0	10	0	0	0
tweet_00058667	saude202102_n_00068_00000005.jpg	3	-5	1	0	-2	1	0	0	0	6	0	-1	0
tweet_00058671	saude202102_n_00068_00000006.png	2	0	-1	-1	0	3	0	1	0	1	0	0	0
tweet_00058678	saude202102_n_00068_00000007.jpg	1	0	-1	0	0	0	0	0	0	0	-1	-3	-2
tweet_00058681	saude202102_n_00068_00000009.png	2	0	0	0	0	1	1	0	0	0	0	0	-4
tweet_00058693	saude202102_n_00069_00000004.jpg	1	-2	2	0	0	0	10	0	1	0	0	0	8
tweet_00058695	saude202102_n_00069_00000005.jpg	1	-3	0	0	0	0	0	0	0	1	0	0	0
tweet_00058705	saude202102_n_00143_00000006.jpg	0	0	0	0	0	0	0	5	8	0	0	0	0
tweet_00058711	saude202102_n_00070_00000005.jpg	1	-3	0	0	0	1	0	0	0	5	0	0	0
tweet_00058727	saude202102_n_00070_00000006.jpg	1	-3	0	0	0	0	0	0	0	11	0	0	0
tweet_00058728	saude202102_n_00070_00000007.jpg	1	2	0	0	0	0	0	0	0	0	0	0	0
tweet_00058741	saude202102_n_00071_00000002.jpg	0	-3	-1	0	0	0	0	0	0	0	0	0	0
tweet_00058744	saude202102_n_00071_00000004.jpg	0	3	0	0	0	0	1	4	0	0	0	0	21
tweet_00058746	saude202102_n_00071_00000005.jpg	1	-4	1	0	0	0	0	0	0	9	0	0	0
tweet_00058748	saude202102_n_00071_00000006.jpg	3	-3	0	1	0	0	0	0	0	7	0	0	0
tweet_00058755	saude202102_n_00071_00000007.jpg	3	1	0	0	0	1	7	0	0	-1	0	0	13
tweet_00058768	saude202102_n_00072_00000003.jpg	1	1	0	0	0	0	0	0	0	9	0	0	0
tweet_00058775	saude202102_n_00072_00000005.png	3	-3	0	0	0	0	0	0	0	9	0	-1	0
tweet_00058824	saude202102_n_00074_00000002.png	3	-3	0	0	0	0	0	0	0	13	0	0	0
tweet_00058829	saude202102_n_00074_00000004.jpg	1	-3	0	0	0	0	0	0	0	10	0	-1	0
tweet_00058847	saude202102_n_00075_00000002.jpg	1	-3	-1	0	0	0	0	0	0	27	0	0	0
tweet_00058860	saude202102_n_00075_00000003.jpg	2	2	0	0	0	0	1	0	0	11	0	0	1
tweet_00058862	saude202102_n_00076_00000001.jpg	2	-3	0	0	0	1	0	-1	0	10	0	1	0
tweet_00058866	saude202102_n_00076_00000003.jpg	5	-4	0	0	0	0	0	0	0	13	0	-1	0
tweet_00058868	saude202102_n_00076_00000004.jpg	3	-3	0	0	0	1	0	0	0	8	0	0	0
tweet_00058872	saude202102_n_00076_00000006.jpg	1	-4	0	0	0	2	0	1	0	0	0	0	0
tweet_00058873	saude202102_n_00076_00000007.jpg	1	2	0	-1	0	0	0	0	0	20	0	1	0
tweet_00058877	saude202102_n_00077_00000003.png	0	-1	0	0	0	3	0	3	0	15	0	0	0
tweet_00058878	saude202102_n_00077_00000004.jpg	3	-5	0	0	0	0	0	0	0	8	0	0	0
tweet_00058883	saude202102_n_00077_00000005.jpg	5	-3	0	0	0	0	0	3	1	2	0	0	0
tweet_00058934	saude202102_n_00080_00000003.jpg	4	-3	0	0	0	1	0	0	0	5	0	0	0
tweet_00058947	saude202102_n_00080_00000005.jpg	3	-1	2	0	1	0	0	0	0	2	0	0	0
tweet_00058952	saude202102_n_00080_00000006.jpg	3	-4	1	0	0	0	0	0	0	8	0	0	0
tweet_00058959	saude202102_n_00081_00000002.jpg	5	-4	0	0	0	0	0	0	0	9	0	0	0
tweet_00058969	saude202102_n_00082_00000001.jpg	0	2	0	0	0	0	0	0	0	0	0	0	-4
tweet_00058977	saude202102_n_00082_00000004.jpg	1	-3	0	0	0	0	0	0	0	5	0	0	-1
tweet_00058983	saude202102_n_00082_00000005.jpg	1	-4	0	0	1	1	10	0	0	0	0	0	-3
tweet_00058991	saude202102_n_00082_00000007.jpg	1	-3	0	0	0	0	0	0	0	12	0	0	0
tweet_00059014	saude202102_n_00083_00000005.jpg	-1	-4	0	0	0	1	0	18	0	0	0	0	1
tweet_00059015	saude202102_n_00083_00000006.jpg	1	-4	0	0	0	1	0	0	0	10	0	0	0
tweet_00059044	saude202102_n_00085_00000003.jpg	1	-4	0	0	0	1	0	0	0	13	0	0	0
tweet_00059048	saude202102_n_00085_00000004.jpg	1	-3	0	0	0	0	4	0	0	21	0	0	1
tweet_00059059	saude202102_n_00085_00000005.jpg	0	0	0	0	0	1	0	0	0	7	0	0	0
tweet_00059060	saude202102_n_00086_00000002.jpg	1	-4	0	1	0	0	0	0	0	12	0	0	0
tweet_00059085	saude202102_n_00087_00000004.jpg	0	4	0	-1	0	0	0	0	0	0	0	0	-3
tweet_00059092	saude202102_n_00087_00000005.jpg	3	-2	1	0	0	0	0	0	0	10	0	0	-1
tweet_00059096	saude202102_n_00088_00000001.jpg	3	-4	0	0	0	0	0	0	0	2	0	0	0
tweet_00059116	saude202102_n_00089_00000002.jpg	1	-3	0	0	0	0	0	0	0	12	0	-2	0
tweet_00059125	saude202102_n_00089_00000004.jpg	1	-2	0	0	0	0	4	0	0	0	0	0	6
tweet_00059135	saude202102_n_00090_00000003.jpg	1	-3	0	0	0	0	0	0	0	12	0	0	0
tweet_00059142	saude202102_n_00090_00000005.jpg	5	-2	0	0	0	0	0	0	0	-1	0	0	-2
tweet_00059157	saude202102_n_00091_00000002.jpg	3	-1	1	0	0	1	6	0	0	1	0	-3	6
tweet_00059186	saude202102_n_00092_00000003.jpg	2	-3	0	0	0	0	0	0	0	0	6	0	0
tweet_00059197	saude202102_n_00092_00000005.jpg	4	-3	0	0	0	0	0	0	0	4	0	-1	0
tweet_00059219	saude202102_n_00094_00000002.jpg	0	-5	0	0	0	0	0	0	0	-1	0	0	-1
tweet_00059223	saude202102_n_00094_00000004.jpg	2	-3	0	0	0	0	0	0	0	7	0	0	0
tweet_00059227	saude202102_n_00094_00000005.jpg	1	-3	0	0	0	0	1	0	0	-1	0	0	-1
tweet_00059263	saude202102_n_00097_00000003.jpg	3	-3	0	0	0	0	0	0	0	8	0	0	0
tweet_00059284	saude202102_n_00099_00000004.jpg	1	0	1	0	0	1	0	0	0	6	0	0	0
tweet_00059288	saude202102_n_00100_00000003.jpg	2	-5	0	0	0	1	0	0	0	19	0	0	0
tweet_00059292	saude202102_n_00100_00000005.jpg	1	-4	0	0	0	0	0	0	0	3	0	0	0
tweet_00059325	saude202102_n_00102_00000004.jpg	1	-3	0	0	0	0	0	0	0	9	0	0	0
tweet_00059329	saude202102_n_00103_00000002.jpg	2	-4	0	0	0	1	0	0	0	3	0	0	0
tweet_00059344	saude202102_n_00104_00000003.jpg	1	-3	0	0	0	0	0	-1	0	0	4	0	0
tweet_00059357	saude202102_n_00106_00000003.jpg	2	-1	0	0	0	0	0	0	0	0	0	0	-5
tweet_00059359	saude202102_n_00106_00000005.jpg	1	-4	0	0	0	0	0	0	0	9	0	-1	0
tweet_00059368	saude202102_n_00107_00000002.jpg	0	-3	0	0	0	0	0	0	-1	5	0	0	0
tweet_00059373	saude202102_n_00107_00000003.jpg	1	-5	0	0	-1	0	2	0	0	0	0	0	-4
tweet_00059378	saude202102_n_00108_00000001.jpg	0	2	0	0	0	0	11	0	0	0	0	0	15
tweet_00059386	saude202102_n_00108_00000002.jpg	1	2	0	0	0	1	0	0	0	19	0	0	0
tweet_00059387	saude202102_n_00108_00000003.jpg	1	4	0	0	0	1	0	0	1	10	0	0	0
tweet_00059392	saude202102_n_00108_00000004.jpg	1	1	0	0	0	0	0	0	0	1	0	1	0
tweet_00059404	saude202102_n_00108_00000006.jpg	1	0	-1	0	1	0	0	0	0	19	0	1	0
tweet_00059406	saude202102_n_00108_00000007.jpg	0	4	0	0	0	1	0	0	0	0	-1	0	0
tweet_00059414	saude202102_n_00108_00000009.jpg	1	-1	0	0	0	2	0	0	0	0	0	0	-5
tweet_00059435	saude202102_n_00109_00000002.jpg	0	1	0	0	0	0	2	0	0	0	0	0	-4
tweet_00059489	saude202102_n_00110_00000001.jpg	0	-1	0	0	0	0	0	0	0	23	0	0	1
tweet_00059490	saude202102_n_00110_00000002.jpg	1	-2	3	0	0	2	0	0	0	32	0	0	0
tweet_00059496	saude202102_n_00110_00000003.jpg	1	-4	0	0	0	0	0	0	0	0	0	0	-2
tweet_00059502	saude202102_n_00110_00000004.jpg	2	1	0	0	0	1	0	10	0	0	0	0	13
tweet_00059516	saude202102_n_00110_00000006.jpg	5	3	0	0	0	0	2	-1	1	0	0	1	1
tweet_00059521	saude202102_n_00111_00000002.jpg	2	-1	0	0	-1	0	0	0	0	3	0	0	0
tweet_00059522	saude202102_n_00111_00000003.jpg	1	-2	0	0	0	2	0	0	0	16	0	0	0
tweet_00059523	saude202102_n_00111_00000004.jpg	1	0	0	0	0	2	0	0	1	0	-2	-1	1
tweet_00059524	saude202102_n_00111_00000008.jpg	4	-3	0	0	0	0	0	0	0	8	0	0	0
tweet_00059525	saude202102_n_00111_00000009.jpg	1	1	0	0	0	0	2	4	0	0	0	0	21
tweet_00059533	saude202102_n_00111_00000011.jpg	0	0	0	0	0	0	0	2	0	0	0	0	-1
tweet_00059538	saude202102_n_00111_00000012.jpg	1	1	0	0	1	0	4	1	0	-1	0	0	31
tweet_00059559	saude202102_n_00112_00000002.jpg	1	-3	1	1	1	0	1	0	0	0	0	0	-7
tweet_00059563	saude202102_n_00112_00000003.jpg	1	-2	0	0	0	0	3	2	0	2	0	0	31
tweet_00059601	saude202102_n_00113_00000001.jpg	1	6	0	0	0	0	0	0	0	0	4	0	0
tweet_00059619	saude202102_n_00113_00000004.jpg	1	2	0	0	0	0	8	0	0	0	0	0	4
tweet_00059622	saude202102_n_00113_00000006.jpg	4	-2	2	0	0	1	0	0	0	6	0	0	0
tweet_00059628	saude202102_n_00113_00000008.jpg	0	6	0	0	0	0	0	0	0	1	0	0	0
tweet_00059645	saude202102_n_00115_00000001.jpg	0	1	0	0	-1	0	8	-1	0	0	0	1	0
tweet_00059688	saude202102_n_00115_00000002.jpg	0	2	0	0	0	0	1	1	3	0	0	0	1
tweet_00059690	saude202102_n_00115_00000003.jpg	2	-2	0	0	0	1	0	0	1	0	0	0	0
tweet_00059692	saude202102_n_00115_00000004.jpg	1	-1	1	0	0	0	0	0	0	0	0	0	-2
tweet_00059693	saude202102_n_00116_00000001.jpg	0	2	0	0	0	0	0	0	0	0	0	0	-4
tweet_00059701	saude202102_n_00116_00000015.jpg	2	0	1	-2	0	0	0	0	0	14	0	0	0
tweet_00059702	saude202102_n_00116_00000017.jpg	3	-1	0	-2	-1	1	0	0	0	21	0	0	1
tweet_00059707	saude202102_n_00116_00000019.jpg	3	-1	0	-2	0	0	0	0	0	0	0	-2	0
tweet_00059708	saude202102_n_00116_00000020.jpg	0	1	0	-1	0	0	0	0	0	0	0	0	-2
tweet_00059711	saude202102_n_00116_00000021.jpg	0	2	0	0	0	0	2	0	0	0	0	0	-3
tweet_00059713	saude202102_n_00116_00000022.jpg	1	1	-1	0	0	0	0	0	0	1	0	-1	0
tweet_00059732	saude202102_n_00116_00000023.jpg	0	2	0	-3	0	0	0	0	-1	0	0	0	8
tweet_00059751	saude202102_n_00117_00000001.jpg	0	-1	0	0	1	0	0	0	0	0	0	0	-1
tweet_00059774	saude202102_n_00117_00000003.jpg	1	2	0	-3	0	0	0	0	0	1	0	0	-1
tweet_00059776	saude202102_n_00117_00000004.jpg	1	0	0	0	0	2	0	0	0	18	0	0	0
tweet_00059786	saude202102_n_00117_00000005.png	-1	4	0	0	0	0	0	0	0	0	-2	-3	-1
tweet_00059792	saude202102_n_00118_00000001.jpg	-1	6	0	0	0	0	1	1	0	-1	0	0	6
tweet_00059808	saude202102_n_00118_00000003.jpg	1	3	0	0	0	1	-7	-1	-1	0	9	3	0
tweet_00059809	saude202102_n_00118_00000004.jpg	1	1	0	0	0	1	0	0	0	4	0	0	0
tweet_00059843	saude202102_n_00119_00000001.jpg	-1	3	0	0	0	0	0	0	0	0	0	0	-3
tweet_00059862	saude202102_n_00119_00000005.jpg	1	1	0	0	0	0	0	19	0	0	0	1	5
tweet_00059870	saude202102_n_00236_00000003.jpg	0	-2	1	2	1	2	0	0	0	0	0	0	-1
tweet_00059884	saude202102_n_00119_00000007.jpg	1	0	-1	0	0	0	2	0	-2	2	0	-1	6
tweet_00059889	saude202102_n_00119_00000008.jpg	0	-1	0	0	0	0	0	3	0	12	0	0	-1
tweet_00059904	saude202102_n_00120_00000001.jpg	1	1	0	1	0	0	0	0	0	10	0	0	0
tweet_00059925	saude202102_n_00120_00000002.jpg	1	2	0	0	0	1	2	0	0	8	0	0	0
tweet_00059938	saude202102_n_00120_00000004.jpg	1	1	0	1	0	2	0	0	0	16	0	-2	0
tweet_00059943	saude202102_n_00120_00000007.jpg	1	0	0	0	0	1	0	0	0	0	0	0	-1
tweet_00059944	saude202102_n_00120_00000008.jpg	1	1	0	1	0	0	0	0	0	16	0	-1	0
tweet_00059951	saude202102_n_00120_00000009.jpg	1	1	0	1	0	0	0	0	0	15	0	-1	0
tweet_00059962	saude202102_n_00120_00000010.jpg	5	0	0	1	0	0	0	0	0	1	0	0	-1
tweet_00059964	saude202102_n_00120_00000011.jpg	1	1	0	-3	0	0	0	0	1	22	0	0	0
tweet_00059985	saude202102_n_00121_00000001.jpg	4	3	0	-1	0	0	1	-2	0	18	0	1	1
tweet_00059991	saude202102_n_00121_00000002.jpg	2	1	0	1	0	0	0	0	0	25	0	1	0
tweet_00059999	saude202102_n_00121_00000004.jpg	2	1	0	-1	0	0	0	0	0	1	0	0	-2
tweet_00060002	saude202102_n_00121_00000005.jpg	2	3	-1	-1	0	0	1	0	0	-1	0	-2	-8
tweet_00060009	saude202102_n_00121_00000006.jpg	0	1	0	1	0	0	0	0	0	10	0	0	0
tweet_00060010	saude202102_n_00121_00000007.jpg	4	0	-1	0	0	0	0	0	0	0	2	0	2
tweet_00060025	saude202102_n_00121_00000009.jpg	3	-2	1	0	0	0	0	0	0	3	0	0	0
tweet_00060030	saude202102_n_00121_00000010.jpg	4	1	0	1	0	0	0	0	0	15	0	-1	0
tweet_00060055	saude202102_n_00122_00000004.jpg	1	0	0	0	0	0	2	0	0	2	0	1	0
tweet_00060069	saude202102_n_00122_00000007.jpg	1	2	0	0	0	0	0	0	0	0	0	-1	0
tweet_00060071	saude202102_n_00122_00000008.jpg	1	1	0	0	0	0	0	0	0	12	0	0	0
tweet_00060094	saude202102_n_00124_00000002.jpg	1	-2	1	0	0	1	0	0	0	15	0	0	0
tweet_00060095	saude202102_n_00124_00000003.jpg	3	0	0	0	0	0	0	3	5	1	0	3	1
tweet_00060101	saude202102_n_00124_00000004.png	1	3	0	0	0	0	0	6	0	0	0	0	0
tweet_00060143	saude202102_n_00130_00000001.jpg	1	1	0	0	0	0	0	0	-6	0	0	0	-3
tweet_00060165	saude202102_n_00131_00000003.jpg	4	-3	0	0	-1	0	-1	0	-1	0	0	5	0
tweet_00060177	saude202102_n_00133_00000001.jpg	0	1	0	0	0	0	0	0	0	1	0	0	0
tweet_00060179	saude202102_n_00133_00000003.jpg	1	0	-1	0	0	0	1	0	0	-1	0	0	-2
tweet_00060193	saude202102_n_00134_00000001.jpg	1	1	0	0	0	0	0	0	0	23	0	0	0
tweet_00060200	saude202102_n_00134_00000002.jpg	0	2	0	0	0	0	0	1	0	0	0	0	0
tweet_00060216	saude202102_n_00136_00000002.png	1	1	0	0	0	0	0	5	0	-1	0	0	10
tweet_00060219	saude202102_n_00136_00000003.png	1	-1	0	1	0	1	0	0	0	4	0	0	0
tweet_00060232	saude202102_n_00138_00000002.jpg	1	3	-1	0	0	0	0	1	0	0	0	0	0
tweet_00060250	saude202102_n_00139_00000001.jpg	1	-1	0	0	0	0	0	0	0	17	0	0	0
tweet_00060256	saude202102_n_00139_00000003.jpg	1	2	0	-1	0	1	0	0	0	1	0	0	-2
tweet_00060257	saude202102_n_00139_00000004.jpg	2	2	0	0	-1	0	0	14	0	1	0	1	3
tweet_00060259	saude202102_n_00139_00000005.jpg	1	0	0	0	-1	0	0	0	0	-1	0	0	-4
tweet_00060261	saude202102_n_00139_00000006.jpg	0	0	0	0	1	2	0	0	0	1	0	0	0
tweet_00060279	saude202102_n_00141_00000001.jpg	1	-1	1	0	0	0	0	0	0	19	0	0	0
tweet_00060290	saude202102_n_00142_00000003.jpg	3	-3	1	1	1	0	3	0	0	0	0	0	-1
tweet_00060309	saude202102_n_00143_00000001.jpg	1	3	0	0	0	0	0	2	0	0	0	0	4
tweet_00060315	saude202102_n_00143_00000002.jpg	2	5	0	1	0	0	2	6	0	0	0	0	22
tweet_00060317	saude202102_n_00143_00000003.jpg	1	3	0	0	0	0	2	8	0	0	0	0	20
tweet_00060324	saude202102_n_00143_00000005.jpg	1	3	0	0	0	0	2	8	0	0	0	0	22
tweet_00060342	saude202102_n_00143_00000007.jpg	6	0	0	0	0	0	0	0	0	1	0	-1	-1
tweet_00060379	saude202102_n_00144_00000003.jpg	1	-1	0	0	0	1	0	3	0	4	0	0	0
tweet_00060382	saude202102_n_00145_00000001.jpg	1	-1	0	0	0	0	0	0	13	0	3	7	0
tweet_00060405	saude202102_n_00145_00000002.jpg	3	0	0	-1	0	0	0	1	0	3	0	0	0
tweet_00060441	saude202102_n_00147_00000001.jpg	1	1	0	-1	0	0	0	0	7	0	1	0	0
tweet_00060459	saude202102_n_00147_00000002.jpg	0	2	0	0	0	0	0	10	1	1	0	1	3
tweet_00060477	saude202102_n_00148_00000001.jpg	1	1	0	0	0	0	-4	0	-4	3	0	1	0
tweet_00060479	saude202102_n_00148_00000002.jpg	2	0	0	-2	0	1	0	0	0	15	0	0	0
tweet_00060495	saude202102_n_00149_00000001.jpg	-1	2	0	0	-1	0	0	41	0	1	0	0	0
tweet_00060507	saude202102_n_00150_00000001.jpg	1	-2	0	0	0	0	0	0	0	0	0	0	-1
tweet_00060524	saude202102_n_00151_00000002.jpg	0	1	0	0	0	1	0	0	0	0	0	0	-6
tweet_00060529	saude202102_n_00151_00000003.jpg	1	0	-1	0	0	-1	3	0	0	3	0	-2	0
tweet_00060530	saude202102_n_00151_00000004.jpg	0	1	0	0	0	2	1	0	0	0	2	0	3
tweet_00060553	saude202102_n_00153_00000001.jpg	0	1	0	0	0	0	3	0	0	-1	0	0	-4
tweet_00060561	saude202102_n_00155_00000001.jpg	2	-2	1	0	0	0	0	0	0	1	0	0	0
tweet_00060562	saude202102_n_00155_00000002.jpg	1	1	0	0	0	0	1	3	0	0	0	0	21
tweet_00060578	saude202102_n_00155_00000003.jpg	3	2	0	0	0	1	0	0	0	14	0	0	0
tweet_00060600	saude202102_n_00156_00000001.jpg	3	0	0	0	0	0	0	0	0	15	0	0	0
tweet_00060617	saude202102_n_00158_00000002.jpg	1	1	0	0	0	1	0	0	0	1	0	0	0
tweet_00060635	saude202102_n_00159_00000003.jpg	0	0	0	0	0	0	1	0	0	-1	0	0	1
tweet_00060666	saude202102_n_00161_00000001.jpg	-2	1	0	0	0	0	1	0	0	0	0	0	-4
tweet_00060676	saude202102_n_00161_00000005.jpg	0	0	0	0	0	0	0	-1	1	0	-1	7	0
tweet_00060677	saude202102_n_00162_00000001.jpg	-1	2	0	0	0	0	0	0	0	6	0	0	0
tweet_00060681	saude202102_n_00162_00000002.jpg	1	-2	0	0	0	0	0	1	0	14	0	0	0
tweet_00060684	saude202102_n_00162_00000003.jpg	0	0	0	0	0	0	3	0	0	0	0	0	-5
tweet_00060701	saude202102_n_00165_00000001.jpg	0	0	0	0	0	1	0	0	0	0	0	0	-2
tweet_00060720	saude202102_n_00166_00000002.jpg	4	-1	0	1	0	0	0	0	0	14	0	1	0
tweet_00060745	saude202102_n_00167_00000002.jpg	-3	1	0	0	0	0	0	0	0	1	0	0	-1
tweet_00060747	saude202102_n_00167_00000003.jpg	1	0	0	1	2	1	0	0	0	15	0	-1	0
tweet_00060750	saude202102_n_00167_00000005.jpg	0	2	0	-1	0	0	0	3	0	0	-1	-1	-2
tweet_00060751	saude202102_n_00167_00000006.png	1	2	0	0	0	0	0	0	0	0	0	0	0
tweet_00060756	saude202102_n_00167_00000007.jpg	0	1	0	0	0	0	0	0	0	1	0	0	0
tweet_00060781	saude202102_n_00169_00000001.jpg	-1	1	0	-1	0	0	0	0	6	0	-1	-2	0
tweet_00060790	saude202102_n_00170_00000002.png	0	3	0	-1	0	1	0	0	0	0	0	0	-1
tweet_00060793	saude202102_n_00170_00000003.png	1	1	0	-1	0	0	0	0	0	5	0	0	0
tweet_00060797	saude202102_n_00170_00000004.jpg	1	0	0	0	1	0	0	0	0	1	0	-1	-1
tweet_00060807	saude202102_n_00171_00000002.jpg	0	0	0	0	0	0	0	0	0	0	0	0	-3
tweet_00060812	saude202102_n_00172_00000002.jpg	0	0	0	-1	2	1	0	0	0	0	0	0	-3
tweet_00060819	saude202102_n_00173_00000001.jpg	0	0	0	0	0	0	0	0	0	0	0	0	-4
tweet_00060861	saude202102_n_00177_00000002.jpg	1	-2	0	1	0	0	0	0	0	9	0	-1	0
tweet_00060866	saude202102_n_00177_00000003.png	0	-1	2	2	1	0	1	0	0	2	0	0	0
tweet_00060871	saude202102_n_00177_00000004.jpg	3	-1	1	1	0	0	4	0	0	1	0	0	0
tweet_00060890	saude202102_n_00179_00000002.jpg	5	0	0	0	0	0	0	0	0	15	0	0	0
tweet_00060922	saude202102_n_00180_00000002.jpg	-2	3	0	0	0	0	5	0	1	0	0	1	4
tweet_00060927	saude202102_n_00181_00000002.jpg	3	1	-1	0	-2	0	0	0	0	0	0	-1	-4
tweet_00060940	saude202102_n_00181_00000005.jpg	1	-1	1	1	0	0	0	8	0	0	0	0	12
tweet_00060943	saude202102_n_00181_00000007.jpg	0	1	0	0	1	2	0	2	0	5	0	0	1
tweet_00060948	saude202102_n_00182_00000001.png	1	4	0	0	0	0	1	0	0	2	0	0	23
tweet_00060950	saude202102_n_00182_00000002.jpg	0	0	1	0	0	0	1	0	0	0	2	0	0
tweet_00060955	saude202102_n_00182_00000003.jpg	1	-2	1	1	0	0	1	8	0	0	0	0	10
tweet_00060959	saude202102_n_00184_00000001.jpg	0	0	0	0	0	0	0	0	0	0	0	0	-2
tweet_00061043	saude202102_n_00195_00000001.jpg	1	-2	1	0	1	0	0	2	0	0	0	0	4
tweet_00061087	saude202102_n_00202_00000001.jpg	1	2	0	0	0	0	0	0	0	1	0	0	-2
tweet_00061097	saude202102_n_00203_00000001.jpg	0	2	0	0	0	0	-3	0	-3	7	-1	1	0
tweet_00061118	saude202102_n_00206_00000001.jpg	0	0	-1	-1	0	0	0	5	0	1	0	0	0
tweet_00061138	saude202102_n_00208_00000001.png	1	-2	1	1	0	0	1	5	0	0	0	0	20
tweet_00061166	saude202102_n_00212_00000005.jpg	1	-2	3	-1	1	0	0	-1	0	21	0	1	1
tweet_00061167	saude202102_n_00212_00000004.jpg	0	0	0	0	1	1	0	0	1	5	0	0	0
tweet_00061173	saude202102_n_00213_00000002.jpg	1	2	0	0	1	1	0	0	0	10	0	-1	0
tweet_00061190	saude202102_n_00217_00000003.jpg	1	0	-1	-1	0	0	0	0	0	0	0	0	-4
tweet_00061192	saude202102_n_00217_00000004.jpg	1	1	0	-2	0	0	0	10	0	0	0	0	8
tweet_00061211	saude202102_n_00219_00000002.jpg	1	1	0	0	0	0	1	11	0	0	0	0	17
tweet_00061229	saude202102_n_00220_00000001.jpg	1	-2	1	1	0	0	1	0	0	0	0	0	22
tweet_00061231	saude202102_n_00220_00000003.jpg	1	0	0	0	2	2	0	0	0	6	0	0	0
tweet_00061237	saude202102_n_00221_00000001.jpg	2	0	0	0	1	1	0	0	0	15	0	0	0
tweet_00061243	saude202102_n_00221_00000002.jpg	1	1	0	0	0	0	0	1	6	0	0	0	0
tweet_00061244	saude202102_n_00221_00000003.jpg	0	-2	1	1	0	0	1	9	0	0	0	0	10
tweet_00061255	saude202102_n_00222_00000002.jpg	1	-1	1	1	0	0	0	0	0	3	0	0	0
tweet_00061261	saude202102_n_00223_00000001.jpg	1	-1	1	1	0	0	0	15	0	0	0	1	3
tweet_00061276	saude202102_n_00225_00000001.jpg	1	-1	1	1	0	0	2	4	0	0	0	0	24
tweet_00061282	saude202102_n_00226_00000001.jpg	1	0	0	0	0	0	0	0	0	1	0	0	-3
tweet_00061296	saude202102_n_00226_00000002.jpg	-2	0	0	0	0	0	0	0	0	0	0	0	-1
tweet_00061304	saude202102_n_00227_00000001.jpg	1	0	0	0	0	1	0	0	0	4	0	0	0
tweet_00061305	saude202102_n_00227_00000002.png	0	-1	2	2	1	0	2	9	0	2	0	1	16
tweet_00061308	saude202102_n_00227_00000003.jpg	1	-1	1	1	0	0	0	0	0	2	0	0	0
tweet_00061350	saude202102_n_00231_00000001.jpg	1	0	0	-2	1	0	0	0	0	0	0	-1	0
tweet_00061353	saude202102_n_00231_00000003.jpg	0	-2	1	2	1	0	0	0	-4	0	0	0	1
tweet_00061360	saude202102_n_00232_00000002.png	0	0	-1	1	2	0	0	0	0	0	0	0	-3
tweet_00061382	saude202102_n_00235_00000001.jpg	0	-2	1	2	1	2	0	0	0	0	0	0	-1
tweet_00061386	saude202102_n_00236_00000001.jpg	1	-2	2	1	0	0	1	10	0	0	0	0	14
tweet_00061391	saude202102_n_00236_00000002.jpg	0	0	0	-1	0	1	0	0	0	14	0	0	0
tweet_00061399	saude202102_n_00238_00000001.jpg	1	0	0	0	0	0	0	0	0	22	0	0	0
tweet_00061411	saude202102_n_00239_00000002.jpg	0	2	0	0	0	0	0	3	0	0	0	0	4
tweet_00061444	saude202103_n_00001_00000002.jpg	0	2	0	0	0	0	0	5	0	0	0	0	12
tweet_00061449	saude202103_n_00001_00000003.jpg	1	-2	0	0	1	0	0	0	0	2	0	-1	0
tweet_00061460	saude202103_n_00002_00000003.jpg	1	3	0	0	0	0	0	1	0	0	2	1	0
tweet_00061484	saude202103_n_00003_00000003.jpg	1	0	0	0	0	1	0	1	3	0	0	0	0
tweet_00061487	saude202103_n_00004_00000002.jpg	-1	1	0	0	0	0	0	2	0	0	0	-1	-1
tweet_00061494	saude202103_n_00004_00000005.jpg	0	2	0	0	0	0	0	0	0	5	0	0	0
tweet_00061503	saude202103_n_00004_00000006.jpg	1	-1	1	0	0	0	0	0	0	4	0	0	0
tweet_00061505	saude202103_n_00005_00000001.jpg	1	1	0	0	0	0	0	0	0	0	0	-1	-1
tweet_00061523	saude202103_n_00006_00000001.jpg	1	2	0	0	0	0	1	7	0	0	0	0	13
tweet_00061534	saude202103_n_00008_00000001.jpg	1	-2	2	0	1	0	0	0	0	0	0	0	0
tweet_00061564	saude202103_n_00010_00000001.jpg	1	5	0	0	1	0	0	4	0	-1	0	0	15
tweet_00061570	saude202103_n_00013_00000001.jpg	0	0	0	0	0	0	0	1	0	0	0	0	0
tweet_00061586	saude202103_n_00015_00000001.jpg	0	0	0	0	0	1	0	0	0	0	0	-1	0
tweet_00061596	saude202103_n_00015_00000002.jpg	0	0	1	0	0	0	0	0	0	11	0	0	0
tweet_00061597	saude202103_n_00016_00000001.png	1	1	0	0	0	0	0	0	0	0	0	0	-3
tweet_00061621	saude202103_n_00018_00000001.jpg	3	-1	2	0	0	0	0	1	0	19	0	-2	0
tweet_00061630	saude202103_n_00019_00000001.png	0	3	0	0	0	0	0	0	0	0	0	0	-2
tweet_00061631	saude202103_n_00019_00000002.png	0	0	0	-1	0	1	0	0	0	0	0	0	-3
tweet_00061646	saude202103_n_00020_00000001.jpg	0	2	0	0	0	0	1	0	0	-1	1	0	0
tweet_00061674	saude202103_n_00024_00000001.jpg	1	-1	1	0	1	0	0	-1	0	0	9	0	0
tweet_00061695	saude202103_n_00031_00000001.jpg	1	2	0	0	0	0	0	2	0	0	0	1	9
tweet_00061703	saude202103_n_00032_00000001.jpg	-1	0	0	0	0	0	0	0	0	0	0	0	-1
tweet_00061706	saude202103_n_00033_00000001.jpg	-1	2	1	0	0	0	4	3	0	0	0	0	2
tweet_00061709	saude202103_n_00033_00000002.png	1	-1	1	0	1	0	0	0	0	3	0	0	0
tweet_00061741	saude202103_n_00035_00000001.jpg	1	-2	0	0	1	0	1	-1	0	0	4	0	0
tweet_00061753	saude202103_n_00038_00000001.jpg	1	-1	1	0	1	0	2	0	0	0	2	0	0
tweet_00061758	saude202103_n_00038_00000002.jpg	1	3	0	0	0	1	2	2	0	0	0	0	27
tweet_00061764	saude202103_n_00038_00000003.jpg	1	-1	0	0	0	1	0	1	2	14	0	0	0
tweet_00061767	saude202103_n_00039_00000001.jpg	1	-2	1	0	1	0	0	0	1	32	0	0	1
tweet_00061773	saude202103_n_00040_00000001.jpg	1	-1	1	0	0	0	0	0	0	0	0	0	-3
tweet_00061803	saude202103_n_00041_00000001.jpg	0	1	0	0	0	0	1	1	0	-1	0	0	13
tweet_00061810	saude202103_n_00043_00000001.jpg	1	-1	1	0	2	0	0	0	-3	0	11	-1	0
tweet_00061812	saude202103_n_00043_00000002.jpg	0	2	0	0	0	1	1	0	0	11	0	0	0
tweet_00061815	saude202103_n_00044_00000002.jpg	0	1	-1	0	0	0	5	0	0	-1	0	1	15
tweet_00061819	saude202103_n_00044_00000003.jpg	2	-2	1	0	1	0	0	-1	0	0	4	0	0
tweet_00061825	saude202103_n_00044_00000004.jpg	3	-1	1	0	1	0	0	-1	0	0	14	0	0
tweet_00061836	saude202103_n_00045_00000002.jpg	1	-2	1	-1	1	1	1	0	0	2	5	0	0
tweet_00061858	saude202103_n_00056_00000006.jpg	3	-2	3	0	0	0	0	0	0	11	0	0	0
tweet_00061880	saude202103_n_00047_00000001.jpg	3	-1	1	0	2	0	0	-1	0	0	3	0	0
tweet_00061894	saude202103_n_00047_00000003.jpg	1	3	0	0	0	0	3	4	0	-1	0	0	24
tweet_00061895	saude202103_n_00047_00000004.jpg	1	3	-1	0	0	0	0	-1	0	0	13	1	0
tweet_00061897	saude202103_n_00047_00000005.jpg	1	1	-1	0	0	0	2	0	7	0	1	3	3
tweet_00061900	saude202103_n_00047_00000006.png	2	-1	3	0	0	0	0	1	0	18	0	0	0
tweet_00061910	saude202103_n_00047_00000007.jpg	4	-2	1	0	0	1	0	0	0	15	0	0	0
tweet_00061931	saude202103_n_00048_00000001.jpg	-1	4	0	0	0	0	0	5	0	0	0	0	9
tweet_00061932	saude202103_n_00048_00000002.jpg	-1	0	0	-1	0	0	0	2	0	0	0	0	-1
tweet_00061936	saude202103_n_00048_00000003.jpg	0	-1	0	0	2	1	0	0	0	0	0	0	-5
tweet_00061982	saude202103_n_00049_00000001.jpg	1	-1	0	0	0	0	0	0	0	12	0	-2	0
tweet_00061988	saude202103_n_00050_00000001.jpg	1	4	0	0	0	0	6	-1	0	0	0	3	10
tweet_00062001	saude202103_n_00050_00000004.jpg	1	4	0	0	0	0	0	1	0	0	0	0	7
tweet_00062012	saude202103_n_00051_00000001.jpg	1	3	0	0	0	0	0	9	0	0	0	0	18
tweet_00062050	saude202103_n_00052_00000003.jpg	1	3	0	0	0	0	0	0	-12	0	5	0	-1
tweet_00062051	saude202103_n_00052_00000004.jpg	0	-1	1	0	0	0	0	0	0	14	0	0	0
tweet_00062073	saude202103_n_00053_00000002.jpg	2	3	0	1	0	0	0	0	0	14	0	0	0
tweet_00062081	saude202103_n_00053_00000003.jpg	0	4	0	0	0	0	-3	-1	0	0	1	2	0
tweet_00062087	saude202103_n_00054_00000001.jpg	0	-1	2	0	0	2	2	-2	0	2	0	0	0
tweet_00062110	saude202103_n_00055_00000001.jpg	1	1	0	1	0	0	0	0	0	0	0	-3	0
tweet_00062119	saude202103_n_00055_00000003.jpg	1	-1	1	0	1	0	0	0	0	6	0	0	0
tweet_00062122	saude202103_n_00055_00000004.jpg	0	4	0	0	0	0	0	0	0	0	0	0	0
tweet_00062127	saude202103_n_00055_00000005.jpg	-1	1	0	0	0	0	0	0	0	0	0	0	-1
tweet_00062141	saude202103_n_00055_00000006.jpg	1	-1	2	0	0	0	0	0	2	0	-1	0	1
tweet_00062146	saude202103_n_00055_00000007.jpg	1	1	0	0	0	0	0	0	0	4	0	-1	0
tweet_00062151	saude202103_n_00056_00000001.png	0	-1	1	0	1	0	1	1	0	-1	0	0	-2
tweet_00062169	saude202103_n_00056_00000004.jpg	1	-1	1	0	0	1	0	0	0	5	0	0	0
tweet_00062180	saude202103_n_00056_00000005.png	1	-1	1	0	0	0	0	0	0	6	0	0	0
tweet_00062185	saude202103_n_00056_00000008.png	1	-1	1	0	0	0	0	2	0	12	0	-1	0
tweet_00062189	saude202103_n_00056_00000009.jpg	-2	2	0	0	-1	0	0	0	0	0	0	0	-1
tweet_00062193	saude202103_n_00056_00000013.jpg	1	1	0	0	0	0	0	0	0	0	6	6	-4
tweet_00062204	saude202103_n_00057_00000002.jpg	1	-1	3	0	0	0	0	0	0	4	0	0	0
tweet_00062219	saude202103_n_00057_00000003.jpg	0	3	0	0	0	0	0	1	0	20	0	0	0
tweet_00062233	saude202103_n_00057_00000004.jpg	0	3	-1	1	0	0	0	0	1	4	0	1	0
tweet_00062278	saude202103_n_00059_00000001.jpg	2	3	0	0	0	0	0	-1	0	0	9	3	0
tweet_00062284	saude202103_n_00059_00000002.jpg	2	3	-1	0	0	0	0	0	0	1	0	0	0
tweet_00062285	saude202103_n_00059_00000003.jpg	2	-2	-1	0	0	4	0	0	0	6	0	0	0
tweet_00062307	saude202103_n_00059_00000005.png	1	-3	0	2	0	1	0	0	0	25	0	0	0
tweet_00062315	saude202103_n_00059_00000006.jpg	1	-1	1	0	0	0	0	0	0	0	0	0	-3
tweet_00062320	saude202103_n_00059_00000008.jpg	1	-3	2	-1	0	2	0	0	0	14	0	0	0
tweet_00062322	saude202103_n_00059_00000009.jpg	1	1	0	0	0	0	0	0	0	12	0	0	0
tweet_00062335	saude202103_n_00060_00000003.jpg	1	-1	1	0	0	0	0	0	0	7	0	0	0
tweet_00062336	saude202103_n_00060_00000004.jpg	4	-2	1	0	0	0	0	0	0	6	0	0	0
tweet_00062348	saude202103_n_00060_00000005.png	-1	4	0	0	0	0	0	1	0	1	0	0	-3
tweet_00062350	saude202103_n_00060_00000006.jpg	1	3	0	0	0	0	0	1	0	0	0	0	5
tweet_00062363	saude202103_n_00061_00000001.jpg	1	0	0	0	0	0	0	0	0	24	0	0	0
tweet_00062406	saude202103_n_00062_00000001.jpg	2	1	0	0	0	0	0	3	0	0	0	0	15
tweet_00062409	saude202103_n_00062_00000002.jpg	1	2	-1	1	0	0	0	0	0	0	5	1	0
tweet_00062414	saude202103_n_00062_00000003.jpg	1	3	0	0	1	0	3	3	0	0	0	0	25
tweet_00062425	saude202103_n_00062_00000004.jpg	1	5	0	0	0	0	2	9	0	0	0	0	18
tweet_00062431	saude202103_n_00062_00000005.jpg	0	3	1	0	1	0	0	0	0	0	0	0	-5
tweet_00062442	saude202103_n_00062_00000007.jpg	1	2	0	0	0	0	2	10	0	0	0	0	19
tweet_00062455	saude202103_n_00062_00000009.jpg	0	3	0	0	0	0	1	0	0	0	1	0	0
tweet_00062466	saude202103_n_00062_00000010.jpg	1	3	0	0	0	0	0	0	-1	1	0	0	0
tweet_00062469	saude202103_n_00062_00000011.jpg	0	2	0	0	0	0	0	2	26	0	0	1	0
tweet_00062530	saude202103_n_00063_00000001.png	0	3	0	0	0	0	0	0	0	1	0	0	-1
tweet_00062545	saude202103_n_00064_00000001.jpg	0	2	0	-1	0	1	0	0	0	1	0	0	-2
tweet_00062552	saude202103_n_00064_00000002.jpg	6	1	0	0	-2	0	0	0	0	0	0	-1	-1
tweet_00062584	saude202103_n_00064_00000003.jpg	2	0	0	-1	-1	0	0	0	0	0	0	0	-2
tweet_00062588	saude202103_n_00065_00000001.jpg	1	4	0	0	0	0	0	0	0	0	0	0	-5
tweet_00062597	saude202103_n_00065_00000002.jpg	2	-1	0	0	0	0	0	-1	0	0	4	-1	0
tweet_00062601	saude202103_n_00065_00000003.jpg	1	1	0	0	0	1	1	-1	0	3	0	0	0
tweet_00062614	saude202103_n_00065_00000004.jpg	0	3	0	0	0	0	1	0	0	1	0	0	1
tweet_00062624	saude202103_n_00065_00000006.jpg	1	1	0	0	0	0	16	0	1	0	0	2	5
tweet_00062646	saude202103_n_00065_00000008.jpg	1	-1	-1	0	0	6	0	0	0	4	0	0	0
tweet_00062654	saude202103_n_00066_00000001.jpg	1	1	0	0	0	0	0	0	0	0	0	-1	-1
tweet_00062670	saude202103_n_00066_00000002.jpg	4	1	0	0	0	0	0	0	0	0	0	-1	0
tweet_00062710	saude202103_n_00067_00000002.jpg	0	-1	0	0	0	2	0	0	0	22	0	0	0
tweet_00062719	saude202103_n_00067_00000003.jpg	0	3	0	0	0	0	0	0	0	1	0	0	0
tweet_00062727	saude202103_n_00067_00000004.png	0	1	0	0	0	0	7	0	0	0	0	0	-4
tweet_00062741	saude202103_n_00067_00000005.jpg	0	2	0	-1	0	0	1	-1	-1	0	0	8	1
tweet_00062748	saude202103_n_00068_00000001.jpg	1	0	0	0	-1	0	0	2	0	15	0	0	0
tweet_00062749	saude202103_n_00068_00000002.jpg	1	0	-1	0	-1	1	0	0	0	0	0	-1	-1
tweet_00062757	saude202103_n_00068_00000003.jpg	2	3	-1	0	0	0	-2	0	0	-1	0	0	0
tweet_00062767	saude202103_n_00068_00000004.jpg	0	-1	2	2	0	0	0	0	0	1	0	0	0
tweet_00062774	saude202103_n_00068_00000005.jpg	1	0	-1	0	0	2	0	0	1	23	0	0	0
tweet_00062784	saude202103_n_00068_00000006.jpg	1	2	0	0	0	0	0	0	0	1	2	0	0
tweet_00062810	saude202103_n_00069_00000001.jpg	1	-1	0	2	1	3	22	0	0	0	0	0	0
tweet_00062821	saude202103_n_00069_00000002.jpg	0	2	0	0	0	0	0	1	0	-1	0	-1	-5
tweet_00062825	saude202103_n_00069_00000003.jpg	1	1	0	0	0	0	0	0	0	0	0	-1	-1
tweet_00062846	saude202103_n_00069_00000004.jpg	0	-1	3	0	4	0	0	0	0	0	0	0	-4
tweet_00062907	saude202103_n_00070_00000001.png	1	1	-1	1	0	0	0	0	0	0	0	0	-1
tweet_00062916	saude202103_n_00070_00000002.jpg	5	0	0	0	0	0	1	0	0	1	0	0	-1
tweet_00062918	saude202103_n_00070_00000003.jpg	-5	2	0	0	-1	0	0	0	0	0	0	0	-2
tweet_00062921	saude202103_n_00070_00000004.jpg	1	2	0	0	0	0	12	0	0	0	0	1	0
tweet_00062922	saude202103_n_00070_00000005.jpg	2	0	0	0	0	0	0	0	0	6	0	0	-2
tweet_00062950	saude202103_n_00071_00000002.jpg	0	2	0	0	0	1	0	0	1	7	0	0	0
tweet_00062980	saude202103_n_00072_00000002.jpg	0	3	0	0	0	0	0	-1	2	0	4	-4	0
tweet_00062981	saude202103_n_00072_00000003.jpg	1	1	-1	0	0	0	0	0	0	1	0	-2	0
tweet_00062992	saude202103_n_00072_00000005.jpg	1	2	0	0	0	0	0	0	-1	3	0	0	0
tweet_00062996	saude202103_n_00072_00000006.jpg	1	2	0	0	0	0	0	0	0	0	18	0	0
tweet_00063030	saude202103_n_00073_00000001.jpg	-2	3	0	0	0	0	0	0	0	0	0	0	-2
tweet_00063089	saude202103_n_00076_00000001.jpg	1	-2	1	6	0	0	0	0	0	1	0	-1	0
tweet_00063171	saude202103_n_00079_00000001.jpg	0	1	-1	-1	0	0	0	2	0	0	0	-1	0
tweet_00063186	saude202103_n_00080_00000001.jpg	1	-2	1	2	0	1	0	0	0	24	0	0	0
tweet_00063215	saude202103_n_00081_00000001.jpg	1	0	-1	0	0	0	17	0	0	0	0	0	-1
tweet_00063226	saude202103_n_00081_00000002.jpg	1	0	-1	0	0	0	14	0	0	0	0	0	-1
tweet_00063235	saude202103_n_00081_00000004.jpg	0	1	0	0	0	0	0	0	0	0	0	-1	0
tweet_00063239	saude202103_n_00082_00000001.jpg	3	-1	0	0	1	0	0	0	0	11	0	0	0
tweet_00063268	saude202103_n_00083_00000001.jpg	1	2	1	0	0	0	3	0	0	0	0	0	0
tweet_00063323	saude202103_n_00085_00000003.jpg	1	-1	1	0	0	0	0	0	0	15	0	0	-1
tweet_00063338	saude202103_n_00086_00000001.jpg	1	-2	0	0	1	0	0	0	0	12	0	-1	0
tweet_00063373	saude202103_n_00087_00000001.jpg	0	1	0	0	0	0	2	13	0	0	0	0	0
tweet_00063399	saude202103_n_00088_00000001.png	0	-2	0	0	3	0	0	0	0	0	0	0	-3
tweet_00063416	saude202103_n_00088_00000002.jpg	0	0	0	0	0	0	0	3	0	0	0	0	9
tweet_00063445	saude202103_n_00089_00000002.jpg	-3	1	0	0	0	0	1	7	0	1	0	1	-2
tweet_00063447	saude202103_n_00089_00000003.jpg	3	-3	1	0	0	0	0	-1	0	0	6	0	0
tweet_00063455	saude202103_n_00089_00000004.png	-2	0	0	0	0	0	0	0	0	0	0	0	-3
tweet_00063506	saude202103_n_00091_00000001.jpg	6	-3	1	2	0	0	0	0	0	0	0	0	-3
tweet_00063508	saude202103_n_00091_00000002.jpg	5	-1	2	0	0	0	0	0	0	0	0	0	-3
tweet_00063522	saude202103_n_00092_00000001.jpg	4	-1	0	0	0	3	0	0	0	0	0	-4	0
tweet_00063527	saude202103_n_00092_00000002.jpg	0	1	0	-2	0	0	0	0	0	0	1	0	-6
tweet_00063529	saude202103_n_00092_00000003.jpg	-1	1	1	0	0	0	0	2	0	0	0	-1	-1
tweet_00063530	saude202103_n_00092_00000004.jpg	0	1	1	0	0	0	1	1	0	-1	0	0	-5
tweet_00063565	saude202103_n_00092_00000009.jpg	1	-1	0	0	0	1	0	0	0	5	0	0	0
tweet_00063596	saude202103_n_00093_00000001.jpg	-2	0	0	0	0	0	0	0	0	0	0	0	-5
tweet_00063608	saude202103_n_00094_00000002.jpg	0	-1	1	0	0	0	0	0	0	7	0	0	0
tweet_00063628	saude202103_n_00094_00000007.jpg	-1	2	0	-1	0	0	0	2	0	0	0	0	-1
tweet_00063642	saude202103_n_00094_00000009.jpg	3	-1	1	2	0	1	2	-2	0	15	0	1	1
tweet_00063655	saude202103_n_00094_00000010.png	0	-1	0	0	0	0	1	4	0	0	0	0	23
tweet_00063657	saude202103_n_00159_00000002.jpg	1	-1	0	1	0	0	0	0	0	28	0	0	0
tweet_00063658	saude202103_n_00094_00000011.jpg	2	0	0	0	0	1	0	0	0	3	0	0	0
tweet_00063663	saude202103_n_00095_00000001.jpg	1	2	-1	0	0	4	0	0	0	1	0	0	-1
tweet_00063680	saude202103_n_00095_00000002.jpg	3	-1	1	0	0	0	0	0	0	3	0	-1	0
tweet_00063684	saude202103_n_00095_00000003.jpg	0	1	1	0	0	1	2	0	0	-1	0	0	19
tweet_00063719	saude202103_n_00096_00000001.jpg	0	1	0	0	0	0	0	0	0	0	0	0	-4
tweet_00063720	saude202103_n_00096_00000002.jpg	1	1	0	-1	0	1	0	0	-1	11	0	-3	0
tweet_00063721	saude202103_n_00096_00000003.jpg	1	-2	2	0	0	0	0	0	0	6	0	0	0
tweet_00063730	saude202103_n_00096_00000004.jpg	1	-1	2	0	0	0	0	0	0	2	0	-1	0
tweet_00063760	saude202103_n_00098_00000001.jpg	-1	0	2	0	0	0	0	1	0	0	0	0	-2
tweet_00063774	saude202103_n_00098_00000003.jpg	4	0	0	0	0	0	-1	0	1	0	0	0	0
tweet_00063775	saude202103_n_00099_00000001.jpg	0	1	0	0	0	0	0	0	0	0	0	0	-4
tweet_00063779	saude202103_n_00099_00000002.jpg	1	-2	2	4	0	1	0	0	0	4	0	0	0
tweet_00063794	saude202103_n_00099_00000004.jpg	2	1	-1	0	0	2	0	11	0	0	0	0	17
tweet_00063795	saude202103_n_00099_00000005.jpg	1	-2	1	1	0	0	8	0	0	-1	0	0	14
tweet_00063813	saude202103_n_00100_00000002.png	-2	0	0	0	0	1	0	0	0	0	0	0	-1
tweet_00063820	saude202103_n_00100_00000004.jpg	0	-2	2	1	0	0	0	0	0	0	0	-1	0
tweet_00063833	saude202103_n_00101_00000002.jpg	1	2	0	0	0	0	0	0	0	13	0	0	0
tweet_00063861	saude202103_n_00103_00000001.png	0	-1	0	0	2	1	0	1	0	0	0	0	2
tweet_00063910	saude202103_n_00105_00000001.jpg	0	-1	0	0	0	0	-1	-1	0	1	-1	-13	0
tweet_00063928	saude202103_n_00106_00000002.jpg	2	-1	3	3	0	0	0	0	0	2	0	0	0
tweet_00063931	saude202103_n_00107_00000001.jpg	1	-2	1	1	1	0	0	0	0	4	0	0	0
tweet_00063958	saude202103_n_00108_00000003.jpg	1	-2	0	1	0	0	0	0	0	5	0	0	0
tweet_00063959	saude202103_n_00108_00000004.jpg	1	-1	0	0	0	0	12	0	-5	0	0	0	-3
tweet_00063961	saude202103_n_00109_00000001.jpg	0	1	0	0	0	2	0	35	0	0	0	1	0
tweet_00063964	saude202103_n_00109_00000003.jpg	1	-2	1	1	0	0	0	0	0	0	0	-1	0
tweet_00063966	saude202103_n_00109_00000004.jpg	3	-1	1	0	0	0	2	5	0	0	0	0	26
tweet_00063974	saude202103_n_00110_00000002.jpg	2	0	2	1	0	0	0	0	0	22	0	0	0
tweet_00063984	saude202103_n_00110_00000003.jpg	0	0	0	0	0	0	3	0	0	0	0	0	21
tweet_00064012	saude202103_n_00112_00000001.png	0	2	0	-1	0	0	0	0	0	0	0	0	-5
tweet_00064049	saude202103_n_00114_00000001.jpg	1	2	-1	0	1	0	0	1	0	0	0	-1	-1
tweet_00064054	saude202103_n_00115_00000001.jpg	1	1	-1	0	0	0	2	4	0	0	0	0	22
tweet_00064061	saude202103_n_00116_00000001.jpg	0	0	0	-1	0	1	23	0	0	0	0	1	2
tweet_00064080	saude202103_n_00122_00000001.jpg	1	-1	2	1	0	0	0	5	0	0	0	0	12
tweet_00064091	saude202103_n_00123_00000001.jpg	0	4	0	0	0	1	0	0	0	0	0	0	-1
tweet_00064092	saude202103_n_00123_00000004.jpg	2	-2	1	0	0	0	0	0	0	0	5	0	0
tweet_00064104	saude202103_n_00124_00000001.jpg	1	-1	3	1	0	0	0	0	0	10	0	0	0
tweet_00064118	saude202103_n_00126_00000003.jpg	3	-3	1	1	0	0	0	0	0	10	0	0	0
tweet_00064119	saude202103_n_00126_00000004.jpg	1	-2	1	0	0	0	0	10	0	0	0	0	11
tweet_00064127	saude202103_n_00127_00000002.jpg	0	-2	2	0	0	0	3	5	0	0	0	0	20
tweet_00064133	saude202103_n_00127_00000003.jpg	3	-1	1	1	0	0	0	0	0	0	0	-1	-1
tweet_00064155	saude202103_n_00130_00000003.jpg	1	-1	3	-1	1	0	0	0	0	0	0	0	-6
tweet_00064164	saude202103_n_00131_00000001.jpg	1	-2	2	1	0	0	0	0	0	0	0	-1	-2
tweet_00064177	saude202103_n_00132_00000003.jpg	3	-2	1	0	0	0	0	-1	0	0	3	0	0
tweet_00064186	saude202103_n_00133_00000002.jpg	2	-1	0	-1	0	0	0	2	-2	0	0	1	-2
tweet_00064190	saude202103_n_00134_00000001.jpg	1	-1	1	2	0	0	0	0	0	14	0	0	0
tweet_00064191	saude202103_n_00134_00000002.png	0	0	0	0	0	0	0	0	0	0	0	0	-2
tweet_00064205	saude202103_n_00135_00000003.jpg	-1	0	0	0	0	0	2	3	0	0	0	0	0
tweet_00064208	saude202103_n_00136_00000001.jpg	1	-2	1	1	0	0	0	0	0	1	0	0	0
tweet_00064212	saude202103_n_00136_00000002.jpg	1	1	0	0	0	0	1	-1	0	28	0	0	1
tweet_00064218	saude202103_n_00137_00000002.jpg	1	-2	2	2	0	2	0	0	0	0	0	-1	0
tweet_00064223	saude202103_n_00137_00000003.png	1	1	0	0	-1	2	0	1	0	0	0	1	0
tweet_00064224	saude202103_n_00137_00000005.jpg	3	-3	1	1	0	0	0	10	0	0	0	0	5
tweet_00064238	saude202103_n_00139_00000002.jpg	0	-1	1	2	0	0	0	0	0	0	2	0	0
tweet_00064242	saude202103_n_00139_00000003.png	-1	-2	1	1	0	0	1	1	0	0	0	0	1
tweet_00064252	saude202103_n_00140_00000001.png	3	-2	1	3	0	0	0	0	0	0	0	0	-5
tweet_00064326	saude202103_n_00144_00000002.jpg	1	-2	4	0	0	1	0	0	0	7	0	0	0
tweet_00064328	saude202103_n_00144_00000003.jpg	1	-1	1	2	0	0	0	0	0	-1	0	0	1
tweet_00064332	saude202103_n_00145_00000002.jpg	1	-1	4	0	0	0	0	0	0	6	0	0	0
tweet_00064333	saude202103_n_00145_00000003.jpg	2	-3	3	0	0	0	0	0	0	9	0	0	0
tweet_00064346	saude202103_n_00145_00000004.jpg	1	1	0	0	0	1	0	0	0	10	0	0	0
tweet_00064347	saude202103_n_00145_00000005.jpg	1	-2	2	1	0	1	0	0	0	7	0	-1	0
tweet_00064366	saude202103_n_00147_00000001.jpg	1	-1	1	0	0	1	0	0	0	0	0	-1	0
tweet_00064370	saude202103_n_00147_00000002.jpg	0	2	0	0	0	0	1	2	0	-1	0	0	9
tweet_00064373	saude202103_n_00148_00000001.jpg	0	2	0	0	0	0	-1	-1	0	1	0	0	0
tweet_00064382	saude202103_n_00149_00000001.jpg	1	-2	2	1	0	2	0	0	0	2	0	0	0
tweet_00064401	saude202103_n_00151_00000002.png	1	1	0	0	0	1	0	0	0	11	0	0	0
tweet_00064415	saude202103_n_00152_00000001.jpg	0	0	0	0	1	0	0	0	0	1	0	-1	0
tweet_00064418	saude202103_n_00152_00000002.jpg	4	2	0	0	0	1	1	1	0	0	0	0	28
tweet_00064445	saude202103_n_00153_00000007.jpg	0	-1	0	0	0	0	1	4	0	0	0	0	24
tweet_00064446	saude202103_n_00153_00000008.jpg	0	1	0	-1	0	0	0	6	0	0	-1	0	0
tweet_00064447	saude202103_n_00154_00000001.jpg	0	-1	1	0	0	0	0	0	0	1	0	-1	0
tweet_00064455	saude202103_n_00154_00000002.jpg	5	-1	3	0	0	0	0	0	0	5	0	0	0
tweet_00064463	saude202103_n_00154_00000003.jpg	1	-2	2	3	0	0	0	0	0	-1	0	-1	0
tweet_00064479	saude202103_n_00155_00000001.jpg	2	-2	0	0	0	1	0	0	0	0	0	0	-4
tweet_00064487	saude202103_n_00156_00000001.png	1	-2	4	2	0	0	1	0	0	0	0	0	-6
tweet_00064490	saude202103_n_00156_00000003.png	0	2	0	0	-1	0	0	2	6	0	0	0	0
tweet_00064497	saude202103_n_00156_00000004.jpg	1	-2	2	2	0	0	0	0	0	3	0	-1	0
tweet_00064506	saude202103_n_00157_00000001.png	1	-2	2	2	0	1	3	0	0	-1	0	0	13
tweet_00064512	saude202103_n_00157_00000002.jpg	1	-1	1	1	0	2	0	0	0	-1	0	0	-1
tweet_00064516	saude202103_n_00157_00000003.jpg	-1	1	0	0	0	0	0	1	1	-1	0	0	-3
tweet_00064532	saude202103_n_00159_00000001.jpg	1	-2	2	2	0	0	0	0	0	1	0	0	0
tweet_00064547	saude202103_n_00160_00000001.jpg	0	1	0	0	-1	0	0	2	0	0	0	0	1
tweet_00064551	saude202103_n_00161_00000002.jpg	1	-1	4	1	1	1	0	0	0	5	0	-3	0
tweet_00064558	saude202103_n_00161_00000004.jpg	3	-1	0	2	0	0	0	0	0	9	0	-1	0
tweet_00064563	saude202103_n_00162_00000001.jpg	3	-2	2	2	1	0	0	0	0	0	0	-1	0
tweet_00064570	saude202103_n_00162_00000003.jpg	1	-2	2	1	0	0	0	1	0	0	0	0	0
tweet_00064574	saude202103_n_00163_00000001.png	-1	0	0	0	0	0	0	0	0	2	0	0	0
tweet_00064576	saude202103_n_00163_00000002.jpg	2	-1	1	1	0	0	0	0	0	6	0	0	0
tweet_00064610	saude202103_n_00166_00000001.jpg	3	-2	2	2	0	0	0	0	0	0	2	0	0
tweet_00064612	saude202103_n_00164_00000003.png	1	-1	0	0	0	0	0	0	0	6	0	0	0
tweet_00064617	saude202103_n_00165_00000002.jpg	1	-2	2	3	0	0	0	0	0	-1	0	0	0
tweet_00064618	saude202103_n_00165_00000003.jpg	1	-2	2	0	0	0	0	0	0	-1	0	0	3
tweet_00064622	saude202103_n_00165_00000007.jpg	0	-2	1	1	0	1	0	0	0	2	0	0	0
tweet_00064644	saude202103_n_00167_00000001.jpg	1	-2	2	0	0	0	0	1	0	0	0	0	0
tweet_00064658	saude202103_n_00169_00000001.jpg	-1	-1	2	2	0	0	0	0	0	0	0	-1	-1
tweet_00064671	saude202103_n_00170_00000002.jpg	1	-2	2	2	0	2	0	0	0	1	0	0	0
tweet_00064672	saude202103_n_00170_00000003.jpg	0	-2	1	0	0	0	1	0	0	-1	1	0	0
tweet_00064692	saude202103_n_00171_00000002.jpg	-1	-1	0	1	0	0	0	0	0	0	0	0	-1
tweet_00064700	saude202103_n_00172_00000001.jpg	1	-2	2	3	0	0	0	0	0	-1	0	0	0
tweet_00064707	saude202103_n_00172_00000002.jpg	0	0	-1	1	1	1	0	0	0	-1	0	0	0
tweet_00064709	saude202103_n_00172_00000003.jpg	1	-1	3	1	0	0	13	0	0	0	0	0	0
tweet_00064724	saude202103_n_00173_00000001.jpg	1	-2	2	2	0	0	0	0	0	4	0	0	0
tweet_00064735	saude202103_n_00175_00000001.jpg	1	-2	2	1	0	0	0	0	0	4	0	-1	0
tweet_00064771	saude202103_n_00176_00000002.jpg	1	3	0	0	2	0	0	0	0	0	0	-1	-2
tweet_00064775	saude202103_n_00176_00000004.jpg	0	-2	2	3	0	1	0	0	0	15	0	0	0
tweet_00064784	saude202103_n_00177_00000003.jpg	0	-2	2	0	0	0	0	0	0	2	0	0	0
tweet_00064815	saude202103_n_00180_00000001.jpg	5	-3	1	0	0	0	0	0	0	8	0	0	0
tweet_00064845	saude202103_n_00182_00000002.jpg	2	-2	2	3	0	1	0	0	-3	0	-2	-1	-2
tweet_00064854	saude202103_n_00184_00000001.jpg	1	-2	1	2	0	0	0	0	0	0	0	-1	0
tweet_00064857	saude202103_n_00184_00000002.png	2	-1	0	-1	0	0	0	0	0	5	0	0	0
tweet_00064858	saude202103_n_00184_00000003.jpg	1	-2	3	4	0	0	0	0	0	8	0	0	0
tweet_00064859	saude202103_n_00184_00000004.jpg	3	-2	2	3	0	0	0	0	0	0	1	0	0
tweet_00064877	saude202103_n_00185_00000001.jpg	1	-2	1	0	0	0	0	0	0	-1	0	0	3
tweet_00064882	saude202103_n_00186_00000001.jpg	1	-2	2	1	0	0	1	0	0	2	0	0	0
tweet_00064886	saude202103_n_00186_00000003.png	0	-2	1	0	0	1	0	0	0	0	2	-1	0
tweet_00064906	saude202103_n_00187_00000002.jpg	2	-2	2	1	0	0	0	0	0	0	1	0	0
tweet_00064920	saude202103_n_00188_00000001.jpg	3	-2	1	0	0	0	0	0	0	1	0	0	0
tweet_00064922	saude202103_n_00188_00000002.jpg	1	-2	2	2	0	0	4	0	0	-1	0	0	19
tweet_00064936	saude202103_n_00190_00000001.jpg	3	-2	2	3	0	0	0	0	0	5	0	0	0
tweet_00064937	saude202103_n_00190_00000002.jpg	0	-1	1	0	0	0	0	0	0	8	0	0	0
tweet_00064961	saude202103_n_00192_00000001.jpg	1	-2	1	1	0	0	0	7	1	-1	0	2	2
tweet_00064966	saude202103_n_00193_00000003.jpg	-1	2	0	-1	0	0	0	0	0	-1	0	0	-1
tweet_00064968	saude202103_n_00193_00000004.jpg	1	-1	2	0	0	0	0	0	0	0	2	0	0
tweet_00064969	saude202103_n_00194_00000002.jpg	-1	0	0	0	0	0	11	0	0	0	0	1	0
tweet_00064975	saude202103_n_00194_00000004.jpg	0	2	1	0	-1	0	0	1	0	0	0	0	-3
tweet_00064980	saude202103_n_00195_00000001.jpg	0	0	0	0	0	0	0	0	0	1	0	0	0
tweet_00064982	saude202103_n_00195_00000002.jpg	0	1	0	0	0	0	19	0	0	-1	0	-1	-1
tweet_00064990	saude202103_n_00196_00000001.png	1	-1	0	0	0	0	0	1	0	0	0	0	0
tweet_00064999	saude202103_n_00197_00000003.png	0	-1	2	3	0	0	0	0	0	0	0	0	5
tweet_00065014	saude202103_n_00197_00000004.jpg	0	-1	1	0	0	0	0	-1	0	2	0	1	0
tweet_00065028	saude202103_n_00199_00000001.jpg	1	-2	1	0	0	0	0	0	1	16	0	0	0
tweet_00065031	saude202103_n_00199_00000003.jpg	1	-2	3	2	0	0	-1	0	-1	0	0	1	-1
tweet_00065043	saude202103_n_00201_00000005.jpg	1	-2	3	3	0	2	0	0	0	0	3	0	0
tweet_00065044	saude202103_n_00202_00000001.jpg	1	-1	2	1	0	0	0	0	0	20	0	1	1
tweet_00065053	saude202103_n_00204_00000001.jpg	2	-2	0	4	0	1	0	0	0	1	0	0	0
tweet_00065054	saude202103_n_00204_00000003.jpg	5	-3	1	0	0	0	1	0	0	19	0	1	0
tweet_00065058	saude202103_n_00207_00000001.jpg	0	-2	2	3	0	0	0	0	0	0	2	0	0
tweet_00065061	saude202103_n_00207_00000002.jpg	1	-1	1	0	0	0	1	0	0	14	0	0	0
tweet_00065074	saude202103_n_00212_00000001.jpg	3	-1	2	0	0	0	0	0	0	0	1	0	0
tweet_00065135	saude202103_n_00222_00000002.jpg	-1	1	0	0	0	0	0	0	0	0	0	0	-5
tweet_00065176	saude202103_n_00226_00000002.jpg	0	2	0	0	0	0	0	0	0	0	0	0	-3
tweet_00065178	saude202103_n_00226_00000003.jpg	0	-3	1	0	0	2	0	0	-6	0	5	0	-1
tweet_00065183	saude202103_n_00226_00000004.jpg	0	-2	0	3	0	0	0	0	9	0	0	11	0
tweet_00065199	saude202103_n_00229_00000002.jpg	1	-2	1	2	0	0	0	0	0	0	0	-1	-2
tweet_00065205	saude202103_n_00229_00000004.jpg	-1	2	0	-1	0	0	3	0	0	0	0	0	-5
tweet_00065231	saude202103_n_00233_00000001.png	0	1	0	0	0	1	0	0	0	0	0	0	-3
tweet_00065242	saude202103_n_00234_00000002.jpg	3	0	1	-1	0	0	0	0	1	0	2	1	0
tweet_00065254	saude202104_n_00001_00000001.jpg	0	-2	1	1	-1	0	0	1	2	0	0	-4	0
tweet_00065260	saude202104_n_00001_00000005.jpg	1	0	0	0	0	0	0	0	0	0	0	0	-5
tweet_00065261	saude202104_n_00001_00000006.jpg	0	0	0	0	0	0	0	1	0	0	0	0	0
tweet_00065275	saude202104_n_00001_00000009.jpg	2	-2	1	0	0	1	0	0	0	6	0	0	0
tweet_00065291	saude202104_n_00001_00000010.jpg	-1	2	0	-1	0	0	3	0	0	0	0	0	-4
tweet_00065319	saude202104_n_00002_00000001.jpg	0	-1	2	0	0	0	1	1	0	1	0	0	4
tweet_00065368	saude202104_n_00003_00000001.jpg	1	-1	0	-1	0	0	0	3	0	0	0	0	6
tweet_00065371	saude202104_n_00003_00000002.jpg	1	-2	0	0	0	1	0	0	0	0	0	0	-3
tweet_00065397	saude202104_n_00006_00000001.jpg	0	-1	0	-1	0	0	0	0	0	0	3	-1	2
tweet_00065429	saude202104_n_00007_00000002.jpg	1	1	0	0	-1	1	0	0	0	1	0	0	0
tweet_00065446	saude202104_n_00009_00000001.jpg	0	-1	2	0	0	0	0	0	0	16	0	0	0
tweet_00065453	saude202104_n_00009_00000002.png	3	-1	3	0	0	0	0	0	0	6	0	0	0
tweet_00065473	saude202104_n_00010_00000001.jpg	0	1	0	-1	0	1	0	0	0	0	0	0	-5
tweet_00065480	saude202104_n_00010_00000002.jpg	1	-1	3	0	0	0	1	0	0	-1	0	0	20
tweet_00065508	saude202104_n_00010_00000004.jpg	1	-1	0	0	0	1	1	7	0	0	0	0	20
tweet_00065520	saude202104_n_00011_00000001.jpg	2	-2	0	0	0	0	0	0	0	0	1	0	0
tweet_00065521	saude202104_n_00011_00000002.png	0	0	4	0	0	0	17	0	0	0	0	0	18
tweet_00065554	saude202104_n_00011_00000003.jpg	0	-1	2	0	1	0	0	1	0	0	0	0	8
tweet_00065562	saude202104_n_00011_00000005.jpg	0	2	0	-1	0	0	0	0	0	0	0	0	-1
tweet_00065579	saude202104_n_00012_00000001.jpg	0	-2	1	-1	0	0	21	-1	0	0	1	0	1
tweet_00065590	saude202104_n_00012_00000003.jpg	0	-2	4	-1	-1	0	4	0	0	1	0	0	7
tweet_00065644	saude202104_n_00013_00000003.jpg	1	3	0	0	2	0	0	0	0	0	0	0	-6
tweet_00065647	saude202104_n_00013_00000004.jpg	-1	0	1	0	0	0	0	0	0	0	-2	-5	0
tweet_00065659	saude202104_n_00014_00000001.png	1	-2	4	0	0	0	2	3	0	-1	0	0	7
tweet_00065665	saude202104_n_00014_00000003.jpg	0	-1	2	0	0	0	0	0	0	8	0	0	0
tweet_00065697	saude202104_n_00014_00000004.jpg	4	-2	0	0	1	0	0	3	0	0	0	0	0
tweet_00065706	saude202104_n_00015_00000001.jpg	0	-2	2	-1	-1	0	10	0	1	0	0	0	4
tweet_00065707	saude202104_n_00015_00000002.jpg	-1	0	0	0	0	0	0	0	0	0	0	0	-5
tweet_00065713	saude202104_n_00015_00000003.jpg	1	0	-1	0	0	1	0	0	0	2	0	-1	0
tweet_00065715	saude202104_n_00015_00000004.jpg	1	1	0	0	0	0	0	0	-1	1	0	1	0
tweet_00065740	saude202104_n_00015_00000005.jpg	1	-2	1	0	1	0	24	-2	0	0	0	0	5
tweet_00065756	saude202104_n_00016_00000001.jpg	0	-1	2	-1	0	0	0	0	0	0	9	0	1
tweet_00065768	saude202104_n_00016_00000002.jpg	0	-1	1	0	0	0	0	4	0	0	0	0	7
tweet_00065775	saude202104_n_00017_00000001.jpg	0	-2	0	0	0	1	0	0	0	1	0	0	-1
tweet_00065780	saude202104_n_00017_00000002.jpg	0	1	0	0	0	0	0	0	0	0	0	0	0
tweet_00065782	saude202104_n_00110_00000001.jpg	1	-2	0	0	0	1	2	-2	0	4	0	0	1
tweet_00065784	saude202104_n_00017_00000004.jpg	-3	2	0	-2	-1	0	0	7	0	0	0	0	0
tweet_00065798	saude202104_n_00018_00000001.jpg	0	3	0	0	1	0	0	0	0	6	0	0	0
tweet_00065803	saude202104_n_00018_00000002.jpg	0	2	0	0	0	0	0	5	0	-1	0	0	0
tweet_00065814	saude202104_n_00019_00000001.jpg	1	2	0	1	0	0	0	0	0	9	0	0	0
tweet_00065847	saude202104_n_00020_00000001.jpg	-1	1	0	-1	-1	1	2	0	4	-1	0	1	-1
tweet_00065848	saude202104_n_00020_00000003.jpg	1	3	0	0	0	1	0	0	2	1	0	3	0
tweet_00065901	saude202104_n_00023_00000001.png	0	1	0	-1	0	0	1	0	0	0	0	0	0
tweet_00065912	saude202104_n_00023_00000003.jpg	1	1	0	0	0	1	0	0	0	0	0	0	-4
tweet_00065943	saude202104_n_00024_00000001.jpg	0	0	0	0	0	1	0	0	0	0	0	0	-5
tweet_00065945	saude202104_n_00024_00000002.jpg	0	2	0	0	0	0	26	0	0	0	0	0	0
tweet_00066002	saude202104_n_00026_00000006.jpg	3	-2	0	0	0	0	1	0	0	0	0	0	1
tweet_00066016	saude202104_n_00027_00000001.jpg	0	0	0	0	0	0	0	0	0	0	0	0	-5
tweet_00066035	saude202104_n_00027_00000002.jpg	0	1	0	0	0	0	0	0	0	18	0	1	0
tweet_00066037	saude202104_n_00027_00000003.jpg	2	-2	1	0	-1	0	0	0	0	4	0	0	0
tweet_00066047	saude202104_n_00028_00000001.jpg	3	0	0	0	0	1	0	0	0	1	0	0	0
tweet_00066062	saude202104_n_00028_00000002.jpg	1	-2	2	1	0	2	0	0	0	1	0	-1	0
tweet_00066069	saude202104_n_00029_00000001.jpg	0	-1	0	0	0	0	0	0	0	6	0	-1	0
tweet_00066084	saude202104_n_00030_00000002.jpg	1	-3	2	3	0	1	0	1	0	1	0	0	10
tweet_00066099	saude202104_n_00030_00000004.jpg	1	-1	1	1	0	0	0	0	0	0	0	-1	0
tweet_00066113	saude202104_n_00031_00000001.png	0	0	0	0	0	0	0	0	0	0	0	0	-3
tweet_00066168	saude202104_n_00034_00000001.jpg	0	-1	3	0	0	0	0	0	0	7	0	0	0
tweet_00066189	saude202104_n_00034_00000002.jpg	0	2	0	0	-1	0	1	3	3	0	-1	0	1
tweet_00066190	saude202104_n_00034_00000003.jpg	0	0	0	0	0	0	2	3	3	0	0	-1	-1
tweet_00066246	saude202104_n_00035_00000002.jpg	0	-1	2	0	0	0	0	0	0	11	0	0	0
tweet_00066260	saude202104_n_00036_00000001.jpg	0	1	0	0	0	0	0	0	0	0	0	0	-6
tweet_00066285	saude202104_n_00036_00000003.jpg	1	-4	2	3	0	0	0	0	0	0	0	0	-1
tweet_00066287	saude202104_n_00036_00000006.jpg	2	0	0	0	0	1	0	1	0	1	0	0	3
tweet_00066303	saude202104_n_00037_00000001.jpg	0	1	0	0	0	0	0	0	0	0	0	0	-3
tweet_00066312	saude202104_n_00037_00000002.jpg	1	1	1	0	-1	0	0	0	0	5	0	0	0
tweet_00066347	saude202104_n_00038_00000002.png	1	1	0	0	0	0	0	0	0	1	0	0	0
tweet_00066360	saude202104_n_00038_00000003.jpg	0	-1	0	0	1	2	0	0	0	0	0	0	-1
tweet_00066391	saude202104_n_00040_00000001.jpg	2	3	0	0	-1	0	0	0	0	1	0	1	0
tweet_00066401	saude202104_n_00040_00000002.jpg	1	1	0	0	-1	0	2	0	0	22	0	1	1
tweet_00066424	saude202104_n_00041_00000001.jpg	0	-1	3	0	0	0	0	2	0	1	0	0	2
tweet_00066436	saude202104_n_00041_00000002.jpg	1	1	0	0	-1	0	0	0	0	0	0	-2	0
tweet_00066479	saude202104_n_00042_00000001.jpg	-1	2	0	0	-1	0	0	2	0	0	-1	0	-1
tweet_00066565	saude202104_n_00046_00000002.jpg	-1	2	0	0	-1	0	3	3	2	0	0	-1	-1
tweet_00066589	saude202104_n_00047_00000002.jpg	0	-2	2	0	0	0	0	1	0	7	0	0	0
tweet_00066600	saude202104_n_00048_00000001.jpg	-2	0	1	0	0	0	0	5	2	0	0	1	0
tweet_00066605	saude202104_n_00048_00000002.jpg	1	1	1	-1	0	1	1	1	0	-1	0	2	0
tweet_00066614	saude202104_n_00048_00000003.jpg	0	2	0	0	0	0	0	0	0	0	0	0	-3
tweet_00066712	saude202104_n_00052_00000001.jpg	1	-3	0	0	0	0	13	-1	0	0	1	1	0
tweet_00066730	saude202104_n_00053_00000001.jpg	1	-1	1	0	0	0	0	0	0	0	0	0	0
tweet_00066770	saude202104_n_00055_00000001.png	1	-1	1	3	0	0	2	0	0	0	0	0	-1
tweet_00066794	saude202104_n_00055_00000002.jpg	1	-1	0	0	0	1	0	0	0	6	0	0	0
tweet_00066858	saude202104_n_00057_00000001.jpg	0	-2	1	0	3	0	2	0	0	0	0	0	-3
tweet_00066881	saude202104_n_00058_00000001.jpg	2	-1	0	-2	0	2	0	0	0	3	0	4	0
tweet_00066922	saude202104_n_00060_00000001.jpg	1	-2	2	0	0	0	0	0	0	11	0	0	0
tweet_00066927	saude202104_n_00060_00000002.jpg	-2	-1	0	0	0	0	0	0	0	0	0	-3	0
tweet_00066940	saude202104_n_00060_00000003.jpg	1	1	-1	0	0	1	0	0	0	9	0	1	0
tweet_00066959	saude202104_n_00060_00000004.jpg	3	0	2	0	0	0	0	6	0	5	0	0	1
tweet_00066983	saude202104_n_00061_00000002.jpg	1	0	-1	-1	0	3	0	0	0	3	0	1	0
tweet_00066997	saude202104_n_00062_00000002.jpg	1	-2	0	0	2	0	0	0	0	1	0	0	0
tweet_00066998	saude202104_n_00062_00000003.jpg	2	-1	2	0	0	0	0	0	0	15	0	0	0
tweet_00067034	saude202104_n_00063_00000001.jpg	0	-1	0	0	0	0	0	0	0	0	0	0	-3
tweet_00067035	saude202104_n_00063_00000002.jpg	1	-1	0	0	0	1	0	0	0	6	0	0	0
tweet_00067064	saude202104_n_00065_00000003.png	2	-2	2	0	0	0	0	2	0	0	-1	-1	-2
tweet_00067065	saude202104_n_00067_00000001.jpg	0	-1	1	0	0	0	0	1	0	0	0	0	2
tweet_00067095	saude202104_n_00068_00000002.jpg	1	0	0	0	1	0	0	0	0	9	0	0	0
tweet_00067125	saude202104_n_00070_00000001.jpg	0	-1	0	0	0	1	0	0	0	7	0	0	0
tweet_00067152	saude202104_n_00071_00000004.jpg	4	1	-1	0	0	0	0	0	0	3	0	0	-1
tweet_00067153	saude202104_n_00071_00000008.png	0	-1	2	0	0	1	0	0	0	0	0	0	-4
tweet_00067155	saude202104_n_00071_00000009.jpg	1	0	2	0	0	0	0	3	0	0	0	0	2
tweet_00067163	saude202104_n_00072_00000001.jpg	-2	-1	3	0	0	0	1	0	0	-1	0	0	1
tweet_00067173	saude202104_n_00072_00000002.jpg	2	-1	5	0	0	0	0	0	0	1	0	0	0
tweet_00067188	saude202104_n_00073_00000001.png	0	-1	2	0	0	1	0	0	0	0	0	0	-5
tweet_00067199	saude202104_n_00075_00000001.jpg	0	0	1	0	0	0	0	0	0	12	0	0	0
tweet_00067208	saude202104_n_00075_00000002.jpg	-1	3	1	0	0	0	0	0	0	0	0	0	-3
tweet_00067226	saude202104_n_00077_00000002.jpg	1	-1	2	0	0	1	0	4	0	0	0	0	0
tweet_00067232	saude202104_n_00077_00000003.jpg	2	-1	3	0	0	0	0	2	0	1	0	0	8
tweet_00067249	saude202104_n_00078_00000001.jpg	1	-1	5	0	0	0	0	0	0	10	0	0	0
tweet_00067280	saude202104_n_00080_00000001.jpg	1	-2	4	0	0	0	11	4	0	0	0	0	-1
tweet_00067298	saude202104_n_00081_00000001.jpg	2	-2	2	0	0	1	0	0	0	0	0	0	-6
tweet_00067302	saude202104_n_00081_00000002.jpg	0	0	0	-1	0	0	0	0	0	0	0	0	-2
tweet_00067314	saude202104_n_00082_00000001.jpg	0	-1	3	0	0	0	3	3	0	0	0	0	18
tweet_00067338	saude202104_n_00083_00000002.png	0	-1	4	0	0	0	1	5	0	0	0	0	8
tweet_00067342	saude202104_n_00083_00000005.jpg	0	-2	2	0	0	0	1	0	0	0	2	0	0
tweet_00067385	saude202104_n_00084_00000005.jpg	0	-2	1	0	0	0	0	0	0	8	0	-1	0
tweet_00067402	saude202104_n_00086_00000001.jpg	0	-1	0	0	0	1	0	0	0	3	0	0	0
tweet_00067404	saude202104_n_00086_00000002.jpg	4	0	0	0	0	0	0	1	0	8	0	0	-1
tweet_00067421	saude202104_n_00086_00000003.jpg	1	2	0	0	0	0	0	1	0	0	0	-1	-2
tweet_00067422	saude202104_n_00086_00000004.png	1	-1	4	0	0	0	0	0	0	9	0	0	0
tweet_00067457	saude202104_n_00089_00000002.jpg	-1	-2	2	0	0	0	0	1	0	0	-2	-1	-2
tweet_00067478	saude202104_n_00090_00000002.jpg	-1	-3	0	0	0	1	0	0	0	0	0	0	-5
tweet_00067483	saude202104_n_00090_00000004.jpg	1	-2	0	-1	0	1	0	0	0	2	0	0	0
tweet_00067510	saude202104_n_00092_00000001.jpg	0	-1	4	0	0	0	1	3	0	-1	0	0	11
tweet_00067532	saude202104_n_00093_00000001.png	1	-1	3	0	0	0	0	0	0	7	0	0	0
tweet_00067533	saude202104_n_00093_00000002.jpg	2	-2	5	1	0	1	0	0	0	0	0	0	-5
tweet_00067537	saude202104_n_00093_00000003.jpg	0	1	0	0	0	0	0	0	0	0	0	0	-4
tweet_00067551	saude202104_n_00094_00000001.jpg	-1	-1	0	0	0	1	0	0	0	0	0	0	-4
tweet_00067561	saude202104_n_00094_00000002.jpg	0	-2	3	0	0	0	0	0	0	2	0	0	0
tweet_00067562	saude202104_n_00094_00000003.jpg	1	-2	0	0	1	0	0	0	0	14	0	0	0
tweet_00067583	saude202104_n_00097_00000002.jpg	-2	-1	0	0	0	0	0	1	2	0	0	-4	0
tweet_00067605	saude202104_n_00098_00000001.jpg	-2	2	0	0	-1	0	0	32	6	0	0	1	0
tweet_00067632	saude202104_n_00099_00000002.jpg	2	-1	3	0	0	0	0	0	0	10	0	0	0
tweet_00067640	saude202104_n_00099_00000003.jpg	0	-1	3	0	0	0	0	0	0	14	0	0	0
tweet_00067653	saude202104_n_00100_00000001.jpg	4	-3	3	0	0	0	0	0	0	6	0	0	0
tweet_00067671	saude202104_n_00102_00000001.png	-2	0	0	0	0	0	0	3	0	0	0	0	-1
tweet_00067674	saude202104_n_00116_00000003.jpg	1	-2	0	0	1	1	0	0	0	0	0	0	-2
tweet_00067691	saude202104_n_00102_00000003.jpg	0	0	3	0	0	0	0	0	0	0	0	0	0
tweet_00067715	saude202104_n_00104_00000002.png	2	-3	2	0	0	0	0	0	0	0	0	0	-2
tweet_00067723	saude202104_n_00104_00000003.jpg	3	-2	4	0	0	1	0	0	0	0	0	0	-2
tweet_00067731	saude202104_n_00104_00000004.jpg	0	1	0	0	-1	0	0	3	0	2	0	0	-1
tweet_00067743	saude202104_n_00104_00000005.jpg	0	0	1	-1	-1	2	0	1	0	0	0	0	0
tweet_00067762	saude202104_n_00105_00000001.jpg	1	-2	0	0	0	0	0	0	0	0	0	0	-3
tweet_00067796	saude202104_n_00106_00000001.png	0	0	0	0	0	0	0	0	0	0	0	0	-6
tweet_00067837	saude202104_n_00107_00000001.jpg	-1	2	0	0	0	0	4	1	0	0	0	0	-3
tweet_00067859	saude202104_n_00108_00000002.jpg	-1	2	0	0	0	0	0	0	0	0	0	-2	0
tweet_00067868	saude202104_n_00109_00000001.jpg	0	1	0	0	-1	1	0	0	2	0	0	3	0
tweet_00067869	saude202104_n_00109_00000002.png	0	-2	0	0	2	0	0	0	0	0	0	0	-5
tweet_00067870	saude202104_n_00109_00000003.jpg	-1	0	2	0	1	1	0	0	0	0	0	0	-1
tweet_00067874	saude202104_n_00109_00000004.png	0	-2	0	0	1	0	0	0	0	0	0	0	-5
tweet_00067924	saude202104_n_00110_00000002.png	1	-1	1	0	0	1	0	0	0	0	0	0	-5
tweet_00067945	saude202104_n_00111_00000001.jpg	2	-2	4	0	0	0	5	0	0	0	0	-1	-6
tweet_00067986	saude202104_n_00112_00000001.jpg	1	-2	0	0	0	1	0	0	0	2	0	0	0
tweet_00068010	saude202104_n_00114_00000001.jpg	0	1	-1	0	-1	3	0	0	1	11	0	0	0
tweet_00068045	saude202104_n_00115_00000001.jpg	0	0	1	0	0	0	3	0	0	0	0	-1	-5
tweet_00068046	saude202104_n_00116_00000001.jpg	0	2	0	0	-1	0	0	0	15	0	0	3	2
tweet_00068053	saude202104_n_00116_00000004.png	-1	3	0	0	0	2	3	4	0	0	0	0	25
tweet_00068096	saude202104_n_00118_00000001.jpg	0	2	0	0	0	0	0	0	0	0	0	1	0
tweet_00068102	saude202104_n_00118_00000002.jpg	0	0	-1	0	0	0	0	0	0	0	0	0	-4
tweet_00068114	saude202104_n_00118_00000005.jpg	0	2	0	0	0	0	1	9	0	0	0	0	7
tweet_00068120	saude202104_n_00118_00000006.jpg	0	1	0	0	0	0	0	14	0	0	0	0	12
tweet_00068135	saude202104_n_00119_00000002.jpg	1	1	0	0	0	0	-6	0	-3	0	1	1	0
tweet_00068144	saude202104_n_00119_00000003.jpg	0	-1	3	0	0	0	0	0	0	0	0	-1	1
tweet_00068165	saude202104_n_00120_00000001.jpg	-1	2	0	0	0	0	0	1	0	0	0	0	-1
tweet_00068222	saude202104_n_00122_00000002.jpg	0	-1	3	0	1	0	0	0	0	9	0	0	0
tweet_00068232	saude202104_n_00123_00000002.jpg	1	1	-1	-1	1	0	1	0	0	-1	1	1	-2
tweet_00068237	saude202104_n_00123_00000003.jpg	1	-1	5	-1	0	1	0	0	0	8	0	0	0
tweet_00068242	saude202104_n_00124_00000001.jpg	3	-2	4	-1	0	0	0	0	0	4	0	0	0
tweet_00068248	saude202104_n_00124_00000002.jpg	2	-2	4	0	0	0	0	0	0	0	-1	0	0
tweet_00068253	saude202104_n_00124_00000003.jpg	1	-1	3	0	0	0	0	0	0	9	0	0	0
tweet_00068260	saude202104_n_00125_00000002.jpg	-1	2	0	0	-1	0	0	2	2	0	0	0	0
tweet_00068264	saude202104_n_00126_00000001.jpg	1	-1	4	0	0	0	0	0	0	12	0	0	0
tweet_00068292	saude202104_n_00130_00000001.jpg	-1	2	0	0	-1	0	0	4	0	0	0	-6	-1
tweet_00068315	saude202104_n_00132_00000001.jpg	0	1	0	0	0	2	1	8	0	0	0	0	24
tweet_00068317	saude202104_n_00132_00000002.jpg	0	1	-1	-2	0	1	2	0	0	0	0	0	-4
tweet_00068329	saude202104_n_00133_00000001.jpg	-2	0	0	-1	0	0	-1	-2	0	0	-11	2	0
tweet_00068332	saude202104_n_00133_00000004.jpg	-2	0	1	1	0	0	0	0	0	0	0	0	-1
tweet_00068357	saude202104_n_00134_00000003.jpg	1	-1	0	0	0	3	0	0	0	4	0	0	0
tweet_00068371	saude202104_n_00135_00000003.jpg	0	0	-1	0	0	0	0	0	0	0	0	0	-4
tweet_00068383	saude202104_n_00138_00000001.png	-1	1	0	0	0	1	0	0	0	0	0	0	-4
tweet_00068386	saude202104_n_00138_00000002.jpg	0	0	0	0	0	0	0	1	0	0	0	0	-1
tweet_00068420	saude202104_n_00140_00000001.jpg	1	-2	5	0	0	2	0	0	0	0	2	0	0
tweet_00068445	saude202104_n_00141_00000001.jpg	1	2	0	1	-2	1	0	0	0	0	0	0	-5
tweet_00068468	saude202104_n_00142_00000001.jpg	2	1	0	0	0	0	0	0	0	22	0	0	0
tweet_00068470	saude202104_n_00143_00000001.jpg	-1	-1	1	-1	0	0	0	0	0	0	0	0	-5
tweet_00068503	saude202104_n_00144_00000002.jpg	1	1	1	-1	0	0	0	0	0	0	0	0	-6
tweet_00068534	saude202104_n_00145_00000001.jpg	0	0	0	0	0	1	0	0	0	0	0	-1	-6
tweet_00068550	saude202104_n_00146_00000001.jpg	1	0	0	0	-1	2	0	0	0	16	0	0	0
tweet_00068565	saude202104_n_00146_00000003.jpg	0	0	0	0	0	0	0	0	0	0	0	0	-5
tweet_00068567	saude202104_n_00146_00000004.jpg	1	1	0	1	0	0	0	0	0	9	0	0	0
tweet_00068571	saude202104_n_00146_00000005.jpg	0	0	1	0	0	0	0	1	0	0	0	0	-1
tweet_00068575	saude202104_n_00146_00000006.jpg	-1	2	0	-2	0	0	0	0	0	0	0	0	-1
tweet_00068580	saude202104_n_00147_00000001.jpg	0	1	0	0	0	1	0	0	0	14	0	0	0
tweet_00068583	saude202104_n_00147_00000002.jpg	0	2	0	-3	0	0	0	1	0	0	0	0	-1
tweet_00068585	saude202104_n_00147_00000004.jpg	0	1	1	0	0	1	0	0	0	0	0	0	-2
tweet_00068595	saude202104_n_00147_00000006.jpg	5	0	0	0	1	1	0	0	0	13	0	0	0
tweet_00068611	saude202104_n_00147_00000009.jpg	0	2	0	0	0	0	0	3	0	0	0	0	-2
tweet_00068699	saude202104_n_00151_00000001.jpg	1	-2	1	1	0	0	0	0	0	1	0	0	0
tweet_00068709	saude202104_n_00151_00000004.jpg	1	-2	2	1	0	0	0	0	0	2	0	-1	0
tweet_00068713	saude202104_n_00151_00000005.jpg	0	-2	3	0	0	0	0	0	0	8	0	0	0
tweet_00068727	saude202104_n_00151_00000006.png	-2	2	2	-1	0	0	4	0	0	0	0	0	-5
tweet_00068728	saude202104_n_00151_00000007.png	1	1	0	0	0	0	0	0	0	0	5	-2	0
tweet_00068753	saude202104_n_00152_00000002.jpg	0	2	0	-1	0	0	0	14	0	0	0	0	10
tweet_00068758	saude202104_n_00153_00000001.jpg	0	-1	3	0	1	0	0	0	0	1	0	0	-2
tweet_00068782	saude202104_n_00154_00000001.jpg	-1	-2	0	0	1	0	0	3	0	0	0	0	-3
tweet_00068786	saude202104_n_00154_00000002.jpg	1	1	0	0	0	1	0	0	0	4	0	0	-1
tweet_00068793	saude202104_n_00154_00000003.jpg	1	-1	2	4	0	0	0	0	0	1	0	0	0
tweet_00068796	saude202104_n_00154_00000004.jpg	1	-1	0	0	0	0	0	0	0	7	0	0	0
tweet_00068804	saude202104_n_00155_00000001.jpg	1	0	0	0	0	0	1	3	0	0	0	0	-2
tweet_00068806	saude202104_n_00155_00000003.jpg	1	-2	1	2	0	0	1	-2	-1	4	0	-2	0
tweet_00068814	saude202104_n_00156_00000001.png	2	1	-1	-1	0	0	0	0	0	22	0	0	0
tweet_00068819	saude202104_n_00156_00000002.jpg	1	6	0	0	0	0	2	4	0	0	0	0	27
tweet_00068821	saude202104_n_00156_00000003.jpg	1	0	-2	0	0	3	0	0	0	0	-1	0	-2
tweet_00068837	saude202104_n_00157_00000003.jpg	1	-2	3	2	0	1	0	0	0	5	0	0	0
tweet_00068841	saude202104_n_00157_00000005.jpg	2	-2	1	2	0	0	0	0	0	3	0	0	0
tweet_00068849	saude202104_n_00158_00000001.jpg	3	-1	3	2	0	1	0	0	0	22	0	0	0
tweet_00068863	saude202104_n_00158_00000002.jpg	-1	2	0	0	-1	0	0	5	0	-1	0	0	-1
tweet_00068866	saude202104_n_00158_00000003.jpg	1	-1	3	2	0	2	0	0	0	15	0	-1	0
tweet_00068877	saude202104_n_00159_00000001.jpg	1	-2	1	1	0	0	0	0	0	3	0	0	0
tweet_00068885	saude202104_n_00159_00000002.png	1	2	0	-1	0	0	0	0	0	0	0	0	-3
tweet_00068891	saude202104_n_00159_00000003.jpg	0	-1	2	1	0	0	0	0	0	2	0	0	0
tweet_00068897	saude202104_n_00160_00000001.jpg	2	-1	2	1	0	0	0	0	0	0	0	0	0
tweet_00068917	saude202104_n_00161_00000001.jpg	3	-1	0	0	0	0	0	0	0	0	-1	0	0
tweet_00068928	saude202104_n_00162_00000002.jpg	-3	2	0	0	-1	0	1	8	0	0	0	2	1
tweet_00068947	saude202104_n_00163_00000002.jpg	0	1	0	0	0	0	1	2	0	0	0	0	22
tweet_00068962	saude202104_n_00163_00000007.jpg	2	-2	0	0	0	0	0	0	0	0	0	0	-3
tweet_00068963	saude202104_n_00163_00000008.jpg	1	3	0	0	0	0	0	5	0	0	0	0	21
tweet_00068977	saude202104_n_00163_00000009.jpg	0	-1	0	2	0	0	0	0	0	0	0	-1	0
tweet_00068982	saude202104_n_00164_00000001.jpg	1	7	0	0	0	0	0	12	0	0	0	0	13
tweet_00068990	saude202104_n_00164_00000002.jpg	1	5	0	0	0	0	0	0	-1	0	0	0	0
tweet_00069009	saude202104_n_00164_00000003.jpg	0	-1	0	0	0	0	0	0	0	0	0	0	-5
tweet_00069011	saude202104_n_00164_00000005.jpg	1	1	0	0	1	0	5	0	0	0	0	0	-3
tweet_00069015	saude202104_n_00164_00000007.png	3	1	0	-1	0	0	0	0	0	-1	0	1	-1
tweet_00069079	saude202104_n_00166_00000003.jpg	0	1	0	0	0	0	1	3	0	0	0	0	2
tweet_00069080	saude202104_n_00168_00000001.png	0	-1	1	0	0	0	0	0	0	0	0	-1	-3
tweet_00069101	saude202104_n_00167_00000001.jpg	-1	0	0	0	2	0	6	1	0	0	0	-1	-3
tweet_00069111	saude202104_n_00167_00000002.jpg	1	2	0	-1	0	0	0	0	0	0	0	0	-3
tweet_00069123	saude202104_n_00168_00000003.jpg	0	2	1	0	1	0	0	0	0	1	0	0	-1
tweet_00069141	saude202104_n_00169_00000003.jpg	0	2	0	0	0	0	0	2	0	0	-2	1	0
tweet_00069161	saude202104_n_00169_00000004.png	0	-1	0	0	0	1	0	0	0	9	0	0	0
tweet_00069163	saude202104_n_00169_00000005.png	1	2	0	-1	0	0	0	0	0	0	0	0	-5
tweet_00069173	saude202104_n_00170_00000002.jpg	2	1	-1	-1	0	0	0	1	0	16	-1	0	0
tweet_00069177	saude202104_n_00170_00000003.jpg	1	2	0	0	0	0	2	1	0	0	0	0	8
tweet_00069184	saude202104_n_00171_00000002.jpg	1	-1	0	0	0	1	0	0	0	7	0	0	0
tweet_00069205	saude202104_n_00172_00000002.png	-1	0	0	0	0	0	0	0	0	0	0	0	-5
tweet_00069208	saude202104_n_00172_00000003.jpg	1	1	0	0	0	1	0	1	0	17	0	0	0
tweet_00069211	saude202104_n_00172_00000004.jpg	1	4	0	0	0	0	0	0	0	1	0	0	-1
tweet_00069263	saude202104_n_00175_00000001.jpg	0	-2	1	0	0	0	0	0	0	0	1	0	0
tweet_00069266	saude202104_n_00175_00000002.jpg	2	1	-2	0	0	2	0	0	0	0	0	0	-3
tweet_00069290	saude202104_n_00176_00000002.jpg	0	-2	1	0	0	0	1	0	0	-1	0	0	0
tweet_00069296	saude202104_n_00184_00000001.jpg	-1	0	0	0	1	0	0	0	0	4	0	0	0
tweet_00069301	saude202104_n_00185_00000001.jpg	2	3	0	0	0	1	0	0	0	0	-2	-1	-1
tweet_00069316	saude202104_n_00186_00000001.jpg	0	-1	1	0	0	0	0	0	0	0	0	0	-5
tweet_00069321	saude202104_n_00187_00000001.png	0	1	-1	0	0	0	-5	0	-6	4	0	1	0
tweet_00069325	saude202104_n_00187_00000002.png	0	1	0	0	0	0	7	2	0	-1	0	1	22
tweet_00069332	saude202104_n_00189_00000002.jpg	0	1	-1	0	0	0	0	-1	4	0	1	12	1
tweet_00069345	saude202104_n_00190_00000002.jpg	-2	2	0	0	0	0	0	0	0	0	0	0	-6
tweet_00069346	saude202104_n_00190_00000003.jpg	3	-2	0	1	0	0	-1	-2	2	0	0	13	1
tweet_00069347	saude202104_n_00190_00000004.jpg	-2	0	0	0	0	0	0	0	0	0	0	0	-4
tweet_00069353	saude202104_n_00191_00000001.jpg	1	0	-1	0	0	0	1	0	0	19	0	0	0
tweet_00069369	saude202104_n_00193_00000001.jpg	3	-3	0	0	2	1	0	0	0	6	0	0	0
tweet_00069382	saude202104_n_00195_00000001.jpg	1	-2	2	0	-1	1	0	0	0	2	0	0	0
tweet_00069389	saude202104_n_00196_00000002.jpg	1	-1	-1	0	1	0	3	-1	0	9	0	0	0
tweet_00069395	saude202104_n_00196_00000003.jpg	0	-2	-1	0	1	0	0	1	0	1	0	0	6
tweet_00069397	saude202104_n_00199_00000001.jpg	0	-2	1	-2	0	0	0	17	0	0	0	0	0
tweet_00069402	saude202104_n_00199_00000002.jpg	1	-2	0	0	1	0	2	0	0	0	0	0	-1
tweet_00069406	saude202104_n_00199_00000005.jpg	1	0	-1	0	0	0	0	0	1	0	0	5	0
tweet_00069408	saude202104_n_00199_00000006.jpg	1	-1	0	0	1	0	0	0	0	16	0	0	0
tweet_00069413	saude202104_n_00200_00000001.jpg	1	2	-1	0	0	0	0	1	0	1	0	0	-2
tweet_00069430	saude202104_n_00201_00000001.jpg	0	0	0	0	2	0	0	0	0	0	0	3	0
tweet_00069432	saude202104_n_00201_00000002.png	3	1	0	0	1	0	0	6	0	0	0	0	0
tweet_00069433	saude202104_n_00201_00000003.jpg	1	0	0	-1	1	2	0	0	0	0	0	0	-6
tweet_00069444	saude202104_n_00202_00000001.png	4	-3	0	0	1	0	0	0	0	5	0	0	0
tweet_00069460	saude202104_n_00203_00000001.jpg	1	-2	2	0	-1	-1	0	0	0	1	0	-2	-2
tweet_00069507	saude202104_n_00206_00000001.jpg	0	3	-1	0	0	0	0	0	0	4	0	0	0
tweet_00069510	saude202104_n_00207_00000001.jpg	0	1	0	0	0	0	0	0	0	7	0	0	0
tweet_00069518	saude202104_n_00207_00000002.jpg	1	-1	-1	0	1	-1	0	0	0	1	0	-1	-2
tweet_00069519	saude202104_n_00207_00000003.jpg	0	1	0	0	0	0	0	0	0	0	0	0	-3
tweet_00069532	saude202104_n_00208_00000001.jpg	1	-2	0	0	1	-1	0	0	0	1	0	0	-1
tweet_00069535	saude202104_n_00210_00000001.jpg	1	-2	2	0	0	1	0	1	0	0	0	0	10
tweet_00069553	saude202104_n_00210_00000002.jpg	1	2	0	-3	0	0	0	0	0	-1	0	0	-1
tweet_00069559	saude202104_n_00211_00000001.jpg	3	1	0	-1	-1	0	0	0	0	1	0	0	0
tweet_00069563	saude202104_n_00212_00000002.jpg	0	1	0	-1	0	0	0	0	0	8	0	-2	-1
tweet_00069565	saude202104_n_00211_00000002.jpg	1	-1	0	-1	0	1	0	0	0	6	0	0	0
tweet_00069597	saude202104_n_00212_00000001.jpg	1	-2	0	0	1	0	1	0	0	0	1	0	0
tweet_00069629	saude202104_n_00212_00000003.png	0	-2	0	0	0	0	0	0	0	7	0	0	0
tweet_00069657	saude202104_n_00213_00000002.jpg	1	-3	0	0	1	1	0	0	0	0	0	0	-3
tweet_00069660	saude202104_n_00213_00000004.jpg	1	0	0	0	0	1	0	0	0	19	0	0	0
tweet_00069676	saude202104_n_00214_00000001.jpg	1	-3	-1	0	1	-1	0	0	0	1	0	0	-1
tweet_00069783	saude202104_n_00220_00000001.jpg	1	-2	0	0	1	0	0	0	0	7	0	-3	-1
tweet_00069849	saude202104_n_00224_00000001.png	0	-2	0	0	1	0	0	1	0	5	0	0	1
tweet_00069883	saude202104_n_00225_00000001.jpg	0	-2	0	0	1	0	0	4	0	0	0	0	3
tweet_00069909	saude202104_n_00226_00000001.jpg	1	-2	0	1	2	0	0	0	0	8	0	0	0
tweet_00069930	saude202104_n_00226_00000003.jpg	1	1	0	0	0	1	0	0	0	0	0	0	-1
tweet_00069962	saude202104_n_00227_00000002.jpg	1	-3	0	0	0	0	0	0	0	10	0	0	0
tweet_00069967	saude202104_n_00227_00000003.jpg	1	-2	0	0	1	0	0	0	0	8	0	-2	-1
tweet_00069993	saude202104_n_00228_00000002.jpg	1	-1	0	2	0	0	0	0	0	11	0	0	0
tweet_00070024	saude202104_n_00230_00000001.jpg	4	-3	0	0	1	-2	0	0	0	1	0	0	-3
tweet_00070028	saude202104_n_00230_00000002.jpg	1	-2	0	0	0	0	0	0	0	9	0	0	0
tweet_00070079	saude202104_n_00231_00000001.jpg	1	-2	0	0	0	0	0	0	0	1	0	0	-1
tweet_00070088	saude202104_n_00231_00000003.jpg	3	-4	0	0	3	0	0	0	0	11	0	-3	-1
tweet_00070092	saude202104_n_00232_00000001.jpg	1	2	0	-3	0	0	0	0	0	0	0	0	-1
tweet_00070117	saude202104_n_00232_00000002.jpg	2	-3	-1	0	0	0	0	0	0	0	0	0	-5
tweet_00070130	saude202104_n_00233_00000003.jpg	3	-3	0	0	0	0	0	0	0	1	0	0	0
tweet_00070137	saude202104_n_00233_00000004.jpg	1	-2	3	0	0	0	0	0	0	9	0	0	0
tweet_00070166	saude202104_n_00234_00000001.jpg	1	-2	-1	0	1	0	2	-2	0	3	0	-1	0
tweet_00070186	saude202105_n_00001_00000001.jpg	0	2	0	0	0	0	1	1	1	0	0	0	-1
tweet_00070187	saude202105_n_00001_00000002.jpg	-1	0	0	-2	0	0	0	0	0	1	0	1	0
tweet_00070192	saude202105_n_00001_00000003.jpg	0	-2	0	0	0	2	0	2	-1	0	0	1	-1
tweet_00070231	saude202105_n_00001_00000004.jpg	2	1	1	-3	0	0	0	0	5	0	0	4	2
tweet_00070259	saude202105_n_00001_00000005.jpg	-1	-1	0	0	0	1	1	0	0	0	0	0	-5
tweet_00070265	saude202105_n_00001_00000008.jpg	-3	1	0	0	0	1	0	0	0	0	0	0	-4
tweet_00070312	saude202105_n_00002_00000003.jpg	1	1	0	-1	0	0	0	2	0	0	0	0	0
tweet_00070346	saude202105_n_00003_00000001.jpg	0	0	0	0	0	1	0	0	0	0	0	0	-1
tweet_00070356	saude202105_n_00003_00000003.jpg	-1	-1	0	0	0	0	0	0	0	0	0	0	-2
tweet_00070460	saude202105_n_00004_00000002.jpg	1	-2	0	1	0	0	0	0	0	37	0	0	0
tweet_00070469	saude202105_n_00032_00000001.jpg	1	-2	0	0	0	3	3	0	0	3	0	-1	0
tweet_00070474	saude202105_n_00004_00000003.jpg	-1	2	0	0	0	0	3	6	0	0	0	0	3
tweet_00070523	saude202105_n_00005_00000002.jpg	2	3	0	0	0	0	0	0	0	1	3	0	0
tweet_00070537	saude202105_n_00006_00000002.jpg	1	2	0	0	0	0	0	0	0	1	0	0	0
tweet_00070551	saude202105_n_00006_00000003.jpg	0	2	0	0	0	1	1	5	0	-1	0	0	25
tweet_00070566	saude202105_n_00006_00000004.jpg	6	0	0	0	-1	1	0	0	0	0	3	0	2
tweet_00070570	saude202105_n_00007_00000001.jpg	5	-3	2	3	0	0	0	0	0	3	0	-1	-2
tweet_00070592	saude202105_n_00007_00000002.jpg	-1	1	0	0	0	1	0	19	6	0	0	0	0
tweet_00070613	saude202105_n_00008_00000001.jpg	1	2	0	-1	1	0	4	4	0	0	0	0	11
tweet_00070614	saude202105_n_00008_00000002.jpg	0	1	1	0	0	0	0	0	0	0	1	1	0
tweet_00070622	saude202105_n_00008_00000003.png	1	0	0	0	0	0	0	0	0	0	0	0	-1
tweet_00070625	saude202105_n_00008_00000005.jpg	0	-1	0	-1	0	0	0	0	0	16	0	0	0
tweet_00070633	saude202105_n_00008_00000006.png	-2	1	1	0	0	0	0	0	0	0	0	0	-3
tweet_00070634	saude202105_n_00008_00000008.jpg	1	3	0	0	0	0	0	0	2	1	0	1	1
tweet_00070640	saude202105_n_00009_00000001.jpg	0	-2	0	0	0	0	0	0	0	0	0	0	-5
tweet_00070645	saude202105_n_00009_00000002.jpg	0	0	0	0	0	0	1	2	0	0	0	0	10
tweet_00070653	saude202105_n_00009_00000003.jpg	0	2	0	-1	0	1	0	0	0	9	0	-3	-1
tweet_00070654	saude202105_n_00009_00000004.jpg	1	1	0	0	0	1	0	2	0	0	0	0	20
tweet_00070663	saude202105_n_00009_00000005.jpg	1	-1	3	0	0	0	0	0	0	1	0	0	0
tweet_00070680	saude202105_n_00144_00000001.jpg	2	1	0	0	0	0	0	1	0	0	0	0	-3
tweet_00070685	saude202105_n_00010_00000002.jpg	1	2	0	0	0	0	1	3	0	0	0	0	16
tweet_00070694	saude202105_n_00010_00000003.jpg	2	-3	0	-1	0	0	0	0	0	0	0	0	-3
tweet_00070701	saude202105_n_00010_00000004.jpg	1	-1	0	0	0	0	0	0	0	8	0	-3	-1
tweet_00070752	saude202105_n_00014_00000001.jpg	1	0	0	-1	0	0	-1	-1	2	0	-1	-9	0
tweet_00070755	saude202105_n_00014_00000002.jpg	-2	2	0	0	0	0	0	1	0	-1	0	0	0
tweet_00070762	saude202105_n_00014_00000004.png	-2	0	0	0	0	0	1	0	0	0	0	0	-8
tweet_00070789	saude202105_n_00015_00000001.jpg	0	0	0	0	0	0	0	0	0	4	0	0	0
tweet_00070793	saude202105_n_00015_00000002.jpg	0	2	0	0	0	0	0	0	0	0	0	-1	0
tweet_00070807	saude202105_n_00025_00000012.jpg	1	1	0	-1	0	1	0	1	0	0	0	0	0
tweet_00070811	saude202105_n_00016_00000003.jpg	3	2	0	0	0	0	0	0	0	0	0	0	0
tweet_00070817	saude202105_n_00016_00000004.jpg	2	1	1	-2	0	0	10	2	0	0	0	4	1
tweet_00070821	saude202105_n_00017_00000001.jpg	1	4	0	-1	0	0	0	0	0	1	0	0	0
tweet_00070832	saude202105_n_00017_00000003.jpg	2	2	0	0	0	0	0	4	0	1	0	0	14
tweet_00070849	saude202105_n_00018_00000001.jpg	4	0	0	0	0	0	0	0	0	0	0	-1	-2
tweet_00070853	saude202105_n_00018_00000002.jpg	1	-2	0	1	0	0	0	3	0	0	0	1	0
tweet_00070854	saude202105_n_00018_00000003.jpg	2	2	1	0	0	0	0	1	0	0	1	0	-1
tweet_00070855	saude202105_n_00018_00000005.jpg	0	0	0	0	0	0	0	1	2	0	0	0	-1
tweet_00070887	saude202105_n_00020_00000001.jpg	1	1	0	-1	0	2	0	0	0	0	0	0	-7
tweet_00070898	saude202105_n_00020_00000003.jpg	0	2	0	0	0	0	0	2	0	0	0	0	2
tweet_00070913	saude202105_n_00021_00000004.jpg	0	-1	2	0	2	0	0	2	0	0	0	-1	2
tweet_00070914	saude202105_n_00021_00000005.jpg	5	-2	2	2	0	0	0	0	0	16	0	0	1
tweet_00070925	saude202105_n_00022_00000002.jpg	1	-2	0	0	0	0	0	0	0	0	0	0	-2
tweet_00070929	saude202105_n_00023_00000001.jpg	1	0	0	0	1	4	0	0	0	0	0	0	-1
tweet_00070963	saude202105_n_00025_00000001.jpg	1	4	1	0	-1	1	0	0	0	15	0	0	0
tweet_00070973	saude202105_n_00025_00000004.jpg	2	-3	0	0	0	0	0	0	0	13	0	0	0
tweet_00070974	saude202105_n_00025_00000005.jpg	-2	0	1	0	0	0	4	0	0	0	0	0	-4
tweet_00070979	saude202105_n_00025_00000009.jpg	1	-4	1	3	0	0	0	0	3	0	0	2	-2
tweet_00070984	saude202105_n_00026_00000002.jpg	0	-3	0	0	0	0	0	0	0	2	0	-2	0
tweet_00071003	saude202105_n_00026_00000004.jpg	2	-1	-1	0	0	4	0	0	0	8	0	-2	-1
tweet_00071012	saude202105_n_00027_00000001.jpg	0	3	0	0	0	0	0	1	0	0	0	-1	-2
tweet_00071015	saude202105_n_00027_00000002.jpg	0	3	0	0	0	1	0	0	0	16	0	0	0
tweet_00071058	saude202105_n_00032_00000003.jpg	3	-1	0	0	0	4	0	1	0	6	0	0	-1
tweet_00071069	saude202105_n_00032_00000004.jpg	0	1	-1	0	0	0	14	3	0	0	0	0	-1
tweet_00071070	saude202105_n_00033_00000001.jpg	1	0	0	0	1	4	0	0	0	8	0	-3	-1
tweet_00071075	saude202105_n_00033_00000003.jpg	1	-1	-1	0	1	0	0	-1	0	0	5	0	0
tweet_00071081	saude202105_n_00033_00000005.png	0	2	0	0	0	0	0	0	0	0	0	0	-4
tweet_00071105	saude202105_n_00033_00000008.jpg	2	-2	0	0	0	4	0	0	0	7	0	-1	0
tweet_00071109	saude202105_n_00034_00000002.jpg	0	-2	1	4	1	0	0	1	0	0	0	-1	-2
tweet_00071112	saude202105_n_00034_00000004.jpg	3	0	0	-2	0	1	2	-1	0	15	0	1	0
tweet_00071124	saude202105_n_00034_00000006.jpg	1	-1	0	0	1	1	0	0	0	6	0	-1	-1
tweet_00071132	saude202105_n_00034_00000007.jpg	0	-1	0	-1	0	0	0	0	0	8	0	-3	-1
tweet_00071139	saude202105_n_00037_00000001.jpg	-1	3	0	0	0	0	0	1	0	0	-2	-1	-2
tweet_00071169	saude202105_n_00041_00000001.jpg	0	-1	0	1	0	0	14	0	1	0	0	0	8
tweet_00071189	saude202105_n_00042_00000001.jpg	0	-2	2	0	0	0	0	2	0	0	0	0	-1
tweet_00071222	saude202105_n_00043_00000001.jpg	0	0	0	0	0	0	12	1	0	0	0	0	-1
tweet_00071264	saude202105_n_00048_00000001.jpg	-2	0	1	0	0	0	0	4	0	1	0	0	1
tweet_00071265	saude202105_n_00048_00000002.jpg	-1	0	0	0	0	0	0	0	0	0	0	6	0
tweet_00071284	saude202105_n_00049_00000001.jpg	1	1	1	0	0	0	0	0	0	28	0	0	0
tweet_00071295	saude202105_n_00049_00000002.jpg	0	-2	1	0	1	0	0	0	0	0	0	0	-1
tweet_00071305	saude202105_n_00050_00000001.jpg	1	0	-1	-1	0	1	0	1	0	0	0	0	-1
tweet_00071306	saude202105_n_00050_00000002.png	0	0	0	0	0	0	1	0	0	0	0	0	-3
tweet_00071309	saude202105_n_00050_00000005.jpg	0	2	0	0	-1	1	0	0	0	0	0	0	-1
tweet_00071358	saude202105_n_00052_00000001.png	0	-1	0	0	0	0	0	0	0	0	0	0	-5
tweet_00071409	saude202105_n_00056_00000003.jpg	1	0	0	0	1	3	0	0	2	16	0	0	0
tweet_00071422	saude202105_n_00056_00000005.jpg	-1	0	1	0	0	2	1	0	0	0	0	0	-5
tweet_00071436	saude202105_n_00056_00000007.jpg	0	0	0	0	0	1	1	0	0	0	0	0	-7
tweet_00071437	saude202105_n_00056_00000008.png	-1	0	0	0	1	0	0	0	0	7	0	0	0
tweet_00071459	saude202105_n_00057_00000001.png	1	3	0	0	1	1	3	0	0	0	0	0	2
tweet_00071475	saude202105_n_00057_00000002.jpg	0	0	1	0	0	0	0	1	0	0	0	-2	0
tweet_00071479	saude202105_n_00058_00000001.jpg	0	-2	2	0	0	0	0	2	0	0	0	0	6
tweet_00071491	saude202105_n_00058_00000003.jpg	2	1	0	0	0	0	2	4	0	-1	0	0	27
tweet_00071493	saude202105_n_00058_00000004.jpg	1	2	0	0	0	1	2	2	0	0	0	0	18
tweet_00071508	saude202105_n_00058_00000005.jpg	-1	-2	0	0	2	0	0	0	0	0	0	0	-1
tweet_00071532	saude202105_n_00058_00000006.jpg	4	-1	1	-1	-1	0	3	-1	0	0	0	2	-1
tweet_00071538	saude202105_n_00059_00000001.jpg	1	0	0	0	0	3	0	0	0	16	0	0	0
tweet_00071546	saude202105_n_00059_00000002.jpg	2	0	0	0	0	0	0	0	0	4	0	0	-1
tweet_00071552	saude202105_n_00059_00000003.jpg	0	-2	2	4	0	0	0	0	0	1	0	-1	-2
tweet_00071555	saude202105_n_00059_00000004.jpg	0	2	0	2	0	0	0	1	0	0	-1	-1	-1
tweet_00071579	saude202105_n_00059_00000005.jpg	2	-1	1	0	1	0	0	-1	0	0	0	0	0
tweet_00071587	saude202105_n_00060_00000002.jpg	1	-1	-1	-1	-1	0	0	0	0	3	0	1	0
tweet_00071631	saude202105_n_00065_00000001.jpg	1	3	0	0	0	0	3	0	0	-1	0	0	-3
tweet_00071661	saude202105_n_00065_00000002.png	2	4	1	0	-1	0	0	0	0	1	0	-1	-3
tweet_00071677	saude202105_n_00066_00000001.jpg	3	-2	0	0	0	1	0	0	0	8	0	0	0
tweet_00071689	saude202105_n_00066_00000002.jpg	-1	-2	0	0	0	0	0	0	0	0	0	0	-5
tweet_00071723	saude202105_n_00066_00000003.jpg	0	-2	0	-2	0	0	0	0	0	0	0	0	-2
tweet_00071734	saude202105_n_00067_00000001.jpg	0	1	1	0	1	0	3	1	0	0	0	0	12
tweet_00071735	saude202105_n_00067_00000002.jpg	4	0	0	0	0	0	0	10	0	0	0	0	0
tweet_00071739	saude202105_n_00067_00000003.jpg	1	-1	2	0	0	3	17	0	0	0	0	0	13
tweet_00071765	saude202105_n_00067_00000005.jpg	1	0	0	0	0	1	0	2	1	0	1	0	0
tweet_00071782	saude202105_n_00068_00000001.jpg	0	1	-1	0	0	1	1	3	0	0	0	0	14
tweet_00071800	saude202105_n_00068_00000004.jpg	3	-1	1	0	-1	0	0	0	3	0	0	2	0
tweet_00071803	saude202105_n_00068_00000005.jpg	1	-2	0	0	0	0	0	0	0	15	0	-1	-1
tweet_00071813	saude202105_n_00068_00000006.jpg	2	0	-1	0	-1	0	0	0	0	20	0	0	0
tweet_00071819	saude202105_n_00068_00000007.jpg	0	1	1	0	0	0	0	0	0	0	0	0	-5
tweet_00071826	saude202105_n_00069_00000002.jpg	1	2	0	0	0	0	0	0	0	7	0	0	0
tweet_00071827	saude202105_n_00069_00000003.jpg	3	-2	2	2	0	0	1	0	0	22	0	0	0
tweet_00071853	saude202105_n_00069_00000004.jpg	0	-3	0	1	1	0	0	1	0	0	0	0	0
tweet_00071882	saude202105_n_00069_00000005.jpg	1	0	-1	0	-1	0	0	0	1	0	0	-5	-1
tweet_00071893	saude202105_n_00070_00000001.jpg	2	-1	0	-1	-1	0	0	0	0	1	0	0	0
tweet_00071894	saude202105_n_00070_00000003.jpg	2	1	0	0	-1	0	0	0	-1	0	-6	-1	0
tweet_00071908	saude202105_n_00070_00000004.jpg	0	-2	1	2	0	0	0	0	0	0	2	0	0
tweet_00071912	saude202105_n_00070_00000005.jpg	1	-2	1	0	0	-1	0	3	0	0	0	0	11
tweet_00071927	saude202105_n_00070_00000006.jpg	4	0	-1	0	-2	0	0	0	0	3	0	0	1
tweet_00071930	saude202105_n_00070_00000007.png	1	-1	1	0	-1	0	0	0	0	26	0	1	1
tweet_00071955	saude202105_n_00071_00000001.jpg	0	-2	1	0	0	0	2	0	0	0	0	-1	-4
tweet_00071962	saude202105_n_00071_00000002.jpg	2	2	1	0	-1	0	0	1	0	15	0	0	1
tweet_00071972	saude202105_n_00071_00000004.jpg	6	-1	0	0	-1	0	0	3	1	0	0	1	2
tweet_00071988	saude202105_n_00072_00000001.jpg	1	2	0	0	0	0	0	0	0	1	0	0	-1
tweet_00071996	saude202105_n_00072_00000002.png	0	-1	1	0	1	0	7	0	0	0	0	0	0
tweet_00071997	saude202105_n_00072_00000003.jpg	0	5	0	0	0	0	0	1	0	1	0	0	-1
tweet_00071998	saude202105_n_00072_00000004.jpg	3	-1	1	0	-1	0	0	0	0	1	0	0	0
tweet_00072021	saude202105_n_00073_00000001.jpg	3	1	0	-1	-1	0	0	0	0	0	0	0	-1
tweet_00072022	saude202105_n_00073_00000002.jpg	2	-1	0	-1	0	0	0	2	0	0	0	0	4
tweet_00072035	saude202105_n_00073_00000003.jpg	1	-1	1	0	-1	0	0	0	1	25	0	1	1
tweet_00072040	saude202105_n_00073_00000004.jpg	0	-2	1	3	0	0	0	0	0	12	0	0	0
tweet_00072041	saude202105_n_00073_00000005.jpg	1	-2	0	0	0	0	0	-1	0	0	9	0	0
tweet_00072049	saude202105_n_00073_00000007.png	0	0	1	0	2	0	0	0	0	0	0	0	-3
tweet_00072062	saude202105_n_00074_00000001.jpg	0	1	0	0	2	0	0	0	0	0	0	0	-2
tweet_00072090	saude202105_n_00074_00000004.jpg	0	-1	1	0	1	0	3	0	0	-1	0	0	0
tweet_00072104	saude202105_n_00075_00000001.jpg	1	-2	3	3	0	0	0	4	0	1	0	0	0
tweet_00072166	saude202105_n_00077_00000002.jpg	1	2	1	0	-1	1	0	0	0	1	0	0	0
tweet_00072179	saude202105_n_00078_00000001.jpg	-1	1	1	0	1	0	1	0	0	0	0	0	-3
tweet_00072185	saude202105_n_00078_00000002.jpg	2	0	1	0	0	2	0	0	0	1	0	0	0
tweet_00072197	saude202105_n_00078_00000004.jpg	1	-1	1	0	-1	0	0	1	0	9	0	0	0
tweet_00072204	saude202105_n_00079_00000002.jpg	1	0	0	0	0	1	0	0	2	0	0	0	0
tweet_00072222	saude202105_n_00115_00000001.jpg	0	-2	1	4	1	0	0	1	0	0	0	-1	-2
tweet_00072233	saude202105_n_00079_00000005.jpg	0	-2	0	3	0	0	0	0	0	0	1	0	0
tweet_00072286	saude202105_n_00081_00000001.jpg	-2	1	0	0	0	1	0	3	0	0	0	-1	1
tweet_00072293	saude202105_n_00081_00000003.jpg	-2	1	0	0	0	1	0	0	0	-1	0	0	-3
tweet_00072324	saude202105_n_00082_00000002.jpg	1	2	0	0	2	0	1	1	0	0	0	0	3
tweet_00072333	saude202105_n_00083_00000001.png	0	2	0	0	0	0	0	1	0	2	0	0	0
tweet_00072352	saude202105_n_00084_00000001.jpg	1	1	1	0	0	1	-1	0	8	0	0	4	0
tweet_00072371	saude202105_n_00085_00000001.jpg	0	-1	0	0	1	0	0	0	0	9	0	-1	0
tweet_00072393	saude202105_n_00088_00000001.jpg	1	-1	0	0	2	1	2	0	0	0	-2	-1	-1
tweet_00072460	saude202105_n_00091_00000001.jpg	0	0	0	0	0	0	0	0	0	0	0	0	-5
tweet_00072492	saude202105_n_00093_00000001.jpg	1	2	0	0	0	0	0	0	0	5	0	0	0
tweet_00072527	saude202105_n_00095_00000003.jpg	1	-1	1	-1	-1	0	0	0	0	0	0	0	-4
tweet_00072533	saude202105_n_00095_00000004.jpg	1	-2	0	0	0	0	0	-1	0	0	9	0	0
tweet_00072572	saude202105_n_00098_00000001.jpg	2	-2	2	4	0	0	0	0	0	9	0	0	0
tweet_00072577	saude202105_n_00098_00000002.jpg	0	-3	0	5	0	0	0	0	0	4	0	0	0
tweet_00072585	saude202105_n_00098_00000003.jpg	1	2	0	0	0	0	0	0	0	19	0	1	0
tweet_00072594	saude202105_n_00099_00000001.jpg	1	1	0	0	0	0	0	1	0	-1	0	0	-1
tweet_00072599	saude202105_n_00099_00000002.jpg	0	-2	0	4	0	0	0	0	11	-1	0	-1	-3
tweet_00072609	saude202105_n_00100_00000001.jpg	1	-3	1	1	0	0	0	0	0	0	0	-1	-2
tweet_00072620	saude202105_n_00101_00000001.jpg	0	-1	0	0	0	0	0	0	0	11	0	0	0
tweet_00072638	saude202105_n_00102_00000001.jpg	0	2	0	0	0	0	1	5	0	0	0	0	24
tweet_00072665	saude202105_n_00104_00000001.jpg	0	-2	1	3	0	0	0	0	3	0	0	2	-2
tweet_00072692	saude202105_n_00105_00000001.jpg	0	-2	0	2	0	0	0	0	3	0	0	1	-2
tweet_00072705	saude202105_n_00105_00000002.jpg	0	-2	0	2	0	0	0	0	0	0	2	0	1
tweet_00072725	saude202105_n_00106_00000001.jpg	2	1	0	0	1	0	0	0	0	0	0	0	6
tweet_00072737	saude202105_n_00107_00000001.jpg	0	-2	2	3	0	0	0	2	0	1	0	0	0
tweet_00072767	saude202105_n_00108_00000002.jpg	0	2	0	0	0	0	0	1	0	6	0	0	0
tweet_00072774	saude202105_n_00108_00000003.jpg	2	-3	2	3	0	0	0	0	0	0	2	0	0
tweet_00072783	saude202105_n_00108_00000004.jpg	0	3	0	0	0	1	2	6	0	0	0	0	27
tweet_00072785	saude202105_n_00108_00000005.jpg	0	-2	2	2	0	0	0	1	0	1	0	0	0
tweet_00072787	saude202105_n_00108_00000006.jpg	2	-2	2	4	0	0	0	0	0	2	0	0	0
tweet_00072788	saude202105_n_00108_00000007.jpg	0	1	1	-1	0	0	1	1	0	0	0	0	4
tweet_00072827	saude202105_n_00110_00000001.jpg	1	-2	1	2	0	0	1	0	0	0	3	0	0
tweet_00072846	saude202105_n_00111_00000002.jpg	0	-2	2	3	0	0	0	-1	0	0	0	-1	-2
tweet_00072861	saude202105_n_00112_00000001.jpg	0	0	0	2	0	0	0	1	0	0	0	0	0
tweet_00072900	saude202105_n_00113_00000001.jpg	0	-1	1	1	0	0	0	0	0	3	0	0	0
tweet_00072917	saude202105_n_00114_00000001.jpg	1	-2	1	3	0	0	0	0	0	25	0	0	1
tweet_00072936	saude202105_n_00115_00000004.jpg	0	-2	0	2	0	0	0	0	0	15	0	1	0
tweet_00072937	saude202105_n_00115_00000005.jpg	-1	1	0	0	1	0	6	0	0	0	0	-1	-5
tweet_00072944	saude202105_n_00115_00000006.jpg	3	-3	2	4	0	0	0	0	0	-1	0	0	0
tweet_00072989	saude202105_n_00117_00000003.jpg	2	-1	2	4	0	1	0	-1	0	0	0	-2	-2
tweet_00072994	saude202105_n_00117_00000004.jpg	0	1	0	0	1	0	0	0	0	0	0	0	-1
tweet_00073017	saude202105_n_00119_00000001.jpg	1	0	0	0	3	0	0	0	0	6	0	0	0
tweet_00073032	saude202105_n_00119_00000003.jpg	-1	0	0	0	2	0	0	0	0	0	0	0	2
tweet_00073036	saude202105_n_00119_00000004.jpg	0	-2	1	3	0	0	0	0	0	18	0	0	0
tweet_00073045	saude202105_n_00120_00000002.png	0	0	1	0	0	0	1	18	0	0	0	0	8
tweet_00073070	saude202105_n_00120_00000004.jpg	2	-2	2	3	0	0	1	0	0	0	4	0	1
tweet_00073102	saude202105_n_00121_00000001.jpg	3	1	0	-3	-1	0	0	0	0	0	0	0	-3
tweet_00073112	saude202105_n_00122_00000001.png	0	1	1	0	5	0	0	0	0	0	0	0	-3
tweet_00073129	saude202105_n_00122_00000003.jpg	0	0	0	0	0	0	0	4	0	0	0	0	1
tweet_00073137	saude202105_n_00124_00000001.jpg	1	-2	3	1	0	2	0	0	0	6	0	0	0
tweet_00073152	saude202105_n_00124_00000002.jpg	0	1	0	-1	1	0	0	6	0	2	0	0	5
tweet_00073173	saude202105_n_00125_00000002.jpg	0	-2	2	3	0	0	0	0	0	1	0	-1	0
tweet_00073179	saude202105_n_00125_00000004.jpg	1	-1	4	0	0	0	0	2	0	21	0	0	0
tweet_00073194	saude202105_n_00126_00000001.jpg	0	2	0	0	1	0	13	0	1	0	0	0	13
tweet_00073199	saude202105_n_00126_00000002.jpg	1	-1	3	0	0	0	0	2	0	11	0	-2	0
tweet_00073209	saude202105_n_00127_00000001.jpg	1	-2	0	0	0	1	1	1	0	12	0	-2	0
tweet_00073213	saude202105_n_00128_00000001.jpg	0	1	0	-1	1	0	17	0	0	0	0	1	15
tweet_00073217	saude202105_n_00128_00000002.jpg	0	2	0	-1	0	0	0	2	0	0	0	0	9
tweet_00073225	saude202105_n_00129_00000001.jpg	1	-1	3	0	0	1	0	0	1	21	0	0	0
tweet_00073287	saude202105_n_00131_00000001.jpg	0	3	0	-1	0	0	0	2	0	0	0	1	0
tweet_00073347	saude202105_n_00132_00000001.jpg	0	2	0	-1	0	0	0	1	0	0	0	0	2
tweet_00073377	saude202105_n_00133_00000001.png	0	1	0	0	3	1	0	0	0	1	0	0	0
tweet_00073379	saude202105_n_00133_00000003.jpg	1	-1	4	0	0	0	1	1	0	12	0	-1	0
tweet_00073409	saude202105_n_00134_00000001.png	4	2	0	0	0	0	0	2	2	0	0	6	1
tweet_00073429	saude202105_n_00134_00000002.jpg	1	-2	0	0	-1	1	0	0	0	4	0	0	0
tweet_00073444	saude202105_n_00134_00000003.jpg	-2	-2	0	0	2	1	0	0	0	0	0	0	-1
tweet_00073480	saude202105_n_00135_00000003.jpg	2	-2	3	0	0	0	0	0	0	18	0	0	0
tweet_00073486	saude202105_n_00135_00000004.jpg	4	2	0	0	0	1	1	6	0	1	0	0	21
tweet_00073496	saude202105_n_00135_00000005.jpg	0	3	1	0	-1	0	0	0	0	27	0	1	1
tweet_00073499	saude202105_n_00135_00000006.jpg	-1	0	1	0	0	0	5	0	0	0	0	2	1
tweet_00073533	saude202105_n_00136_00000002.jpg	0	5	0	0	-1	0	0	1	0	0	0	0	5
tweet_00073552	saude202105_n_00136_00000004.jpg	-1	1	0	0	1	1	0	0	0	0	0	0	-1
tweet_00073556	saude202105_n_00136_00000007.jpg	-2	2	0	-1	-1	0	0	0	0	-1	0	0	0
tweet_00073578	saude202105_n_00137_00000001.jpg	-1	2	0	0	0	0	0	1	0	0	0	-1	-1
tweet_00073579	saude202105_n_00137_00000002.png	0	1	0	-1	0	0	0	0	0	0	0	0	-5
tweet_00073625	saude202105_n_00138_00000001.jpg	1	6	0	0	-1	0	0	1	0	0	0	-4	0
tweet_00073666	saude202105_n_00138_00000003.png	-1	1	0	0	0	0	0	1	0	0	0	0	3
tweet_00073673	saude202105_n_00139_00000001.png	1	1	0	-1	0	1	0	9	0	0	0	0	8
tweet_00073698	saude202105_n_00139_00000002.jpg	2	4	1	0	-1	0	0	1	0	1	0	0	3
tweet_00073704	saude202105_n_00139_00000003.jpg	1	1	-1	-2	0	1	0	5	0	0	0	0	6
tweet_00073719	saude202105_n_00140_00000001.jpg	2	-3	0	1	2	0	0	0	0	3	5	0	0
tweet_00073723	saude202105_n_00140_00000004.jpg	1	1	0	0	0	0	0	0	1	20	0	1	0
tweet_00073727	saude202105_n_00140_00000005.jpg	0	2	0	0	0	0	1	0	0	2	0	-1	0
tweet_00073741	saude202105_n_00140_00000006.jpg	-2	0	1	0	0	0	0	1	0	0	-1	-2	-2
tweet_00073762	saude202105_n_00141_00000001.jpg	1	-1	2	-1	-1	1	0	-2	0	0	0	3	0
tweet_00073780	saude202105_n_00141_00000005.jpg	4	1	-1	0	0	0	0	0	0	0	0	-1	-3
tweet_00073782	saude202105_n_00141_00000004.jpg	4	1	0	0	0	0	1	0	0	1	0	-1	0
tweet_00073788	saude202105_n_00141_00000009.jpg	0	1	0	0	0	0	1	0	0	0	0	0	8
tweet_00073799	saude202105_n_00142_00000001.jpg	1	1	0	-1	0	0	0	5	0	0	0	1	4
tweet_00073800	saude202105_n_00142_00000002.jpg	1	1	0	0	0	0	0	0	0	1	0	0	0
tweet_00073801	saude202105_n_00142_00000004.jpg	1	2	0	-1	0	0	0	0	0	1	0	0	0
tweet_00073817	saude202105_n_00142_00000005.jpg	2	2	-1	0	-2	0	0	1	0	16	0	0	0
tweet_00073844	saude202105_n_00143_00000001.jpg	1	-2	0	4	2	0	0	0	0	0	0	0	0
tweet_00073857	saude202105_n_00143_00000002.jpg	0	3	0	0	0	1	9	0	2	0	0	0	18
tweet_00073907	saude202105_n_00144_00000002.png	1	7	0	0	0	0	0	14	0	0	0	0	17
tweet_00073921	saude202105_n_00145_00000001.jpg	0	2	0	0	-1	0	0	0	0	0	0	0	-4
tweet_00073926	saude202105_n_00145_00000003.jpg	5	1	0	0	0	0	21	0	0	0	0	0	8
tweet_00073931	saude202105_n_00145_00000004.jpg	1	1	0	0	0	0	1	2	0	0	0	0	25
tweet_00073940	saude202105_n_00146_00000001.jpg	1	1	0	0	0	0	0	7	0	0	0	0	15
tweet_00073941	saude202105_n_00146_00000002.jpg	0	2	0	0	0	0	0	8	0	0	0	0	11
tweet_00073985	saude202105_n_00147_00000001.jpg	1	1	0	-1	0	0	0	0	0	0	0	0	-5
tweet_00073995	saude202105_n_00147_00000002.jpg	-1	1	0	0	0	0	0	2	0	0	0	0	0
tweet_00073996	saude202105_n_00148_00000001.jpg	-1	1	0	0	0	1	0	0	0	0	0	0	-1
tweet_00074005	saude202105_n_00148_00000005.jpg	0	2	0	0	0	0	1	10	0	0	0	0	16
tweet_00074008	saude202105_n_00148_00000006.jpg	2	3	0	0	-1	0	0	0	0	8	0	2	0
tweet_00074016	saude202105_n_00148_00000007.jpg	-1	2	0	0	0	0	0	3	0	-1	0	0	22
tweet_00074067	saude202105_n_00149_00000001.jpg	1	2	0	0	0	0	2	2	0	0	0	0	23
tweet_00074077	saude202105_n_00149_00000002.jpg	0	5	0	0	0	0	0	0	0	0	0	0	-3
tweet_00074094	saude202105_n_00150_00000002.png	1	-1	0	1	0	0	4	4	0	0	0	0	7
tweet_00074123	saude202105_n_00152_00000001.jpg	-1	0	0	0	0	0	0	0	0	0	0	-1	0
tweet_00074128	saude202105_n_00152_00000005.jpg	1	1	0	-1	0	1	0	2	0	0	0	0	0
tweet_00074166	saude202105_n_00152_00000006.jpg	1	0	0	0	0	0	0	0	0	0	0	0	-5
tweet_00074194	saude202105_n_00152_00000007.jpg	0	1	0	0	0	0	0	0	0	-1	0	-2	-2
tweet_00074201	saude202105_n_00153_00000001.png	0	0	0	0	0	0	0	0	0	0	0	-4	0
tweet_00074217	saude202105_n_00153_00000003.jpg	0	0	0	0	5	0	0	0	0	0	0	0	-5
tweet_00074238	saude202105_n_00153_00000004.png	2	-1	0	0	0	0	11	0	0	0	0	0	-4
tweet_00074245	saude202105_n_00153_00000005.jpg	-2	1	0	0	0	0	0	1	15	0	0	0	0
tweet_00074252	saude202105_n_00154_00000001.jpg	1	-1	0	0	0	1	0	0	0	8	0	0	0
tweet_00074276	saude202105_n_00154_00000002.jpg	1	-2	0	3	1	0	0	0	0	0	0	0	-6
tweet_00074289	saude202105_n_00154_00000004.jpg	1	-2	0	0	0	1	0	0	0	0	0	-1	0
tweet_00074305	saude202105_n_00154_00000009.jpg	0	-1	1	1	0	0	0	0	0	1	0	-1	0
tweet_00074326	saude202105_n_00155_00000001.jpg	-1	1	0	0	1	1	0	2	0	5	0	-2	0
tweet_00074371	saude202105_n_00157_00000001.jpg	-1	0	0	0	0	0	1	0	0	0	0	0	-2
tweet_00074374	saude202105_n_00157_00000002.jpg	1	-2	2	0	-1	1	0	1	0	0	0	0	0
tweet_00074377	saude202105_n_00157_00000003.jpg	-1	0	1	-1	-1	0	0	6	0	-1	-1	-1	1
tweet_00074397	saude202105_n_00158_00000001.jpg	0	2	0	0	-1	0	0	1	0	0	0	0	-1
tweet_00074421	saude202105_n_00159_00000002.jpg	1	-1	0	-1	0	0	0	0	0	1	0	0	0
tweet_00074422	saude202105_n_00159_00000003.jpg	2	0	0	-1	0	0	0	0	0	2	0	0	0
tweet_00074460	saude202105_n_00161_00000001.jpg	0	0	0	-2	0	0	0	1	0	0	0	1	0
tweet_00074480	saude202105_n_00162_00000001.jpg	-1	0	1	0	0	0	0	0	5	0	0	0	1
tweet_00074516	saude202105_n_00163_00000002.jpg	1	-2	0	1	1	0	0	0	0	16	0	0	0
tweet_00074517	saude202105_n_00164_00000001.jpg	-2	-1	1	0	1	0	0	0	0	0	0	0	-4
tweet_00074519	saude202105_n_00164_00000002.png	1	-2	0	1	1	0	2	0	0	3	0	0	0
tweet_00074522	saude202105_n_00164_00000003.jpg	1	-2	0	1	1	0	1	0	0	0	3	0	0
tweet_00074525	saude202105_n_00164_00000004.jpg	0	0	0	0	0	0	0	4	0	0	0	0	1
tweet_00074547	saude202105_n_00165_00000001.jpg	0	0	0	0	0	0	2	0	0	0	0	-1	-7
tweet_00074548	saude202105_n_00165_00000002.jpg	1	0	0	0	0	0	0	11	0	1	0	0	3
tweet_00074557	saude202105_n_00166_00000001.jpg	1	0	0	0	-1	0	24	-2	0	0	0	1	8
tweet_00074559	saude202105_n_00166_00000002.jpg	0	0	0	-1	0	1	0	0	0	1	0	0	0
tweet_00074564	saude202105_n_00166_00000003.jpg	1	-2	0	3	1	0	0	0	0	16	0	0	0
tweet_00074611	saude202105_n_00167_00000001.jpg	0	1	0	0	0	0	0	0	0	1	2	0	0
tweet_00074615	saude202105_n_00167_00000002.jpg	1	-2	0	1	1	0	0	0	0	20	0	0	0
tweet_00074659	saude202105_n_00169_00000001.jpg	1	1	0	0	0	0	0	4	0	0	0	0	23
tweet_00074672	saude202105_n_00169_00000002.jpg	0	-2	0	0	1	0	0	0	0	26	0	1	1
tweet_00074687	saude202105_n_00170_00000001.png	1	-3	0	0	0	1	0	0	0	18	0	0	0
tweet_00074697	saude202105_n_00170_00000002.jpg	1	1	0	0	0	1	0	0	0	1	0	-1	0
tweet_00074706	saude202105_n_00171_00000001.jpg	0	1	0	0	0	0	1	0	0	0	0	-1	-2
tweet_00074718	saude202105_n_00171_00000003.jpg	0	-2	0	0	0	0	0	0	0	-1	0	-1	-1
tweet_00074755	saude202105_n_00176_00000001.jpg	4	0	0	0	-1	0	0	0	0	10	0	0	0
tweet_00074757	saude202105_n_00178_00000001.jpg	0	1	0	0	0	0	0	0	0	2	0	1	0
tweet_00074769	saude202105_n_00179_00000001.jpg	1	-1	2	0	0	0	0	0	0	8	0	0	0
tweet_00074770	saude202105_n_00179_00000002.jpg	-1	2	0	0	0	0	0	0	0	0	0	0	-3
tweet_00074776	saude202105_n_00181_00000001.jpg	1	0	0	0	0	2	0	0	0	0	0	-1	-3
tweet_00074807	saude202105_n_00184_00000001.jpg	0	-1	0	0	0	0	0	0	0	11	0	0	0
tweet_00074813	saude202105_n_00185_00000001.jpg	-1	-2	0	0	0	1	0	1	0	0	0	0	0
tweet_00074814	saude202105_n_00183_00000001.jpg	0	-1	1	0	0	0	0	0	0	1	0	0	-4
tweet_00074821	saude202105_n_00186_00000001.jpg	1	1	0	0	0	0	0	0	0	3	0	-1	0
tweet_00074827	saude202105_n_00188_00000001.jpg	0	1	0	0	0	0	0	0	0	0	0	-1	0
tweet_00074855	saude202105_n_00191_00000001.jpg	-1	-2	0	1	1	0	0	0	0	0	0	0	-4
tweet_00074860	saude202105_n_00193_00000001.jpg	2	1	1	0	-1	0	0	-1	0	0	-1	-12	0
tweet_00074877	saude202105_n_00195_00000001.jpg	1	1	0	0	0	0	0	0	2	0	-2	-4	-4
tweet_00074885	saude202105_n_00196_00000001.jpg	0	1	0	0	0	0	0	0	0	11	0	0	0
tweet_00074886	saude202105_n_00196_00000002.jpg	1	4	0	0	0	0	0	0	0	1	0	-1	0
tweet_00074899	saude202105_n_00197_00000001.jpg	0	1	0	0	0	0	0	0	0	0	0	0	17
tweet_00074912	saude202105_n_00198_00000001.jpg	-2	1	0	0	-1	2	0	1	0	7	0	0	0
tweet_00074919	saude202105_n_00199_00000003.jpg	0	2	1	-2	0	0	1	6	0	0	0	0	19
tweet_00074928	saude202105_n_00200_00000002.jpg	1	4	0	0	0	0	-1	0	2	0	0	-1	0
tweet_00074930	saude202105_n_00200_00000003.jpg	1	3	0	0	1	0	0	1	0	0	0	0	0
tweet_00074932	saude202105_n_00200_00000004.jpg	1	1	0	0	-1	1	0	1	0	1	0	0	0
tweet_00074934	saude202105_n_00161_00000003.png	0	-1	0	0	0	0	0	0	0	0	0	0	-5
tweet_00074948	saude202105_n_00202_00000001.jpg	-2	1	0	-2	0	1	1	0	0	0	0	0	0
tweet_00074951	saude202105_n_00203_00000001.jpg	1	1	0	0	0	0	1	0	2	0	0	1	1
tweet_00074959	saude202105_n_00205_00000001.jpg	5	2	0	0	0	0	0	1	0	10	0	1	0
tweet_00074962	saude202105_n_00206_00000001.jpg	0	2	0	0	0	0	0	0	0	19	0	0	0
tweet_00074970	saude202105_n_00208_00000003.png	1	1	0	0	0	0	0	0	0	0	0	-5	-2
tweet_00074981	saude202105_n_00212_00000002.jpg	0	2	0	0	0	0	0	0	0	3	0	-1	1
tweet_00074991	saude202105_n_00213_00000001.jpg	0	1	0	0	0	0	5	0	3	6	0	5	0
tweet_00074998	saude202105_n_00220_00000001.png	0	2	0	0	0	0	0	0	0	0	0	-3	-2
tweet_00075006	saude202105_n_00224_00000001.jpg	0	1	0	0	-1	0	6	0	0	0	0	0	-2
tweet_00075054	saude202105_n_00226_00000001.jpg	0	2	0	0	0	2	0	12	0	0	0	1	5
tweet_00075075	saude202105_n_00226_00000006.jpg	1	1	0	0	0	1	2	0	0	0	0	1	7
tweet_00075111	saude202105_n_00227_00000001.jpg	0	1	0	-1	0	0	0	0	0	-1	0	-1	-1
tweet_00075119	saude202105_n_00227_00000002.jpg	1	1	0	0	0	0	0	0	0	0	0	-6	0
tweet_00075184	saude202105_n_00228_00000001.jpg	4	2	0	0	0	0	0	0	0	1	0	0	0
tweet_00075185	saude202105_n_00228_00000002.jpg	3	-1	1	0	-1	0	0	0	0	0	0	0	-3
tweet_00075209	saude202105_n_00228_00000003.jpg	0	1	0	0	0	0	0	0	0	1	1	0	0
tweet_00075228	saude202105_n_00229_00000001.jpg	1	1	0	0	0	0	0	0	0	16	0	0	0
tweet_00075232	saude202105_n_00229_00000002.jpg	0	1	0	0	0	0	1	0	0	20	0	0	0
tweet_00075233	saude202105_n_00229_00000003.jpg	0	0	0	-1	0	0	0	0	0	2	0	0	0
tweet_00075234	saude202105_n_00229_00000007.jpg	0	1	0	0	0	0	0	-3	0	0	0	1	0
tweet_00075243	saude202105_n_00229_00000008.jpg	0	1	0	0	0	0	0	0	0	0	1	0	1
tweet_00075256	saude202105_n_00230_00000001.jpg	5	0	0	1	0	0	0	0	0	8	0	0	0
tweet_00075292	saude202105_n_00231_00000001.jpg	0	2	0	0	0	0	1	0	0	0	0	0	-3
tweet_00075301	saude202105_n_00231_00000002.jpg	1	1	0	0	0	1	0	0	0	19	0	0	0
tweet_00075309	saude202105_n_00231_00000003.jpg	1	1	0	0	0	0	0	-3	0	0	0	9	0
tweet_00075332	saude202105_n_00232_00000001.jpg	6	2	0	0	0	0	-2	-1	0	0	12	11	0
tweet_00075335	saude202105_n_00232_00000002.png	0	6	0	0	0	0	0	0	0	0	0	-1	-2
tweet_00075351	saude202105_n_00232_00000003.jpg	1	0	0	0	0	0	0	0	0	0	0	0	-5
tweet_00075358	saude202105_n_00232_00000004.jpg	0	1	0	0	-1	0	0	0	0	11	0	0	0
tweet_00075370	saude202105_n_00233_00000001.png	0	0	0	0	0	0	0	0	0	0	0	0	-4
tweet_00075393	saude202105_n_00233_00000002.jpg	1	4	0	0	1	3	0	0	0	10	0	0	0
tweet_00075401	saude202105_n_00233_00000003.jpg	1	1	-1	0	5	1	7	0	0	0	0	1	16
tweet_00075435	saude202105_n_00234_00000001.jpg	1	3	-1	-1	0	0	0	0	0	2	0	0	0
tweet_00075494	saude202105_n_00235_00000001.jpg	2	1	0	0	0	0	0	0	0	0	-1	-1	-2
tweet_00075495	saude202105_n_00235_00000002.jpg	0	0	3	-1	0	0	0	1	0	1	-2	0	-2
tweet_00075551	saude202105_n_00235_00000004.jpg	5	-1	3	0	1	0	0	0	0	9	0	0	0
tweet_00075555	saude202105_n_00236_00000001.jpg	1	1	1	0	-1	0	0	0	0	10	0	0	0
tweet_00075582	saude202105_n_00236_00000003.jpg	1	4	1	0	-1	0	0	3	0	0	0	0	8
tweet_00075599	saude202105_n_00237_00000001.jpg	1	2	0	0	0	2	4	2	0	0	0	0	-2
tweet_00075615	saude202105_n_00237_00000002.png	1	1	0	0	-2	0	0	0	0	0	0	0	-6
tweet_00075622	saude202105_n_00237_00000003.jpg	5	-1	1	0	0	2	0	0	0	8	0	0	0
tweet_00075634	saude202105_n_00238_00000001.jpg	1	-3	-1	1	0	0	0	0	0	0	0	0	-2
tweet_00075650	saude202105_n_00238_00000002.jpg	0	0	0	-1	2	0	0	0	0	0	0	-2	0
tweet_00075668	saude202105_n_00239_00000001.jpg	0	-1	0	0	0	0	0	0	0	7	0	0	0
tweet_00075688	saude202106_n_00001_00000001.jpg	0	2	0	0	-1	0	5	1	0	0	0	1	2
tweet_00075700	saude202106_n_00001_00000005.jpg	0	2	0	0	-1	0	0	0	0	0	0	-1	0
tweet_00075701	saude202106_n_00001_00000006.jpg	1	3	0	0	-1	0	0	0	0	1	0	0	-1
tweet_00075713	saude202106_n_00002_00000001.jpg	2	3	0	-1	0	0	0	0	6	0	1	1	2
tweet_00075723	saude202106_n_00002_00000002.png	0	2	0	-1	0	0	0	3	3	0	0	0	0
tweet_00075728	saude202106_n_00002_00000003.jpg	1	-1	0	0	0	0	8	0	0	0	0	0	0
tweet_00075740	saude202106_n_00003_00000001.jpg	-1	0	1	0	0	0	1	0	0	0	0	0	-5
tweet_00075744	saude202106_n_00003_00000003.jpg	-2	0	2	0	0	0	0	0	0	0	0	0	-3
tweet_00075746	saude202106_n_00004_00000001.jpg	-1	0	0	0	1	4	0	0	0	0	0	0	-4
tweet_00075763	saude202106_n_00005_00000001.jpg	2	-2	0	0	-2	1	0	0	0	1	0	0	-1
tweet_00075773	saude202106_n_00006_00000001.jpg	-3	1	0	0	0	0	0	0	0	3	0	-1	0
tweet_00075775	saude202106_n_00006_00000002.jpg	1	1	-1	0	-1	1	0	0	-1	12	-1	2	8
tweet_00075797	saude202106_n_00008_00000001.jpg	0	-1	3	0	0	0	0	0	0	11	0	-1	0
tweet_00075810	saude202106_n_00010_00000001.jpg	0	1	0	0	0	0	2	0	0	0	0	0	-2
tweet_00075819	saude202106_n_00011_00000001.jpg	0	-2	0	0	0	1	0	9	1	0	0	0	-1
tweet_00075841	saude202106_n_00011_00000002.jpg	0	2	0	0	0	1	0	0	0	0	0	0	-5
tweet_00075847	saude202106_n_00012_00000001.jpg	1	1	0	0	0	0	1	4	0	0	0	0	11
tweet_00075848	saude202106_n_00012_00000002.jpg	1	-1	2	0	0	0	1	0	0	0	1	0	1
tweet_00075864	saude202106_n_00012_00000003.jpg	4	-1	2	0	0	0	1	0	0	0	2	0	1
tweet_00075868	saude202106_n_00012_00000005.jpg	1	-1	3	1	0	0	0	0	0	12	0	0	0
tweet_00075888	saude202106_n_00013_00000002.jpg	3	-2	3	0	0	0	0	0	0	6	0	0	0
tweet_00075904	saude202106_n_00013_00000004.jpg	1	-1	2	0	0	0	-1	0	0	2	0	-1	0
tweet_00075930	saude202106_n_00014_00000001.jpg	1	1	0	0	0	0	0	1	0	0	0	-1	-3
tweet_00075986	saude202106_n_00016_00000002.jpg	5	0	0	0	0	0	0	0	1	0	0	1	0
tweet_00076011	saude202106_n_00017_00000014.jpg	0	-2	1	0	0	0	1	8	0	0	0	0	10
tweet_00076028	saude202106_n_00018_00000001.jpg	0	0	-1	0	0	4	0	1	3	5	0	2	0
tweet_00076033	saude202106_n_00018_00000003.jpg	-1	2	1	0	0	0	0	0	0	0	-1	-1	0
tweet_00076034	saude202106_n_00018_00000004.jpg	0	0	0	0	0	0	0	1	0	0	-2	-1	-3
tweet_00076058	saude202106_n_00018_00000005.jpg	0	1	-1	0	0	0	0	0	0	0	0	0	-1
tweet_00076072	saude202106_n_00019_00000001.jpg	0	2	2	-1	0	0	1	0	0	0	0	0	-2
tweet_00076081	saude202106_n_00020_00000001.jpg	0	-1	2	-1	0	0	0	0	0	9	0	0	0
tweet_00076083	saude202106_n_00020_00000002.jpg	-1	0	0	0	0	1	0	0	0	0	0	0	-3
tweet_00076095	saude202106_n_00021_00000001.jpg	1	-2	0	0	0	1	0	0	0	5	0	0	0
tweet_00076109	saude202106_n_00021_00000002.jpg	1	-2	2	0	0	1	0	0	0	11	0	-1	0
tweet_00076120	saude202106_n_00021_00000003.jpg	0	1	0	0	0	0	9	1	-1	0	0	0	-1
tweet_00076123	saude202106_n_00023_00000001.png	0	1	0	0	1	0	0	0	0	12	0	0	0
tweet_00076126	saude202106_n_00023_00000002.png	0	0	1	0	0	0	0	0	0	0	0	0	-3
tweet_00076130	saude202106_n_00023_00000005.jpg	2	-2	0	0	0	0	0	0	0	3	0	0	0
tweet_00076135	saude202106_n_00024_00000001.jpg	0	3	-1	0	0	1	0	1	0	0	0	0	-1
tweet_00076139	saude202106_n_00024_00000002.jpg	2	6	0	0	-2	1	0	0	0	0	0	0	-3
tweet_00076183	saude202106_n_00025_00000004.jpg	2	0	0	0	0	2	0	0	0	0	0	0	-3
tweet_00076202	saude202106_n_00026_00000001.jpg	0	1	0	0	-2	0	3	0	0	0	0	1	-3
tweet_00076216	saude202106_n_00027_00000001.jpg	-1	2	1	0	0	0	0	0	0	0	0	0	-5
tweet_00076240	saude202106_n_00028_00000001.jpg	0	-1	-1	0	0	4	0	0	0	4	0	0	0
tweet_00076243	saude202106_n_00029_00000001.jpg	1	2	0	-2	-2	1	0	1	0	0	0	3	0
tweet_00076254	saude202106_n_00033_00000001.jpg	-1	0	0	0	0	1	0	0	0	0	0	0	-2
tweet_00076256	saude202106_n_00035_00000001.jpg	1	1	0	-1	-1	0	0	0	-2	0	1	6	-1
tweet_00076270	saude202106_n_00036_00000001.jpg	0	0	0	0	0	0	0	2	0	0	0	0	6
tweet_00076300	saude202106_n_00037_00000001.jpg	3	3	0	0	0	0	0	0	1	-1	0	0	0
tweet_00076337	saude202106_n_00038_00000001.jpg	1	1	0	0	-1	0	0	0	0	7	0	-1	0
tweet_00076353	saude202106_n_00039_00000002.jpg	0	3	0	0	-1	0	0	4	0	0	0	0	7
tweet_00076354	saude202106_n_00039_00000003.jpg	0	2	0	0	0	1	0	0	0	14	0	0	0
tweet_00076367	saude202106_n_00040_00000001.jpg	1	0	0	0	1	0	0	0	0	1	0	-1	0
tweet_00076384	saude202106_n_00042_00000001.jpg	0	1	0	0	2	0	0	0	0	0	0	0	-5
tweet_00076388	saude202106_n_00047_00000001.jpg	0	0	0	0	0	2	0	0	0	17	0	0	0
tweet_00076397	saude202106_n_00048_00000001.jpg	1	0	0	0	0	0	0	0	-4	0	0	0	-2
tweet_00076402	saude202106_n_00118_00000005.jpg	0	-2	2	0	0	2	0	0	0	8	0	0	0
tweet_00076417	saude202106_n_00049_00000001.jpg	0	0	0	0	0	0	1	0	0	0	0	0	-4
tweet_00076428	saude202106_n_00050_00000001.jpg	0	0	0	0	0	0	0	0	0	5	0	0	0
tweet_00076454	saude202106_n_00057_00000001.jpg	1	1	0	0	-2	1	0	13	0	0	0	0	12
tweet_00076455	saude202106_n_00057_00000002.jpg	1	-2	0	0	0	0	0	0	0	2	0	0	0
tweet_00076461	saude202106_n_00060_00000001.jpg	1	1	0	0	0	0	2	1	0	-1	0	0	23
tweet_00076495	saude202106_n_00061_00000001.jpg	0	0	0	0	0	0	0	0	0	0	0	0	-4
tweet_00076517	saude202106_n_00062_00000001.jpg	0	0	0	0	0	4	0	0	0	0	0	0	-4
tweet_00076522	saude202106_n_00062_00000002.jpg	0	3	0	0	0	0	0	0	0	0	0	-4	-1
tweet_00076529	saude202106_n_00062_00000003.jpg	0	0	0	0	0	0	0	2	0	0	0	0	7
tweet_00076540	saude202106_n_00069_00000001.jpg	1	2	0	0	-2	1	1	4	0	-1	0	0	28
tweet_00076556	saude202106_n_00063_00000001.jpg	2	-1	0	-1	0	2	0	0	0	20	0	0	0
tweet_00076631	saude202106_n_00064_00000003.jpg	0	-2	2	0	0	0	0	0	0	0	0	0	3
tweet_00076644	saude202106_n_00065_00000001.png	0	-2	2	0	0	0	1	0	0	0	0	0	-5
tweet_00076668	saude202106_n_00065_00000003.jpg	3	3	0	-1	0	1	0	2	0	2	0	0	-2
tweet_00076700	saude202106_n_00065_00000006.jpg	0	1	-1	0	0	0	6	-1	2	0	0	5	5
tweet_00076706	saude202106_n_00066_00000001.jpg	0	1	-1	0	-1	0	0	20	0	0	0	0	14
tweet_00076709	saude202106_n_00066_00000002.jpg	1	-1	0	-2	0	0	1	6	0	0	0	2	2
tweet_00076711	saude202106_n_00066_00000010.jpg	3	0	0	-1	-2	1	0	0	0	2	0	0	0
tweet_00076761	saude202106_n_00067_00000001.jpg	1	-1	0	0	1	0	0	0	0	2	0	-1	0
tweet_00076764	saude202106_n_00067_00000002.jpg	1	-1	-1	0	0	0	5	3	0	0	0	0	6
tweet_00076776	saude202106_n_00068_00000001.jpg	1	-3	0	0	0	1	0	0	0	3	0	0	0
tweet_00076780	saude202106_n_00068_00000003.jpg	1	1	0	0	0	0	0	-1	0	0	10	4	0
tweet_00076785	saude202106_n_00068_00000004.jpg	1	1	-1	0	-1	0	0	8	0	0	0	0	15
tweet_00076799	saude202106_n_00068_00000005.jpg	1	-1	0	0	0	1	0	0	0	0	0	0	-5
tweet_00076805	saude202106_n_00068_00000006.jpg	-1	0	1	0	0	0	0	1	0	1	0	0	0
tweet_00076815	saude202106_n_00068_00000009.jpg	1	5	0	0	-2	1	1	9	0	0	0	0	21
tweet_00076818	saude202106_n_00068_00000010.jpg	1	5	0	0	-2	1	0	0	0	1	0	0	-1
tweet_00076820	saude202106_n_00068_00000011.jpg	3	1	-1	0	-1	0	0	10	0	0	0	0	15
tweet_00076827	saude202106_n_00068_00000012.jpg	1	1	0	0	-2	1	0	2	0	6	0	0	0
tweet_00076831	saude202106_n_00069_00000002.jpg	0	1	0	0	-2	1	0	0	0	1	0	0	0
tweet_00076834	saude202106_n_00069_00000003.jpg	1	0	0	0	0	0	0	-1	0	0	-21	0	0
tweet_00076842	saude202106_n_00069_00000004.jpg	1	-1	1	0	0	0	2	2	0	0	0	-1	10
tweet_00076854	saude202106_n_00069_00000005.jpg	1	-2	3	-2	0	0	0	0	0	7	0	0	0
tweet_00076866	saude202106_n_00069_00000006.jpg	1	1	0	0	0	0	0	0	0	1	0	0	-3
tweet_00076883	saude202106_n_00070_00000001.png	1	-3	0	0	0	1	0	0	0	0	0	0	-3
tweet_00076907	saude202106_n_00070_00000003.jpg	2	-1	2	0	0	1	0	0	0	5	0	0	0
tweet_00076912	saude202106_n_00070_00000005.jpg	0	-5	0	0	0	2	0	0	0	8	0	0	0
tweet_00076920	saude202106_n_00070_00000006.jpg	4	1	0	0	0	0	0	0	0	17	0	0	0
tweet_00076935	saude202106_n_00072_00000001.jpg	1	-2	0	0	0	2	0	3	0	11	0	1	5
tweet_00076953	saude202106_n_00072_00000005.jpg	1	-1	0	0	0	2	0	1	0	13	0	0	0
tweet_00076959	saude202106_n_00072_00000006.jpg	6	0	0	0	-2	0	0	0	0	1	0	0	-3
tweet_00076970	saude202106_n_00073_00000001.jpg	0	0	-1	0	0	4	0	0	0	0	0	0	-5
tweet_00076980	saude202106_n_00073_00000005.jpg	-1	2	0	0	0	0	0	21	1	0	0	1	0
tweet_00077032	saude202106_n_00075_00000001.jpg	0	1	0	0	0	0	0	0	0	0	0	0	-3
tweet_00077037	saude202106_n_00075_00000002.jpg	1	4	1	0	0	0	0	0	0	-1	0	0	0
tweet_00077053	saude202106_n_00075_00000004.jpg	1	-1	0	0	0	0	0	0	0	11	0	0	0
tweet_00077054	saude202106_n_00075_00000005.jpg	0	1	0	0	0	1	0	0	0	14	0	0	0
tweet_00077065	saude202106_n_00075_00000006.jpg	1	-1	1	-1	1	-1	0	0	0	9	0	0	-1
tweet_00077073	saude202106_n_00076_00000001.jpg	2	-2	1	0	1	0	0	0	0	7	0	0	0
tweet_00077084	saude202106_n_00076_00000003.png	0	1	0	0	-1	2	0	0	0	5	0	0	0
tweet_00077085	saude202106_n_00076_00000005.jpg	5	-2	0	0	0	1	0	0	0	0	0	0	-4
tweet_00077089	saude202106_n_00076_00000006.jpg	1	2	0	0	0	0	0	0	0	13	0	0	0
tweet_00077096	saude202106_n_00076_00000007.jpg	1	1	0	0	0	1	0	0	4	0	1	9	1
tweet_00077118	saude202106_n_00078_00000001.jpg	1	-1	-2	0	-1	2	0	0	0	5	0	0	0
tweet_00077141	saude202106_n_00078_00000004.jpg	-1	0	0	0	0	4	0	0	0	12	0	0	0
tweet_00077169	saude202106_n_00079_00000001.jpg	1	3	0	-1	-1	0	0	0	0	0	0	0	-3
tweet_00077193	saude202106_n_00080_00000001.jpg	3	-1	0	0	-2	0	0	0	0	1	0	0	-1
tweet_00077204	saude202106_n_00081_00000001.jpg	-2	0	1	0	0	0	0	0	0	0	0	-1	-3
tweet_00077208	saude202106_n_00081_00000002.png	1	4	0	0	0	0	0	0	0	6	0	0	0
tweet_00077209	saude202106_n_00081_00000003.jpg	1	2	0	0	-2	0	9	2	0	0	0	1	21
tweet_00077213	saude202106_n_00082_00000001.jpg	1	0	3	-1	0	0	3	3	0	0	0	0	20
tweet_00077224	saude202106_n_00083_00000001.jpg	-1	1	0	0	1	1	0	0	0	1	-1	0	-1
tweet_00077225	saude202106_n_00083_00000002.jpg	1	0	-1	0	0	3	2	0	0	0	0	0	-5
tweet_00077238	saude202106_n_00084_00000001.jpg	3	4	-1	-1	0	0	1	0	0	0	0	-1	-5
tweet_00077251	saude202106_n_00085_00000001.png	0	2	0	0	0	0	0	0	0	0	0	0	-3
tweet_00077272	saude202106_n_00087_00000001.jpg	1	-2	0	0	0	0	0	0	0	11	0	0	0
tweet_00077278	saude202106_n_00088_00000001.jpg	3	-1	2	0	0	1	1	6	0	0	0	0	14
tweet_00077286	saude202106_n_00090_00000001.png	1	0	0	0	0	1	0	2	0	2	0	0	0
tweet_00077314	saude202106_n_00094_00000001.jpg	1	-3	0	0	0	0	0	0	0	2	0	0	0
tweet_00077315	saude202106_n_00094_00000002.jpg	2	-1	2	0	0	1	0	0	0	14	0	2	0
tweet_00077371	saude202106_n_00097_00000001.jpg	0	-2	0	0	2	0	0	0	0	4	0	0	0
tweet_00077378	saude202106_n_00097_00000002.jpg	0	-1	1	0	0	-1	0	0	0	5	0	0	0
tweet_00077379	saude202106_n_00097_00000003.jpg	0	0	-1	-1	-1	1	0	-1	0	0	-15	2	2
tweet_00077387	saude202106_n_00097_00000004.jpg	1	0	-1	0	0	3	1	0	0	0	0	0	-6
tweet_00077389	saude202106_n_00097_00000006.jpg	0	2	0	-1	0	0	2	-3	0	-1	0	1	-1
tweet_00077390	saude202106_n_00097_00000007.jpg	0	1	0	0	2	0	4	0	0	0	0	0	-2
tweet_00077392	saude202106_n_00107_00000001.png	1	1	0	0	0	0	0	4	0	0	0	0	2
tweet_00077433	saude202106_n_00099_00000002.jpg	0	2	0	0	1	1	0	0	0	2	0	0	0
tweet_00077445	saude202106_n_00099_00000003.jpg	-1	-1	0	0	1	0	0	0	0	3	0	0	0
tweet_00077446	saude202106_n_00099_00000004.jpg	-1	-1	0	0	0	0	0	3	0	0	0	0	4
tweet_00077449	saude202106_n_00099_00000006.jpg	1	0	-1	0	1	0	0	0	0	16	0	0	0
tweet_00077474	saude202106_n_00100_00000001.jpg	0	1	0	0	0	0	0	0	0	0	0	0	-3
tweet_00077497	saude202106_n_00100_00000003.jpg	0	-2	0	0	2	0	0	-1	0	0	14	0	0
tweet_00077503	saude202106_n_00101_00000001.jpg	0	0	0	0	0	1	2	2	0	0	0	0	9
tweet_00077505	saude202106_n_00101_00000002.jpg	-1	0	0	0	0	1	2	0	0	0	0	0	-2
tweet_00077514	saude202106_n_00101_00000004.jpg	1	1	0	-1	0	0	0	0	0	12	0	0	0
tweet_00077541	saude202106_n_00102_00000001.jpg	0	1	0	0	0	0	0	0	0	1	0	0	-1
tweet_00077560	saude202106_n_00102_00000003.png	-2	0	0	0	0	0	0	0	0	1	7	0	0
tweet_00077566	saude202106_n_00103_00000001.png	1	-2	0	0	1	0	0	0	0	5	0	0	0
tweet_00077570	saude202106_n_00103_00000002.jpg	1	-1	0	0	-2	0	17	0	0	0	0	0	2
tweet_00077585	saude202106_n_00103_00000003.jpg	-1	0	0	0	1	1	0	0	0	0	0	0	-3
tweet_00077601	saude202106_n_00104_00000001.jpg	1	0	0	0	0	3	0	1	0	15	0	0	0
tweet_00077610	saude202106_n_00104_00000002.jpg	1	-2	0	0	3	0	0	0	0	0	8	0	0
tweet_00077618	saude202106_n_00105_00000001.jpg	0	1	0	0	0	2	0	0	0	3	0	0	0
tweet_00077642	saude202106_n_00108_00000001.jpg	0	1	0	0	0	0	0	0	0	0	0	-1	-4
tweet_00077673	saude202106_n_00111_00000002.jpg	0	1	0	0	0	2	0	0	0	0	0	0	-3
tweet_00077682	saude202106_n_00112_00000001.jpg	-4	0	1	0	0	0	0	1	0	0	0	0	-1
tweet_00077712	saude202106_n_00114_00000002.jpg	5	0	0	0	3	0	2	-1	0	29	0	0	1
tweet_00077744	saude202106_n_00116_00000001.png	1	-2	-2	0	0	1	0	0	0	0	0	0	-4
tweet_00077760	saude202106_n_00116_00000004.jpg	0	-1	1	0	1	0	0	0	0	3	0	-1	0
tweet_00077762	saude202106_n_00117_00000001.jpg	0	0	1	0	0	0	0	0	0	6	0	0	0
tweet_00077773	saude202106_n_00117_00000007.jpg	1	1	0	1	0	0	0	13	1	0	0	0	0
tweet_00077801	saude202106_n_00118_00000004.jpg	-1	-1	2	-1	0	0	1	3	0	0	0	0	5
tweet_00077827	saude202106_n_00119_00000001.png	1	-2	-1	0	0	0	0	0	0	4	0	0	0
tweet_00077833	saude202106_n_00120_00000002.jpg	0	-2	2	-1	0	0	4	4	0	0	0	1	25
tweet_00077834	saude202106_n_00120_00000003.png	-1	-2	0	-1	0	0	0	2	0	0	0	0	-1
tweet_00077881	saude202106_n_00122_00000004.jpg	0	-2	0	0	1	0	0	0	0	8	0	-2	0
tweet_00077883	saude202106_n_00122_00000005.jpg	0	-1	0	0	0	2	8	1	0	0	0	0	24
tweet_00077894	saude202106_n_00123_00000001.jpg	1	-2	0	0	1	0	0	0	0	0	6	0	0
tweet_00077895	saude202106_n_00123_00000002.jpg	3	-3	-1	0	3	0	0	0	0	0	0	0	-2
tweet_00077907	saude202106_n_00123_00000004.jpg	1	-2	0	0	1	0	0	0	0	9	0	-3	-1
tweet_00077947	saude202106_n_00124_00000004.jpg	2	-1	0	1	0	1	0	0	0	6	0	0	0
tweet_00077961	saude202106_n_00125_00000001.jpg	2	-2	1	0	1	0	0	0	0	0	1	0	0
tweet_00077982	saude202106_n_00127_00000001.jpg	4	-2	1	0	1	0	0	0	0	0	3	0	0
tweet_00077998	saude202106_n_00127_00000002.jpg	1	-1	-1	0	1	0	0	0	0	3	0	0	0
tweet_00078016	saude202106_n_00129_00000001.jpg	1	1	0	-1	0	0	0	0	9	-1	0	0	0
tweet_00078021	saude202106_n_00129_00000002.jpg	1	1	0	-1	0	0	0	0	12	-1	0	0	-1
tweet_00078026	saude202106_n_00129_00000003.jpg	1	2	0	0	0	2	0	0	0	7	0	0	0
tweet_00078038	saude202106_n_00130_00000001.jpg	1	1	0	-1	0	0	0	0	9	-1	0	0	0
tweet_00078059	saude202106_n_00131_00000003.png	1	-1	0	0	2	0	0	0	0	10	0	0	0
tweet_00078063	saude202106_n_00131_00000005.png	1	-1	0	0	1	0	0	0	0	3	0	0	0
tweet_00078077	saude202106_n_00133_00000001.jpg	1	1	0	0	0	2	0	0	0	0	0	0	-4
tweet_00078079	saude202106_n_00133_00000003.jpg	0	-1	-1	0	0	0	0	0	0	3	0	0	0
tweet_00078080	saude202106_n_00133_00000004.jpg	-1	0	0	0	0	4	0	0	0	0	0	0	-7
tweet_00078120	saude202106_n_00141_00000001.jpg	0	-1	0	0	0	1	0	3	0	0	0	0	4
tweet_00078129	saude202106_n_00146_00000001.jpg	0	2	0	0	0	0	1	1	0	0	0	0	1
tweet_00078155	saude202106_n_00148_00000001.jpg	1	2	0	0	0	0	0	1	0	1	0	0	0
tweet_00078160	saude202106_n_00149_00000001.jpg	-2	-2	2	0	0	0	0	2	0	0	0	0	2
tweet_00078177	saude202106_n_00151_00000003.jpg	1	1	0	0	0	1	5	3	0	0	0	0	19
tweet_00078178	saude202106_n_00155_00000002.jpg	-2	-1	4	0	0	0	0	0	0	2	0	0	0
tweet_00078185	saude202106_n_00155_00000003.jpg	1	3	0	-1	-2	1	0	0	0	7	0	0	0
tweet_00078223	saude202106_n_00158_00000001.jpg	1	3	0	0	-2	0	0	0	0	1	1	0	0
tweet_00078273	saude202106_n_00165_00000001.jpg	-1	-2	1	0	0	1	0	3	0	0	0	0	3
tweet_00078283	saude202106_n_00168_00000001.png	1	3	0	0	0	2	0	0	0	0	0	1	0
tweet_00078299	saude202106_n_00171_00000001.jpg	1	3	0	0	0	2	0	0	0	0	0	0	-2
tweet_00078321	saude202106_n_00174_00000001.jpg	1	1	0	0	0	0	0	0	0	0	10	-1	0
tweet_00078325	saude202106_n_00175_00000001.jpg	1	1	0	0	0	0	1	0	0	-1	1	-1	-1
tweet_00078329	saude202106_n_00176_00000001.png	0	1	0	0	0	0	0	0	0	0	0	0	-5
tweet_00078339	saude202106_n_00177_00000002.jpg	-1	-1	1	0	0	2	0	0	0	0	0	0	-3
tweet_00078342	saude202106_n_00177_00000003.png	1	2	0	0	0	0	1	0	0	0	0	0	14
tweet_00078351	saude202106_n_00180_00000001.jpg	2	2	0	0	0	0	0	0	0	12	0	0	-1
tweet_00078368	saude202106_n_00188_00000001.jpg	2	-2	0	0	0	0	0	0	0	0	0	0	-1
tweet_00078380	saude202106_n_00189_00000004.jpg	1	1	0	0	-2	0	0	0	-1	0	0	1	0
tweet_00078394	saude202106_n_00190_00000001.jpg	0	1	0	-2	0	0	0	0	0	0	0	-1	0
tweet_00078411	saude202106_n_00190_00000002.jpg	2	3	0	0	-2	0	0	0	0	1	0	0	-2
tweet_00078429	saude202106_n_00192_00000001.jpg	1	1	0	0	0	0	0	0	0	1	0	0	0
tweet_00078434	saude202106_n_00192_00000002.jpg	1	-3	0	0	0	1	0	0	0	12	0	0	0
tweet_00078448	saude202106_n_00195_00000001.jpg	0	-1	1	0	0	0	4	1	0	0	0	0	6
tweet_00078449	saude202106_n_00195_00000002.jpg	0	1	1	0	0	0	0	0	0	12	0	0	0
tweet_00078452	saude202106_n_00195_00000003.jpg	0	2	2	0	0	0	4	1	0	-1	0	0	22
tweet_00078456	saude202106_n_00195_00000004.png	1	2	1	0	1	0	0	3	0	-1	0	0	7
tweet_00078465	saude202106_n_00196_00000003.jpg	-1	2	0	0	0	0	0	0	0	0	0	0	0
tweet_00078483	saude202106_n_00198_00000001.jpg	-2	2	0	-1	0	0	0	2	0	0	0	0	9
tweet_00078485	saude202106_n_00198_00000002.jpg	0	4	0	-1	0	0	0	3	7	0	0	0	0
tweet_00078488	saude202106_n_00198_00000003.jpg	1	0	0	0	0	1	0	0	0	12	0	0	0
tweet_00078505	saude202106_n_00200_00000001.jpg	4	-1	0	0	0	0	0	0	0	19	0	0	0
tweet_00078513	saude202106_n_00200_00000002.jpg	1	-1	0	2	0	0	0	0	3	9	0	1	0
tweet_00078520	saude202106_n_00201_00000002.png	1	0	0	0	0	1	0	0	0	3	0	0	0
tweet_00078548	saude202106_n_00201_00000003.jpg	5	0	0	0	0	0	0	0	1	0	1	0	0
tweet_00078580	saude202106_n_00202_00000002.jpg	0	1	-1	0	0	1	4	0	4	0	1	5	1
tweet_00078602	saude202106_n_00203_00000004.jpg	0	-1	2	0	0	1	0	1	0	0	0	0	4
tweet_00078632	saude202106_n_00204_00000001.jpg	1	-2	0	0	0	0	0	0	0	0	10	0	0
tweet_00078650	saude202106_n_00205_00000001.jpg	0	0	-1	0	0	2	1	0	0	0	0	0	-2
tweet_00078723	saude202106_n_00206_00000001.jpg	1	2	0	-1	0	0	2	0	0	0	0	-1	-1
tweet_00078768	saude202106_n_00207_00000002.jpg	0	2	2	-1	2	0	0	0	0	0	0	-1	-4
tweet_00078807	saude202106_n_00207_00000004.jpg	1	-1	0	0	0	0	0	0	0	0	0	0	-2
tweet_00078816	saude202106_n_00207_00000005.jpg	1	1	0	0	0	0	0	2	0	0	-2	-1	-2
tweet_00078828	saude202106_n_00207_00000006.jpg	5	-1	0	0	0	0	0	-1	0	4	0	-1	0
tweet_00078849	saude202106_n_00208_00000001.jpg	-2	-2	0	0	0	0	0	0	0	0	0	0	-4
tweet_00078875	saude202106_n_00209_00000001.jpg	1	3	0	1	0	0	-1	0	0	0	1	-1	-1
tweet_00078892	saude202106_n_00209_00000002.jpg	0	1	1	0	0	0	5	2	0	0	0	0	0
tweet_00078921	saude202106_n_00209_00000003.jpg	0	0	2	0	0	1	0	0	0	0	0	0	-3
tweet_00078939	saude202106_n_00210_00000001.png	-1	0	0	0	0	0	0	1	0	0	0	0	0
tweet_00078980	saude202106_n_00211_00000001.jpg	-2	0	0	0	0	2	1	0	0	0	0	-1	-4
tweet_00078995	saude202106_n_00211_00000003.jpg	0	1	0	-1	0	0	0	0	2	0	0	0	0
tweet_00079000	saude202106_n_00211_00000004.jpg	0	0	0	0	0	0	0	0	0	0	0	0	-4
tweet_00079011	saude202106_n_00212_00000001.jpg	0	0	0	0	0	1	0	0	0	1	0	0	-1
tweet_00079028	saude202106_n_00213_00000001.jpg	1	0	0	0	0	1	0	0	0	0	0	-1	0
tweet_00079033	saude202106_n_00213_00000002.jpg	1	-3	0	0	0	2	0	0	0	9	0	0	0
tweet_00079034	saude202106_n_00213_00000003.jpg	3	-3	0	2	0	2	0	0	0	9	0	0	0
tweet_00079083	saude202106_n_00214_00000002.jpg	-2	0	0	-1	0	1	0	0	0	0	0	0	-4
tweet_00079089	saude202106_n_00215_00000001.jpg	1	1	0	-1	0	0	0	3	0	5	0	0	0
tweet_00079092	saude202106_n_00215_00000004.jpg	0	2	0	0	-1	0	0	9	2	0	0	0	0
tweet_00079096	saude202106_n_00215_00000005.png	-1	0	0	0	0	0	0	0	0	0	0	0	-3
tweet_00079099	saude202106_n_00216_00000001.jpg	0	2	0	0	1	0	0	1	0	0	0	-1	-1
tweet_00079105	saude202106_n_00216_00000002.jpg	1	0	0	0	3	0	0	0	0	2	0	0	0
tweet_00079115	saude202106_n_00216_00000003.jpg	1	0	-1	0	0	1	20	0	0	0	0	3	3
tweet_00079143	saude202106_n_00217_00000002.png	0	-1	0	0	0	2	3	0	0	0	0	0	-4
tweet_00079177	saude202106_n_00218_00000002.png	1	-3	0	0	0	2	0	0	0	6	0	0	0
tweet_00079189	saude202106_n_00219_00000001.jpg	0	2	0	0	1	0	8	1	0	0	0	0	0
tweet_00079215	saude202106_n_00220_00000001.jpg	-3	2	0	0	-1	2	0	4	3	0	0	0	-1
tweet_00079216	saude202106_n_00222_00000001.jpg	1	-3	0	0	0	2	0	0	0	2	0	0	-1
tweet_00079220	saude202106_n_00223_00000001.jpg	0	-2	0	0	-1	2	0	0	0	8	0	0	0
tweet_00079234	saude202106_n_00225_00000001.jpg	0	-3	0	0	0	2	0	0	0	7	0	0	0
tweet_00079252	saude202106_n_00226_00000001.jpg	0	2	0	0	0	0	0	0	0	8	0	0	0
tweet_00079255	saude202106_n_00227_00000001.jpg	0	2	0	0	0	0	2	3	0	0	0	0	13
tweet_00079258	saude202106_n_00227_00000002.jpg	0	0	0	0	0	2	0	0	0	4	0	-1	0
tweet_00079261	saude202106_n_00227_00000003.jpg	6	2	1	0	-2	1	0	0	3	0	1	7	1
tweet_00079266	saude202106_n_00228_00000001.jpg	0	1	0	0	0	0	0	0	0	-1	0	0	-3
tweet_00079278	saude202106_n_00228_00000002.jpg	1	2	0	0	0	0	1	0	0	-1	1	0	0
tweet_00079280	saude202106_n_00231_00000001.jpg	0	2	0	-2	0	0	0	0	0	0	0	0	-1
tweet_00079330	saude202106_n_00232_00000001.jpg	1	1	0	0	0	0	0	0	0	1	0	-1	-1
tweet_00079336	saude202106_n_00233_00000001.png	0	1	0	0	0	1	3	0	0	0	0	0	-4
tweet_00079337	saude202106_n_00233_00000002.jpg	0	1	0	-1	0	0	-1	0	0	0	5	11	3
tweet_00079353	saude202106_n_00234_00000002.jpg	2	1	0	-1	0	0	0	0	1	1	0	4	0
tweet_00079358	saude202106_n_00234_00000003.jpg	0	0	0	0	0	0	0	5	0	-1	0	0	8
tweet_00079365	saude202106_n_00234_00000004.jpg	4	-1	0	0	0	1	0	1	0	1	0	0	0
tweet_00079373	saude202106_n_00235_00000001.jpg	4	1	0	0	-2	0	0	9	0	0	0	0	0
tweet_00079381	saude202106_n_00235_00000002.jpg	1	1	0	0	0	0	4	1	0	0	0	0	2
tweet_00079412	saude202106_n_00237_00000001.jpg	1	1	-1	0	0	2	0	0	0	15	0	1	2
tweet_00079450	saude202106_n_00239_00000001.jpg	1	1	0	0	1	0	0	0	0	6	0	0	0
tweet_00079452	saude202106_n_00239_00000004.png	0	2	1	0	0	0	0	0	0	0	0	-3	0
tweet_00079470	saude202106_n_00240_00000002.jpg	2	3	0	-2	0	1	4	1	0	-1	0	0	-1
tweet_00079475	saude202106_n_00241_00000001.jpg	1	1	0	0	-2	0	0	0	0	1	0	0	0
tweet_00079479	saude202106_n_00242_00000001.jpg	0	1	0	-2	0	1	0	0	0	0	0	-4	-2
tweet_00079480	saude202106_n_00242_00000002.jpg	1	1	0	0	-2	0	0	0	0	10	0	0	1
tweet_00079495	saude202106_n_00243_00000001.jpg	1	2	0	-1	0	0	0	0	0	17	0	1	0
tweet_00079499	saude202106_n_00245_00000001.jpg	1	1	0	0	0	0	0	0	0	9	0	-4	-1
tweet_00079522	saude202107_n_00001_00000001.jpg	0	2	0	0	-1	0	0	0	0	3	0	0	0
tweet_00079523	saude202107_n_00001_00000002.jpg	0	0	0	0	0	0	0	0	0	19	0	-1	0
tweet_00079539	saude202107_n_00001_00000003.jpg	1	0	0	-1	0	1	0	1	0	3	0	0	0
tweet_00079600	saude202107_n_00003_00000003.jpg	2	0	0	0	-2	0	0	0	1	18	0	1	0
tweet_00079605	saude202107_n_00003_00000004.jpg	1	-2	2	0	0	0	0	0	0	1	0	-4	0
tweet_00079611	saude202107_n_00004_00000001.jpg	1	2	0	0	-2	0	0	0	0	0	0	0	1
tweet_00079614	saude202107_n_00004_00000002.jpg	5	0	0	0	-2	2	0	0	0	1	0	0	-2
tweet_00079616	saude202107_n_00004_00000003.png	0	1	0	0	0	0	0	0	0	0	10	1	-1
tweet_00079624	saude202107_n_00004_00000005.jpg	1	1	0	0	-2	0	0	1	0	0	0	0	3
tweet_00079625	saude202107_n_00004_00000006.jpg	0	0	0	0	0	2	0	0	0	0	0	0	-3
tweet_00079626	saude202107_n_00004_00000008.jpg	0	1	0	0	0	0	8	-3	0	1	0	1	1
tweet_00079628	saude202107_n_00004_00000009.jpg	0	2	0	0	0	0	0	1	0	0	0	0	3
tweet_00079638	saude202107_n_00004_00000010.png	0	1	0	0	0	0	0	0	0	0	11	1	-1
tweet_00079639	saude202107_n_00004_00000011.jpg	2	0	0	0	0	3	0	0	0	3	0	0	0
tweet_00079659	saude202107_n_00005_00000002.jpg	-1	2	0	0	1	1	0	0	0	4	0	0	0
tweet_00079660	saude202107_n_00005_00000003.jpg	1	1	0	0	0	0	0	0	3	0	11	0	0
tweet_00079672	saude202107_n_00005_00000004.jpg	1	1	0	0	-3	0	0	0	0	0	0	-1	-2
tweet_00079678	saude202107_n_00006_00000001.jpg	1	-1	0	0	0	0	0	0	0	14	0	0	0
tweet_00079688	saude202107_n_00006_00000002.jpg	1	-2	1	0	1	0	0	0	0	7	0	-2	-1
tweet_00079690	saude202107_n_00006_00000003.jpg	0	1	0	0	-2	0	0	0	0	0	0	-2	-1
tweet_00079705	saude202107_n_00006_00000005.jpg	0	5	0	0	-2	1	0	12	0	0	0	0	14
tweet_00079744	saude202107_n_00007_00000001.jpg	2	3	0	0	0	0	0	11	0	0	0	0	12
tweet_00079752	saude202107_n_00008_00000001.jpg	-1	3	0	0	0	0	0	0	0	0	0	0	-3
tweet_00079753	saude202107_n_00008_00000002.jpg	1	3	0	-1	0	0	0	0	0	0	0	0	-2
tweet_00079758	saude202107_n_00008_00000003.jpg	1	1	0	0	0	0	0	0	1	-1	2	2	0
tweet_00079766	saude202107_n_00008_00000004.jpg	0	0	0	0	-2	2	0	0	0	0	0	0	-1
tweet_00079769	saude202107_n_00008_00000005.jpg	0	1	1	0	0	0	0	2	0	0	0	0	2
tweet_00079789	saude202107_n_00010_00000001.jpg	3	-3	0	1	1	0	0	0	0	0	0	0	-3
tweet_00079797	saude202107_n_00010_00000002.jpg	-1	1	0	0	-1	2	0	0	0	0	0	0	-3
tweet_00079827	saude202107_n_00011_00000001.jpg	1	1	0	0	0	2	0	0	0	3	0	0	0
tweet_00079830	saude202107_n_00011_00000002.jpg	1	3	0	0	0	0	0	0	-1	0	-5	0	11
tweet_00079859	saude202107_n_00013_00000001.jpg	2	0	0	0	1	0	0	0	1	0	0	0	0
tweet_00079868	saude202107_n_00013_00000002.jpg	2	1	0	-1	-2	0	0	0	4	0	0	1	0
tweet_00079880	saude202107_n_00014_00000001.jpg	0	-1	0	0	0	1	0	0	0	0	0	0	-4
tweet_00079903	saude202107_n_00015_00000001.jpg	-1	2	1	-1	0	0	3	0	0	1	0	0	-2
tweet_00079911	saude202107_n_00015_00000002.jpg	0	-1	0	-1	0	0	3	0	0	0	0	0	-4
tweet_00079917	saude202107_n_00015_00000004.jpg	-3	1	0	0	0	0	0	2	0	0	0	0	-1
tweet_00079924	saude202107_n_00016_00000001.jpg	2	-3	0	0	1	2	0	0	0	17	0	0	0
tweet_00079948	saude202107_n_00017_00000001.jpg	0	-1	0	0	0	1	0	1	3	5	0	1	-2
tweet_00079959	saude202107_n_00017_00000002.jpg	0	-1	0	-1	0	0	0	0	0	0	0	0	-1
tweet_00079975	saude202107_n_00017_00000004.jpg	0	-2	1	0	2	0	0	0	0	9	0	-2	-1
tweet_00079977	saude202107_n_00017_00000005.jpg	1	-3	0	0	0	1	0	0	0	10	0	0	0
tweet_00079988	saude202107_n_00018_00000001.jpg	0	0	0	0	0	1	0	1	0	7	0	0	0
tweet_00080001	saude202107_n_00018_00000002.png	0	0	4	-1	0	0	2	0	0	0	0	0	0
tweet_00080003	saude202107_n_00018_00000003.jpg	1	-1	0	0	0	1	0	-1	0	0	7	0	0
tweet_00080016	saude202107_n_00019_00000002.jpg	1	0	-1	0	0	0	0	0	0	28	0	0	0
tweet_00080021	saude202107_n_00019_00000003.jpg	1	2	0	0	-1	2	0	0	0	12	0	0	0
tweet_00080022	saude202107_n_00019_00000004.jpg	0	1	0	-1	0	1	0	2	0	0	0	0	0
tweet_00080037	saude202107_n_00021_00000001.png	0	0	0	0	0	0	0	1	1	16	0	1	0
tweet_00080041	saude202107_n_00021_00000002.jpg	0	-1	0	0	1	0	0	-1	0	0	13	0	0
tweet_00080054	saude202107_n_00022_00000001.jpg	-6	-1	0	0	2	0	0	0	0	0	0	0	-1
tweet_00080062	saude202107_n_00022_00000002.jpg	1	-1	0	0	0	0	0	0	0	19	0	0	0
tweet_00080063	saude202107_n_00022_00000003.jpg	3	0	0	0	0	0	0	0	0	0	0	0	-1
tweet_00080065	saude202107_n_00023_00000001.jpg	1	-1	0	0	0	1	0	0	0	10	0	0	0
tweet_00080083	saude202107_n_00023_00000003.jpg	0	2	0	0	1	0	0	1	0	0	0	0	-1
tweet_00080085	saude202107_n_00023_00000004.jpg	1	-1	0	0	0	1	0	0	0	4	0	0	0
tweet_00080089	saude202107_n_00023_00000005.jpg	2	-1	0	0	0	1	0	0	0	2	0	0	0
tweet_00080110	saude202107_n_00023_00000007.jpg	1	-1	0	0	0	1	0	-2	0	10	0	1	1
tweet_00080111	saude202107_n_00024_00000001.jpg	1	-2	1	0	1	0	0	0	0	10	0	-3	-1
tweet_00080112	saude202107_n_00024_00000002.jpg	1	-1	0	0	0	1	1	0	0	0	1	0	0
tweet_00080130	saude202107_n_00024_00000004.jpg	1	0	0	0	0	0	0	0	0	0	0	-1	0
tweet_00080131	saude202107_n_00024_00000005.jpg	0	2	0	-1	0	0	0	0	6	0	1	0	0
tweet_00080133	saude202107_n_00024_00000006.jpg	1	-1	0	0	0	1	0	0	0	14	0	0	0
tweet_00080138	saude202107_n_00024_00000007.jpg	1	-2	0	0	1	0	0	0	0	0	1	0	0
tweet_00080174	saude202107_n_00025_00000003.jpg	1	-2	0	0	1	0	0	0	0	7	0	-1	-1
tweet_00080235	saude202107_n_00027_00000001.jpg	0	-1	0	-2	1	0	1	0	0	1	2	0	0
tweet_00080251	saude202107_n_00027_00000003.jpg	3	-3	0	0	2	0	0	0	0	0	2	0	0
tweet_00080264	saude202107_n_00028_00000001.jpg	1	-3	0	0	1	0	0	0	0	1	0	0	0
tweet_00080289	saude202107_n_00028_00000002.jpg	1	1	-1	0	-1	1	0	0	0	0	0	0	-4
tweet_00080298	saude202107_n_00028_00000004.jpg	1	-2	1	0	2	0	0	0	0	10	0	-3	-1
tweet_00080309	saude202107_n_00028_00000006.jpg	2	1	0	0	0	1	0	0	0	10	0	1	0
tweet_00080313	saude202107_n_00028_00000007.jpg	1	-2	0	0	1	0	1	0	0	0	0	0	-1
tweet_00080328	saude202107_n_00029_00000001.jpg	2	-1	0	0	0	0	-2	-1	2	2	-1	-13	0
tweet_00080347	saude202107_n_00029_00000004.jpg	1	-3	0	0	1	0	0	0	0	9	0	1	0
tweet_00080348	saude202107_n_00029_00000005.jpg	0	1	0	0	0	0	0	26	3	0	0	1	0
tweet_00080349	saude202107_n_00029_00000007.jpg	0	-1	1	0	2	0	0	0	0	0	2	0	0
tweet_00080364	saude202107_n_00035_00000003.jpg	0	0	0	0	0	0	0	0	0	6	0	0	0
tweet_00080366	saude202107_n_00029_00000009.jpg	1	-2	1	0	2	0	0	0	0	8	0	-3	-1
tweet_00080392	saude202107_n_00030_00000002.jpg	2	-2	3	0	1	0	1	0	0	15	0	0	2
tweet_00080406	saude202107_n_00030_00000005.jpg	1	0	-1	0	-1	0	1	-1	0	23	0	1	0
tweet_00080426	saude202107_n_00031_00000001.jpg	1	1	-1	0	0	1	0	0	0	0	0	0	-7
tweet_00080442	saude202107_n_00031_00000002.jpg	1	2	0	-1	0	1	0	0	0	1	0	0	-2
tweet_00080459	saude202107_n_00032_00000001.jpg	-2	-1	0	0	0	1	0	0	0	0	0	0	-6
tweet_00080460	saude202107_n_00032_00000002.jpg	2	0	-1	0	-1	0	5	-2	1	1	0	1	0
tweet_00080466	saude202107_n_00032_00000003.png	1	0	0	0	0	1	0	0	0	0	0	0	0
tweet_00080483	saude202107_n_00033_00000001.jpg	1	2	-1	0	0	0	25	0	0	3	0	0	-2
tweet_00080496	saude202107_n_00033_00000002.jpg	-1	2	0	0	0	1	0	0	0	10	0	0	0
tweet_00080499	saude202107_n_00035_00000001.jpg	-1	0	0	0	0	1	5	0	0	0	0	0	-3
tweet_00080511	saude202107_n_00035_00000002.jpg	0	-1	0	0	0	1	0	0	0	8	0	0	0
tweet_00080534	saude202107_n_00036_00000001.jpg	1	0	0	0	0	2	0	0	0	0	0	0	-4
tweet_00080546	saude202107_n_00036_00000002.jpg	0	-2	0	-1	-1	1	0	0	0	0	0	0	-3
tweet_00080547	saude202107_n_00037_00000001.jpg	0	1	0	0	0	2	7	0	0	0	0	0	-3
tweet_00080574	saude202107_n_00039_00000001.jpg	3	-2	2	0	1	0	0	0	0	14	0	0	0
tweet_00080641	saude202107_n_00042_00000002.jpg	5	0	0	0	0	0	0	0	3	0	0	1	0
tweet_00080644	saude202107_n_00042_00000003.jpg	1	0	1	0	-1	0	0	0	0	6	0	0	0
tweet_00080654	saude202107_n_00043_00000001.jpg	3	-3	1	1	0	0	0	0	0	0	0	0	-2
tweet_00080673	saude202107_n_00043_00000002.jpg	2	-1	-1	0	0	1	0	0	0	15	0	0	0
tweet_00080677	saude202107_n_00043_00000004.jpg	3	-2	2	0	1	0	1	1	0	13	0	-2	0
tweet_00080688	saude202107_n_00046_00000004.jpg	0	0	0	-1	0	4	3	2	0	0	0	0	23
tweet_00080691	saude202107_n_00043_00000005.jpg	1	-2	2	0	1	0	0	0	0	8	0	0	0
tweet_00080694	saude202107_n_00044_00000001.jpg	1	-2	1	0	1	0	-3	-3	0	1	-25	1	0
tweet_00080718	saude202107_n_00044_00000003.jpg	0	0	0	0	0	2	0	0	0	0	0	0	-3
tweet_00080744	saude202107_n_00045_00000002.jpg	1	1	0	0	0	2	0	0	0	0	0	0	-6
tweet_00080753	saude202107_n_00046_00000001.jpg	1	-2	3	-1	1	0	0	0	0	9	0	0	0
tweet_00080780	saude202107_n_00046_00000003.png	0	-1	1	0	1	-1	0	0	0	11	0	-2	0
tweet_00080816	saude202107_n_00047_00000004.jpg	1	1	-2	0	0	0	0	0	1	-1	0	0	0
tweet_00080830	saude202107_n_00048_00000001.jpg	1	-1	1	1	0	0	0	0	0	4	0	0	0
tweet_00080841	saude202107_n_00048_00000002.jpg	0	0	0	0	0	0	0	1	0	0	0	0	-3
tweet_00080844	saude202107_n_00048_00000003.jpg	1	1	0	0	0	1	0	0	0	4	0	-1	0
tweet_00080846	saude202107_n_00048_00000004.jpg	1	0	0	0	0	2	0	0	0	-1	0	2	1
tweet_00080880	saude202107_n_00049_00000001.jpg	3	-2	0	0	0	0	0	0	0	6	0	-1	0
tweet_00080881	saude202107_n_00049_00000002.jpg	1	0	2	1	0	0	0	0	0	0	2	0	0
tweet_00080892	saude202107_n_00050_00000001.jpg	1	-2	0	0	0	0	0	0	0	0	0	0	-1
tweet_00080897	saude202107_n_00050_00000002.jpg	1	-1	1	0	0	0	0	0	0	25	0	0	0
tweet_00080919	saude202107_n_00051_00000001.jpg	1	0	0	0	0	2	0	0	0	0	0	0	-5
tweet_00080921	saude202107_n_00051_00000002.jpg	4	0	0	0	0	1	3	1	0	0	0	0	23
tweet_00080949	saude202107_n_00051_00000005.jpg	1	-1	1	0	0	0	0	0	0	3	0	0	0
tweet_00080973	saude202107_n_00052_00000005.jpg	1	-1	0	0	0	0	0	0	0	17	0	0	0
tweet_00081032	saude202107_n_00054_00000002.jpg	0	-1	1	0	0	1	0	1	0	9	0	0	0
tweet_00081034	saude202107_n_00054_00000003.jpg	1	0	0	0	0	1	0	0	0	0	-10	0	-1
tweet_00081075	saude202107_n_00055_00000002.jpg	1	-1	1	1	0	1	0	0	0	0	0	0	1
tweet_00081077	saude202107_n_00055_00000003.jpg	1	-1	1	0	0	2	0	0	0	3	0	0	0
tweet_00081078	saude202107_n_00055_00000004.png	0	-1	1	0	0	0	0	0	0	25	0	0	0
tweet_00081088	saude202107_n_00055_00000005.jpg	1	-1	1	0	0	0	0	0	0	7	0	0	0
tweet_00081092	saude202107_n_00055_00000006.jpg	1	-2	0	0	0	1	0	0	0	9	0	0	0
tweet_00081106	saude202107_n_00056_00000001.jpg	2	2	0	0	0	0	2	0	2	7	0	0	0
tweet_00081135	saude202107_n_00058_00000006.png	1	0	0	-1	0	5	0	0	0	3	0	-1	-1
tweet_00081138	saude202107_n_00058_00000007.jpg	0	0	0	0	0	1	0	0	0	1	0	0	-1
tweet_00081153	saude202107_n_00059_00000001.jpg	3	0	0	0	0	0	0	20	0	0	0	1	1
tweet_00081159	saude202107_n_00059_00000002.jpg	1	0	1	0	0	2	0	0	0	0	0	0	-4
tweet_00081175	saude202107_n_00060_00000001.jpg	0	0	0	0	0	0	0	0	0	0	0	0	-4
tweet_00081177	saude202107_n_00060_00000002.jpg	4	-1	0	0	0	1	0	0	0	8	0	0	0
tweet_00081197	saude202107_n_00060_00000004.jpg	-2	2	-1	-1	0	0	0	3	0	0	0	0	-1
tweet_00081215	saude202107_n_00061_00000001.jpg	0	2	0	0	0	1	0	0	0	0	0	-1	-3
tweet_00081218	saude202107_n_00062_00000001.jpg	-1	2	0	-1	0	1	0	0	0	-1	0	-1	-2
tweet_00081221	saude202107_n_00062_00000002.jpg	1	-1	0	0	-1	2	2	0	0	2	0	0	-3
tweet_00081222	saude202107_n_00062_00000003.jpg	2	0	0	0	0	0	0	0	0	0	0	0	-1
tweet_00081224	saude202107_n_00062_00000004.jpg	-2	1	0	0	0	0	0	1	3	0	0	3	0
tweet_00081234	saude202107_n_00062_00000008.jpg	1	1	0	-1	0	2	0	4	0	1	0	-1	8
tweet_00081250	saude202107_n_00062_00000009.png	1	0	0	0	0	2	0	0	0	8	0	0	0
tweet_00081274	saude202107_n_00063_00000002.jpg	1	4	0	0	0	0	0	0	0	1	0	0	0
tweet_00081276	saude202107_n_00063_00000003.jpg	1	-1	3	1	1	0	0	0	0	4	0	0	0
tweet_00081287	saude202107_n_00063_00000004.jpg	1	-1	0	1	1	1	1	1	0	13	0	-2	0
tweet_00081288	saude202107_n_00063_00000005.jpg	1	-1	1	1	1	0	0	0	0	13	0	0	0
tweet_00081303	saude202107_n_00063_00000008.jpg	0	0	0	0	0	2	0	0	0	1	0	0	-6
tweet_00081328	saude202107_n_00064_00000002.jpg	1	2	0	-1	0	0	0	0	0	0	0	0	-2
tweet_00081341	saude202107_n_00064_00000003.jpg	1	4	0	-1	0	1	0	6	0	0	0	0	7
tweet_00081342	saude202107_n_00064_00000004.jpg	-2	-2	0	0	0	0	0	0	0	1	0	0	0
tweet_00081343	saude202107_n_00064_00000005.jpg	0	1	1	0	0	1	1	1	-2	0	0	0	18
tweet_00081344	saude202107_n_00064_00000006.jpg	1	4	0	0	0	0	0	0	0	0	2	-1	1
tweet_00081364	saude202107_n_00065_00000004.jpg	1	-1	0	-1	0	2	0	0	0	0	0	0	-4
tweet_00081443	saude202107_n_00068_00000001.jpg	-2	1	0	-1	-1	0	0	1	2	0	0	0	-2
tweet_00081444	saude202107_n_00068_00000002.jpg	0	1	0	-2	-1	2	2	0	0	0	0	0	-8
tweet_00081451	saude202107_n_00068_00000004.jpg	3	-3	0	2	0	0	1	0	0	25	0	1	0
tweet_00081465	saude202107_n_00069_00000001.jpg	1	-1	0	0	-1	1	0	0	0	10	0	0	0
tweet_00081466	saude202107_n_00069_00000002.jpg	0	2	0	0	0	0	0	0	0	0	0	-1	-3
tweet_00081474	saude202107_n_00070_00000002.jpg	0	1	0	0	0	0	0	0	0	0	0	0	-6
tweet_00081486	saude202107_n_00071_00000002.jpg	1	-1	0	0	-1	1	0	-1	0	0	11	-1	0
tweet_00081488	saude202107_n_00071_00000003.jpg	0	-1	0	0	-1	1	0	0	0	0	2	0	0
tweet_00081502	saude202107_n_00072_00000002.jpg	4	-1	0	0	0	2	0	0	0	26	0	0	0
tweet_00081531	saude202107_n_00073_00000001.jpg	4	-2	0	0	0	0	0	0	0	2	0	0	0
tweet_00081540	saude202107_n_00073_00000002.jpg	1	-1	0	0	-1	1	0	0	0	0	6	0	0
tweet_00081544	saude202107_n_00073_00000003.jpg	4	-2	0	0	-1	1	0	-1	0	0	16	0	0
tweet_00081571	saude202107_n_00074_00000005.jpg	1	1	0	0	-1	1	0	0	0	0	0	0	-1
tweet_00081578	saude202107_n_00075_00000001.jpg	0	-1	0	1	0	0	0	0	0	12	0	0	0
tweet_00081588	saude202107_n_00075_00000004.jpg	0	3	0	0	0	0	0	0	0	21	0	0	0
tweet_00081589	saude202107_n_00075_00000005.jpg	2	-1	0	0	-2	1	0	-1	0	0	11	0	0
tweet_00081592	saude202107_n_00075_00000006.jpg	0	-1	0	0	0	3	0	0	0	2	0	0	-2
tweet_00081606	saude202107_n_00075_00000008.png	1	-1	0	0	-2	1	0	-1	0	0	14	0	0
tweet_00081652	saude202107_n_00076_00000002.jpg	0	-1	0	1	0	0	1	0	0	1	3	-1	0
tweet_00081662	saude202107_n_00077_00000001.jpg	2	-2	0	0	-1	0	0	0	0	5	0	0	0
tweet_00081671	saude202107_n_00085_00000002.jpg	1	3	0	0	0	0	0	0	0	1	0	0	0
tweet_00081672	saude202107_n_00077_00000004.jpg	1	5	0	0	0	0	0	1	0	0	0	0	0
tweet_00081675	saude202107_n_00077_00000005.jpg	1	1	0	0	-1	0	0	0	0	1	0	0	-2
tweet_00081676	saude202107_n_00077_00000006.jpg	1	2	0	0	-1	0	0	0	3	0	0	0	0
tweet_00081681	saude202107_n_00078_00000002.jpg	1	-1	2	0	0	0	0	0	0	4	0	0	0
tweet_00081692	saude202107_n_00078_00000003.png	1	1	0	0	0	0	0	21	0	0	0	0	0
tweet_00081695	saude202107_n_00079_00000001.jpg	2	-1	0	0	1	0	0	0	0	0	0	0	-1
tweet_00081698	saude202107_n_00079_00000003.jpg	1	3	0	0	0	0	0	0	1	2	0	10	1
tweet_00081720	saude202107_n_00081_00000002.jpg	0	4	0	0	0	0	0	0	0	1	0	1	0
tweet_00081733	saude202107_n_00082_00000001.jpg	0	3	1	0	0	0	21	0	0	0	0	0	-1
tweet_00081770	saude202107_n_00086_00000002.jpg	0	-1	2	0	0	0	0	0	0	9	0	-1	0
tweet_00081786	saude202107_n_00087_00000001.jpg	0	3	0	0	0	0	0	0	0	12	0	0	0
tweet_00081794	saude202107_n_00088_00000001.jpg	1	3	0	0	0	0	0	0	0	1	0	-1	0
tweet_00081796	saude202107_n_00088_00000003.jpg	2	-2	1	0	0	1	1	0	0	12	0	-1	0
tweet_00081805	saude202107_n_00089_00000002.jpg	0	3	0	0	0	0	-3	0	-1	10	0	1	0
tweet_00081806	saude202107_n_00089_00000003.jpg	0	2	0	0	0	0	0	0	0	1	0	-1	-4
tweet_00081815	saude202107_n_00091_00000001.jpg	0	-1	1	0	0	0	0	0	0	3	0	0	0
tweet_00081817	saude202107_n_00091_00000002.jpg	2	5	0	0	0	0	0	0	0	10	0	0	0
tweet_00081849	saude202107_n_00095_00000001.jpg	0	2	0	0	-1	0	0	0	0	-1	0	0	0
tweet_00081852	saude202107_n_00095_00000003.jpg	1	-2	2	0	0	0	0	2	0	11	0	-1	0
tweet_00081866	saude202107_n_00100_00000001.jpg	1	5	0	0	0	0	0	2	0	0	0	-1	0
tweet_00081874	saude202107_n_00102_00000001.jpg	2	6	0	0	0	0	1	9	0	0	0	0	19
tweet_00081876	saude202107_n_00102_00000002.jpg	3	-2	0	0	0	3	4	0	0	0	0	0	-4
tweet_00081893	saude202107_n_00114_00000001.png	-1	-1	0	0	0	2	0	2	1	-1	0	1	-1
tweet_00081905	saude202107_n_00124_00000005.jpg	1	2	0	0	0	1	0	1	0	-1	0	0	14
tweet_00081906	saude202107_n_00124_00000006.jpg	1	1	0	0	-1	0	0	24	0	0	0	0	5
tweet_00081909	saude202107_n_00124_00000007.jpg	0	2	0	-1	-1	0	1	0	0	6	0	0	1
tweet_00081910	saude202107_n_00124_00000008.jpg	1	-2	-1	-1	-2	1	0	0	0	0	0	0	-5
tweet_00081914	saude202107_n_00127_00000001.jpg	1	3	0	0	0	1	2	1	0	0	0	0	7
tweet_00081952	saude202107_n_00128_00000002.jpg	0	2	0	0	0	0	0	0	2	0	0	0	0
tweet_00081955	saude202107_n_00129_00000001.jpg	0	5	0	0	0	1	0	0	0	0	0	0	10
tweet_00081959	saude202107_n_00129_00000002.jpg	1	2	0	0	0	1	0	2	0	0	0	0	0
tweet_00081968	saude202107_n_00129_00000003.jpg	0	2	0	0	0	0	0	0	0	8	0	1	0
tweet_00081979	saude202107_n_00129_00000004.jpg	0	4	0	0	0	1	0	0	0	0	0	0	-3
tweet_00082011	saude202107_n_00130_00000001.jpg	1	1	0	0	0	0	0	0	0	1	0	-1	0
tweet_00082052	saude202107_n_00132_00000001.jpg	1	4	1	0	0	1	0	0	0	1	0	0	0
tweet_00082073	saude202107_n_00133_00000002.jpg	0	1	0	0	0	0	0	0	0	1	0	-3	-4
tweet_00082091	saude202107_n_00134_00000001.png	-1	5	0	0	-1	0	0	0	0	1	0	-4	6
tweet_00082111	saude202107_n_00135_00000004.jpg	1	-3	0	0	1	2	0	0	0	4	0	0	0
tweet_00082112	saude202107_n_00135_00000005.jpg	1	2	0	-2	0	0	0	2	0	0	0	0	-1
tweet_00082114	saude202107_n_00135_00000009.jpg	0	3	0	0	0	0	10	3	0	0	0	0	-1
tweet_00082115	saude202107_n_00135_00000010.jpg	4	3	0	0	0	0	0	0	0	1	0	0	0
tweet_00082117	saude202107_n_00135_00000011.jpg	2	3	0	0	0	0	1	0	0	0	0	0	12
tweet_00082118	saude202107_n_00135_00000012.jpg	1	1	0	0	0	0	0	0	0	1	0	0	0
tweet_00082129	saude202107_n_00136_00000001.jpg	1	2	0	0	0	1	0	0	1	12	0	1	0
tweet_00082134	saude202107_n_00136_00000002.jpg	0	4	0	0	0	0	0	0	0	1	0	0	-1
tweet_00082136	saude202107_n_00136_00000003.jpg	0	3	0	0	0	0	0	0	0	1	0	0	-1
tweet_00082169	saude202107_n_00138_00000001.jpg	1	0	0	-1	0	2	1	0	0	1	4	0	0
tweet_00082192	saude202107_n_00138_00000002.jpg	0	5	0	0	0	0	0	6	0	0	0	0	17
tweet_00082210	saude202107_n_00139_00000001.jpg	1	3	0	0	0	0	0	0	0	0	0	3	0
tweet_00082220	saude202107_n_00139_00000002.jpg	0	3	0	0	0	0	0	0	0	15	0	0	0
tweet_00082228	saude202107_n_00140_00000001.jpg	-1	2	0	0	0	0	0	2	0	0	0	0	-1
tweet_00082230	saude202107_n_00140_00000002.jpg	1	2	0	0	1	0	4	6	0	0	0	0	22
tweet_00082249	saude202107_n_00140_00000004.jpg	1	4	0	0	0	0	0	0	0	0	0	9	3
tweet_00082255	saude202107_n_00141_00000001.jpg	2	6	0	0	0	0	0	0	1	0	0	4	0
tweet_00082295	saude202107_n_00142_00000001.jpg	1	1	0	0	-2	0	0	1	0	6	0	0	0
tweet_00082298	saude202107_n_00142_00000002.jpg	-1	2	0	0	0	0	0	3	0	0	0	0	-1
tweet_00082299	saude202107_n_00142_00000003.jpg	1	1	0	0	0	0	0	0	0	1	0	0	-2
tweet_00082300	saude202107_n_00142_00000004.jpg	0	1	-1	0	-2	2	0	0	0	1	0	0	0
tweet_00082305	saude202107_n_00142_00000005.jpg	-1	2	0	-1	0	0	0	8	0	0	0	0	0
tweet_00082330	saude202107_n_00143_00000001.jpg	0	1	0	0	0	0	0	0	2	0	0	0	0
tweet_00082347	saude202107_n_00144_00000002.jpg	0	-3	0	0	0	1	0	0	0	0	0	0	-1
tweet_00082350	saude202107_n_00144_00000003.png	1	1	0	0	0	0	0	0	0	-1	0	0	-4
tweet_00082401	saude202107_n_00146_00000001.jpg	0	2	0	1	0	0	0	0	0	0	0	-1	-4
tweet_00082408	saude202107_n_00146_00000002.jpg	1	1	0	0	0	0	0	7	0	0	0	0	21
tweet_00082418	saude202107_n_00146_00000003.png	3	-2	1	1	0	0	0	5	0	0	0	1	0
tweet_00082420	saude202107_n_00146_00000004.jpg	0	0	0	0	0	0	1	2	0	0	0	0	0
tweet_00082449	saude202107_n_00146_00000007.jpg	1	1	-1	0	-1	0	10	-2	0	3	0	1	0
tweet_00082481	saude202107_n_00147_00000001.jpg	1	7	0	0	0	0	0	1	0	0	0	0	14
tweet_00082507	saude202107_n_00148_00000001.jpg	1	1	0	0	0	0	0	5	0	0	0	0	15
tweet_00082534	saude202107_n_00148_00000002.jpg	0	2	0	-1	0	0	0	0	0	13	0	0	0
tweet_00082557	saude202107_n_00149_00000001.jpg	3	1	0	0	0	0	0	1	0	5	0	0	0
tweet_00082558	saude202107_n_00149_00000002.jpg	3	0	0	0	0	2	0	0	2	0	0	1	0
tweet_00082597	saude202107_n_00149_00000005.jpg	1	1	0	0	0	0	0	0	0	0	0	-1	-2
tweet_00082598	saude202107_n_00155_00000004.jpg	1	-2	1	0	1	0	0	0	0	0	0	0	-2
tweet_00082609	saude202107_n_00149_00000007.jpg	3	1	0	0	0	0	0	0	0	5	0	-2	0
tweet_00082610	saude202107_n_00149_00000008.jpg	1	-1	0	0	0	0	0	0	0	26	0	1	1
tweet_00082617	saude202107_n_00150_00000001.jpg	2	-3	0	0	0	0	0	1	0	0	0	0	0
tweet_00082624	saude202107_n_00150_00000002.jpg	1	0	0	0	0	0	4	0	0	-1	0	0	12
tweet_00082627	saude202107_n_00150_00000003.jpg	1	5	0	0	0	0	0	9	0	0	0	1	11
tweet_00082635	saude202107_n_00150_00000004.jpg	2	1	0	0	0	0	0	0	0	-1	0	-1	0
tweet_00082641	saude202107_n_00150_00000005.jpg	0	1	0	0	0	0	0	2	0	0	0	0	4
tweet_00082663	saude202107_n_00151_00000001.jpg	0	-2	0	1	1	0	0	0	0	12	0	-3	-1
tweet_00082668	saude202107_n_00151_00000002.jpg	0	2	0	0	0	0	0	4	0	1	0	0	24
tweet_00082677	saude202107_n_00151_00000004.jpg	1	5	0	0	0	0	0	5	0	0	0	0	25
tweet_00082711	saude202107_n_00152_00000002.jpg	0	2	0	0	0	0	0	0	0	0	0	0	-1
tweet_00082725	saude202107_n_00153_00000001.jpg	0	0	0	-1	0	3	4	0	0	0	0	0	-3
tweet_00082728	saude202107_n_00153_00000002.jpg	1	-3	0	0	1	1	8	0	0	0	0	0	-3
tweet_00082733	saude202107_n_00153_00000003.jpg	-1	3	0	0	0	0	0	0	0	0	0	0	-3
tweet_00082738	saude202107_n_00153_00000004.jpg	3	1	0	0	-2	0	0	0	6	0	4	8	1
tweet_00082742	saude202107_n_00153_00000005.jpg	2	1	0	0	-2	0	1	0	0	0	0	0	0
tweet_00082757	saude202107_n_00153_00000007.jpg	2	1	0	0	1	0	0	0	0	0	0	0	6
tweet_00082769	saude202107_n_00154_00000001.jpg	0	-2	3	-1	0	0	2	0	0	2	0	0	1
tweet_00082772	saude202107_n_00154_00000002.jpg	1	3	0	-1	0	0	0	0	0	3	0	0	0
tweet_00082817	saude202107_n_00155_00000003.jpg	1	-2	-1	0	0	0	0	0	0	0	0	0	-1
tweet_00082831	saude202107_n_00155_00000005.jpg	1	-2	0	0	-1	2	0	0	0	4	0	0	0
tweet_00082852	saude202107_n_00156_00000002.jpg	1	0	0	0	0	0	2	0	0	0	0	0	-3
tweet_00082861	saude202107_n_00156_00000003.jpg	-3	0	0	0	0	5	0	0	0	0	0	0	-2
tweet_00082878	saude202107_n_00157_00000001.jpg	0	1	0	0	0	1	0	0	0	0	0	0	-1
tweet_00082882	saude202107_n_00157_00000003.jpg	2	-2	1	0	1	2	0	0	0	6	0	0	0
tweet_00082915	saude202107_n_00158_00000002.jpg	1	-1	0	0	1	0	0	0	0	1	0	-1	0
tweet_00082917	saude202107_n_00158_00000003.jpg	0	2	0	0	0	0	0	7	0	0	0	0	0
tweet_00082924	saude202107_n_00159_00000001.jpg	2	-2	0	0	0	0	0	0	0	8	0	-1	0
tweet_00082929	saude202107_n_00159_00000002.jpg	1	-2	0	2	0	3	0	0	1	24	0	0	1
tweet_00082931	saude202107_n_00159_00000003.png	0	-2	0	0	3	0	0	0	0	0	0	0	-3
tweet_00082963	saude202107_n_00161_00000001.jpg	1	2	0	0	-2	0	0	0	0	1	3	-1	0
tweet_00082971	saude202107_n_00161_00000002.png	0	3	0	0	0	0	0	1	0	2	0	0	0
tweet_00083006	saude202107_n_00163_00000001.jpg	-1	-1	-1	0	0	1	0	0	0	0	0	0	-5
tweet_00083020	saude202107_n_00163_00000002.jpg	3	-2	0	1	0	3	0	0	0	3	0	0	0
tweet_00083041	saude202107_n_00164_00000001.jpg	1	2	0	0	-1	0	0	0	0	0	0	0	-6
tweet_00083091	saude202107_n_00167_00000001.jpg	0	2	0	0	0	0	0	1	0	0	0	0	-1
tweet_00083100	saude202107_n_00167_00000002.jpg	0	-1	1	1	2	0	0	0	0	0	2	0	0
tweet_00083120	saude202107_n_00168_00000001.jpg	0	3	0	0	0	0	0	1	0	0	0	0	0
tweet_00083137	saude202107_n_00169_00000004.jpg	2	-3	0	-2	3	0	0	0	0	9	0	-3	-2
tweet_00083147	saude202107_n_00169_00000005.jpg	1	0	0	0	1	2	0	4	0	0	0	0	6
tweet_00083155	saude202107_n_00170_00000001.jpg	2	0	0	-3	0	2	0	2	0	0	0	0	-1
tweet_00083160	saude202107_n_00170_00000002.jpg	2	1	0	0	0	0	0	1	0	14	0	0	0
tweet_00083165	saude202107_n_00170_00000003.jpg	2	-2	-1	0	2	0	0	0	0	0	1	0	0
tweet_00083186	saude202107_n_00171_00000002.jpg	0	-1	0	0	0	0	0	0	0	4	0	-1	0
tweet_00083190	saude202107_n_00171_00000003.jpg	1	2	0	-2	0	0	0	0	0	1	0	0	0
tweet_00083193	saude202107_n_00171_00000004.jpg	1	-3	0	1	-1	4	0	0	0	3	0	0	0
tweet_00083194	saude202107_n_00171_00000005.jpg	1	1	0	0	0	-1	0	20	0	0	0	1	5
tweet_00083198	saude202107_n_00172_00000001.jpg	4	-3	1	0	1	0	0	0	0	0	2	0	0
tweet_00083206	saude202107_n_00172_00000002.jpg	1	1	0	-2	0	0	0	6	0	0	0	0	3
tweet_00083226	saude202107_n_00173_00000002.jpg	1	-2	0	0	0	0	0	0	0	20	0	0	0
tweet_00083227	saude202107_n_00173_00000003.png	1	0	0	0	0	1	2	0	0	-1	1	0	3
tweet_00083252	saude202107_n_00173_00000005.jpg	1	-3	0	0	0	3	0	0	0	2	0	0	0
tweet_00083256	saude202107_n_00174_00000001.jpg	5	-3	0	0	0	2	0	0	0	3	0	0	0
tweet_00083258	saude202107_n_00174_00000002.jpg	4	0	0	-1	0	0	0	1	0	1	0	0	2
tweet_00083262	saude202107_n_00174_00000003.jpg	3	-1	0	-1	-1	1	0	2	0	7	0	0	3
tweet_00083266	saude202107_n_00174_00000004.jpg	1	1	0	0	-2	0	0	0	0	1	0	0	0
tweet_00083273	saude202107_n_00174_00000005.jpg	1	-2	0	0	1	0	0	0	0	8	0	-2	-2
tweet_00083282	saude202107_n_00175_00000001.jpg	0	-2	2	0	0	0	1	0	0	0	3	0	0
tweet_00083288	saude202107_n_00175_00000002.jpg	-1	0	0	0	0	0	0	0	0	0	0	0	-5
tweet_00083296	saude202107_n_00175_00000006.jpg	0	2	0	-1	0	0	0	0	0	0	0	0	-6
tweet_00083339	saude202107_n_00180_00000001.jpg	1	-2	0	1	1	0	0	0	0	10	0	-3	-2
tweet_00083357	saude202107_n_00181_00000002.jpg	5	1	0	0	0	0	-1	4	1	1	0	1	0
tweet_00083370	saude202107_n_00183_00000001.jpg	0	-2	0	0	0	2	1	0	0	8	0	-1	0
tweet_00083405	saude202107_n_00185_00000001.jpg	1	-2	0	1	0	3	1	0	0	16	0	-1	0
tweet_00083423	saude202107_n_00186_00000003.png	3	0	0	0	0	2	0	0	0	1	0	0	0
tweet_00083424	saude202107_n_00186_00000004.jpg	3	-3	0	0	-1	2	0	0	0	3	0	-1	0
tweet_00083445	saude202107_n_00187_00000001.jpg	0	2	0	0	-1	0	0	0	0	0	0	1	0
tweet_00083450	saude202107_n_00187_00000002.jpg	0	2	0	0	0	0	1	0	0	-1	0	2	1
tweet_00083468	saude202107_n_00187_00000004.jpg	0	2	0	0	0	0	1	0	2	1	0	0	0
tweet_00083502	saude202107_n_00188_00000001.jpg	-2	2	0	-1	0	0	0	4	0	0	0	0	0
tweet_00083505	saude202107_n_00188_00000002.jpg	0	-2	0	0	0	0	2	2	0	0	0	0	12
tweet_00083514	saude202107_n_00188_00000003.png	-1	-3	0	0	2	2	0	0	0	1	0	2	0
tweet_00083573	saude202107_n_00189_00000001.jpg	1	0	0	-1	0	0	0	0	5	0	0	3	3
tweet_00083582	saude202107_n_00189_00000002.jpg	0	-1	0	0	0	0	0	0	0	0	0	0	-3
tweet_00083587	saude202107_n_00189_00000003.jpg	0	1	0	0	0	1	0	0	0	8	0	0	0
tweet_00083604	saude202107_n_00189_00000005.jpg	1	1	0	0	0	1	0	0	0	1	0	-3	-2
tweet_00083609	saude202107_n_00190_00000001.jpg	2	0	0	0	0	0	0	0	0	4	0	3	0
tweet_00083645	saude202107_n_00190_00000002.jpg	1	-1	0	0	-1	1	0	0	0	4	0	0	0
tweet_00083646	saude202107_n_00190_00000003.png	1	0	0	0	0	3	8	3	0	1	0	1	17
tweet_00083655	saude202107_n_00190_00000004.jpg	-2	2	0	0	-1	0	0	0	0	1	0	0	0
tweet_00083663	saude202107_n_00191_00000001.jpg	0	0	0	0	0	2	0	0	0	0	0	0	-5
tweet_00083671	saude202107_n_00191_00000002.jpg	1	0	0	0	0	1	0	0	0	0	0	0	-4
tweet_00083675	saude202107_n_00191_00000003.jpg	1	1	0	0	0	0	0	13	0	0	0	0	17
tweet_00083679	saude202107_n_00191_00000004.jpg	0	2	0	0	0	1	0	0	0	1	0	0	-3
tweet_00083699	saude202107_n_00191_00000005.jpg	1	0	0	0	0	2	0	-1	0	0	1	1	5
tweet_00083707	saude202107_n_00191_00000006.jpg	1	0	0	0	0	1	0	0	0	1	0	0	-2
tweet_00083711	saude202107_n_00192_00000001.jpg	2	-2	0	0	0	2	0	0	-1	0	0	1	-1
tweet_00083720	saude202107_n_00192_00000002.jpg	1	-3	1	0	1	0	0	0	0	8	0	-3	-1
tweet_00083722	saude202107_n_00192_00000003.jpg	0	2	0	0	-2	0	0	0	3	0	0	0	1
tweet_00083744	saude202107_n_00192_00000005.jpg	0	3	0	0	0	1	0	0	0	1	0	0	0
tweet_00083803	saude202107_n_00193_00000003.jpg	1	0	0	0	0	0	0	0	0	0	0	0	-4
tweet_00083804	saude202107_n_00193_00000004.jpg	1	1	0	0	0	0	0	14	0	0	0	0	12
tweet_00083806	saude202107_n_00193_00000005.jpg	0	0	-1	1	0	5	0	0	0	24	0	0	0
tweet_00083826	saude202107_n_00194_00000002.jpg	1	2	0	0	0	0	0	4	1	0	0	1	0
tweet_00083869	saude202107_n_00195_00000002.jpg	0	3	0	0	0	0	1	0	0	0	1	0	0
tweet_00083892	saude202107_n_00195_00000003.jpg	1	2	0	0	-1	0	0	0	0	0	0	0	-6
tweet_00083900	saude202107_n_00196_00000001.jpg	1	-3	0	0	0	1	0	2	0	1	0	-1	-4
tweet_00083925	saude202107_n_00196_00000002.jpg	2	8	0	0	0	0	0	0	0	-1	0	0	-3
tweet_00083936	saude202107_n_00197_00000001.jpg	-1	2	0	0	0	0	3	2	0	0	0	0	0
tweet_00083942	saude202107_n_00197_00000002.jpg	1	5	0	0	0	0	0	0	0	8	0	2	0
tweet_00083946	saude202107_n_00197_00000003.jpg	0	2	0	0	0	0	0	0	0	0	0	0	-5
tweet_00083960	saude202107_n_00197_00000005.png	0	4	0	0	0	0	0	1	0	0	0	0	4
tweet_00083964	saude202107_n_00197_00000006.jpg	0	2	0	-1	0	0	0	1	2	0	0	0	0
tweet_00084007	saude202107_n_00198_00000003.jpg	1	1	0	0	0	0	0	0	0	15	0	0	0
tweet_00084011	saude202107_n_00198_00000004.jpg	4	0	0	0	0	1	0	0	0	8	0	0	0
tweet_00084019	saude202107_n_00198_00000006.jpg	2	1	0	-1	-1	0	5	0	0	0	0	2	0
tweet_00084025	saude202107_n_00199_00000001.jpg	0	4	0	0	0	0	0	0	0	20	0	1	0
tweet_00084030	saude202107_n_00199_00000004.jpg	2	1	0	0	0	0	0	6	0	0	0	0	16
tweet_00084034	saude202107_n_00199_00000005.jpg	1	4	0	0	0	0	0	0	0	1	1	0	0
tweet_00084036	saude202107_n_00199_00000006.jpg	0	-1	0	0	0	0	3	0	0	0	0	0	25
tweet_00084048	saude202107_n_00199_00000007.jpg	1	1	0	0	0	1	0	24	0	0	0	0	13
tweet_00084050	saude202107_n_00199_00000008.jpg	0	3	0	-1	0	0	7	1	0	0	0	-1	-3
tweet_00084063	saude202107_n_00199_00000009.jpg	3	4	0	0	0	0	-1	0	0	5	0	1	0
tweet_00084069	saude202107_n_00199_00000010.jpg	1	3	0	0	0	1	1	0	0	1	0	0	-1
tweet_00084107	saude202107_n_00200_00000003.jpg	1	3	0	0	0	0	1	1	10	0	0	0	-1
tweet_00084109	saude202107_n_00200_00000005.jpg	1	-1	0	0	-1	1	0	0	0	10	0	0	0
tweet_00084112	saude202107_n_00200_00000007.jpg	-1	5	0	0	0	0	0	2	0	0	0	0	3
tweet_00084113	saude202107_n_00200_00000008.jpg	-2	2	0	0	0	1	0	0	0	0	0	0	-3
tweet_00084118	saude202107_n_00200_00000009.jpg	2	1	0	0	0	0	0	0	0	10	0	0	0
tweet_00084128	saude202107_n_00201_00000001.jpg	0	3	0	1	0	2	0	0	0	0	0	-1	0
tweet_00084190	saude202107_n_00202_00000002.jpg	1	-2	0	2	0	2	0	0	0	9	0	0	-1
tweet_00084206	saude202107_n_00202_00000003.png	0	1	0	0	-1	0	0	0	0	2	0	-1	0
tweet_00084228	saude202107_n_00202_00000006.png	3	-1	0	0	0	2	0	0	0	8	0	0	0
tweet_00084249	saude202107_n_00203_00000002.jpg	2	1	0	0	0	1	0	1	0	19	0	1	0
tweet_00084280	saude202107_n_00204_00000001.jpg	0	2	0	-1	-2	0	0	0	0	1	0	0	0
tweet_00084302	saude202107_n_00204_00000003.jpg	1	1	0	0	0	0	0	0	0	4	0	0	0
tweet_00084323	saude202107_n_00205_00000002.jpg	0	1	-1	0	0	2	0	0	0	0	0	0	0
tweet_00084334	saude202107_n_00205_00000004.jpg	2	-2	1	-1	0	1	0	1	0	-1	0	0	0
tweet_00084345	saude202107_n_00206_00000001.jpg	2	1	0	1	0	0	0	0	5	0	0	4	1
tweet_00084349	saude202107_n_00206_00000002.jpg	0	0	-1	0	1	1	0	-1	29	0	2	0	0
tweet_00084355	saude202107_n_00206_00000003.jpg	1	-2	0	0	0	0	0	0	0	13	0	0	0
tweet_00084405	saude202107_n_00207_00000002.png	0	2	0	0	0	0	2	0	0	9	0	1	-1
tweet_00084413	saude202107_n_00207_00000003.jpg	4	1	0	0	0	1	0	0	1	23	0	0	0
tweet_00084437	saude202107_n_00208_00000001.jpg	1	3	0	0	0	0	0	1	0	0	0	0	0
tweet_00084461	saude202107_n_00208_00000002.jpg	1	-3	1	0	0	4	0	0	0	0	0	0	-5
tweet_00084482	saude202107_n_00209_00000003.jpg	0	-1	0	0	-1	1	0	-1	0	0	0	-1	0
tweet_00084486	saude202107_n_00209_00000004.jpg	0	4	0	0	0	0	0	1	0	0	28	0	0
tweet_00084489	saude202107_n_00209_00000006.jpg	1	-3	1	1	0	2	0	0	0	1	0	0	-2
tweet_00084515	saude202107_n_00209_00000011.jpg	2	4	0	0	0	0	1	6	0	0	0	0	21
tweet_00084520	saude202107_n_00210_00000001.jpg	1	-1	0	0	-1	1	0	0	0	4	0	0	0
tweet_00084521	saude202107_n_00217_00000002.jpg	4	2	0	0	0	1	4	1	0	-1	0	0	19
tweet_00084525	saude202107_n_00210_00000003.jpg	1	1	0	0	0	1	0	0	1	20	0	0	0
tweet_00084537	saude202107_n_00210_00000007.jpg	1	3	0	0	0	0	0	1	0	0	0	1	15
tweet_00084544	saude202107_n_00210_00000008.png	3	0	0	0	0	1	0	0	0	0	0	0	-2
tweet_00084568	saude202107_n_00211_00000002.jpg	2	-1	0	0	-1	2	0	0	-2	-1	-1	0	3
tweet_00084613	saude202107_n_00211_00000007.jpg	1	3	0	-1	-1	0	0	0	0	3	0	0	0
tweet_00084618	saude202107_n_00212_00000001.jpg	0	4	0	0	0	0	0	2	0	0	0	0	9
tweet_00084643	saude202107_n_00212_00000005.jpg	1	1	0	0	0	1	0	0	0	1	0	-1	0
tweet_00084669	saude202107_n_00213_00000001.jpg	5	1	0	0	0	1	0	0	0	20	0	0	0
tweet_00084676	saude202107_n_00213_00000002.jpg	4	2	0	0	0	0	0	0	0	18	0	0	0
tweet_00084690	saude202107_n_00213_00000004.jpg	2	3	0	0	0	1	0	0	0	22	0	0	0
tweet_00084707	saude202107_n_00213_00000007.jpg	0	1	0	-1	-1	0	0	0	0	0	1	0	0
tweet_00084746	saude202107_n_00214_00000001.jpg	1	-1	0	0	-1	1	0	1	0	15	0	0	0
tweet_00084771	saude202107_n_00214_00000003.jpg	3	1	0	0	0	0	0	0	0	23	0	0	0
tweet_00084776	saude202107_n_00214_00000005.jpg	1	-3	0	0	0	3	0	0	0	5	0	-1	0
tweet_00084780	saude202107_n_00214_00000006.jpg	2	5	0	0	0	0	0	0	0	0	1	0	0
tweet_00084797	saude202107_n_00214_00000008.jpg	1	1	0	0	0	0	0	0	0	0	0	0	-1
tweet_00084798	saude202107_n_00214_00000009.jpg	1	1	0	0	0	0	0	2	0	0	0	0	0
tweet_00084800	saude202107_n_00215_00000001.jpg	0	-2	1	0	0	0	0	17	0	0	0	1	5
tweet_00084802	saude202107_n_00215_00000002.jpg	3	-1	0	0	0	1	1	2	0	0	-1	2	-1
tweet_00084818	saude202107_n_00215_00000005.jpg	1	2	0	0	0	0	0	-1	5	0	1	3	0
tweet_00084821	saude202107_n_00215_00000006.jpg	2	-1	0	0	-1	1	0	0	0	11	0	0	0
tweet_00084832	saude202107_n_00216_00000001.jpg	0	0	-1	0	0	0	8	0	0	0	0	0	2
tweet_00084833	saude202107_n_00216_00000002.jpg	2	3	0	0	-1	0	0	0	0	-1	0	0	0
tweet_00084860	saude202107_n_00216_00000004.jpg	0	0	-1	0	0	1	0	0	1	0	0	0	-9
tweet_00084876	saude202107_n_00217_00000001.jpg	2	3	0	0	0	0	0	0	0	0	0	0	-5
tweet_00084893	saude202107_n_00217_00000003.jpg	1	-3	0	0	-1	3	0	0	0	9	0	0	0
tweet_00084898	saude202107_n_00217_00000004.jpg	0	-1	0	0	0	0	0	0	0	0	0	0	-4
tweet_00084913	saude202107_n_00218_00000001.jpg	1	3	0	0	0	0	0	0	0	0	0	0	1
tweet_00084918	saude202107_n_00218_00000002.png	1	1	0	0	0	1	0	1	0	7	0	1	0
tweet_00084973	saude202107_n_00219_00000001.jpg	0	0	1	0	0	0	0	0	0	0	0	0	-2
tweet_00084985	saude202107_n_00219_00000002.jpg	1	-2	0	1	0	0	1	3	0	8	0	0	-1
tweet_00084991	saude202107_n_00220_00000001.jpg	1	0	-1	-2	0	0	0	0	-1	0	5	0	1
tweet_00085008	saude202107_n_00220_00000002.jpg	-1	1	0	0	0	0	0	7	0	0	0	0	3
tweet_00085025	saude202107_n_00221_00000001.jpg	4	-3	0	1	0	0	0	0	0	1	0	0	-2
tweet_00085033	saude202107_n_00221_00000003.jpg	1	-2	0	0	-1	0	0	0	0	8	0	0	0
tweet_00085048	saude202107_n_00221_00000004.jpg	0	0	1	0	0	0	2	3	0	0	0	0	19
tweet_00085096	saude202107_n_00223_00000001.jpg	0	0	-1	0	-1	0	2	3	0	1	0	0	14
tweet_00085119	saude202107_n_00223_00000004.jpg	-1	-1	0	0	0	0	0	0	0	0	0	0	-4
tweet_00085135	saude202107_n_00224_00000001.jpg	1	-2	0	1	0	0	0	0	0	14	0	0	0
tweet_00085148	saude202107_n_00224_00000004.jpg	1	-2	0	2	0	0	0	0	0	0	3	0	0
tweet_00085149	saude202107_n_00224_00000005.jpg	1	-2	0	1	0	0	0	0	0	13	0	0	0
tweet_00085157	saude202107_n_00224_00000006.jpg	3	0	-1	0	0	0	0	0	9	0	1	5	0
tweet_00085182	saude202107_n_00225_00000001.jpg	0	-2	1	1	0	2	0	0	0	13	0	0	0
tweet_00085197	saude202107_n_00225_00000002.jpg	4	0	0	0	0	2	0	0	0	0	0	1	0
tweet_00085198	saude202107_n_00225_00000003.jpg	1	0	0	0	0	1	0	0	0	15	0	0	0
tweet_00085213	saude202107_n_00226_00000001.jpg	1	-2	2	0	0	0	3	0	0	0	0	0	-4
tweet_00085215	saude202107_n_00226_00000002.jpg	-2	-2	0	0	1	0	1	1	0	0	0	0	-1
tweet_00085216	saude202107_n_00226_00000003.jpg	-2	-1	0	0	0	1	0	0	0	0	0	0	-3
tweet_00085234	saude202107_n_00226_00000006.jpg	1	-2	0	1	0	0	0	0	0	5	0	0	1
tweet_00085242	saude202107_n_00227_00000001.jpg	1	-1	0	0	0	0	5	1	0	0	0	0	-2
tweet_00085257	saude202107_n_00227_00000003.jpg	1	-2	0	1	0	0	0	0	0	20	0	0	0
tweet_00085278	saude202107_n_00227_00000008.jpg	2	-3	0	1	0	0	0	0	0	19	0	0	0
tweet_00085295	saude202107_n_00228_00000002.png	4	-2	1	2	0	0	0	0	0	1	0	0	0
tweet_00085309	saude202107_n_00228_00000004.jpg	1	-1	0	1	0	0	0	0	0	21	0	0	0
tweet_00085325	saude202107_n_00228_00000005.jpg	3	-3	0	0	0	1	0	0	0	7	0	0	0
tweet_00085349	saude202107_n_00229_00000004.jpg	1	-2	0	1	0	1	0	0	0	13	0	0	0
tweet_00085392	saude202107_n_00230_00000001.jpg	1	-2	0	1	0	0	0	0	0	24	0	1	0
tweet_00085402	saude202107_n_00230_00000003.png	3	-2	0	1	0	2	0	0	0	3	0	-1	0
tweet_00085409	saude202107_n_00230_00000005.jpg	4	-3	0	0	0	0	0	0	0	10	0	0	0
tweet_00085422	saude202107_n_00230_00000009.jpg	1	-2	0	1	0	0	0	0	0	15	0	0	0
tweet_00085426	saude202107_n_00230_00000010.jpg	0	-1	0	0	0	0	0	0	0	0	0	0	-5
tweet_00085438	saude202107_n_00231_00000001.jpg	1	-2	0	0	0	0	0	0	0	15	0	0	0
tweet_00085448	saude202107_n_00232_00000001.jpg	0	1	0	0	0	0	0	3	1	2	0	5	0
tweet_00085451	saude202107_n_00232_00000002.jpg	-2	0	0	0	0	1	4	0	0	0	0	0	-5
tweet_00085463	saude202107_n_00232_00000003.jpg	1	-2	0	0	0	0	0	-1	0	0	0	-1	0
tweet_00085470	saude202107_n_00233_00000001.jpg	1	-2	0	1	0	2	0	0	0	24	0	0	0
tweet_00085476	saude202107_n_00233_00000002.jpg	2	-2	0	1	0	0	0	0	0	15	0	0	0
tweet_00085479	saude202107_n_00233_00000003.jpg	1	4	0	0	0	0	0	0	0	3	0	0	-2
tweet_00085483	saude202107_n_00233_00000006.jpg	1	-3	1	0	0	3	0	0	0	9	0	-1	0
tweet_00085500	saude202107_n_00234_00000001.jpg	1	-1	0	0	0	1	0	0	0	11	0	0	0
tweet_00085514	saude202107_n_00234_00000002.jpg	1	-1	0	0	0	1	0	0	0	9	0	0	0
tweet_00085518	saude202107_n_00234_00000003.jpg	2	2	0	0	0	1	0	2	0	0	0	1	0
tweet_00085520	saude202107_n_00235_00000001.jpg	0	-1	0	0	-1	2	7	1	0	0	0	0	28
tweet_00085536	saude202107_n_00235_00000002.jpg	2	-1	0	0	0	1	0	0	0	12	0	0	0
tweet_00085555	saude202107_n_00238_00000001.jpg	0	-2	0	0	0	0	6	1	0	0	0	0	-2
tweet_00085562	saude202107_n_00239_00000003.jpg	0	2	0	0	-2	0	0	0	0	6	0	0	0
tweet_00085564	saude202107_n_00239_00000004.jpg	1	-1	0	0	0	0	0	0	0	0	0	0	-1
tweet_00085580	saude202107_n_00239_00000005.jpg	1	-3	0	0	0	1	0	0	0	7	0	0	0
tweet_00085582	saude202107_n_00239_00000006.jpg	3	-1	1	0	0	0	0	0	0	0	-1	0	0
tweet_00085587	saude202107_n_00239_00000007.png	1	-3	0	-1	1	1	1	5	0	0	0	0	9
tweet_00085590	saude202107_n_00239_00000008.jpg	4	-1	0	0	1	0	0	0	0	-1	0	0	-2
tweet_00085600	saude202107_n_00241_00000001.jpg	1	0	0	0	0	4	0	0	0	6	0	0	0
tweet_00085605	saude202107_n_00241_00000003.png	0	-1	1	0	0	1	0	3	0	0	0	0	0
tweet_00085606	saude202107_n_00243_00000005.png	3	-2	0	1	0	2	0	0	0	1	0	0	0
tweet_00085611	saude202107_n_00241_00000005.jpg	1	-1	0	0	0	3	0	0	0	10	0	0	0
tweet_00085616	saude202107_n_00241_00000006.png	0	3	0	0	-1	0	-1	9	0	0	0	0	1
tweet_00085636	saude202107_n_00242_00000002.jpg	0	2	0	0	-2	0	0	0	0	6	0	0	0
tweet_00085640	saude202107_n_00242_00000003.jpg	0	2	0	-1	0	1	10	0	0	0	0	0	10
tweet_00085641	saude202107_n_00242_00000004.jpg	1	-6	0	0	0	2	0	0	0	2	0	0	0
tweet_00085655	saude202107_n_00242_00000005.jpg	1	4	0	0	0	0	0	0	0	1	0	0	0
tweet_00085657	saude202107_n_00242_00000006.jpg	1	1	0	0	-1	2	0	0	0	0	0	0	-1
tweet_00085658	saude202107_n_00242_00000007.jpg	1	-3	0	0	0	1	0	1	0	0	0	1	0
tweet_00085668	saude202107_n_00243_00000001.jpg	3	-2	0	1	0	2	0	0	0	1	0	0	0
tweet_00085685	saude202107_n_00243_00000002.jpg	0	-3	0	0	0	3	0	0	0	8	0	0	0
tweet_00085687	saude202107_n_00243_00000006.jpg	3	-4	0	0	0	1	0	0	0	2	0	0	0
tweet_00085688	saude202107_n_00243_00000004.jpg	0	0	0	0	0	2	0	0	0	0	0	0	-3
tweet_00085711	saude202108_n_00001_00000001.png	0	2	0	0	-1	0	0	0	0	16	0	0	0
tweet_00085714	saude202108_n_00001_00000002.jpg	3	-2	0	0	0	1	0	0	0	16	0	0	0
tweet_00085776	saude202108_n_00002_00000001.jpg	-2	0	0	0	0	2	1	0	0	0	0	0	-3
tweet_00085777	saude202108_n_00002_00000005.jpg	-1	0	0	0	0	0	2	0	0	0	0	0	-1
tweet_00085794	saude202108_n_00002_00000009.jpg	1	1	-1	-1	0	1	0	0	0	18	0	0	0
tweet_00085795	saude202108_n_00002_00000006.jpg	-1	0	0	0	1	1	0	2	0	0	0	0	0
tweet_00085805	saude202108_n_00002_00000010.jpg	1	1	0	-2	0	0	0	0	0	-1	0	0	-3
tweet_00085809	saude202108_n_00003_00000001.jpg	1	-2	2	1	0	2	0	0	0	0	0	0	-3
tweet_00085811	saude202108_n_00003_00000002.jpg	1	0	0	0	0	1	3	0	0	0	1	1	-1
tweet_00085843	saude202108_n_00003_00000006.jpg	1	1	0	0	0	0	0	0	0	21	0	1	1
tweet_00085849	saude202108_n_00003_00000008.jpg	1	-3	1	0	0	1	0	0	0	0	0	0	-4
tweet_00085850	saude202108_n_00003_00000009.jpg	2	1	0	0	0	2	6	4	0	0	0	0	27
tweet_00085859	saude202108_n_00004_00000002.jpg	2	-4	0	0	0	0	0	0	0	1	0	-1	-1
tweet_00085860	saude202108_n_00004_00000003.jpg	0	1	0	0	0	1	0	3	1	3	0	0	0
tweet_00085861	saude202108_n_00004_00000004.jpg	5	1	0	0	0	2	0	0	0	1	1	0	0
tweet_00085889	saude202108_n_00004_00000007.png	0	0	0	0	2	1	0	0	0	0	0	0	-7
tweet_00085912	saude202108_n_00004_00000009.jpg	0	1	0	0	0	0	4	3	8	1	0	2	0
tweet_00085914	saude202108_n_00005_00000001.jpg	0	-3	-1	0	1	0	4	0	0	0	0	-1	-2
tweet_00085915	saude202108_n_00005_00000002.jpg	-1	1	0	-1	0	0	0	0	4	0	0	0	-1
tweet_00085921	saude202108_n_00005_00000003.jpg	0	3	0	0	0	1	0	0	0	7	0	0	0
tweet_00085942	saude202108_n_00005_00000005.jpg	-2	2	1	0	0	0	0	1	0	0	0	0	-1
tweet_00085944	saude202108_n_00005_00000006.jpg	1	1	0	0	0	0	0	0	0	17	0	0	0
tweet_00085954	saude202108_n_00005_00000009.jpg	0	1	0	0	0	0	0	0	2	0	1	7	1
tweet_00085955	saude202108_n_00005_00000010.jpg	0	1	0	-1	-2	0	0	2	0	0	0	0	10
tweet_00085956	saude202108_n_00005_00000011.jpg	0	3	0	-1	0	0	0	0	0	1	0	0	0
tweet_00085969	saude202108_n_00005_00000013.jpg	1	1	0	0	0	1	20	0	0	1	0	2	4
tweet_00086010	saude202108_n_00006_00000004.jpg	0	0	0	0	0	0	0	0	0	0	0	0	-4
tweet_00086015	saude202108_n_00006_00000005.jpg	0	1	0	0	0	3	0	0	0	0	0	0	-6
tweet_00086021	saude202108_n_00006_00000007.jpg	0	0	0	1	0	0	0	0	0	0	0	0	-5
tweet_00086034	saude202108_n_00006_00000008.png	1	1	0	0	3	0	0	0	0	1	0	0	-1
tweet_00086054	saude202108_n_00007_00000001.jpg	1	5	0	0	0	1	0	0	0	5	0	0	0
tweet_00086057	saude202108_n_00007_00000002.jpg	1	1	0	0	0	2	0	0	0	0	0	0	-4
tweet_00086066	saude202108_n_00007_00000003.jpg	1	1	0	0	0	0	0	3	0	0	0	0	0
tweet_00086074	saude202108_n_00007_00000004.jpg	4	1	0	-1	0	2	0	0	0	9	0	0	0
tweet_00086080	saude202108_n_00008_00000001.jpg	0	4	0	0	0	0	0	1	0	0	-1	0	-1
tweet_00086081	saude202108_n_00008_00000002.png	1	2	0	0	0	0	0	2	0	0	0	0	2
tweet_00086095	saude202108_n_00008_00000004.jpg	1	0	0	0	0	1	0	0	0	6	0	0	0
tweet_00086096	saude202108_n_00008_00000005.jpg	2	3	0	0	0	0	0	0	0	19	0	1	0
tweet_00086108	saude202108_n_00008_00000006.jpg	0	1	0	0	0	0	0	0	0	0	0	0	-1
tweet_00086111	saude202108_n_00008_00000007.jpg	1	0	-1	0	0	1	0	0	0	0	0	0	-3
tweet_00086130	saude202108_n_00010_00000001.jpg	-1	0	0	0	-2	0	0	0	0	0	0	0	-6
tweet_00086131	saude202108_n_00010_00000002.jpg	-1	0	0	0	0	0	0	0	0	0	0	0	-3
tweet_00086163	saude202108_n_00011_00000001.jpg	-1	2	0	0	1	0	0	1	0	0	0	-1	3
tweet_00086181	saude202108_n_00011_00000002.jpg	2	-1	1	0	0	2	0	0	0	0	1	0	0
tweet_00086194	saude202108_n_00012_00000001.jpg	0	2	2	0	0	0	0	0	0	0	0	0	-3
tweet_00086209	saude202108_n_00012_00000003.jpg	0	0	0	0	0	3	0	0	0	0	0	0	-1
tweet_00086259	saude202108_n_00014_00000001.jpg	0	1	0	0	0	0	0	0	0	0	0	0	-7
tweet_00086282	saude202108_n_00014_00000002.jpg	0	0	0	0	0	0	1	0	0	0	0	0	-6
tweet_00086294	saude202108_n_00015_00000001.jpg	0	0	0	0	0	0	0	0	0	0	0	0	-3
tweet_00086324	saude202108_n_00018_00000001.jpg	1	-2	0	0	0	2	0	0	0	2	0	0	0
tweet_00086344	saude202108_n_00019_00000001.jpg	1	-1	0	0	0	0	-1	-1	0	2	-1	-13	0
tweet_00086352	saude202108_n_00019_00000002.jpg	1	0	-1	-1	-1	0	0	1	1	20	0	0	0
tweet_00086356	saude202108_n_00019_00000003.jpg	1	-4	0	0	0	1	0	0	0	6	0	-1	0
tweet_00086417	saude202108_n_00020_00000002.jpg	0	1	0	0	0	2	0	0	0	12	0	0	0
tweet_00086423	saude202108_n_00020_00000003.jpg	-1	-1	1	0	0	0	2	2	0	-1	0	0	12
tweet_00086491	saude202108_n_00024_00000001.jpg	0	2	0	0	-1	0	0	4	2	0	0	4	0
tweet_00086494	saude202108_n_00025_00000001.jpg	0	1	0	0	1	1	8	0	0	0	0	-1	-4
tweet_00086497	saude202108_n_00025_00000002.jpg	1	-2	0	0	0	1	0	0	0	1	0	0	0
tweet_00086506	saude202108_n_00027_00000001.jpg	0	0	1	0	0	0	0	1	0	1	0	0	1
tweet_00086511	saude202108_n_00028_00000001.jpg	0	1	0	0	0	1	1	0	0	0	0	0	-5
tweet_00086514	saude202108_n_00028_00000002.jpg	0	0	1	0	0	0	0	4	0	1	0	0	6
tweet_00086521	saude202108_n_00028_00000003.jpg	1	-1	0	1	0	1	6	0	2	5	0	2	1
tweet_00086544	saude202108_n_00029_00000001.jpg	1	-2	0	1	0	0	0	0	0	23	0	0	0
tweet_00086545	saude202108_n_00029_00000002.jpg	-1	2	0	0	0	0	0	0	0	0	0	0	-1
tweet_00086553	saude202108_n_00030_00000002.jpg	2	-1	0	0	0	0	0	0	0	1	0	0	-1
tweet_00086558	saude202108_n_00030_00000003.jpg	1	-2	0	2	0	1	0	0	0	1	0	0	0
tweet_00086569	saude202108_n_00030_00000004.jpg	1	2	0	0	0	0	0	2	0	-1	0	2	1
tweet_00086587	saude202108_n_00031_00000001.jpg	0	-1	1	0	0	0	4	1	0	1	0	0	9
tweet_00086590	saude202108_n_00031_00000002.png	1	0	0	0	-1	1	0	0	0	0	0	0	-1
tweet_00086594	saude202108_n_00031_00000003.jpg	1	-2	0	1	0	0	0	1	0	10	0	0	0
tweet_00086597	saude202108_n_00031_00000004.jpg	1	-2	0	2	0	0	0	0	0	23	0	1	0
tweet_00086603	saude202108_n_00032_00000001.jpg	0	-2	1	2	1	0	0	0	0	21	0	0	0
tweet_00086614	saude202108_n_00032_00000002.jpg	5	-3	0	1	0	0	0	0	0	6	0	0	0
tweet_00086633	saude202108_n_00033_00000003.jpg	0	-1	1	0	0	0	0	0	0	0	0	0	-5
tweet_00086634	saude202108_n_00033_00000004.jpg	0	-1	0	0	0	0	1	2	0	1	0	0	2
tweet_00086636	saude202108_n_00033_00000005.jpg	0	-2	0	0	0	1	0	0	0	8	0	0	0
tweet_00086673	saude202108_n_00034_00000002.jpg	4	1	0	0	0	0	1	0	0	3	0	0	-1
tweet_00086676	saude202108_n_00034_00000003.jpg	0	-2	0	0	0	0	0	0	0	1	0	0	0
tweet_00086680	saude202108_n_00035_00000001.jpg	0	2	0	0	0	0	1	0	0	0	0	0	-3
tweet_00086685	saude202108_n_00035_00000004.jpg	0	-1	1	0	0	-1	0	1	0	2	0	0	1
tweet_00086691	saude202108_n_00035_00000003.jpg	0	2	0	0	0	0	0	0	0	0	1	0	-5
tweet_00086693	saude202108_n_00035_00000006.jpg	0	0	0	0	0	0	14	0	1	0	0	0	16
tweet_00086696	saude202108_n_00035_00000007.jpg	0	-1	1	0	0	0	0	1	0	0	0	0	4
tweet_00086700	saude202108_n_00036_00000001.jpg	0	3	0	-1	0	0	0	0	1	0	0	-2	-1
tweet_00086701	saude202108_n_00036_00000002.jpg	0	-1	2	0	0	0	0	1	0	0	0	0	1
tweet_00086704	saude202108_n_00036_00000003.jpg	0	-1	1	0	0	0	0	7	0	2	0	1	1
tweet_00086723	saude202108_n_00037_00000001.jpg	0	-1	1	0	0	0	4	1	0	0	0	0	4
tweet_00086724	saude202108_n_00037_00000002.jpg	0	-1	1	0	0	0	1	0	0	0	-1	0	-5
tweet_00086745	saude202108_n_00039_00000002.jpg	0	-1	1	0	0	0	17	0	0	0	0	0	15
tweet_00086747	saude202108_n_00041_00000001.jpg	0	-2	0	0	0	0	0	0	0	0	0	-1	-5
tweet_00086764	saude202108_n_00041_00000002.jpg	1	2	0	0	0	0	0	0	0	16	0	0	0
tweet_00086779	saude202108_n_00042_00000003.jpg	-1	2	1	-1	0	1	0	2	0	-1	0	0	10
tweet_00086783	saude202108_n_00042_00000004.jpg	0	0	1	0	0	0	21	-2	0	0	0	1	6
tweet_00086784	saude202108_n_00042_00000005.jpg	0	2	0	0	0	0	5	0	0	0	0	0	-6
tweet_00086788	saude202108_n_00042_00000006.jpg	0	0	1	0	0	0	30	-1	0	0	0	0	10
tweet_00086789	saude202108_n_00042_00000007.jpg	0	-1	1	0	0	0	0	2	0	0	0	0	5
tweet_00086794	saude202108_n_00042_00000008.jpg	1	1	0	0	0	1	0	0	0	25	0	0	0
tweet_00086808	saude202108_n_00043_00000001.jpg	1	1	-1	0	0	1	1	6	0	0	0	0	20
tweet_00086821	saude202108_n_00044_00000001.png	0	0	0	0	-1	1	0	3	0	26	0	0	0
tweet_00086823	saude202108_n_00044_00000002.jpg	1	1	0	0	0	1	0	0	-1	1	-1	0	0
tweet_00086832	saude202108_n_00046_00000001.jpg	0	0	-1	0	-1	1	0	0	0	11	0	0	0
tweet_00086856	saude202108_n_00047_00000001.jpg	0	1	-1	1	-1	0	0	-1	7	0	0	1	2
tweet_00086872	saude202108_n_00048_00000001.jpg	1	-1	-1	1	0	3	0	0	0	2	0	0	0
tweet_00086875	saude202108_n_00050_00000001.jpg	0	0	0	0	0	3	0	0	0	0	0	0	-2
tweet_00086894	saude202108_n_00050_00000009.jpg	0	3	1	0	0	0	0	0	0	0	0	0	-4
tweet_00086903	saude202108_n_00051_00000001.jpg	-2	1	0	-1	-1	0	0	1	0	0	0	0	0
tweet_00086908	saude202108_n_00051_00000002.jpg	0	2	0	-1	0	0	0	0	0	0	0	0	-3
tweet_00086909	saude202108_n_00051_00000006.jpg	1	-2	0	0	1	0	0	0	-2	0	-1	0	4
tweet_00086937	saude202108_n_00051_00000007.jpg	3	-1	1	0	0	3	0	0	0	7	0	0	0
tweet_00086940	saude202108_n_00051_00000008.jpg	1	0	1	0	0	1	2	0	0	0	0	0	-4
tweet_00086994	saude202108_n_00053_00000001.jpg	2	0	0	-1	0	2	0	0	0	0	0	0	1
tweet_00087021	saude202108_n_00054_00000001.jpg	-1	2	0	0	0	0	0	0	0	0	5	-1	0
tweet_00087029	saude202108_n_00054_00000003.jpg	1	-1	0	2	0	1	0	0	0	5	0	0	0
tweet_00087039	saude202108_n_00054_00000004.jpg	0	-2	0	1	0	0	0	0	0	0	2	0	0
tweet_00087040	saude202108_n_00054_00000005.jpg	0	2	0	0	0	0	0	1	0	-1	0	0	15
tweet_00087046	saude202108_n_00054_00000006.jpg	0	1	0	0	1	3	0	4	0	0	0	1	7
tweet_00087048	saude202108_n_00054_00000007.jpg	1	1	0	0	0	0	0	2	0	0	0	1	11
tweet_00087057	saude202108_n_00054_00000008.jpg	1	4	0	0	0	1	0	0	0	5	0	0	0
tweet_00087079	saude202108_n_00054_00000011.jpg	1	-2	0	0	0	0	0	0	0	0	4	0	0
tweet_00087086	saude202108_n_00055_00000001.jpg	3	0	-1	0	-1	1	0	0	0	8	0	0	0
tweet_00087091	saude202108_n_00055_00000002.jpg	1	-1	0	0	0	0	1	3	0	0	0	0	9
tweet_00087100	saude202108_n_00055_00000003.png	1	0	0	0	0	2	0	0	0	13	0	0	0
tweet_00087126	saude202108_n_00055_00000004.jpg	0	0	0	0	0	1	0	0	0	9	0	0	0
tweet_00087130	saude202108_n_00055_00000005.jpg	0	1	0	0	0	2	1	2	0	0	0	0	24
tweet_00087144	saude202108_n_00056_00000002.jpg	0	1	0	0	0	1	0	2	0	2	0	0	7
tweet_00087166	saude202108_n_00056_00000003.jpg	1	1	0	0	0	2	0	1	0	17	0	0	0
tweet_00087171	saude202108_n_00056_00000005.jpg	0	-2	0	1	0	0	0	0	0	10	0	0	0
tweet_00087174	saude202108_n_00056_00000006.jpg	2	3	0	0	0	2	0	0	0	12	0	0	0
tweet_00087181	saude202108_n_00056_00000008.jpg	1	3	0	0	0	1	0	0	0	12	0	0	0
tweet_00087184	saude202108_n_00057_00000001.jpg	-1	-3	1	0	2	0	0	0	0	0	0	0	-5
tweet_00087185	saude202108_n_00057_00000002.jpg	1	1	0	0	0	1	1	1	0	0	0	0	27
tweet_00087188	saude202108_n_00057_00000003.jpg	4	1	0	0	0	2	0	4	0	9	0	0	0
tweet_00087193	saude202108_n_00057_00000004.jpg	0	0	-1	-1	0	0	0	1	0	1	0	0	0
tweet_00087204	saude202108_n_00057_00000005.jpg	1	1	0	0	0	0	0	0	0	22	0	0	0
tweet_00087213	saude202108_n_00057_00000006.jpg	1	0	-1	-1	0	0	2	0	0	4	0	0	-1
tweet_00087217	saude202108_n_00057_00000007.jpg	0	-1	0	0	0	2	0	0	0	14	0	0	0
tweet_00087220	saude202108_n_00057_00000008.jpg	1	0	-1	0	0	2	0	0	0	21	0	0	0
tweet_00087246	saude202108_n_00058_00000003.png	1	2	-1	0	0	1	0	0	1	29	0	0	1
tweet_00087255	saude202108_n_00060_00000001.jpg	1	1	0	0	0	0	0	0	10	0	3	9	2
tweet_00087293	saude202108_n_00079_00000001.jpg	4	3	0	0	0	0	4	1	0	0	0	0	22
tweet_00087316	saude202108_n_00066_00000003.png	1	1	0	0	1	0	0	0	0	7	0	0	0
tweet_00087330	saude202108_n_00070_00000002.jpg	1	0	1	-1	0	0	0	-1	0	0	0	-1	0
tweet_00087334	saude202108_n_00072_00000001.jpg	1	0	-1	0	-2	2	0	0	3	-1	3	8	0
tweet_00087360	saude202108_n_00075_00000001.png	1	-1	0	0	1	2	0	0	0	10	0	0	0
tweet_00087364	saude202108_n_00081_00000001.jpg	-3	1	0	0	0	1	1	3	0	0	0	0	0
tweet_00087365	saude202108_n_00082_00000001.jpg	-1	1	0	0	0	0	0	1	0	0	0	0	0
tweet_00087377	saude202108_n_00088_00000001.jpg	1	2	0	0	0	0	0	0	0	1	0	0	0
tweet_00087389	saude202108_n_00090_00000001.jpg	3	0	0	0	-2	1	1	0	0	0	2	0	-1
tweet_00087398	saude202108_n_00091_00000002.jpg	1	2	0	0	0	0	6	-2	0	0	0	6	0
tweet_00087402	saude202108_n_00092_00000001.jpg	1	2	0	0	0	0	0	1	3	11	0	0	0
tweet_00087413	saude202108_n_00093_00000001.jpg	1	-1	0	0	0	1	0	0	0	0	4	0	0
tweet_00087418	saude202108_n_00099_00000001.jpg	0	0	0	0	2	1	7	3	0	0	0	0	-1
tweet_00087419	saude202108_n_00099_00000002.jpg	0	0	0	0	0	0	0	1	0	0	0	0	-1
tweet_00087422	saude202108_n_00100_00000001.jpg	-2	1	1	0	0	0	0	0	0	0	0	0	-3
tweet_00087423	saude202108_n_00100_00000003.jpg	0	0	0	0	0	0	0	0	0	0	1	0	-5
tweet_00087428	saude202108_n_00105_00000001.png	-1	0	0	0	0	3	0	0	0	0	0	0	-5
tweet_00087453	saude202108_n_00105_00000004.jpg	1	-1	0	0	0	1	0	0	0	2	0	0	0
tweet_00087490	saude202108_n_00106_00000001.jpg	0	0	0	0	0	1	0	0	0	0	0	0	-6
tweet_00087509	saude202108_n_00106_00000002.jpg	1	2	0	0	0	0	1	0	0	-1	0	0	1
tweet_00087510	saude202108_n_00106_00000003.png	0	0	1	0	-1	0	0	0	0	0	0	0	-4
tweet_00087532	saude202108_n_00107_00000002.jpg	2	-2	0	0	2	0	1	0	0	1	0	0	0
tweet_00087533	saude202108_n_00107_00000001.jpg	0	-1	0	0	0	0	-1	-1	1	0	-1	-12	0
tweet_00087564	saude202108_n_00107_00000003.jpg	2	-2	0	0	0	0	0	0	0	11	0	0	0
tweet_00087571	saude202108_n_00107_00000004.jpg	0	-1	0	0	0	0	-3	-1	2	0	-1	-12	0
tweet_00087586	saude202108_n_00108_00000006.jpg	2	-1	2	0	0	0	1	0	0	0	0	0	0
tweet_00087592	saude202108_n_00108_00000001.jpg	1	-2	0	0	0	2	0	0	0	3	0	0	0
tweet_00087603	saude202108_n_00108_00000002.png	0	1	0	-1	0	0	0	0	0	0	0	0	-5
tweet_00087606	saude202108_n_00108_00000007.jpg	0	2	0	-1	0	0	0	5	0	0	0	0	1
tweet_00087616	saude202108_n_00108_00000008.jpg	1	-3	1	2	1	0	1	0	0	-1	0	0	-3
tweet_00087625	saude202108_n_00108_00000009.jpg	0	-4	0	0	0	2	0	0	0	9	0	0	0
tweet_00087628	saude202108_n_00108_00000010.jpg	0	3	1	-1	0	0	0	2	0	0	0	0	7
tweet_00087632	saude202108_n_00109_00000001.jpg	2	1	-1	0	-1	1	0	4	0	-1	0	0	27
tweet_00087637	saude202108_n_00109_00000002.jpg	1	1	0	-1	0	1	0	0	0	28	0	1	0
tweet_00087686	saude202108_n_00110_00000002.jpg	0	-1	0	0	1	2	0	0	0	3	0	0	0
tweet_00087700	saude202108_n_00111_00000002.jpg	-3	1	0	0	0	0	0	6	3	0	0	1	0
tweet_00087701	saude202108_n_00111_00000003.jpg	1	-1	0	0	1	0	0	0	0	5	0	0	0
tweet_00087704	saude202108_n_00111_00000004.jpg	0	1	0	0	0	0	0	1	0	0	0	0	-1
tweet_00087716	saude202108_n_00111_00000008.jpg	1	2	0	0	0	0	0	0	0	12	0	0	0
tweet_00087738	saude202108_n_00111_00000009.png	1	1	0	0	0	2	2	9	0	0	0	0	25
tweet_00087742	saude202108_n_00111_00000011.jpg	1	2	-1	0	-1	1	0	0	0	0	0	0	-4
tweet_00087744	saude202108_n_00113_00000001.jpg	0	0	1	0	0	1	0	0	0	0	0	0	-5
tweet_00087765	saude202108_n_00113_00000003.jpg	0	3	0	0	0	0	0	1	2	0	0	0	-1
tweet_00087775	saude202108_n_00113_00000004.jpg	0	0	0	0	0	1	0	4	0	0	0	0	0
tweet_00087791	saude202108_n_00114_00000001.jpg	2	0	0	0	1	1	0	2	0	1	0	-1	-2
tweet_00087801	saude202108_n_00114_00000002.jpg	3	1	0	-2	-3	1	1	0	7	0	1	1	0
tweet_00087834	saude202108_n_00115_00000001.jpg	0	-5	0	0	0	1	0	2	0	0	-1	0	0
tweet_00087865	saude202108_n_00119_00000001.jpg	0	3	0	-1	-1	0	0	8	0	0	0	0	0
tweet_00087869	saude202108_n_00120_00000001.jpg	1	-1	1	0	1	2	0	0	0	7	0	-1	0
tweet_00087875	saude202108_n_00120_00000002.jpg	1	-1	0	0	0	2	0	1	0	0	0	-1	-3
tweet_00087879	saude202108_n_00120_00000003.jpg	0	-1	0	0	0	1	0	0	0	0	0	0	-6
tweet_00087880	saude202108_n_00120_00000004.jpg	0	0	0	0	0	1	0	0	0	0	0	0	-5
tweet_00087888	saude202108_n_00121_00000001.jpg	-5	2	0	0	-1	0	0	2	0	0	-1	-1	0
tweet_00087931	saude202108_n_00122_00000003.jpg	0	1	-1	0	0	0	0	0	0	2	0	-1	1
tweet_00087944	saude202108_n_00122_00000004.jpg	1	-1	0	0	0	1	0	0	0	18	0	0	1
tweet_00087981	saude202108_n_00123_00000005.jpg	1	3	0	0	0	0	0	0	0	-1	0	0	1
tweet_00087998	saude202108_n_00124_00000001.jpg	0	-2	0	0	0	2	0	0	0	6	0	-1	0
tweet_00088044	saude202108_n_00125_00000001.jpg	0	2	0	0	0	0	3	12	0	2	0	0	-1
tweet_00088101	saude202108_n_00126_00000002.jpg	1	-2	0	0	0	2	0	0	0	1	0	0	0
tweet_00088102	saude202108_n_00126_00000003.jpg	3	-3	0	0	0	2	1	0	0	0	2	0	-1
tweet_00088128	saude202108_n_00126_00000006.jpg	1	-2	1	0	0	0	0	-1	0	0	14	0	0
tweet_00088176	saude202108_n_00127_00000001.jpg	1	-1	1	0	0	0	0	-1	0	0	17	0	0
tweet_00088222	saude202108_n_00127_00000007.jpg	1	0	0	0	-2	1	0	20	0	0	0	0	9
tweet_00088225	saude202108_n_00127_00000008.jpg	3	-1	0	-2	-2	1	0	8	0	0	0	0	12
tweet_00088228	saude202108_n_00127_00000009.jpg	2	0	0	-2	1	1	0	0	0	21	0	0	0
tweet_00088256	saude202108_n_00128_00000001.png	2	1	0	0	-2	0	0	0	0	1	0	0	-3
tweet_00088296	saude202108_n_00128_00000002.jpg	-2	0	0	0	0	3	0	0	0	0	0	0	-4
tweet_00088300	saude202108_n_00128_00000003.jpg	0	-2	0	0	1	0	0	0	0	6	0	0	0
tweet_00088311	saude202108_n_00128_00000004.png	1	-1	0	-1	0	3	0	0	0	23	0	0	0
tweet_00088312	saude202108_n_00128_00000005.jpg	1	4	0	0	0	0	0	0	0	0	0	0	-4
tweet_00088357	saude202108_n_00129_00000001.jpg	1	-2	0	0	0	2	0	0	0	3	0	0	0
tweet_00088373	saude202108_n_00129_00000002.jpg	0	0	0	0	0	2	2	0	0	0	0	0	-4
tweet_00088382	saude202108_n_00129_00000004.jpg	1	1	0	0	-1	1	0	0	0	-1	0	0	0
tweet_00088392	saude202108_n_00129_00000005.jpg	0	1	0	0	0	0	0	0	0	0	0	-1	0
tweet_00088428	saude202108_n_00130_00000001.jpg	3	0	-1	0	0	0	0	0	0	1	0	0	0
tweet_00088439	saude202108_n_00130_00000003.jpg	0	0	0	0	0	1	0	0	0	0	0	0	-1
tweet_00088460	saude202108_n_00130_00000004.jpg	0	0	-1	0	1	1	0	0	0	0	0	0	-4
tweet_00088475	saude202108_n_00130_00000006.jpg	0	-2	0	0	0	2	0	0	0	13	0	-1	0
tweet_00088476	saude202108_n_00130_00000007.jpg	-1	1	-1	0	0	5	0	0	0	0	0	0	-6
tweet_00088480	saude202108_n_00130_00000008.jpg	1	1	0	0	0	1	1	-1	2	1	0	0	0
tweet_00088489	saude202108_n_00131_00000001.jpg	1	0	-2	-1	0	1	0	0	0	0	0	0	-2
tweet_00088490	saude202108_n_00131_00000002.jpg	1	-2	0	0	0	3	0	0	0	0	0	0	-2
tweet_00088496	saude202108_n_00131_00000003.jpg	2	-1	2	0	0	0	0	0	0	5	0	0	0
tweet_00088499	saude202108_n_00131_00000004.jpg	-1	-4	0	0	0	0	0	0	0	0	2	0	0
tweet_00088535	saude202108_n_00131_00000005.jpg	1	-2	0	0	0	2	0	0	0	7	0	0	0
tweet_00088553	saude202108_n_00132_00000002.jpg	1	1	-1	0	0	2	0	0	0	0	0	0	-6
tweet_00088602	saude202108_n_00133_00000002.png	1	-2	2	0	0	4	0	0	0	7	0	0	0
tweet_00088622	saude202108_n_00133_00000003.jpg	3	-3	0	0	-1	2	0	0	0	22	0	0	0
tweet_00088626	saude202108_n_00133_00000004.jpg	0	1	0	0	0	1	0	0	0	0	0	1	0
tweet_00088634	saude202108_n_00134_00000001.jpg	1	2	0	0	0	1	0	0	0	26	0	0	0
tweet_00088650	saude202108_n_00134_00000002.jpg	1	3	0	0	0	0	2	4	0	0	0	0	16
tweet_00088665	saude202108_n_00134_00000003.jpg	2	1	0	0	0	1	0	0	0	9	0	0	0
tweet_00088667	saude202108_n_00134_00000004.jpg	1	-2	0	0	0	0	0	0	0	0	0	0	-3
tweet_00088693	saude202108_n_00135_00000001.jpg	1	-1	0	0	0	0	0	0	0	1	0	0	1
tweet_00088704	saude202108_n_00135_00000002.jpg	1	1	0	0	0	2	0	0	0	8	0	0	0
tweet_00088719	saude202108_n_00135_00000004.jpg	1	-1	0	1	1	0	0	0	0	1	3	0	0
tweet_00088754	saude202108_n_00135_00000006.jpg	2	0	-1	0	0	1	11	-1	3	0	0	2	4
tweet_00088755	saude202108_n_00135_00000007.jpg	-1	-1	0	-2	0	0	0	0	0	0	0	0	-3
tweet_00088782	saude202108_n_00136_00000002.jpg	1	2	0	0	0	0	0	0	1	0	0	0	0
tweet_00088789	saude202108_n_00136_00000003.png	1	-4	0	0	0	1	0	0	0	1	0	-1	0
tweet_00088795	saude202108_n_00136_00000005.jpg	0	3	0	-1	0	0	0	0	0	0	0	0	-2
tweet_00088798	saude202108_n_00136_00000006.png	0	-2	0	2	0	0	0	0	0	0	0	0	-3
tweet_00088803	saude202108_n_00136_00000007.jpg	1	3	0	0	-1	1	0	2	0	20	0	0	-1
tweet_00088811	saude202108_n_00136_00000008.jpg	4	-1	1	-4	1	0	1	7	0	0	0	0	13
tweet_00088818	saude202108_n_00136_00000009.jpg	1	1	0	0	-1	1	2	7	0	0	0	0	16
tweet_00088838	saude202108_n_00137_00000001.jpg	1	1	0	0	0	1	0	0	0	8	0	0	0
tweet_00088853	saude202108_n_00137_00000003.jpg	-1	2	1	-1	0	0	0	0	0	0	0	-1	-2
tweet_00088855	saude202108_n_00137_00000006.jpg	1	1	0	-1	0	2	0	0	0	27	0	0	0
tweet_00088856	saude202108_n_00137_00000007.jpg	1	0	-2	0	0	0	0	0	0	21	0	0	0
tweet_00088865	saude202108_n_00137_00000009.jpg	1	0	-2	0	0	0	0	0	0	17	0	0	0
tweet_00088879	saude202108_n_00137_00000010.jpg	4	0	-1	0	0	1	0	0	1	15	0	1	0
tweet_00088898	saude202108_n_00137_00000016.jpg	1	1	0	0	-1	1	0	0	0	1	0	-1	0
tweet_00088923	saude202108_n_00138_00000001.jpg	1	2	0	0	0	2	0	0	1	24	0	0	0
tweet_00088931	saude202108_n_00138_00000004.jpg	1	0	-1	0	0	5	0	0	-2	4	0	0	5
tweet_00088940	saude202108_n_00138_00000005.jpg	0	0	0	0	0	1	0	0	0	0	0	0	-7
tweet_00088952	saude202108_n_00138_00000008.jpg	1	0	-2	0	0	0	0	0	0	24	0	0	0
tweet_00088963	saude202108_n_00139_00000001.jpg	0	0	0	0	0	2	0	0	0	0	0	0	-6
tweet_00088971	saude202108_n_00139_00000002.png	2	5	0	1	0	0	1	0	0	5	0	0	0
tweet_00088986	saude202108_n_00139_00000003.jpg	1	2	0	0	0	0	0	0	0	2	0	0	0
tweet_00088988	saude202108_n_00139_00000004.jpg	1	1	0	-1	0	1	0	0	0	14	0	0	0
tweet_00088991	saude202108_n_00139_00000005.jpg	1	1	0	0	-1	1	0	0	0	0	0	0	-1
tweet_00089017	saude202108_n_00140_00000002.jpg	1	-1	0	0	0	5	0	0	0	0	0	0	-3
tweet_00089022	saude202108_n_00140_00000003.jpg	-2	-3	0	0	0	0	0	0	0	0	0	0	-1
tweet_00089027	saude202108_n_00140_00000004.jpg	1	-3	1	0	0	1	0	0	0	2	0	-1	0
tweet_00089046	saude202108_n_00141_00000001.jpg	0	0	0	0	0	0	0	1	3	0	0	-1	0
tweet_00089056	saude202108_n_00142_00000001.jpg	1	4	0	0	0	1	0	0	0	3	0	0	0
tweet_00089087	saude202108_n_00144_00000004.jpg	1	1	-1	0	0	0	0	8	0	0	0	1	3
tweet_00089101	saude202108_n_00144_00000005.jpg	0	1	0	0	-1	0	1	0	0	0	1	1	0
tweet_00089106	saude202108_n_00144_00000007.jpg	1	1	-1	0	0	0	0	12	0	0	0	1	2
tweet_00089143	saude202108_n_00146_00000001.jpg	0	0	0	0	0	0	0	0	0	0	1	0	-2
tweet_00089148	saude202108_n_00146_00000002.jpg	0	3	0	0	0	0	0	3	0	0	0	0	0
tweet_00089151	saude202108_n_00146_00000003.jpg	0	0	0	0	0	0	0	0	0	1	0	0	-2
tweet_00089172	saude202108_n_00146_00000006.jpg	0	1	-1	0	0	0	0	0	0	1	0	0	-2
tweet_00089173	saude202108_n_00146_00000007.jpg	0	2	0	-1	0	0	2	0	0	0	0	0	-3
tweet_00089199	saude202108_n_00146_00000008.jpg	1	1	-1	0	0	0	0	0	0	-1	1	0	0
tweet_00089204	saude202108_n_00146_00000009.jpg	2	1	0	0	0	0	1	2	0	0	0	0	15
tweet_00089212	saude202108_n_00147_00000001.png	1	1	-1	0	0	0	0	6	0	1	0	0	11
tweet_00089217	saude202108_n_00147_00000002.jpg	1	1	0	0	0	0	0	-1	0	0	-15	1	0
tweet_00089220	saude202108_n_00147_00000003.jpg	3	-3	0	0	2	0	0	0	0	5	0	0	0
tweet_00089235	saude202108_n_00147_00000004.jpg	-1	0	0	0	2	1	0	0	0	0	0	0	-3
tweet_00089242	saude202108_n_00147_00000009.png	0	1	0	0	0	0	0	1	0	0	0	0	18
tweet_00089245	saude202108_n_00147_00000010.jpg	0	4	0	0	0	1	-1	-1	0	0	-12	1	0
tweet_00089246	saude202108_n_00147_00000011.jpg	5	1	0	0	0	0	0	3	0	1	0	0	0
tweet_00089289	saude202108_n_00147_00000012.png	-2	1	0	0	0	0	0	0	0	0	0	0	-5
tweet_00089315	saude202108_n_00148_00000001.jpg	2	0	0	0	0	1	0	0	0	18	0	0	0
tweet_00089316	saude202108_n_00148_00000002.jpg	1	0	0	0	0	2	0	-3	0	0	0	8	0
tweet_00089317	saude202108_n_00148_00000003.jpg	0	2	0	0	0	0	15	3	0	1	0	0	1
tweet_00089323	saude202108_n_00148_00000004.jpg	1	0	0	0	0	1	0	0	0	1	0	1	0
tweet_00089336	saude202108_n_00148_00000005.jpg	0	4	0	0	0	0	0	1	0	0	0	0	0
tweet_00089342	saude202108_n_00148_00000006.jpg	0	-1	0	0	0	0	2	0	0	-1	0	1	1
tweet_00089349	saude202108_n_00149_00000001.jpg	0	2	0	-1	0	0	0	0	0	0	0	0	0
tweet_00089366	saude202108_n_00149_00000005.png	0	0	0	-1	0	0	0	6	0	0	0	-1	-2
tweet_00089371	saude202108_n_00149_00000007.jpg	-1	2	0	0	-1	0	0	1	2	0	-1	0	0
tweet_00089399	saude202108_n_00151_00000001.png	3	1	0	0	0	0	-1	8	1	0	0	1	3
tweet_00089404	saude202108_n_00151_00000002.jpg	2	1	-1	0	1	2	4	0	4	0	0	1	0
tweet_00089413	saude202108_n_00155_00000001.jpg	1	4	0	0	0	0	0	2	0	0	0	-1	6
tweet_00089415	saude202108_n_00152_00000001.jpg	-1	2	0	-2	0	0	0	6	0	0	0	0	0
tweet_00089422	saude202108_n_00152_00000002.jpg	0	2	0	0	-1	0	0	19	0	0	0	0	0
tweet_00089439	saude202108_n_00157_00000011.jpg	1	0	0	-1	0	1	0	1	0	0	0	0	-3
tweet_00089449	saude202108_n_00155_00000002.jpg	2	2	0	-1	0	1	2	0	0	0	0	-1	-5
tweet_00089499	saude202108_n_00157_00000009.jpg	0	3	2	0	0	0	0	0	0	1	1	0	0
tweet_00089511	saude202108_n_00156_00000003.jpg	-1	0	0	0	0	1	0	0	0	0	0	0	-4
tweet_00089531	saude202108_n_00199_00000007.png	1	-2	2	0	1	1	0	0	0	30	0	1	0
tweet_00089540	saude202108_n_00157_00000003.jpg	1	2	0	0	1	1	0	3	0	1	0	2	0
tweet_00089546	saude202108_n_00157_00000004.jpg	1	1	-1	0	-1	1	0	0	0	1	0	0	0
tweet_00089562	saude202108_n_00157_00000012.jpg	-1	2	0	-1	0	1	1	8	0	1	0	0	0
tweet_00089578	saude202108_n_00159_00000002.jpg	0	0	0	0	0	0	0	0	0	0	0	0	-3
tweet_00089590	saude202108_n_00159_00000004.jpg	-1	0	0	0	0	3	0	0	0	0	0	0	-6
tweet_00089593	saude202108_n_00159_00000005.jpg	0	0	0	0	0	4	0	0	0	0	0	0	-6
tweet_00089620	saude202108_n_00159_00000008.jpg	-1	1	0	0	-1	0	0	0	1	2	0	1	0
tweet_00089643	saude202108_n_00160_00000001.jpg	1	1	-1	0	1	2	0	0	0	2	0	0	0
tweet_00089651	saude202108_n_00160_00000002.jpg	3	0	0	0	0	1	1	0	0	0	0	0	0
tweet_00089669	saude202108_n_00160_00000004.jpg	-1	2	0	0	0	0	0	0	0	0	0	0	-3
tweet_00089672	saude202108_n_00160_00000005.jpg	1	-2	0	0	0	1	0	0	0	-1	0	0	-1
tweet_00089696	saude202108_n_00161_00000003.jpg	-1	0	0	0	3	1	0	0	0	0	0	0	-1
tweet_00089722	saude202108_n_00161_00000007.jpg	-1	1	0	0	-1	0	0	0	5	1	0	1	3
tweet_00089735	saude202108_n_00162_00000001.jpg	1	1	0	-1	0	1	0	1	2	0	1	6	0
tweet_00089744	saude202108_n_00162_00000002.png	0	-1	0	0	0	1	0	1	0	15	0	0	0
tweet_00089746	saude202108_n_00162_00000004.jpg	0	-2	0	0	0	2	0	0	0	14	0	0	0
tweet_00089761	saude202108_n_00162_00000005.jpg	0	0	0	0	0	2	0	0	0	0	0	0	-5
tweet_00089793	saude202108_n_00163_00000002.png	2	-4	0	0	0	1	1	0	0	0	0	0	-1
tweet_00089795	saude202108_n_00164_00000001.jpg	0	0	0	0	0	2	6	0	0	0	0	0	-3
tweet_00089864	saude202108_n_00165_00000002.png	0	1	0	0	0	0	0	0	0	12	0	0	0
tweet_00089877	saude202108_n_00165_00000003.jpg	1	-2	0	0	-1	1	0	0	0	5	0	0	0
tweet_00089896	saude202108_n_00166_00000001.jpg	1	-2	0	0	0	0	0	0	0	8	0	0	0
tweet_00089971	saude202108_n_00167_00000004.jpg	4	-3	0	0	-1	1	0	0	0	9	0	0	0
tweet_00089975	saude202108_n_00167_00000005.jpg	0	0	0	0	0	2	3	0	0	0	0	0	-5
tweet_00089978	saude202108_n_00167_00000006.png	1	0	0	0	-1	4	0	1	0	-1	0	0	-3
tweet_00089980	saude202108_n_00167_00000007.jpg	2	0	0	0	0	1	0	0	0	6	0	0	0
tweet_00089992	saude202108_n_00168_00000001.jpg	-2	0	0	0	0	1	0	2	0	2	0	0	0
tweet_00089999	saude202108_n_00168_00000002.jpg	0	4	0	0	-1	0	0	3	0	15	0	0	2
tweet_00090004	saude202108_n_00168_00000003.jpg	1	3	0	0	0	1	0	0	0	0	0	-1	0
tweet_00090057	saude202108_n_00169_00000002.jpg	-1	-1	1	0	0	0	18	0	0	0	0	0	10
tweet_00090064	saude202108_n_00171_00000001.png	-1	-1	0	0	0	2	0	0	0	0	0	0	-4
tweet_00090069	saude202108_n_00171_00000002.jpg	1	4	0	0	0	0	0	0	0	17	0	1	0
tweet_00090078	saude202108_n_00171_00000003.jpg	2	0	0	0	0	0	0	0	0	0	1	-1	-5
tweet_00090080	saude202108_n_00171_00000004.jpg	5	0	0	0	0	0	0	1	0	1	0	-1	0
tweet_00090109	saude202108_n_00172_00000001.jpg	1	0	-1	-1	0	3	2	0	0	-1	0	1	-3
tweet_00090115	saude202108_n_00172_00000002.jpg	3	-2	0	0	0	3	0	0	0	0	0	0	-3
tweet_00090124	saude202108_n_00172_00000003.jpg	0	2	0	0	-1	0	0	0	0	0	0	-1	-1
tweet_00090151	saude202108_n_00172_00000004.jpg	1	1	0	0	0	0	1	1	0	0	0	3	17
tweet_00090159	saude202108_n_00173_00000001.jpg	0	2	0	0	0	-1	0	0	0	1	0	0	2
tweet_00090168	saude202108_n_00173_00000002.jpg	0	0	0	0	0	1	0	0	0	2	0	-1	-1
tweet_00090209	saude202108_n_00173_00000004.jpg	0	0	-1	0	0	0	0	0	0	6	0	-1	0
tweet_00090234	saude202108_n_00174_00000002.jpg	1	1	0	0	0	0	0	6	0	0	0	0	8
tweet_00090239	saude202108_n_00174_00000003.jpg	3	1	0	0	0	0	0	7	0	0	0	0	3
tweet_00090258	saude202108_n_00174_00000006.jpg	0	0	0	1	0	0	0	0	0	4	0	0	0
tweet_00090286	saude202108_n_00175_00000001.png	2	-3	0	0	0	0	0	0	0	3	0	0	0
tweet_00090292	saude202108_n_00175_00000002.jpg	2	-2	0	0	0	0	5	0	0	0	0	0	-6
tweet_00090301	saude202108_n_00176_00000001.png	1	3	0	0	0	1	0	0	0	19	0	1	1
tweet_00090302	saude202108_n_00176_00000002.jpg	0	-3	0	0	0	1	0	0	0	3	0	0	0
tweet_00090305	saude202108_n_00176_00000003.jpg	2	-2	0	0	1	0	0	0	0	1	0	0	-2
tweet_00090314	saude202108_n_00176_00000006.png	0	-2	0	0	0	0	0	0	0	0	3	0	0
tweet_00090321	saude202108_n_00176_00000007.jpg	1	0	0	0	1	0	0	0	0	0	0	0	-3
tweet_00090337	saude202108_n_00177_00000001.jpg	3	-3	0	0	1	0	0	0	0	1	0	0	-1
tweet_00090346	saude202108_n_00177_00000002.jpg	1	1	0	0	0	0	0	0	7	0	1	2	0
tweet_00090351	saude202108_n_00177_00000003.png	0	2	0	0	1	0	3	5	0	1	0	0	22
tweet_00090357	saude202108_n_00177_00000004.jpg	1	0	-1	0	0	5	0	0	0	0	0	0	-1
tweet_00090381	saude202108_n_00178_00000001.jpg	0	0	1	0	0	0	0	0	0	0	0	0	-4
tweet_00090383	saude202108_n_00178_00000002.jpg	1	1	0	0	1	0	4	1	0	0	0	0	12
tweet_00090395	saude202108_n_00178_00000004.jpg	0	-1	0	0	0	1	0	0	0	0	0	0	-5
tweet_00090411	saude202108_n_00178_00000005.jpg	0	0	0	0	0	0	0	0	0	0	0	0	-5
tweet_00090426	saude202108_n_00179_00000001.jpg	-1	1	0	0	-1	1	0	1	0	0	0	0	0
tweet_00090431	saude202108_n_00179_00000002.jpg	-3	0	0	0	2	1	2	1	0	0	0	0	-2
tweet_00090434	saude202108_n_00179_00000006.jpg	1	2	0	0	1	0	0	0	0	19	0	0	1
tweet_00090449	saude202108_n_00179_00000008.jpg	0	-2	0	0	1	1	0	3	0	0	0	0	3
tweet_00090456	saude202108_n_00179_00000009.jpg	1	3	0	2	0	0	0	15	0	0	0	0	17
tweet_00090475	saude202108_n_00180_00000001.jpg	1	-2	0	0	3	0	2	-1	0	12	0	0	0
tweet_00090486	saude202108_n_00180_00000003.jpg	1	1	0	0	0	1	-1	0	0	0	1	6	0
tweet_00090492	saude202108_n_00180_00000004.jpg	1	-2	0	0	2	0	0	0	0	0	2	0	0
tweet_00090515	saude202108_n_00190_00000005.jpg	4	4	0	-1	0	0	6	4	0	0	0	0	26
tweet_00090553	saude202108_n_00182_00000001.jpg	2	-3	0	0	1	0	1	0	0	2	4	0	0
tweet_00090563	saude202108_n_00182_00000002.png	1	1	0	0	0	0	0	0	0	0	0	0	-4
tweet_00090615	saude202108_n_00183_00000002.jpg	0	0	-1	0	-2	2	1	1	0	0	0	0	5
tweet_00090631	saude202108_n_00184_00000001.jpg	1	3	0	0	2	0	3	-1	0	21	0	0	0
tweet_00090647	saude202108_n_00184_00000004.jpg	0	1	0	0	0	1	0	0	0	0	0	0	-4
tweet_00090670	saude202108_n_00185_00000002.png	1	0	0	0	-1	0	0	0	0	6	0	0	0
tweet_00090675	saude202108_n_00185_00000004.jpg	2	-4	0	0	1	0	0	0	0	0	0	0	-2
tweet_00090683	saude202108_n_00186_00000002.png	0	-2	0	0	0	0	0	0	0	5	0	0	0
tweet_00090705	saude202108_n_00186_00000004.jpg	1	-2	0	0	2	0	0	0	0	0	5	-1	0
tweet_00090717	saude202108_n_00187_00000002.jpg	1	-2	0	0	0	2	0	1	0	1	0	0	4
tweet_00090743	saude202108_n_00188_00000003.jpg	2	0	1	0	2	-1	0	0	0	7	0	-1	2
tweet_00090759	saude202108_n_00189_00000003.jpg	-1	0	1	0	1	1	3	0	0	0	0	0	-6
tweet_00090776	saude202108_n_00189_00000006.png	0	1	0	0	1	0	0	4	0	0	0	0	8
tweet_00090778	saude202108_n_00189_00000007.jpg	4	0	-1	0	-3	0	0	0	0	28	0	0	0
tweet_00090782	saude202108_n_00189_00000008.jpg	1	-1	0	-1	-2	1	3	1	1	1	0	0	1
tweet_00090787	saude202108_n_00190_00000001.png	0	-1	-1	1	1	0	13	0	1	0	0	0	5
tweet_00090793	saude202108_n_00190_00000002.jpg	1	-2	0	0	1	0	0	0	0	3	0	0	0
tweet_00090798	saude202108_n_00190_00000003.jpg	0	-2	0	0	1	0	0	0	0	6	0	0	-1
tweet_00090803	saude202108_n_00190_00000004.jpg	2	4	0	-1	0	0	0	11	0	0	0	0	14
tweet_00090809	saude202108_n_00190_00000006.jpg	1	1	0	0	1	0	0	0	1	19	0	1	0
tweet_00090828	saude202108_n_00191_00000002.jpg	2	4	0	-1	0	0	0	0	0	0	0	0	-5
tweet_00090834	saude202108_n_00191_00000003.jpg	1	1	0	0	0	0	0	8	0	0	0	0	14
tweet_00090841	saude202108_n_00191_00000004.jpg	1	4	0	0	0	0	0	0	4	0	0	13	1
tweet_00090866	saude202108_n_00192_00000002.jpg	1	1	0	0	0	0	0	-1	0	17	0	1	0
tweet_00090873	saude202108_n_00192_00000004.jpg	1	-2	0	0	1	0	0	0	0	0	1	0	0
tweet_00090882	saude202108_n_00192_00000005.jpg	1	1	0	0	0	0	0	0	0	9	0	0	0
tweet_00090884	saude202108_n_00192_00000007.jpg	1	1	0	0	-1	0	0	0	1	21	0	1	1
tweet_00090908	saude202108_n_00193_00000001.jpg	-1	0	-1	0	0	0	9	0	0	-1	0	1	16
tweet_00090910	saude202108_n_00193_00000002.jpg	1	-2	0	0	1	0	0	-1	0	0	15	0	0
tweet_00090919	saude202108_n_00193_00000003.jpg	1	3	0	0	0	0	0	0	5	0	0	0	0
tweet_00090927	saude202108_n_00193_00000004.jpg	4	-1	1	0	0	1	0	0	0	16	0	0	0
tweet_00090928	saude202108_n_00193_00000005.jpg	5	-3	0	0	2	0	0	0	0	5	0	0	0
tweet_00090932	saude202108_n_00193_00000006.jpg	3	0	-1	0	-1	0	2	5	0	0	0	0	17
tweet_00090935	saude202108_n_00193_00000007.jpg	0	1	0	0	0	0	0	3	1	0	0	1	5
tweet_00090938	saude202108_n_00194_00000001.jpg	1	0	0	0	0	1	0	0	0	0	0	0	-6
tweet_00090958	saude202108_n_00194_00000004.jpg	0	1	0	0	0	1	0	1	1	4	0	0	0
tweet_00090960	saude202108_n_00194_00000005.jpg	1	3	0	0	-1	0	0	0	0	0	2	0	2
tweet_00090962	saude202108_n_00194_00000006.png	1	0	-1	-1	0	0	2	13	0	0	0	0	16
tweet_00090968	saude202108_n_00194_00000008.jpg	1	1	0	0	1	0	0	0	0	24	0	1	0
tweet_00090969	saude202108_n_00194_00000009.jpg	2	-2	1	1	0	1	0	1	0	19	0	0	0
tweet_00090989	saude202108_n_00195_00000002.jpg	0	0	0	0	0	2	0	2	0	2	0	0	0
tweet_00091011	saude202108_n_00195_00000004.jpg	-1	1	0	0	-1	0	1	4	0	0	0	1	-1
tweet_00091012	saude202108_n_00195_00000006.jpg	-1	0	0	0	0	0	0	6	2	1	0	0	0
tweet_00091026	saude202108_n_00195_00000007.jpg	1	-1	0	0	0	0	0	0	0	15	0	0	0
tweet_00091044	saude202108_n_00196_00000001.jpg	0	1	2	0	0	0	0	2	0	0	0	-1	4
tweet_00091048	saude202108_n_00196_00000002.jpg	1	1	0	0	0	0	1	0	0	0	0	2	0
tweet_00091061	saude202108_n_00196_00000003.jpg	1	2	0	-1	0	0	0	0	0	1	0	0	0
tweet_00091080	saude202108_n_00196_00000004.jpg	-1	0	0	0	0	0	0	0	0	0	0	0	-3
tweet_00091094	saude202108_n_00197_00000001.jpg	1	2	-1	-1	0	0	26	0	0	0	0	1	6
tweet_00091128	saude202108_n_00198_00000001.jpg	0	-1	0	0	0	4	0	0	0	6	0	0	0
tweet_00091132	saude202108_n_00198_00000002.jpg	0	1	0	0	-2	0	0	1	0	0	0	0	1
tweet_00091136	saude202108_n_00198_00000003.jpg	1	-1	0	0	0	0	14	0	0	0	0	1	9
tweet_00091139	saude202108_n_00198_00000004.png	-1	2	0	0	0	0	0	0	0	0	0	-1	-1
tweet_00091148	saude202108_n_00198_00000009.jpg	0	-1	1	0	1	0	0	0	0	0	-10	0	0
tweet_00091150	saude202108_n_00198_00000011.jpg	4	2	0	0	0	0	0	0	0	0	0	0	0
tweet_00091153	saude202108_n_00198_00000012.jpg	0	0	0	0	0	0	0	0	0	4	0	0	0
tweet_00091154	saude202108_n_00198_00000013.jpg	1	-1	0	1	2	0	0	0	0	3	0	0	0
tweet_00091160	saude202108_n_00199_00000001.png	2	1	0	0	1	1	2	6	0	-1	0	0	14
tweet_00091183	saude202108_n_00199_00000003.png	3	-2	1	0	0	0	0	-1	-2	0	12	0	0
tweet_00091207	saude202108_n_00199_00000006.jpg	0	-1	1	0	0	0	0	-1	-2	0	11	0	0
tweet_00091220	saude202108_n_00200_00000001.jpg	0	1	0	0	0	1	0	0	0	2	0	-1	0
tweet_00091222	saude202108_n_00200_00000002.jpg	3	-3	0	2	0	0	0	0	0	8	0	0	0
tweet_00091239	saude202108_n_00200_00000003.jpg	0	4	-1	0	0	0	5	0	0	0	0	0	-6
tweet_00091307	saude202108_n_00202_00000004.png	0	1	0	0	-1	1	0	0	0	21	0	0	1
tweet_00091322	saude202108_n_00202_00000006.jpg	1	1	-2	0	0	1	-1	-1	0	1	-13	1	0
tweet_00091331	saude202108_n_00203_00000002.jpg	3	0	0	0	0	3	1	0	0	0	0	0	1
tweet_00091333	saude202108_n_00203_00000003.jpg	1	0	0	0	0	0	0	0	0	0	1	0	0
tweet_00091337	saude202108_n_00203_00000004.png	0	0	0	0	0	0	0	0	0	0	0	0	-4
tweet_00091369	saude202108_n_00204_00000002.jpg	2	-3	1	3	0	0	0	0	1	24	0	1	1
tweet_00091392	saude202108_n_00204_00000006.jpg	1	0	0	1	1	0	0	0	0	21	0	0	0
tweet_00091395	saude202108_n_00204_00000007.jpg	1	-4	0	0	0	2	0	0	0	4	0	0	0
tweet_00091400	saude202108_n_00204_00000009.png	0	2	0	1	-2	0	0	0	0	0	0	0	-2
tweet_00091410	saude202108_n_00204_00000011.jpg	4	-1	1	0	0	0	3	0	0	5	0	0	0
tweet_00091432	saude202108_n_00205_00000001.jpg	1	-2	1	0	0	0	0	0	1	25	0	1	1
tweet_00091447	saude202108_n_00205_00000002.jpg	1	1	0	0	0	1	0	0	1	20	0	0	1
tweet_00091450	saude202108_n_00205_00000003.jpg	1	-2	0	0	2	0	5	0	0	2	0	0	0
tweet_00091451	saude202108_n_00205_00000004.jpg	0	1	-1	1	0	3	0	0	0	0	0	0	-3
tweet_00091515	saude202108_n_00206_00000002.jpg	0	2	0	-1	0	0	0	2	0	0	0	0	-3
tweet_00091519	saude202108_n_00206_00000003.jpg	0	-3	0	0	0	0	0	0	0	1	0	-2	0
tweet_00091547	saude202108_n_00207_00000002.jpg	0	2	0	0	-1	0	0	3	2	0	0	0	0
tweet_00091561	saude202108_n_00208_00000001.jpg	-1	0	0	0	0	0	0	0	0	0	0	0	-4
tweet_00091571	saude202108_n_00208_00000002.png	1	0	0	0	0	0	1	0	0	0	0	0	-4
tweet_00091598	saude202108_n_00209_00000002.jpg	-2	-1	0	-2	0	1	0	4	2	0	0	0	0
tweet_00091603	saude202108_n_00209_00000003.jpg	0	0	0	0	0	1	0	0	0	0	0	0	-1
tweet_00091609	saude202108_n_00209_00000004.jpg	1	7	0	0	0	0	0	0	0	0	0	0	0
tweet_00091617	saude202108_n_00209_00000005.jpg	-2	1	0	0	0	0	0	3	0	0	-1	0	-1
tweet_00091643	saude202108_n_00210_00000002.png	1	2	0	0	0	0	1	1	0	0	0	-1	-3
tweet_00091648	saude202108_n_00210_00000003.jpg	0	1	0	0	-2	3	0	0	0	0	0	0	-6
tweet_00091663	saude202108_n_00210_00000004.jpg	0	2	0	0	0	0	1	1	-1	0	0	1	-1
tweet_00091700	saude202108_n_00212_00000002.jpg	0	1	0	0	-2	0	0	0	0	1	0	-2	-1
tweet_00091723	saude202108_n_00213_00000001.jpg	1	0	-2	0	0	3	0	-1	4	0	18	0	0
tweet_00091748	saude202108_n_00214_00000002.png	0	-3	1	0	0	1	0	0	0	0	0	0	-2
tweet_00091750	saude202108_n_00215_00000001.jpg	-1	-4	0	0	0	1	0	0	0	0	0	0	-4
tweet_00091772	saude202108_n_00215_00000002.jpg	1	0	0	0	0	2	0	0	0	8	0	1	0
tweet_00091785	saude202108_n_00215_00000003.jpg	0	2	0	0	0	1	0	0	0	10	0	0	0
tweet_00091798	saude202108_n_00216_00000001.jpg	0	2	0	0	0	0	0	4	0	0	0	0	0
tweet_00091799	saude202108_n_00216_00000003.jpg	0	1	1	1	0	0	3	1	0	-1	0	0	-3
tweet_00091802	saude202108_n_00216_00000005.jpg	1	0	0	0	0	1	0	0	0	-1	0	0	-4
tweet_00091852	saude202108_n_00217_00000002.jpg	2	-2	0	0	0	1	1	0	0	13	0	0	0
tweet_00091862	saude202108_n_00217_00000003.jpg	0	-1	0	-1	0	0	2	0	0	0	0	0	-5
tweet_00091863	saude202108_n_00217_00000004.jpg	1	0	0	0	0	2	0	0	0	0	0	0	-4
tweet_00091879	saude202108_n_00218_00000002.jpg	0	0	0	0	1	0	0	0	0	0	0	-1	-2
tweet_00091885	saude202108_n_00218_00000004.jpg	1	0	0	0	0	3	2	0	1	15	0	1	2
tweet_00091904	saude202108_n_00219_00000001.jpg	2	2	0	0	0	0	-1	0	0	3	0	2	1
tweet_00091906	saude202108_n_00219_00000002.jpg	-1	1	0	0	-1	0	0	1	0	0	0	0	0
tweet_00091910	saude202108_n_00219_00000003.png	0	1	0	0	0	1	0	1	0	0	-1	-1	-1
tweet_00091911	saude202108_n_00219_00000004.jpg	3	-3	0	1	2	0	0	0	0	18	0	0	0
tweet_00091916	saude202108_n_00219_00000006.jpg	1	0	-1	0	0	3	0	0	5	0	4	0	0
tweet_00091918	saude202108_n_00219_00000007.png	4	-5	0	0	0	1	0	0	0	0	0	0	-1
tweet_00091933	saude202108_n_00220_00000001.jpg	0	0	0	0	0	0	0	0	0	0	0	0	-4
tweet_00091935	saude202108_n_00220_00000003.jpg	0	0	0	0	0	1	0	1	0	-1	0	0	21
tweet_00091944	saude202108_n_00220_00000004.jpg	2	-1	0	-1	0	0	0	-1	9	2	0	-13	0
tweet_00091947	saude202108_n_00220_00000005.png	0	1	0	0	0	0	1	1	0	-1	0	0	23
tweet_00091970	saude202108_n_00221_00000001.jpg	1	1	0	0	0	1	1	0	2	0	1	0	0
tweet_00091981	saude202108_n_00221_00000002.png	1	1	0	0	1	2	0	0	0	8	0	0	0
tweet_00092020	saude202108_n_00222_00000002.jpg	1	1	0	0	0	1	0	1	0	0	0	0	3
tweet_00092025	saude202108_n_00222_00000004.jpg	0	1	0	0	0	0	1	1	0	-1	0	0	24
tweet_00092033	saude202108_n_00222_00000005.jpg	4	0	-1	-3	0	3	0	0	0	6	0	0	0
tweet_00092037	saude202108_n_00222_00000006.jpg	6	0	1	0	0	1	1	0	0	9	0	0	0
tweet_00092063	saude202108_n_00223_00000001.jpg	0	2	1	0	0	0	0	0	0	0	0	0	-6
tweet_00092074	saude202108_n_00223_00000003.jpg	0	2	1	0	0	0	0	0	0	8	0	0	0
tweet_00092082	saude202108_n_00223_00000004.jpg	3	-2	2	0	0	0	0	5	0	0	0	0	9
tweet_00092090	saude202108_n_00223_00000005.jpg	1	-1	0	0	1	0	0	0	0	14	0	-3	-1
tweet_00092101	saude202108_n_00223_00000006.jpg	2	1	0	0	-1	1	0	0	0	8	0	0	0
tweet_00092108	saude202108_n_00223_00000008.jpg	0	1	0	0	-1	1	0	0	0	19	0	0	0
tweet_00092109	saude202108_n_00223_00000009.jpg	2	1	0	-1	0	0	0	0	0	2	0	0	-1
tweet_00092112	saude202108_n_00223_00000010.jpg	4	-1	0	0	0	2	-1	0	-7	2	1	2	0
tweet_00092115	saude202108_n_00224_00000001.jpg	0	0	0	0	-1	1	1	0	0	0	0	0	-3
tweet_00092117	saude202108_n_00224_00000002.jpg	0	-1	2	0	0	0	8	0	0	0	0	0	9
tweet_00092122	saude202108_n_00224_00000003.jpg	2	-1	0	3	1	0	0	0	0	0	0	-1	0
tweet_00092134	saude202108_n_00224_00000005.jpg	0	0	0	0	-1	1	0	0	0	9	0	0	0
tweet_00092163	saude202108_n_00224_00000008.jpg	2	0	0	1	1	0	0	-2	0	22	0	1	1
tweet_00092164	saude202108_n_00224_00000009.jpg	1	0	0	0	0	0	0	0	0	0	0	0	-4
tweet_00092168	saude202108_n_00224_00000010.jpg	1	1	0	-1	-1	0	0	0	1	0	1	2	0
tweet_00092170	saude202108_n_00224_00000011.jpg	0	1	0	0	-1	0	0	0	0	1	0	0	-1
tweet_00092191	saude202108_n_00225_00000001.jpg	0	-1	1	0	2	0	0	1	0	0	0	0	3
tweet_00092201	saude202108_n_00225_00000002.jpg	2	1	0	0	0	1	0	1	0	0	0	-2	0
tweet_00092202	saude202108_n_00225_00000003.jpg	1	-1	0	-2	-2	1	4	0	0	1	0	0	0
tweet_00092203	saude202108_n_00225_00000004.jpg	3	-1	0	0	0	0	0	0	0	12	0	0	0
tweet_00092208	saude202108_n_00225_00000005.jpg	0	-1	2	0	0	0	0	2	0	0	0	0	4
tweet_00092239	saude202108_n_00226_00000001.jpg	3	-1	0	3	1	0	0	0	0	1	0	0	0
tweet_00092256	saude202108_n_00226_00000002.jpg	1	1	0	0	-1	1	2	4	0	-1	0	0	25
tweet_00092287	saude202108_n_00226_00000004.jpg	1	0	-1	0	-3	0	0	-1	11	0	12	14	2
tweet_00092302	saude202108_n_00226_00000006.png	0	0	4	0	0	0	0	1	0	1	0	0	10
tweet_00092312	saude202108_n_00227_00000001.jpg	1	2	0	-1	0	2	0	0	0	14	0	0	0
tweet_00092322	saude202108_n_00227_00000002.jpg	1	1	0	0	0	1	0	0	0	4	0	1	0
tweet_00092356	saude202108_n_00227_00000004.jpg	1	2	0	0	0	3	0	0	0	0	7	-2	4
tweet_00092358	saude202108_n_00228_00000001.jpg	1	-1	0	0	0	0	0	-1	0	0	-1	-12	0
tweet_00092397	saude202108_n_00229_00000002.jpg	-3	1	0	-2	0	0	2	0	0	1	0	0	0
tweet_00092408	saude202108_n_00229_00000003.png	1	1	0	0	-1	0	0	0	0	1	0	0	-1
tweet_00092414	saude202108_n_00230_00000001.jpg	0	0	0	0	0	0	1	0	0	0	0	0	-6
tweet_00092429	saude202108_n_00231_00000003.jpg	1	0	-1	0	-3	0	0	1	3	-1	0	4	0
tweet_00092433	saude202108_n_00231_00000004.jpg	1	1	0	0	0	0	0	0	0	8	0	0	0
tweet_00092434	saude202108_n_00231_00000005.jpg	2	0	-1	0	0	4	1	4	0	0	0	1	-1
tweet_00092438	saude202108_n_00232_00000001.jpg	1	1	0	0	0	2	0	7	0	0	0	0	15
tweet_00092488	saude202108_n_00234_00000001.jpg	1	1	0	0	0	0	0	0	0	5	0	0	0
tweet_00092492	saude202108_n_00234_00000002.jpg	0	0	0	0	-2	1	0	0	0	0	0	0	-6
tweet_00092497	saude202108_n_00234_00000003.png	1	0	-1	0	-3	0	0	0	4	0	3	9	1
tweet_00092500	saude202108_n_00234_00000004.jpg	1	0	0	2	0	1	0	-1	0	0	10	0	0
tweet_00092507	saude202108_n_00234_00000005.jpg	1	1	0	0	0	0	0	0	0	24	0	0	0
tweet_00092516	saude202108_n_00235_00000003.jpg	3	-3	0	1	3	0	0	0	0	0	0	0	-5
tweet_00092517	saude202108_n_00235_00000004.jpg	0	1	0	0	0	4	1	10	0	0	0	0	19
tweet_00092534	saude202108_n_00236_00000001.jpg	1	5	-1	0	-1	0	0	1	0	0	0	0	-1
tweet_00092546	saude202109_n_00001_00000001.jpg	1	-2	-1	3	1	0	0	0	0	1	0	0	-3
tweet_00092560	saude202109_n_00001_00000002.jpg	1	-2	0	0	0	0	0	0	0	16	0	0	0
tweet_00092564	saude202109_n_00001_00000003.jpg	1	3	0	0	0	1	0	0	0	1	0	0	0
tweet_00092586	saude202109_n_00001_00000005.png	4	-1	0	0	0	0	0	0	0	0	0	0	-1
tweet_00092612	saude202109_n_00002_00000001.jpg	-1	2	0	-1	-1	1	4	0	0	-1	0	0	-5
tweet_00092626	saude202109_n_00002_00000005.jpg	-1	0	0	0	1	0	4	1	0	0	0	1	12
tweet_00092651	saude202109_n_00003_00000001.jpg	-1	1	0	0	0	0	0	2	0	1	0	0	0
tweet_00092666	saude202109_n_00003_00000003.png	0	1	0	-2	0	0	0	0	0	0	0	0	-4
tweet_00092671	saude202109_n_00003_00000004.jpg	1	-2	2	0	0	1	0	0	0	7	0	0	0
tweet_00092672	saude202109_n_00003_00000005.jpg	0	1	-1	0	0	0	0	0	0	0	0	0	0
tweet_00092688	saude202109_n_00004_00000001.jpg	1	3	0	0	0	0	2	0	0	0	0	0	-3
tweet_00092697	saude202109_n_00004_00000002.png	0	2	-1	0	-1	0	0	0	1	20	0	1	1
tweet_00092743	saude202109_n_00004_00000004.jpg	1	4	0	-1	0	0	0	2	0	0	0	1	0
tweet_00092754	saude202109_n_00004_00000005.jpg	0	-2	0	0	0	1	0	0	0	3	0	0	0
tweet_00092762	saude202109_n_00005_00000001.jpg	3	2	0	0	0	1	0	0	0	0	0	0	-1
tweet_00092829	saude202109_n_00007_00000001.png	-2	0	0	0	1	0	13	1	0	0	0	1	9
tweet_00092830	saude202109_n_00007_00000003.png	-1	0	0	0	0	0	1	0	0	0	0	0	14
tweet_00092838	saude202109_n_00007_00000004.jpg	0	-2	0	0	-1	1	0	0	0	17	0	0	0
tweet_00092880	saude202109_n_00009_00000001.jpg	1	-2	1	0	-1	1	0	0	0	6	0	0	0
tweet_00092886	saude202109_n_00010_00000001.jpg	-2	0	0	0	0	1	14	0	0	0	0	0	10
tweet_00092888	saude202109_n_00010_00000003.jpg	2	-2	0	0	0	1	0	1	0	17	0	0	0
tweet_00092897	saude202109_n_00010_00000004.jpg	1	-2	1	0	-1	1	0	0	0	8	0	0	0
tweet_00092909	saude202109_n_00013_00000001.jpg	1	-1	0	-1	0	3	0	0	0	12	0	0	0
tweet_00092931	saude202109_n_00013_00000003.jpg	4	-1	0	0	0	0	1	0	0	23	0	1	0
tweet_00092936	saude202109_n_00013_00000004.png	3	-1	0	0	1	0	0	0	0	13	0	0	0
tweet_00092940	saude202109_n_00013_00000005.jpg	2	5	0	0	0	0	1	2	2	0	0	0	-1
tweet_00092945	saude202109_n_00013_00000006.jpg	0	1	0	0	0	1	2	0	0	0	0	0	2
tweet_00092948	saude202109_n_00013_00000007.jpg	3	0	0	0	0	1	0	0	0	18	0	-1	0
tweet_00092972	saude202109_n_00014_00000001.jpg	0	1	0	0	0	0	0	0	0	0	0	-3	-1
tweet_00092988	saude202109_n_00014_00000002.jpg	0	2	1	-1	0	0	2	0	0	-1	0	0	-2
tweet_00092991	saude202109_n_00014_00000003.jpg	0	2	0	-1	0	0	0	0	0	0	0	0	-6
tweet_00092992	saude202109_n_00014_00000004.jpg	-1	-1	0	0	0	0	0	0	0	0	0	0	-3
tweet_00093014	saude202109_n_00015_00000001.jpg	-2	0	1	0	0	0	0	-2	0	0	0	1	2
tweet_00093026	saude202109_n_00016_00000001.png	-1	2	0	0	-1	1	0	0	0	0	0	0	-4
tweet_00093044	saude202109_n_00017_00000001.jpg	0	-3	0	0	0	0	0	0	0	0	0	0	-5
tweet_00093061	saude202109_n_00017_00000003.jpg	-2	2	0	0	0	0	0	0	0	0	0	0	-3
tweet_00093067	saude202109_n_00017_00000004.png	1	1	-1	0	1	1	1	0	0	1	0	0	0
tweet_00093106	saude202109_n_00020_00000001.jpg	-1	5	1	0	2	0	0	5	0	0	0	0	6
tweet_00093125	saude202109_n_00020_00000002.jpg	0	4	0	0	0	0	0	0	0	0	0	0	-4
tweet_00093139	saude202109_n_00021_00000002.jpg	1	1	0	0	0	0	0	0	0	0	0	0	-5
tweet_00093156	saude202109_n_00022_00000001.jpg	1	2	0	0	0	0	0	0	0	0	0	0	0
tweet_00093163	saude202109_n_00022_00000002.jpg	-2	1	0	0	0	0	4	0	0	0	0	0	-2
tweet_00093176	saude202109_n_00023_00000001.jpg	-1	0	-1	0	0	0	0	0	0	0	0	0	-3
tweet_00093189	saude202109_n_00024_00000001.png	0	1	0	0	0	0	2	0	0	0	0	0	-5
tweet_00093191	saude202109_n_00025_00000001.jpg	1	1	0	0	0	3	0	0	0	0	0	0	2
tweet_00093213	saude202109_n_00026_00000001.jpg	1	1	0	0	0	1	13	1	0	0	0	0	-3
tweet_00093245	saude202109_n_00028_00000001.jpg	1	0	0	0	0	0	0	0	0	0	0	0	-1
tweet_00093250	saude202109_n_00029_00000002.jpg	1	1	0	-1	0	0	1	6	0	0	0	0	-1
tweet_00093256	saude202109_n_00033_00000001.jpg	1	3	0	0	0	0	-1	4	0	1	0	0	0
tweet_00093261	saude202109_n_00033_00000003.jpg	5	0	0	0	0	0	0	0	2	0	0	2	0
tweet_00093275	saude202109_n_00035_00000001.jpg	0	0	0	1	0	0	0	0	0	0	0	-4	0
tweet_00093281	saude202109_n_00035_00000003.jpg	-1	-1	0	0	0	0	1	2	0	0	0	0	-3
tweet_00093332	saude202109_n_00036_00000001.jpg	-2	2	1	0	0	0	0	0	0	0	0	0	-4
tweet_00093340	saude202109_n_00036_00000002.jpg	0	-1	1	-1	0	1	0	2	0	0	0	0	2
tweet_00093354	saude202109_n_00036_00000003.jpg	1	-1	0	0	1	0	2	4	0	0	0	0	28
tweet_00093374	saude202109_n_00037_00000001.png	0	2	0	0	0	0	0	0	0	0	10	0	0
tweet_00093375	saude202109_n_00037_00000003.jpg	0	1	0	0	0	0	0	0	0	0	0	0	-4
tweet_00093396	saude202109_n_00038_00000001.jpg	0	2	0	0	0	0	0	1	0	1	0	0	-1
tweet_00093404	saude202109_n_00038_00000002.jpg	0	0	-2	-2	0	0	0	0	0	0	0	0	-4
tweet_00093405	saude202109_n_00038_00000003.jpg	-1	2	0	-1	-1	0	0	0	1	1	0	-2	2
tweet_00093425	saude202109_n_00038_00000005.jpg	0	1	0	0	-1	0	0	0	0	17	0	0	0
tweet_00093427	saude202109_n_00038_00000006.jpg	0	1	0	0	0	2	1	0	0	0	0	0	-4
tweet_00093452	saude202109_n_00039_00000001.jpg	0	0	1	0	0	0	0	0	0	0	0	0	-4
tweet_00093456	saude202109_n_00039_00000002.png	1	0	0	0	0	1	0	2	0	0	0	-1	-1
tweet_00093457	saude202109_n_00039_00000003.jpg	1	-1	0	0	0	1	1	0	0	0	0	0	-6
tweet_00093458	saude202109_n_00039_00000004.jpg	1	0	0	0	0	2	6	0	0	0	0	0	-2
tweet_00093463	saude202109_n_00039_00000005.jpg	1	1	-1	0	0	3	0	0	0	10	0	1	0
tweet_00093469	saude202109_n_00039_00000006.jpg	4	1	0	0	0	1	-1	-1	5	0	5	2	0
tweet_00093475	saude202109_n_00039_00000007.jpg	-1	0	1	0	0	0	4	0	0	0	0	0	-1
tweet_00093498	saude202109_n_00040_00000001.jpg	0	2	0	0	0	0	0	6	0	0	0	0	0
tweet_00093563	saude202109_n_00041_00000001.jpg	-3	1	0	0	0	0	0	1	0	0	0	0	-3
tweet_00093566	saude202109_n_00042_00000001.jpg	0	0	0	-1	0	3	0	0	0	0	0	0	-5
tweet_00093568	saude202109_n_00042_00000005.jpg	0	0	0	0	2	1	1	5	0	1	0	-1	2
tweet_00093574	saude202109_n_00042_00000006.jpg	1	1	0	1	2	0	0	4	0	0	0	-1	1
tweet_00093578	saude202109_n_00042_00000004.jpg	0	0	0	0	-1	1	0	0	1	0	0	0	-7
tweet_00093583	saude202109_n_00042_00000007.jpg	-1	2	0	-1	0	0	0	0	11	0	1	0	0
tweet_00093591	saude202109_n_00042_00000008.jpg	-2	1	0	0	1	0	0	0	0	3	0	-1	0
tweet_00093597	saude202109_n_00043_00000001.png	1	-2	1	0	1	0	0	0	0	3	0	0	0
tweet_00093599	saude202109_n_00043_00000002.jpg	1	-3	0	0	0	2	0	0	0	4	0	-1	0
tweet_00093622	saude202109_n_00044_00000001.jpg	1	0	0	-1	0	2	1	3	0	0	0	0	12
tweet_00093652	saude202109_n_00045_00000001.jpg	-1	3	0	0	1	1	0	0	0	0	0	0	-5
tweet_00093661	saude202109_n_00046_00000001.jpg	1	-1	0	0	1	0	3	3	0	0	0	0	27
tweet_00093673	saude202109_n_00047_00000001.jpg	0	-2	0	0	1	0	0	5	0	1	0	0	4
tweet_00093697	saude202109_n_00049_00000001.jpg	0	0	0	0	0	6	2	0	0	0	0	1	0
tweet_00093699	saude202109_n_00048_00000004.jpg	-1	-1	0	0	0	6	2	0	0	0	0	1	-1
tweet_00093705	saude202109_n_00049_00000002.png	1	1	0	0	2	0	0	0	0	14	0	-3	-1
tweet_00093708	saude202109_n_00049_00000004.jpg	0	0	0	0	0	2	0	0	0	0	0	0	-3
tweet_00093748	saude202109_n_00051_00000002.jpg	1	0	0	0	1	0	0	0	0	0	0	0	3
tweet_00093753	saude202109_n_00050_00000015.jpg	1	-3	-1	-1	0	2	0	0	0	3	0	0	0
tweet_00093767	saude202109_n_00051_00000003.png	-1	-1	-1	-1	0	0	0	3	0	-1	0	0	0
tweet_00093768	saude202109_n_00051_00000004.jpg	0	-1	-1	-1	0	0	2	3	0	0	0	2	22
tweet_00093769	saude202109_n_00051_00000005.png	0	1	0	0	0	1	0	0	0	0	0	0	-5
tweet_00093770	saude202109_n_00051_00000006.jpg	1	1	0	0	2	0	0	0	0	25	0	1	0
tweet_00093772	saude202109_n_00052_00000002.jpg	1	1	0	0	2	0	0	0	0	22	0	0	0
tweet_00093779	saude202109_n_00052_00000003.jpg	1	3	1	0	0	1	0	0	0	5	0	0	-1
tweet_00093794	saude202109_n_00052_00000004.jpg	1	1	1	0	0	1	0	0	0	18	0	0	0
tweet_00093811	saude202109_n_00052_00000005.jpg	-1	1	-1	-1	0	2	5	0	0	0	0	0	-7
tweet_00093812	saude202109_n_00052_00000006.jpg	0	0	0	0	0	1	0	0	0	0	0	0	-3
tweet_00093822	saude202109_n_00053_00000001.jpg	0	3	0	-1	0	0	3	0	0	0	0	0	0
tweet_00093844	saude202109_n_00053_00000003.jpg	0	-1	0	0	0	0	0	5	1	0	-2	-1	-4
tweet_00093872	saude202109_n_00053_00000005.jpg	1	1	0	-1	1	0	1	0	0	10	0	1	0
tweet_00093878	saude202109_n_00053_00000006.jpg	1	1	1	0	0	0	3	0	0	0	-1	-1	-1
tweet_00093894	saude202109_n_00054_00000001.jpg	1	1	0	0	0	0	0	0	0	1	0	0	0
tweet_00093898	saude202109_n_00054_00000002.jpg	3	-2	-1	0	2	0	0	0	0	0	0	0	-3
tweet_00093932	saude202109_n_00054_00000003.jpg	1	1	0	0	1	0	0	0	0	0	1	1	0
tweet_00093934	saude202109_n_00054_00000004.jpg	1	3	0	0	1	0	0	0	0	8	0	-3	-1
tweet_00093936	saude202109_n_00054_00000005.jpg	1	1	0	0	1	0	0	0	0	17	0	0	1
tweet_00093948	saude202109_n_00055_00000001.jpg	1	0	0	0	0	4	0	0	0	6	0	0	0
tweet_00093968	saude202109_n_00055_00000002.jpg	0	1	0	0	2	0	1	0	0	0	2	0	0
tweet_00093983	saude202109_n_00056_00000002.jpg	0	-1	1	-1	0	0	2	0	0	0	0	-1	8
tweet_00094003	saude202109_n_00058_00000001.jpg	0	-2	0	0	-1	3	0	0	0	21	0	0	0
tweet_00094013	saude202109_n_00058_00000002.jpg	1	1	0	0	0	0	0	0	0	0	0	0	-2
tweet_00094026	saude202109_n_00059_00000001.jpg	2	-1	1	0	0	0	0	2	0	0	0	0	4
tweet_00094031	saude202109_n_00059_00000002.jpg	1	0	0	0	0	2	0	0	0	0	0	0	0
tweet_00094071	saude202109_n_00060_00000002.jpg	1	-1	0	-2	0	0	0	0	0	-1	0	0	8
tweet_00094072	saude202109_n_00060_00000003.jpg	-1	0	-1	0	1	3	0	0	0	0	0	0	-7
tweet_00094093	saude202109_n_00061_00000001.jpg	0	-1	1	-1	0	0	0	1	0	0	0	3	6
tweet_00094113	saude202109_n_00062_00000001.jpg	0	0	1	0	-2	2	0	0	0	9	0	0	0
tweet_00094137	saude202109_n_00063_00000001.jpg	5	0	0	0	0	1	0	0	-1	15	0	-1	0
tweet_00094145	saude202109_n_00064_00000001.jpg	1	2	0	0	0	0	0	0	0	1	0	0	0
tweet_00094164	saude202109_n_00066_00000001.jpg	1	1	0	0	0	0	0	1	0	14	0	0	0
tweet_00094169	saude202109_n_00067_00000001.jpg	0	0	0	0	0	0	0	0	0	1	0	0	0
tweet_00094191	saude202109_n_00069_00000002.png	0	2	0	0	0	0	0	0	0	0	0	0	-4
tweet_00094203	saude202109_n_00070_00000001.jpg	2	1	0	0	0	2	0	0	0	21	0	0	0
tweet_00094204	saude202109_n_00070_00000002.jpg	1	1	0	0	0	0	0	0	0	14	0	0	0
tweet_00094208	saude202109_n_00071_00000001.jpg	0	1	0	0	0	0	0	1	0	0	-2	-1	-4
tweet_00094214	saude202109_n_00072_00000001.jpg	1	1	0	0	0	1	0	0	0	0	0	-1	1
tweet_00094240	saude202109_n_00075_00000001.jpg	1	-1	1	-2	0	0	1	1	0	0	0	1	11
tweet_00094246	saude202109_n_00076_00000001.jpg	1	-1	0	-1	1	3	0	0	0	15	0	0	0
tweet_00094300	saude202109_n_00076_00000003.png	1	-1	1	0	0	1	0	-1	0	0	-9	2	1
tweet_00094330	saude202109_n_00077_00000006.jpg	1	-2	0	0	0	0	0	0	0	6	0	0	0
tweet_00094331	saude202109_n_00077_00000002.jpg	0	1	0	0	0	0	0	1	0	1	0	0	-1
tweet_00094332	saude202109_n_00077_00000007.jpg	2	-1	0	0	0	0	0	0	0	4	0	0	0
tweet_00094333	saude202109_n_00077_00000009.jpg	2	-2	0	-2	0	0	1	7	0	0	0	0	13
tweet_00094364	saude202109_n_00077_00000010.jpg	0	-1	0	0	0	1	0	0	0	0	0	0	-1
tweet_00094381	saude202109_n_00078_00000001.jpg	-1	1	0	0	0	1	2	0	0	0	0	1	-1
tweet_00094384	saude202109_n_00078_00000002.jpg	1	-1	0	-2	0	1	0	0	-3	1	0	0	7
tweet_00094396	saude202109_n_00078_00000003.png	1	1	0	0	0	0	0	0	0	0	6	-2	0
tweet_00094403	saude202109_n_00078_00000004.jpg	1	-1	1	-3	0	0	1	1	0	0	0	0	22
tweet_00094405	saude202109_n_00078_00000005.jpg	1	-1	1	-4	0	1	3	0	3	0	0	1	11
tweet_00094423	saude202109_n_00078_00000007.jpg	3	-2	0	0	0	0	1	0	0	0	3	0	0
tweet_00094439	saude202109_n_00079_00000002.png	1	0	1	0	-2	0	0	0	0	0	0	0	-3
tweet_00094451	saude202109_n_00079_00000003.jpg	0	-1	0	-2	0	0	1	1	0	0	0	1	13
tweet_00094489	saude202109_n_00080_00000001.jpg	-2	0	0	0	0	0	0	0	8	0	0	0	0
tweet_00094527	saude202109_n_00081_00000001.jpg	1	-1	1	-4	0	0	0	6	0	0	0	1	5
tweet_00094530	saude202109_n_00081_00000003.jpg	1	-2	1	-2	0	1	0	0	0	0	0	0	3
tweet_00094541	saude202109_n_00081_00000004.jpg	4	-2	0	0	0	2	0	0	0	9	0	0	0
tweet_00094548	saude202109_n_00081_00000005.jpg	1	1	0	0	0	0	3	1	0	-1	0	0	22
tweet_00094554	saude202109_n_00082_00000003.jpg	2	1	0	0	0	0	0	0	-1	-1	0	0	0
tweet_00094558	saude202109_n_00082_00000004.png	1	-1	2	-2	0	0	0	0	1	0	0	-2	-1
tweet_00094586	saude202109_n_00082_00000006.jpg	0	-2	0	0	0	1	0	0	0	3	0	-1	0
tweet_00094601	saude202109_n_00083_00000003.jpg	2	3	0	0	0	1	0	0	-1	-1	0	0	0
tweet_00094636	saude202109_n_00084_00000001.jpg	2	-1	0	-2	0	0	0	2	0	0	0	0	10
tweet_00094650	saude202109_n_00084_00000002.jpg	1	1	0	0	0	0	0	-1	0	23	0	1	1
tweet_00094703	saude202109_n_00086_00000001.jpg	0	-1	0	-1	0	0	0	3	0	0	0	0	5
tweet_00094742	saude202109_n_00086_00000003.jpg	3	-2	1	-2	0	0	0	3	0	0	0	0	6
tweet_00094774	saude202109_n_00088_00000001.jpg	0	-1	1	-3	0	1	0	1	0	0	0	0	4
tweet_00094780	saude202109_n_00088_00000002.jpg	1	-1	1	-2	0	0	1	0	0	0	1	0	6
tweet_00094789	saude202109_n_00089_00000001.png	0	-2	0	0	0	2	1	0	0	18	0	0	1
tweet_00094790	saude202109_n_00089_00000002.png	1	0	0	-2	0	1	1	0	-3	1	0	0	9
tweet_00094801	saude202109_n_00089_00000003.jpg	1	-1	1	0	0	0	2	1	0	0	0	0	-1
tweet_00094808	saude202109_n_00090_00000002.png	1	-1	1	-2	0	0	3	1	0	0	0	1	11
tweet_00094822	saude202109_n_00090_00000003.jpg	0	0	1	-1	0	0	6	0	0	0	0	0	9
tweet_00094823	saude202109_n_00091_00000001.png	0	0	0	0	0	1	0	1	0	7	0	0	0
tweet_00094829	saude202109_n_00091_00000002.jpg	0	-1	0	-1	0	0	2	1	0	0	0	-1	4
tweet_00094834	saude202109_n_00091_00000004.jpg	0	1	0	0	0	0	0	5	0	0	0	0	-1
tweet_00094838	saude202109_n_00091_00000005.jpg	2	1	0	0	0	1	0	0	-1	-1	0	0	0
tweet_00094861	saude202109_n_00091_00000006.jpg	1	1	0	0	0	0	0	0	-1	-1	0	0	0
tweet_00094888	saude202109_n_00092_00000002.jpg	-1	0	0	0	0	1	0	1	1	0	-2	-1	-2
tweet_00094904	saude202109_n_00092_00000003.jpg	1	1	0	0	0	0	0	0	0	4	0	0	0
tweet_00094944	saude202109_n_00093_00000002.jpg	1	1	0	0	0	0	2	-2	0	7	0	-1	0
tweet_00095037	saude202109_n_00096_00000001.jpg	4	1	0	0	0	0	0	0	0	11	0	0	0
tweet_00095048	saude202109_n_00096_00000007.jpg	0	1	0	0	0	0	8	0	0	-1	0	-1	-6
tweet_00095052	saude202109_n_00096_00000008.jpg	0	1	0	0	-2	0	0	1	0	0	0	-1	0
tweet_00095071	saude202109_n_00096_00000010.jpg	1	1	-1	0	0	0	1	0	0	0	0	0	5
tweet_00095074	saude202109_n_00097_00000001.png	1	0	0	-1	0	0	0	0	0	18	0	-1	0
tweet_00095078	saude202109_n_00097_00000002.jpg	1	1	0	0	0	0	0	0	0	0	4	-2	0
tweet_00095097	saude202109_n_00097_00000005.jpg	1	1	0	0	0	0	1	0	0	23	0	0	0
tweet_00095106	saude202109_n_00098_00000001.jpg	1	1	0	0	0	0	0	0	0	25	0	1	0
tweet_00095108	saude202109_n_00098_00000002.jpg	0	0	-1	0	0	1	0	0	0	8	0	0	0
tweet_00095113	saude202109_n_00098_00000003.jpg	1	1	0	0	0	1	0	0	1	24	0	0	1
tweet_00095136	saude202109_n_00099_00000001.jpg	0	2	0	-4	0	0	3	0	0	0	0	0	-5
tweet_00095155	saude202109_n_00099_00000002.jpg	1	1	0	0	0	0	1	0	0	8	0	-1	0
tweet_00095182	saude202109_n_00100_00000004.jpg	1	-1	0	0	0	1	0	0	0	3	0	0	0
tweet_00095183	saude202109_n_00100_00000005.jpg	5	0	0	0	0	0	0	0	0	5	0	0	0
tweet_00095188	saude202109_n_00100_00000006.jpg	4	-1	0	0	0	3	-4	-2	0	0	-22	0	0
tweet_00095194	saude202109_n_00100_00000011.jpg	1	-1	0	0	0	2	8	0	0	0	0	0	7
tweet_00095198	saude202109_n_00102_00000001.jpg	1	-1	0	0	0	1	0	0	0	0	1	0	0
tweet_00095213	saude202109_n_00106_00000001.jpg	3	-2	0	1	0	0	0	0	0	1	0	0	0
tweet_00095228	saude202109_n_00107_00000001.jpg	1	-1	1	0	0	1	0	0	0	2	0	-1	0
tweet_00095238	saude202109_n_00108_00000001.jpg	1	-1	0	0	0	0	0	-1	0	0	13	0	0
tweet_00095269	saude202109_n_00110_00000001.jpg	2	-3	0	0	0	0	0	7	0	0	0	0	6
tweet_00095300	saude202109_n_00113_00000001.jpg	1	-1	0	0	0	0	0	0	0	8	0	0	0
tweet_00095314	saude202109_n_00116_00000001.jpg	1	-1	0	0	0	0	0	0	0	27	0	0	0
tweet_00095322	saude202109_n_00122_00000001.jpg	0	-1	0	1	0	0	0	0	0	0	0	0	0
tweet_00095324	saude202109_n_00122_00000002.jpg	1	-1	0	0	0	0	0	0	0	12	0	0	0
tweet_00095331	saude202109_n_00125_00000001.jpg	1	1	-1	0	0	0	3	1	0	0	0	0	20
tweet_00095339	saude202109_n_00131_00000001.jpg	1	0	0	0	0	2	0	0	0	0	0	-1	-5
tweet_00095341	saude202109_n_00131_00000002.jpg	0	1	0	0	0	0	0	0	0	0	0	0	-6
tweet_00095343	saude202109_n_00134_00000001.jpg	3	-2	0	0	0	0	0	0	0	2	0	0	0
tweet_00095344	saude202109_n_00134_00000002.jpg	-1	1	0	0	0	0	0	0	0	0	0	0	-7
tweet_00095347	saude202109_n_00138_00000001.jpg	1	3	0	0	-1	0	0	0	0	-1	0	0	-5
tweet_00095349	saude202109_n_00140_00000001.jpg	0	0	0	0	0	5	0	0	0	0	0	0	-4
tweet_00095353	saude202109_n_00167_00000001.jpg	0	0	0	0	0	0	0	0	0	0	0	0	-2
tweet_00095363	saude202109_n_00172_00000001.jpg	0	2	1	0	0	0	0	0	0	0	0	1	0
tweet_00095409	saude202109_n_00173_00000001.jpg	1	-2	0	-1	2	0	0	0	0	0	0	0	-3
tweet_00095410	saude202109_n_00173_00000002.jpg	0	2	2	0	0	0	0	1	3	1	0	0	-1
tweet_00095412	saude202109_n_00173_00000003.jpg	0	0	0	0	0	2	0	0	0	0	0	0	0
tweet_00095447	saude202109_n_00173_00000004.jpg	1	2	0	-3	0	1	0	0	0	-1	0	0	0
tweet_00095450	saude202109_n_00173_00000005.jpg	3	-2	0	0	3	0	0	-1	0	1	8	0	0
tweet_00095455	saude202109_n_00173_00000006.jpg	1	1	0	-1	0	1	0	0	0	0	0	0	-3
tweet_00095460	saude202109_n_00174_00000001.jpg	1	0	-1	0	0	3	26	0	0	0	0	0	-1
tweet_00095461	saude202109_n_00174_00000002.jpg	-4	2	0	0	0	0	3	0	0	0	0	0	-4
tweet_00095462	saude202109_n_00174_00000003.jpg	0	0	0	0	0	0	2	0	0	0	0	0	-3
tweet_00095464	saude202109_n_00174_00000004.jpg	0	0	0	0	0	4	0	0	0	0	0	0	-7
tweet_00095473	saude202109_n_00174_00000006.jpg	0	0	0	0	0	2	0	0	0	0	0	0	-1
tweet_00095476	saude202109_n_00174_00000007.jpg	0	1	0	0	1	0	0	8	0	0	0	1	0
tweet_00095512	saude202109_n_00175_00000001.jpg	-2	2	0	0	0	0	0	0	0	0	0	-1	0
tweet_00095547	saude202109_n_00177_00000001.png	0	-2	0	0	0	0	0	0	0	5	0	0	0
tweet_00095558	saude202109_n_00177_00000002.jpg	1	1	0	1	0	2	0	0	0	2	0	0	-1
tweet_00095559	saude202109_n_00179_00000001.jpg	0	2	0	0	1	1	0	0	0	0	0	-1	-5
tweet_00095575	saude202109_n_00179_00000005.jpg	-2	0	0	0	0	3	0	0	0	0	0	0	-2
tweet_00095613	saude202109_n_00181_00000001.jpg	-1	1	0	0	0	0	1	0	0	0	0	0	-4
tweet_00095620	saude202109_n_00181_00000003.jpg	0	-2	0	0	3	1	0	0	0	0	0	0	-1
tweet_00095621	saude202109_n_00181_00000006.jpg	2	-2	0	0	0	1	0	0	0	1	0	0	0
tweet_00095622	saude202109_n_00187_00000003.jpg	4	3	0	0	0	1	0	0	0	0	6	0	0
tweet_00095647	saude202109_n_00181_00000014.jpg	-1	2	0	0	0	0	0	3	1	0	0	1	-1
tweet_00095652	saude202109_n_00182_00000002.jpg	1	-2	0	0	3	0	0	0	0	8	0	-3	-2
tweet_00095674	saude202109_n_00182_00000004.jpg	0	-2	0	0	0	3	1	3	0	10	0	0	4
tweet_00095689	saude202109_n_00183_00000001.jpg	-2	2	0	0	-1	0	0	0	0	1	0	1	0
tweet_00095744	saude202109_n_00184_00000002.jpg	-1	0	0	0	1	0	1	0	0	1	0	-1	-1
tweet_00095757	saude202109_n_00185_00000001.jpg	3	0	0	0	0	0	0	0	0	0	0	-1	-1
tweet_00095778	saude202109_n_00186_00000001.jpg	1	0	-1	0	0	3	0	0	0	0	0	0	-4
tweet_00095779	saude202109_n_00186_00000002.jpg	0	2	0	-1	1	4	0	0	0	0	0	0	0
tweet_00095803	saude202109_n_00186_00000003.jpg	3	-2	0	0	3	0	0	0	0	0	2	0	0
tweet_00095813	saude202109_n_00187_00000001.jpg	-1	-1	0	0	2	1	0	0	0	8	0	0	1
tweet_00095833	saude202109_n_00187_00000002.jpg	0	-2	0	0	0	0	0	4	0	-1	0	0	-2
tweet_00095871	saude202109_n_00189_00000001.jpg	1	-1	0	-1	0	1	0	0	0	10	0	0	0
tweet_00095875	saude202109_n_00189_00000002.jpg	1	-2	0	0	2	0	0	0	0	6	0	-1	0
tweet_00095882	saude202109_n_00189_00000003.jpg	1	2	0	0	0	1	0	0	0	0	0	0	-1
tweet_00095888	saude202109_n_00189_00000004.jpg	0	-2	0	0	0	3	0	2	0	0	0	-1	-1
tweet_00095900	saude202109_n_00189_00000006.jpg	0	-2	0	0	1	0	0	0	0	0	4	0	0
tweet_00095914	saude202109_n_00190_00000001.png	1	-2	0	0	0	0	0	0	0	1	0	0	0
tweet_00095918	saude202109_n_00190_00000002.jpg	1	-2	0	0	2	0	0	0	0	22	0	1	0
tweet_00095925	saude202109_n_00190_00000004.png	3	-3	0	0	1	0	0	0	0	24	0	0	0
tweet_00096005	saude202109_n_00193_00000002.jpg	0	-2	0	0	2	0	0	0	0	13	0	-3	-1
tweet_00096063	saude202109_n_00194_00000001.png	1	1	0	0	0	2	1	1	0	-1	0	-1	-1
tweet_00096070	saude202109_n_00195_00000001.jpg	0	-2	0	0	2	0	0	0	0	8	0	0	0
tweet_00096095	saude202109_n_00195_00000004.jpg	1	-2	0	0	1	0	0	0	0	19	0	0	0
tweet_00096099	saude202109_n_00195_00000005.jpg	1	-2	0	0	0	0	1	-1	0	2	4	0	0
tweet_00096112	saude202109_n_00196_00000002.jpg	1	-2	0	0	3	0	0	-1	0	0	17	0	0
tweet_00096153	saude202109_n_00197_00000004.jpg	0	0	-1	1	1	1	2	1	0	0	0	0	-1
tweet_00096177	saude202109_n_00198_00000001.jpg	1	-1	0	0	0	0	0	-1	1	0	3	-3	0
tweet_00096214	saude202109_n_00200_00000001.png	1	-2	0	0	1	1	0	0	0	0	0	0	-5
tweet_00096224	saude202109_n_00201_00000001.jpg	1	-1	0	0	1	2	0	0	0	4	0	-1	0
tweet_00096238	saude202109_n_00201_00000002.jpg	0	0	0	-2	1	1	0	0	0	1	0	0	0
tweet_00096239	saude202109_n_00201_00000003.jpg	2	1	1	-1	0	0	1	2	0	0	0	0	12
tweet_00096243	saude202109_n_00203_00000001.jpg	0	1	0	0	0	2	0	0	0	0	0	0	-1
tweet_00096263	saude202109_n_00203_00000007.jpg	0	1	0	0	0	1	0	0	0	0	0	0	-4
tweet_00096282	saude202109_n_00204_00000001.png	1	-2	1	0	0	2	0	0	0	6	0	0	0
tweet_00096315	saude202109_n_00205_00000003.jpg	3	-1	0	0	0	0	1	0	0	5	0	0	0
tweet_00096328	saude202109_n_00206_00000001.png	1	1	0	0	1	1	2	0	0	-1	0	0	14
tweet_00096355	saude202109_n_00207_00000002.jpg	2	-2	0	0	0	0	0	0	0	1	0	0	-1
tweet_00096356	saude202109_n_00208_00000001.jpg	1	-2	0	0	1	1	0	0	0	9	0	0	0
tweet_00096378	saude202109_n_00209_00000001.jpg	2	-1	0	0	0	2	0	0	0	1	0	0	0
tweet_00096399	saude202109_n_00210_00000001.png	0	-1	0	0	0	0	0	0	0	0	0	0	-3
tweet_00096414	saude202109_n_00211_00000001.jpg	0	1	0	0	0	0	0	0	0	0	0	0	-6
tweet_00096430	saude202109_n_00212_00000001.jpg	0	1	0	0	0	1	0	1	0	0	0	0	1
tweet_00096446	saude202109_n_00213_00000001.png	-2	1	0	0	0	0	3	0	0	0	0	0	-6
tweet_00096450	saude202109_n_00213_00000002.jpg	0	0	0	0	1	0	0	0	0	0	0	0	-5
tweet_00096467	saude202109_n_00215_00000001.jpg	1	0	0	0	0	0	1	0	0	0	0	0	-6
tweet_00096518	saude202109_n_00218_00000005.jpg	0	0	0	-1	0	2	0	0	0	2	0	0	-1
tweet_00096534	saude202109_n_00220_00000001.png	0	2	0	0	0	1	0	0	0	0	0	0	-2
tweet_00096540	saude202109_n_00220_00000003.jpg	3	-2	0	-1	0	1	0	1	0	27	0	0	0
tweet_00096543	saude202109_n_00221_00000001.jpg	1	-1	0	0	0	2	2	0	0	0	0	0	-2
tweet_00096565	saude202109_n_00222_00000001.jpg	0	-2	1	0	1	0	0	3	0	0	-1	-1	1
tweet_00096583	saude202109_n_00225_00000001.jpg	1	-2	0	-1	1	1	0	0	0	2	0	0	0
tweet_00096584	saude202109_n_00225_00000002.jpg	0	1	0	-1	0	1	0	0	0	0	0	0	-5
tweet_00096585	saude202109_n_00225_00000003.jpg	0	0	0	0	0	2	0	0	0	0	0	0	-5
tweet_00096596	saude202109_n_00225_00000004.jpg	1	-1	0	0	0	1	0	0	0	10	0	-1	0
tweet_00096599	saude202109_n_00226_00000001.jpg	1	-1	0	0	0	1	0	0	0	8	0	0	0
tweet_00096620	saude202109_n_00228_00000001.jpg	1	1	0	0	0	2	0	0	0	0	0	0	-1
tweet_00096645	saude202109_n_00229_00000002.jpg	0	2	0	0	-1	0	-1	0	0	1	0	0	0
tweet_00096646	saude202109_n_00229_00000007.jpg	0	0	0	0	0	1	0	0	0	0	0	0	-5
tweet_00096650	saude202109_n_00232_00000001.jpg	0	1	0	0	0	0	1	0	0	0	0	0	-5
tweet_00096706	saude202110_n_00001_00000001.jpg	-2	2	0	0	0	0	0	4	1	1	0	-1	-1
tweet_00096710	saude202110_n_00001_00000002.jpg	1	-2	0	0	0	3	1	0	0	0	2	0	0
tweet_00096722	saude202110_n_00002_00000001.jpg	1	2	0	0	0	1	2	6	0	0	0	0	14
tweet_00096752	saude202110_n_00002_00000002.jpg	0	0	0	0	0	1	0	0	0	0	0	0	-4
tweet_00096762	saude202110_n_00002_00000004.png	0	2	0	0	0	0	0	1	0	0	0	-2	-2
tweet_00096774	saude202110_n_00003_00000001.jpg	3	-2	0	0	0	4	0	0	0	0	0	0	-4
tweet_00096796	saude202110_n_00008_00000001.jpg	1	2	0	0	0	0	0	4	0	0	0	0	1
tweet_00096838	saude202110_n_00011_00000001.jpg	0	0	0	0	0	2	0	0	0	9	0	0	0
tweet_00096864	saude202110_n_00013_00000001.jpg	0	0	0	-1	0	0	1	-2	0	2	0	0	0
tweet_00096890	saude202110_n_00015_00000002.jpg	-1	-1	0	0	0	1	1	0	0	0	0	0	-5
tweet_00096909	saude202110_n_00016_00000003.jpg	1	-1	0	0	0	1	0	-1	3	0	0	-9	0
tweet_00096920	saude202110_n_00018_00000001.jpg	1	-2	1	0	0	1	0	0	0	7	0	0	0
tweet_00096933	saude202110_n_00019_00000001.jpg	0	-2	0	0	0	2	0	0	0	0	0	0	-1
tweet_00096941	saude202110_n_00019_00000002.jpg	0	-2	0	0	0	1	0	0	0	0	0	0	0
tweet_00096956	saude202110_n_00021_00000001.jpg	0	-1	0	0	0	1	0	0	0	0	2	0	0
tweet_00096957	saude202110_n_00021_00000002.jpg	3	-2	0	0	0	1	0	0	0	4	0	0	0
tweet_00096969	saude202110_n_00021_00000004.jpg	0	3	0	0	0	0	0	4	0	-1	0	0	17
tweet_00096989	saude202110_n_00021_00000005.jpg	1	-1	0	0	0	2	0	0	0	0	2	0	0
tweet_00096992	saude202110_n_00022_00000001.jpg	0	-1	0	0	0	1	0	0	0	23	0	0	0
tweet_00097001	saude202110_n_00022_00000002.jpg	1	-1	0	1	0	0	0	-1	0	0	10	0	0
tweet_00097018	saude202110_n_00022_00000003.jpg	0	-2	0	0	0	2	0	0	0	1	0	0	0
tweet_00097024	saude202110_n_00023_00000001.jpg	1	-4	0	0	0	1	0	0	0	10	0	0	0
tweet_00097030	saude202110_n_00023_00000002.jpg	0	-2	0	0	0	1	0	-1	0	0	8	0	0
tweet_00097045	saude202110_n_00024_00000001.jpg	0	-1	0	0	0	0	12	0	1	0	0	0	8
tweet_00097049	saude202110_n_00024_00000002.jpg	0	-2	0	0	0	1	1	0	0	-1	0	-1	-5
tweet_00097051	saude202110_n_00024_00000003.jpg	1	-2	0	0	0	1	0	3	0	10	0	0	-1
tweet_00097059	saude202110_n_00025_00000001.jpg	2	7	0	0	0	0	0	3	0	0	0	0	12
tweet_00097060	saude202110_n_00025_00000002.jpg	2	-2	1	0	0	2	0	1	0	12	0	0	0
tweet_00097077	saude202110_n_00030_00000004.jpg	-1	2	1	0	-1	0	0	0	0	0	0	0	-1
tweet_00097086	saude202110_n_00027_00000003.jpg	0	-1	0	0	0	1	0	0	2	0	0	-7	0
tweet_00097088	saude202110_n_00027_00000004.jpg	3	-4	1	0	0	1	0	0	0	12	0	-1	0
tweet_00097117	saude202110_n_00028_00000001.jpg	1	-1	0	0	0	0	0	0	0	0	0	0	-4
tweet_00097122	saude202110_n_00028_00000003.jpg	0	2	1	0	0	0	0	1	8	1	0	2	-1
tweet_00097126	saude202110_n_00028_00000004.jpg	0	0	0	0	0	0	0	0	0	5	0	0	0
tweet_00097129	saude202110_n_00028_00000005.jpg	-1	2	1	0	-1	0	0	0	0	0	0	0	-1
tweet_00097138	saude202110_n_00028_00000007.jpg	1	-3	1	0	0	1	0	0	0	7	0	0	0
tweet_00097148	saude202110_n_00029_00000001.jpg	0	1	0	1	0	0	0	1	0	2	0	3	0
tweet_00097154	saude202110_n_00029_00000002.jpg	0	2	-1	0	0	2	0	0	0	11	0	0	0
tweet_00097157	saude202110_n_00029_00000003.jpg	1	3	0	-2	-1	0	3	5	0	0	0	0	25
tweet_00097175	saude202110_n_00029_00000004.jpg	1	1	0	-1	0	0	3	0	0	0	0	1	9
tweet_00097177	saude202110_n_00029_00000005.jpg	1	1	0	-1	0	0	9	0	0	0	0	1	0
tweet_00097178	saude202110_n_00029_00000006.jpg	-1	2	0	0	0	0	0	0	0	0	0	0	-3
tweet_00097191	saude202110_n_00030_00000001.jpg	-1	1	0	0	0	1	0	0	0	0	0	0	-2
tweet_00097199	saude202110_n_00030_00000003.png	0	-1	0	0	0	0	0	0	0	1	0	0	0
tweet_00097204	saude202110_n_00030_00000006.jpg	-1	2	0	0	0	0	1	0	0	0	0	-1	-1
tweet_00097218	saude202110_n_00030_00000007.jpg	1	-2	0	0	1	0	8	3	0	0	0	0	0
tweet_00097226	saude202110_n_00030_00000008.jpg	0	1	0	0	2	0	0	0	0	0	0	0	0
tweet_00097231	saude202110_n_00030_00000009.jpg	2	0	1	0	0	0	0	15	0	0	0	0	5
tweet_00097236	saude202110_n_00031_00000001.jpg	1	-1	0	1	0	0	0	0	0	1	0	0	0
tweet_00097239	saude202110_n_00031_00000003.jpg	2	-2	0	-2	0	1	0	4	1	0	0	0	0
tweet_00097248	saude202110_n_00031_00000004.jpg	0	1	0	0	-1	2	0	1	0	3	0	1	0
tweet_00097256	saude202110_n_00031_00000006.jpg	1	-1	1	0	0	1	0	0	0	0	0	0	8
tweet_00097259	saude202110_n_00031_00000007.jpg	-1	0	0	0	0	1	1	0	0	0	0	0	-6
tweet_00097268	saude202110_n_00031_00000009.jpg	1	2	0	0	0	1	1	4	0	-1	0	0	23
tweet_00097305	saude202110_n_00032_00000001.jpg	0	0	0	0	0	1	0	0	0	0	0	0	-2
tweet_00097328	saude202110_n_00032_00000003.jpg	0	2	0	0	0	0	0	0	0	14	0	0	0
tweet_00097337	saude202110_n_00032_00000004.jpg	0	2	0	0	0	0	0	1	0	10	0	0	0
tweet_00097339	saude202110_n_00032_00000005.jpg	1	2	0	0	0	0	0	1	0	15	0	0	0
tweet_00097341	saude202110_n_00032_00000006.jpg	0	4	0	0	0	0	0	0	0	16	0	1	0
tweet_00097379	saude202110_n_00033_00000001.png	1	1	0	0	0	0	4	1	0	0	0	-1	-6
tweet_00097380	saude202110_n_00033_00000002.jpg	3	-3	0	0	0	1	0	0	0	6	0	0	0
tweet_00097390	saude202110_n_00033_00000004.jpg	1	2	0	0	0	0	0	0	0	9	0	0	0
tweet_00097398	saude202110_n_00033_00000006.jpg	3	1	0	0	0	1	1	0	0	-1	0	0	12
tweet_00097405	saude202110_n_00033_00000007.jpg	1	2	-1	0	-1	0	0	0	0	10	0	-2	0
tweet_00097408	saude202110_n_00033_00000008.jpg	1	-2	0	0	0	4	0	0	0	9	0	0	0
tweet_00097423	saude202110_n_00034_00000001.jpg	0	-2	1	0	0	1	0	0	0	7	0	0	0
tweet_00097429	saude202110_n_00034_00000002.jpg	1	3	0	0	-1	0	0	11	0	0	0	0	5
tweet_00097444	saude202110_n_00034_00000004.jpg	0	0	0	0	0	2	0	0	0	0	0	0	-7
tweet_00097451	saude202110_n_00035_00000001.jpg	1	-2	-1	1	1	0	0	0	0	1	0	0	0
tweet_00097467	saude202110_n_00036_00000001.jpg	1	0	1	0	0	0	0	5	0	1	0	0	7
tweet_00097491	saude202110_n_00037_00000001.png	1	1	0	-2	0	0	0	0	0	26	0	0	0
tweet_00097496	saude202110_n_00038_00000001.jpg	1	-1	0	0	0	0	0	1	0	5	0	0	0
tweet_00097527	saude202110_n_00040_00000001.jpg	-1	2	0	0	-1	0	0	3	2	1	0	1	0
tweet_00097544	saude202110_n_00042_00000001.jpg	1	-3	1	0	0	1	0	0	0	0	0	0	-1
tweet_00097550	saude202110_n_00042_00000002.jpg	1	-2	3	0	0	0	7	1	0	0	0	-1	4
tweet_00097581	saude202110_n_00043_00000001.jpg	0	-3	0	0	0	1	0	0	0	11	0	0	0
tweet_00097586	saude202110_n_00043_00000002.jpg	1	-1	0	0	0	2	0	0	0	0	0	0	-1
tweet_00097602	saude202110_n_00044_00000001.jpg	1	-1	0	0	0	0	0	0	0	1	0	0	0
tweet_00097603	saude202110_n_00044_00000002.jpg	0	-3	1	0	0	1	0	0	0	22	0	0	0
tweet_00097615	saude202110_n_00044_00000004.jpg	2	-1	0	-2	0	1	0	1	5	0	-1	0	-1
tweet_00097618	saude202110_n_00044_00000005.jpg	0	-3	0	0	0	1	0	0	0	14	0	1	0
tweet_00097619	saude202110_n_00044_00000006.jpg	1	1	0	0	-2	0	1	0	0	10	0	0	0
tweet_00097621	saude202110_n_00044_00000007.jpg	0	-2	1	0	0	2	0	0	0	3	0	0	0
tweet_00097623	saude202110_n_00044_00000008.jpg	1	-1	1	2	0	0	1	0	0	1	3	0	0
tweet_00097629	saude202110_n_00044_00000009.jpg	0	-3	0	0	0	1	0	0	0	5	0	0	0
tweet_00097630	saude202110_n_00044_00000010.jpg	1	1	0	0	0	0	0	0	0	1	0	0	-3
tweet_00097640	saude202110_n_00045_00000001.jpg	2	-3	2	0	0	1	1	1	0	-1	0	0	14
tweet_00097641	saude202110_n_00045_00000002.png	-1	1	0	0	-1	2	0	0	0	0	0	0	-6
tweet_00097650	saude202110_n_00045_00000004.jpg	2	0	-2	-3	0	0	2	3	0	0	0	0	16
tweet_00097653	saude202110_n_00045_00000005.png	1	1	-1	0	0	0	2	1	0	0	0	0	-2
tweet_00097680	saude202110_n_00045_00000008.jpg	1	3	0	0	0	0	0	0	0	13	0	0	1
tweet_00097693	saude202110_n_00045_00000009.jpg	0	-3	0	0	0	1	0	0	0	8	0	0	0
tweet_00097708	saude202110_n_00046_00000001.jpg	0	-1	2	0	0	1	0	2	0	1	0	0	9
tweet_00097722	saude202110_n_00046_00000003.jpg	1	-3	0	0	0	2	0	0	0	5	0	0	0
tweet_00097762	saude202110_n_00047_00000001.jpg	1	1	0	0	0	0	0	0	0	13	0	0	0
tweet_00097765	saude202110_n_00047_00000002.jpg	0	3	0	-1	-1	0	0	1	0	0	0	0	-2
tweet_00097773	saude202110_n_00047_00000003.jpg	1	1	0	-1	0	1	0	0	0	0	0	0	-5
tweet_00097820	saude202110_n_00048_00000001.png	1	2	0	0	0	0	0	0	0	0	0	0	-1
tweet_00097833	saude202110_n_00048_00000004.jpg	2	2	0	0	-1	0	0	0	0	0	4	0	2
tweet_00097867	saude202110_n_00049_00000003.png	0	3	0	-1	-1	0	16	0	0	-1	0	0	22
tweet_00097917	saude202110_n_00050_00000001.jpg	0	1	0	-2	1	1	0	0	0	1	0	0	0
tweet_00097939	saude202110_n_00050_00000003.jpg	1	0	0	0	0	1	0	0	0	0	0	0	-1
tweet_00097953	saude202110_n_00050_00000007.png	1	2	0	-2	0	0	1	-4	0	0	0	7	0
tweet_00097978	saude202110_n_00051_00000002.png	0	-3	0	0	0	5	0	1	0	17	0	1	-1
tweet_00097996	saude202110_n_00051_00000004.jpg	0	2	0	-1	-1	0	-3	0	-1	3	0	0	0
tweet_00098015	saude202110_n_00052_00000002.jpg	1	-2	0	0	0	2	0	0	0	3	0	-1	0
tweet_00098022	saude202110_n_00052_00000010.jpg	2	-1	0	0	0	2	0	0	0	3	0	-1	0
tweet_00098027	saude202110_n_00052_00000011.jpg	2	0	0	-1	0	0	0	0	23	0	0	2	0
tweet_00098029	saude202110_n_00052_00000012.jpg	1	-2	0	0	2	1	0	0	0	0	0	0	-3
tweet_00098032	saude202110_n_00052_00000013.jpg	2	0	0	0	1	0	0	0	0	0	0	-5	-2
tweet_00098035	saude202110_n_00052_00000014.jpg	2	0	-1	-1	0	2	0	15	0	0	0	0	2
tweet_00098038	saude202110_n_00052_00000015.jpg	0	0	1	0	0	0	0	0	0	0	0	0	-5
tweet_00098040	saude202110_n_00052_00000016.jpg	0	2	0	-1	-1	0	0	0	-1	0	0	1	0
tweet_00098041	saude202110_n_00052_00000017.jpg	0	0	-2	0	0	0	0	0	0	2	0	0	0
tweet_00098042	saude202110_n_00052_00000025.jpg	1	-1	2	-3	0	0	1	0	3	1	0	4	0
tweet_00098045	saude202110_n_00052_00000027.jpg	1	1	3	0	0	0	0	3	0	0	-9	1	8
tweet_00098080	saude202110_n_00054_00000003.png	0	-2	0	0	0	4	0	0	0	11	0	0	0
tweet_00098133	saude202110_n_00055_00000002.jpg	-3	2	1	0	0	0	0	7	0	0	0	0	5
tweet_00098168	saude202110_n_00056_00000002.jpg	1	2	0	0	-1	0	0	0	0	0	0	0	-6
tweet_00098176	saude202110_n_00056_00000003.jpg	1	1	0	0	0	0	2	0	0	-1	0	0	7
tweet_00098208	saude202110_n_00058_00000002.png	1	1	0	0	0	0	0	0	0	28	0	0	0
tweet_00098218	saude202110_n_00059_00000001.jpg	1	2	0	0	1	0	0	0	5	0	0	0	1
tweet_00098239	saude202110_n_00060_00000002.jpg	-1	0	0	0	0	0	0	0	0	1	0	-6	0
tweet_00098276	saude202110_n_00063_00000002.jpg	-1	1	-1	0	0	1	0	0	0	0	0	0	-5
tweet_00098332	saude202110_n_00071_00000003.jpg	0	2	0	0	0	0	0	0	0	0	0	0	-4
tweet_00098348	saude202110_n_00075_00000002.jpg	0	-3	0	0	0	2	0	8	0	5	0	0	0
tweet_00098360	saude202110_n_00078_00000001.jpg	-1	2	0	0	0	0	0	1	1	1	-2	1	0
tweet_00098367	saude202110_n_00083_00000002.jpg	0	3	1	-2	0	1	0	2	5	1	0	1	0
tweet_00098380	saude202110_n_00080_00000003.jpg	5	4	0	0	0	0	2	6	0	0	0	0	25
tweet_00098381	saude202110_n_00081_00000002.jpg	1	4	0	0	0	0	1	2	0	0	0	0	25
tweet_00098409	saude202110_n_00084_00000002.jpg	3	-2	0	0	0	1	0	4	0	13	0	1	0
tweet_00098430	saude202110_n_00089_00000002.png	-1	1	0	1	0	0	0	0	0	0	0	0	-8
tweet_00098438	saude202110_n_00091_00000002.jpg	0	0	0	-2	0	0	0	1	3	1	0	1	-1
tweet_00098450	saude202110_n_00095_00000001.png	0	3	0	0	0	0	0	2	0	0	0	0	9
tweet_00098467	saude202110_n_00099_00000002.jpg	-2	2	0	0	0	0	0	2	6	1	0	1	0
tweet_00098469	saude202110_n_00100_00000002.jpg	-1	1	0	-1	0	1	0	1	7	1	0	1	-1
tweet_00098486	saude202110_n_00103_00000002.jpg	1	2	0	0	0	0	2	6	0	0	0	0	21
tweet_00098492	saude202110_n_00105_00000002.jpg	-1	0	0	0	0	0	0	1	3	1	-1	1	-1
tweet_00098495	saude202110_n_00106_00000001.jpg	1	0	0	0	0	3	0	0	0	0	0	0	-2
tweet_00098552	saude202110_n_00110_00000001.jpg	0	3	0	0	0	0	1	11	0	0	0	0	22
tweet_00098564	saude202110_n_00110_00000002.jpg	0	2	0	-1	0	1	0	0	0	0	0	0	-5
tweet_00098588	saude202110_n_00111_00000001.jpg	0	-2	1	0	0	1	0	0	0	5	0	0	0
tweet_00098597	saude202110_n_00111_00000005.png	3	1	0	0	0	0	-2	0	-2	13	0	0	0
tweet_00098625	saude202110_n_00112_00000001.jpg	0	1	0	0	0	0	0	0	0	0	0	0	-5
tweet_00098634	saude202110_n_00112_00000004.png	-2	1	2	0	0	0	0	2	0	0	0	0	7
tweet_00098635	saude202110_n_00112_00000007.jpg	0	2	0	-1	0	0	0	12	3	0	0	1	0
tweet_00098649	saude202110_n_00113_00000001.jpg	1	-1	0	0	0	2	0	0	3	8	0	0	0
tweet_00098650	saude202110_n_00113_00000002.jpg	1	2	0	0	0	0	0	13	0	0	0	0	12
tweet_00098651	saude202110_n_00113_00000003.jpg	0	0	1	0	0	0	2	2	0	0	0	-1	1
tweet_00098681	saude202110_n_00114_00000001.jpg	1	2	0	0	0	0	1	9	0	0	0	0	20
tweet_00098700	saude202110_n_00115_00000001.jpg	1	2	0	0	0	0	1	1	0	-1	0	0	21
tweet_00098727	saude202110_n_00115_00000002.jpg	-1	2	0	0	0	0	1	3	0	0	0	0	0
tweet_00098731	saude202110_n_00116_00000001.png	0	-3	0	1	1	0	0	0	0	11	0	-2	0
tweet_00098732	saude202110_n_00116_00000002.jpg	1	-2	0	2	0	0	0	-1	0	0	6	0	0
tweet_00098734	saude202110_n_00116_00000003.jpg	0	0	0	0	0	2	0	0	0	0	0	0	-1
tweet_00098735	saude202110_n_00116_00000004.jpg	0	2	0	0	0	0	0	0	0	1	0	-3	-2
tweet_00098743	saude202110_n_00116_00000005.jpg	2	3	0	0	0	0	-1	0	1	0	0	0	6
tweet_00098754	saude202110_n_00116_00000006.png	0	-3	0	1	1	0	0	0	0	12	0	-2	0
tweet_00098777	saude202110_n_00117_00000001.jpg	0	1	0	1	0	0	0	0	0	0	0	0	-4
tweet_00098778	saude202110_n_00117_00000002.jpg	0	0	0	2	1	0	0	0	0	0	0	0	-4
tweet_00098781	saude202110_n_00117_00000004.jpg	0	2	0	-1	0	0	0	11	2	0	0	3	3
tweet_00098783	saude202110_n_00117_00000003.jpg	0	1	0	0	0	0	0	0	0	0	0	0	-6
tweet_00098791	saude202110_n_00117_00000006.jpg	0	-5	0	0	0	2	0	2	12	1	0	2	0
tweet_00098800	saude202110_n_00118_00000001.jpg	-2	0	0	0	0	0	0	0	0	0	0	0	-3
tweet_00098802	saude202110_n_00118_00000002.jpg	0	2	0	0	0	0	2	0	11	0	-1	2	-3
tweet_00098808	saude202110_n_00118_00000003.jpg	0	0	0	-1	0	0	0	0	0	0	0	0	-6
tweet_00098833	saude202110_n_00120_00000001.png	-1	1	0	0	0	0	0	2	0	0	0	-1	-1
tweet_00098843	saude202110_n_00120_00000002.jpg	0	2	0	0	0	0	0	0	0	0	0	0	-4
tweet_00098857	saude202110_n_00120_00000003.jpg	1	-1	-1	0	0	0	-1	1	12	1	0	0	1
tweet_00098922	saude202110_n_00121_00000002.png	0	0	0	0	0	2	0	0	0	5	0	0	0
tweet_00098939	saude202110_n_00121_00000004.jpg	0	2	0	0	0	1	0	0	0	22	0	0	0
tweet_00098957	saude202110_n_00122_00000001.jpg	-1	8	0	0	0	0	0	14	0	0	0	0	17
tweet_00098978	saude202110_n_00123_00000001.png	0	0	0	0	0	2	0	0	0	0	0	0	-1
tweet_00098995	saude202110_n_00123_00000003.jpg	2	2	0	0	0	0	7	0	0	0	0	0	0
tweet_00098997	saude202110_n_00123_00000004.jpg	1	2	0	0	0	0	0	0	0	0	24	1	0
tweet_00099000	saude202110_n_00123_00000005.jpg	1	3	0	0	0	0	0	0	0	0	2	1	-4
tweet_00099014	saude202110_n_00123_00000007.jpg	3	-3	0	0	0	3	0	0	0	22	0	1	0
tweet_00099024	saude202110_n_00123_00000008.jpg	0	1	0	0	0	0	10	0	0	16	0	0	-1
tweet_00099027	saude202110_n_00124_00000001.jpg	1	1	0	0	0	0	0	0	0	0	3	0	0
tweet_00099041	saude202110_n_00125_00000005.png	0	2	0	0	0	0	0	0	1	0	0	0	1
tweet_00099047	saude202110_n_00124_00000003.jpg	6	1	0	0	1	0	0	0	0	0	0	-3	-1
tweet_00099053	saude202110_n_00124_00000004.jpg	0	-1	0	0	2	0	1	2	0	0	0	0	8
tweet_00099062	saude202110_n_00124_00000005.jpg	1	0	0	0	0	0	-1	-1	0	0	-20	1	0
tweet_00099083	saude202110_n_00124_00000008.jpg	1	0	0	0	0	0	0	0	1	24	0	0	1
tweet_00099089	saude202110_n_00125_00000001.jpg	1	-2	-1	1	0	4	1	0	0	7	0	0	0
tweet_00099096	saude202110_n_00125_00000002.jpg	0	2	0	0	0	0	0	15	0	0	0	0	17
tweet_00099115	saude202110_n_00125_00000004.jpg	-1	4	0	0	0	0	0	0	0	20	0	0	0
tweet_00099130	saude202110_n_00125_00000006.jpg	-1	4	0	0	0	0	0	14	0	0	0	0	18
tweet_00099133	saude202110_n_00125_00000007.jpg	4	1	0	0	0	1	0	0	0	1	0	0	0
tweet_00099148	saude202110_n_00126_00000001.jpg	0	2	0	0	1	0	2	5	0	0	0	0	25
tweet_00099154	saude202110_n_00126_00000002.jpg	1	0	0	0	0	3	2	0	0	0	0	0	-6
tweet_00099173	saude202110_n_00126_00000005.png	4	-3	0	1	0	0	0	0	0	27	0	0	0
tweet_00099188	saude202110_n_00127_00000001.jpg	0	0	0	0	0	0	0	0	0	0	0	0	-2
tweet_00099190	saude202110_n_00127_00000002.jpg	1	5	0	0	0	0	2	1	0	0	0	-1	-1
tweet_00099193	saude202110_n_00127_00000003.jpg	0	2	0	0	-1	0	0	2	0	0	0	1	0
tweet_00099196	saude202110_n_00127_00000004.jpg	2	0	0	0	0	1	0	0	0	0	0	0	4
tweet_00099202	saude202110_n_00128_00000001.png	3	-2	0	0	3	0	0	0	0	7	0	-2	-1
tweet_00099235	saude202110_n_00130_00000002.jpg	0	-1	0	0	0	0	0	0	0	9	0	-1	0
tweet_00099244	saude202110_n_00131_00000001.jpg	0	-1	0	0	0	0	0	0	0	2	0	1	0
tweet_00099288	saude202110_n_00132_00000001.jpg	0	-1	0	0	0	0	0	0	0	6	0	-1	0
tweet_00099299	saude202110_n_00133_00000001.jpg	0	1	0	0	0	1	0	2	0	0	0	0	-1
tweet_00099301	saude202110_n_00133_00000002.png	0	-1	0	0	0	0	7	2	1	2	0	0	-1
tweet_00099317	saude202110_n_00133_00000004.jpg	3	-1	0	-3	-2	3	0	0	0	14	0	0	0
tweet_00099330	saude202110_n_00134_00000001.jpg	-2	1	0	0	-1	0	0	0	0	0	-1	-1	0
tweet_00099338	saude202110_n_00134_00000003.jpg	0	0	0	0	0	0	7	1	0	3	0	0	-1
tweet_00099344	saude202110_n_00134_00000004.jpg	1	2	0	0	0	0	0	0	0	0	-1	0	-2
tweet_00099347	saude202110_n_00135_00000001.jpg	0	-1	0	0	0	0	4	-1	0	1	0	-1	0
tweet_00099397	saude202110_n_00136_00000001.jpg	0	1	0	0	0	0	-1	0	-1	8	0	0	0
tweet_00099402	saude202110_n_00136_00000002.jpg	1	1	0	0	0	0	0	0	0	21	0	0	0
tweet_00099413	saude202110_n_00137_00000001.png	1	5	0	0	0	1	0	0	0	22	0	0	0
tweet_00099427	saude202110_n_00137_00000002.jpg	1	3	0	-1	0	0	1	12	0	0	0	0	15
tweet_00099438	saude202110_n_00138_00000001.jpg	0	2	0	0	0	0	1	4	0	-1	0	0	20
tweet_00099445	saude202110_n_00138_00000002.jpg	0	2	0	0	0	0	0	0	1	0	0	0	1
tweet_00099448	saude202110_n_00138_00000003.jpg	0	3	0	-1	0	1	0	0	0	10	0	1	2
tweet_00099457	saude202110_n_00138_00000004.jpg	0	3	0	-1	-1	0	0	0	0	-1	0	0	0
tweet_00099467	saude202110_n_00139_00000001.jpg	0	1	0	0	0	0	0	0	0	0	0	0	-5
tweet_00099481	saude202110_n_00139_00000002.jpg	0	3	0	0	0	0	0	0	0	0	0	0	1
tweet_00099483	saude202110_n_00139_00000003.jpg	-1	2	0	0	0	0	0	0	8	0	0	0	1
tweet_00099504	saude202110_n_00140_00000002.jpg	0	2	0	0	0	0	2	1	0	0	0	0	-1
tweet_00099505	saude202110_n_00140_00000003.png	0	3	0	0	0	1	1	0	1	6	0	0	0
tweet_00099525	saude202110_n_00141_00000001.jpg	0	2	0	-1	0	0	18	0	0	0	0	0	8
tweet_00099541	saude202110_n_00143_00000001.jpg	0	2	0	-1	-1	0	0	1	0	1	0	-4	-2
tweet_00099582	saude202110_n_00144_00000001.jpg	0	0	0	0	0	0	0	1	1	0	-1	0	0
tweet_00099611	saude202110_n_00145_00000005.jpg	2	-2	1	2	0	0	0	0	0	0	0	0	0
tweet_00099631	saude202110_n_00145_00000001.jpg	-1	1	1	0	0	0	0	1	0	1	0	-1	-2
tweet_00099640	saude202110_n_00145_00000002.jpg	2	-2	0	1	0	0	0	0	0	1	0	0	0
tweet_00099641	saude202110_n_00145_00000003.jpg	1	0	1	0	1	0	0	4	0	-1	0	0	1
tweet_00099653	saude202110_n_00145_00000006.jpg	0	2	0	-1	-1	0	0	7	0	0	0	0	0
tweet_00099660	saude202110_n_00145_00000007.jpg	1	0	-1	0	-1	0	1	0	0	4	0	1	0
tweet_00099670	saude202110_n_00145_00000010.png	1	1	0	0	0	1	0	1	0	-1	0	0	-1
tweet_00099677	saude202110_n_00145_00000011.jpg	1	-2	0	0	0	1	0	0	0	0	0	0	-2
tweet_00099702	saude202110_n_00145_00000012.jpg	1	2	0	-1	0	1	21	-1	0	0	0	0	10
tweet_00099712	saude202110_n_00146_00000002.jpg	3	1	0	-1	0	0	-5	0	-7	4	0	0	0
tweet_00099744	saude202110_n_00146_00000005.jpg	1	-1	0	1	1	0	0	0	0	2	0	-1	0
tweet_00099753	saude202110_n_00146_00000007.jpg	2	3	0	-1	0	0	1	0	0	1	0	0	0
tweet_00099757	saude202110_n_00146_00000008.jpg	-1	0	0	0	0	0	3	4	0	0	0	0	12
tweet_00099762	saude202110_n_00146_00000009.jpg	1	-1	0	1	0	0	0	0	0	12	0	0	0
tweet_00099776	saude202110_n_00147_00000001.jpg	-1	2	0	1	1	0	0	1	0	0	0	0	6
tweet_00099821	saude202110_n_00147_00000003.jpg	0	1	1	0	0	0	0	0	0	6	0	0	0
tweet_00099831	saude202110_n_00147_00000005.jpg	1	-1	0	1	0	0	0	-1	0	0	4	0	0
tweet_00099834	saude202110_n_00147_00000006.jpg	0	-2	0	3	0	0	0	0	1	23	0	1	1
tweet_00099842	saude202110_n_00148_00000002.jpg	-1	2	0	0	0	0	0	10	0	0	0	-1	1
tweet_00099854	saude202110_n_00148_00000003.jpg	-1	-2	0	0	0	0	0	0	0	0	0	0	-8
tweet_00099859	saude202110_n_00148_00000004.jpg	1	4	-3	0	2	0	0	0	0	1	2	0	0
tweet_00099861	saude202110_n_00148_00000005.jpg	1	-2	0	0	0	1	0	0	0	3	0	0	0
tweet_00099887	saude202110_n_00148_00000007.jpg	3	-2	0	-2	0	1	0	0	0	5	0	-1	0
tweet_00099907	saude202110_n_00149_00000002.jpg	1	-2	0	0	1	0	1	0	0	22	0	0	1
tweet_00099926	saude202110_n_00149_00000003.jpg	2	1	0	0	1	1	0	0	0	0	0	0	0
tweet_00099942	saude202110_n_00149_00000005.jpg	0	3	0	0	0	1	3	0	0	5	0	1	0
tweet_00099969	saude202110_n_00150_00000001.jpg	1	1	0	0	0	1	0	0	0	17	0	0	0
tweet_00099975	saude202110_n_00150_00000002.jpg	1	1	-1	0	0	0	1	0	0	-1	1	0	0
tweet_00099987	saude202110_n_00150_00000006.jpg	0	0	1	0	0	0	0	0	0	-1	0	0	-1
tweet_00099994	saude202110_n_00150_00000007.jpg	1	1	-1	0	0	0	1	8	0	0	0	0	22
tweet_00100013	saude202110_n_00150_00000008.jpg	1	2	1	0	0	1	2	0	3	1	0	1	2
tweet_00100016	saude202110_n_00150_00000009.png	0	0	0	0	1	1	0	0	0	0	0	0	-4
tweet_00100020	saude202110_n_00150_00000010.jpg	0	1	0	0	1	2	0	1	0	1	0	0	0
tweet_00100037	saude202110_n_00151_00000001.jpg	-1	2	0	-1	0	0	0	0	0	0	0	0	-1
tweet_00100051	saude202110_n_00151_00000003.jpg	0	2	0	0	0	0	0	0	0	0	0	0	-2
tweet_00100118	saude202110_n_00153_00000001.jpg	-2	2	1	-3	0	0	0	0	0	0	0	0	-5
tweet_00100121	saude202110_n_00153_00000003.jpg	2	-3	0	2	2	0	0	0	0	1	0	0	0
tweet_00100130	saude202110_n_00153_00000005.jpg	0	-2	2	3	0	0	0	0	0	19	0	0	0
tweet_00100151	saude202110_n_00153_00000007.jpg	0	-2	1	-1	0	0	0	3	0	0	0	-1	1
tweet_00100171	saude202110_n_00154_00000001.jpg	0	1	0	-1	0	0	0	4	0	0	0	0	0
tweet_00100172	saude202110_n_00154_00000003.jpg	0	-1	0	0	2	0	0	0	0	10	0	0	0
tweet_00100177	saude202110_n_00154_00000004.jpg	0	-2	1	3	1	0	1	0	0	-1	2	0	-1
tweet_00100178	saude202110_n_00154_00000005.jpg	1	1	-1	0	0	2	0	0	0	7	0	0	0
tweet_00100179	saude202110_n_00154_00000006.jpg	1	1	0	0	0	1	0	0	1	16	0	1	0
tweet_00100185	saude202110_n_00154_00000008.jpg	0	2	0	0	0	0	0	0	0	0	0	0	-3
tweet_00100193	saude202110_n_00154_00000012.jpg	-1	0	0	0	0	0	0	0	0	0	0	0	-7
tweet_00100196	saude202110_n_00154_00000015.jpg	0	2	0	0	0	0	0	0	0	1	0	0	0
tweet_00100217	saude202110_n_00155_00000002.jpg	0	5	0	0	0	0	0	0	0	0	0	0	-3
tweet_00100220	saude202110_n_00155_00000003.jpg	0	1	0	0	0	1	0	0	0	6	0	0	0
tweet_00100231	saude202110_n_00155_00000004.jpg	1	4	0	0	0	0	0	0	0	17	0	1	0
tweet_00100241	saude202110_n_00155_00000005.png	1	0	0	0	0	1	0	0	0	6	0	0	0
tweet_00100284	saude202110_n_00158_00000001.jpg	0	0	0	0	0	3	0	0	0	0	0	0	-1
tweet_00100297	saude202110_n_00159_00000001.jpg	1	0	0	0	0	1	0	2	0	1	0	0	0
tweet_00100307	saude202110_n_00163_00000001.jpg	2	4	0	-1	0	0	0	0	1	20	0	2	1
tweet_00100314	saude202110_n_00165_00000001.jpg	-1	0	0	0	0	0	0	0	0	0	0	0	-3
tweet_00100316	saude202110_n_00165_00000002.png	-3	0	0	0	1	1	0	0	0	0	0	0	-3
tweet_00100317	saude202110_n_00165_00000003.jpg	2	4	0	-1	0	0	3	-1	0	1	0	1	1
tweet_00100323	saude202110_n_00165_00000004.jpg	-4	3	0	0	0	0	0	1	0	0	0	0	-1
tweet_00100332	saude202110_n_00165_00000008.jpg	-1	2	0	0	0	0	1	1	0	1	0	0	1
tweet_00100341	saude202110_n_00166_00000001.jpg	-2	0	0	0	0	0	1	0	0	0	0	0	-8
tweet_00100358	saude202110_n_00166_00000003.jpg	-1	0	0	0	0	0	0	0	0	0	0	0	-5
tweet_00100374	saude202110_n_00168_00000001.jpg	0	-1	1	1	0	0	0	2	0	7	0	-1	0
tweet_00100391	saude202110_n_00168_00000003.jpg	1	-2	0	0	0	0	0	0	0	8	0	-3	-2
tweet_00100439	saude202110_n_00169_00000001.jpg	1	5	0	0	0	0	0	6	0	0	0	0	0
tweet_00100440	saude202110_n_00169_00000002.jpg	0	-1	0	0	0	0	0	0	0	6	0	0	0
tweet_00100465	saude202110_n_00170_00000001.jpg	0	1	0	0	0	1	0	0	0	5	0	0	0
tweet_00100469	saude202110_n_00170_00000002.jpg	0	2	1	0	1	0	0	2	0	0	0	-1	-1
tweet_00100470	saude202110_n_00170_00000003.jpg	1	1	0	0	0	0	0	0	0	13	0	1	0
tweet_00100486	saude202110_n_00170_00000004.jpg	0	-1	1	0	1	0	0	0	0	0	2	0	0
tweet_00100487	saude202110_n_00170_00000005.jpg	-2	2	0	-1	-1	0	0	0	0	0	0	-1	-1
tweet_00100517	saude202110_n_00171_00000001.jpg	1	0	0	0	0	3	0	0	0	11	0	0	0
tweet_00100551	saude202110_n_00172_00000001.jpg	2	-2	2	1	1	0	0	0	0	0	0	0	-3
tweet_00100559	saude202110_n_00172_00000002.jpg	1	-2	0	-2	0	4	0	0	0	5	0	0	0
tweet_00100568	saude202110_n_00173_00000001.jpg	1	1	0	2	1	1	0	0	0	6	0	0	0
tweet_00100569	saude202110_n_00173_00000002.jpg	2	-1	0	0	0	2	0	2	0	0	1	-3	3
tweet_00100576	saude202110_n_00173_00000003.jpg	0	0	0	0	0	0	1	0	0	1	0	0	2
tweet_00100579	saude202110_n_00173_00000004.jpg	1	0	0	0	0	2	0	9	0	0	0	0	0
tweet_00100580	saude202110_n_00173_00000005.png	3	0	0	0	0	0	1	0	0	0	2	0	0
tweet_00100581	saude202110_n_00173_00000006.jpg	0	4	0	0	0	0	3	8	0	-1	0	0	0
tweet_00100583	saude202110_n_00173_00000007.jpg	0	2	0	0	0	0	0	0	0	20	0	0	0
tweet_00100587	saude202110_n_00173_00000008.jpg	-1	0	1	-2	1	0	0	0	0	1	0	0	0
tweet_00100588	saude202110_n_00173_00000009.jpg	4	1	0	-1	0	0	0	0	2	-1	0	0	0
tweet_00100591	saude202110_n_00173_00000010.jpg	4	-1	-2	-1	0	0	0	0	0	5	0	0	-1
tweet_00100592	saude202110_n_00173_00000013.jpg	2	-3	0	-2	0	1	5	0	0	0	0	0	10
tweet_00100594	saude202110_n_00173_00000016.jpg	3	0	0	-2	0	2	2	0	0	1	0	0	0
tweet_00100596	saude202110_n_00174_00000001.png	-1	-1	1	0	1	-1	0	0	0	0	0	0	-6
tweet_00100605	saude202110_n_00174_00000002.jpg	0	2	0	0	0	0	0	0	0	0	0	0	-1
tweet_00100610	saude202110_n_00174_00000003.jpg	1	0	0	0	0	1	0	0	0	0	0	0	-6
tweet_00100639	saude202110_n_00175_00000001.jpg	1	2	0	0	0	0	0	0	0	1	0	0	0
tweet_00100672	saude202110_n_00176_00000001.jpg	0	1	0	0	0	1	0	1	0	-1	0	0	12
tweet_00100701	saude202110_n_00176_00000002.jpg	1	5	0	0	0	0	1	-1	0	2	14	-1	0
tweet_00100743	saude202110_n_00178_00000001.jpg	-1	2	0	0	0	0	12	0	0	0	0	1	0
tweet_00100749	saude202110_n_00178_00000002.png	1	0	0	0	0	1	0	-1	4	0	1	-9	0
tweet_00100769	saude202110_n_00179_00000001.jpg	0	2	0	0	0	0	1	0	0	1	4	0	0
tweet_00100780	saude202110_n_00179_00000002.jpg	1	0	0	0	0	3	0	0	0	-1	0	-1	3
tweet_00100790	saude202110_n_00179_00000006.png	0	3	0	0	0	0	0	0	0	1	0	0	0
tweet_00100791	saude202110_n_00179_00000007.jpg	2	2	0	0	0	0	0	0	0	9	0	0	0
tweet_00100796	saude202110_n_00179_00000008.jpg	1	3	0	0	0	0	2	0	0	0	6	-1	0
tweet_00100797	saude202110_n_00179_00000009.jpg	1	2	-1	0	-2	1	0	3	0	0	0	0	0
tweet_00100853	saude202110_n_00181_00000001.jpg	0	1	0	0	0	0	1	-1	1	4	0	0	-1
tweet_00100862	saude202110_n_00181_00000002.jpg	0	-2	0	0	0	0	0	-2	0	1	0	-7	0
tweet_00100874	saude202110_n_00181_00000006.jpg	0	1	1	0	0	0	8	1	0	0	0	0	-1
tweet_00100882	saude202110_n_00182_00000002.jpg	0	-2	0	0	0	0	6	2	0	0	0	-1	-1
tweet_00100890	saude202110_n_00182_00000003.jpg	2	0	-1	0	1	1	-3	0	-4	2	0	1	0
tweet_00100893	saude202110_n_00182_00000004.jpg	1	2	0	0	0	0	1	0	0	1	1	-1	1
tweet_00100905	saude202110_n_00185_00000001.jpg	-1	2	0	0	-1	0	3	0	0	0	0	0	-2
tweet_00100937	saude202110_n_00186_00000001.jpg	0	0	0	-1	0	1	0	0	0	7	0	0	0
tweet_00100952	saude202110_n_00186_00000003.png	0	-2	0	0	0	0	0	0	0	0	0	0	-2
tweet_00100955	saude202110_n_00186_00000004.jpg	-1	1	0	0	0	2	0	0	0	0	0	0	-3
tweet_00100974	saude202110_n_00187_00000003.jpg	0	1	0	0	0	0	0	0	0	0	0	0	-5
tweet_00100985	saude202110_n_00188_00000001.jpg	1	-1	0	0	0	0	0	0	0	11	0	-1	0
tweet_00100987	saude202110_n_00188_00000002.jpg	1	0	-1	0	-1	1	0	0	0	11	0	0	0
tweet_00100991	saude202110_n_00188_00000003.jpg	1	-3	0	1	0	0	0	0	0	0	0	0	-1
tweet_00100995	saude202110_n_00188_00000004.jpg	-1	1	-1	0	0	1	17	0	0	0	0	0	-2
tweet_00100998	saude202110_n_00188_00000005.jpg	0	1	0	0	0	0	0	0	0	23	0	0	0
tweet_00101003	saude202110_n_00188_00000006.jpg	2	2	0	0	0	2	0	0	1	15	0	2	0
tweet_00101022	saude202110_n_00189_00000001.jpg	1	0	-1	0	-1	0	0	0	0	17	0	1	1
tweet_00101023	saude202110_n_00189_00000002.jpg	0	4	0	0	0	0	1	3	0	-1	0	0	24
tweet_00101035	saude202110_n_00190_00000001.jpg	0	3	0	0	0	1	0	15	0	0	0	0	19
tweet_00101038	saude202110_n_00190_00000002.jpg	0	-2	0	0	0	1	0	0	0	10	0	1	0
tweet_00101040	saude202110_n_00190_00000003.jpg	1	2	-1	0	-1	0	0	0	0	8	0	0	-1
tweet_00101049	saude202110_n_00190_00000005.jpg	2	-3	0	0	3	0	1	0	0	12	0	0	0
tweet_00101060	saude202110_n_00192_00000001.jpg	1	1	0	0	1	2	0	4	0	0	0	0	12
tweet_00101079	saude202110_n_00193_00000001.jpg	4	2	0	0	0	0	0	0	0	7	0	-1	0
tweet_00101098	saude202110_n_00194_00000002.jpg	-2	4	0	0	0	0	2	0	0	0	0	0	-5
tweet_00101101	saude202110_n_00194_00000004.jpg	1	1	0	0	0	0	0	0	0	10	0	-4	-1
tweet_00101114	saude202110_n_00194_00000006.jpg	2	3	0	2	1	0	0	0	0	7	0	-3	-1
tweet_00101129	saude202110_n_00195_00000002.jpg	0	1	0	0	0	2	0	2	0	8	0	0	0
tweet_00101131	saude202110_n_00195_00000003.png	0	4	0	0	0	0	3	0	0	-1	0	0	-1
tweet_00101149	saude202110_n_00196_00000001.jpg	1	1	0	0	0	0	0	0	0	8	0	-3	-3
tweet_00101170	saude202110_n_00199_00000001.jpg	1	0	0	-3	0	1	0	0	0	1	0	0	0
tweet_00101177	saude202110_n_00199_00000002.jpg	1	1	-1	0	0	0	0	0	0	8	0	-3	-2
tweet_00101181	saude202110_n_00199_00000003.jpg	1	2	0	0	0	0	0	0	2	0	0	-1	0
tweet_00101200	saude202110_n_00202_00000001.jpg	1	2	0	0	0	3	0	0	0	0	0	0	0
tweet_00101213	saude202110_n_00204_00000001.jpg	-1	3	0	0	0	0	5	0	0	0	0	0	-4
tweet_00101219	saude202110_n_00205_00000001.jpg	0	3	0	0	0	0	0	-1	0	0	2	0	0
tweet_00101226	saude202110_n_00205_00000002.jpg	0	3	0	0	0	1	0	0	0	4	0	0	0
tweet_00101227	saude202110_n_00205_00000003.jpg	1	-1	0	0	0	0	0	0	0	12	0	-1	0
tweet_00101245	saude202110_n_00208_00000001.jpg	-2	0	1	0	0	0	0	4	0	0	0	0	0
tweet_00101258	saude202110_n_00215_00000001.jpg	0	1	-1	0	0	0	0	0	0	7	0	0	-1
tweet_00101259	saude202110_n_00215_00000002.jpg	4	-1	0	0	0	1	0	0	0	0	0	0	-2
tweet_00101260	saude202110_n_00218_00000001.jpg	2	1	0	-1	0	0	0	0	0	0	0	0	-3
tweet_00101267	saude202110_n_00220_00000001.jpg	-1	3	0	0	0	0	0	0	0	2	0	0	0
tweet_00101283	saude202110_n_00223_00000001.jpg	1	1	0	-1	0	2	0	0	0	7	0	0	0
tweet_00101286	saude202110_n_00225_00000001.jpg	0	1	0	0	0	0	0	0	0	13	0	0	0
tweet_00101307	saude202110_n_00230_00000001.jpg	0	2	0	-1	0	0	0	0	0	0	0	0	-4
tweet_00101309	saude202110_n_00231_00000001.jpg	0	0	0	0	0	3	0	0	0	0	1	0	-6
tweet_00101312	saude202110_n_00234_00000001.jpg	1	-1	0	-2	0	1	0	0	0	0	0	0	0
tweet_00101315	saude202110_n_00236_00000002.jpg	1	-4	0	0	0	2	0	0	0	8	0	0	0
tweet_00101318	saude202110_n_00238_00000001.jpg	0	1	2	0	3	0	2	1	0	0	0	0	17
tweet_00101321	saude202110_n_00240_00000001.jpg	1	1	0	0	0	2	1	0	0	20	0	0	0
tweet_00101324	saude202110_n_00244_00000001.jpg	2	0	-2	-2	0	1	2	0	0	2	4	-1	0
tweet_00101355	saude202111_n_00001_00000001.jpg	0	3	0	0	0	0	0	0	0	0	1	-1	-1
tweet_00101375	saude202111_n_00001_00000003.png	1	2	0	0	0	0	0	0	0	1	0	0	0
tweet_00101398	saude202111_n_00002_00000001.jpg	1	-2	0	0	1	3	0	0	0	0	0	0	-1
tweet_00101411	saude202111_n_00004_00000003.jpg	0	4	0	1	0	0	0	2	0	0	0	0	10
tweet_00101436	saude202111_n_00003_00000001.jpg	1	1	0	0	0	1	0	0	0	0	0	0	-4
tweet_00101440	saude202111_n_00003_00000002.jpg	1	3	0	0	1	0	0	11	0	0	0	0	17
tweet_00101473	saude202111_n_00003_00000004.jpg	3	4	0	0	-1	0	0	0	0	0	0	0	0
tweet_00101474	saude202111_n_00003_00000005.jpg	1	-2	0	0	0	0	0	-1	0	0	9	0	0
tweet_00101480	saude202111_n_00004_00000001.jpg	3	0	0	0	0	1	0	0	0	23	0	1	0
tweet_00101484	saude202111_n_00004_00000002.jpg	4	1	0	0	-1	0	0	0	0	1	0	0	-1
tweet_00101513	saude202111_n_00004_00000005.jpg	2	0	0	0	-1	0	0	0	0	1	0	0	-2
tweet_00101567	saude202111_n_00005_00000003.png	0	0	1	0	0	0	2	2	0	0	0	0	18
tweet_00101568	saude202111_n_00005_00000004.jpg	4	-1	-1	-2	-1	0	2	4	0	-1	0	0	16
tweet_00101610	saude202111_n_00006_00000003.jpg	0	1	0	0	0	0	0	0	2	0	0	1	0
tweet_00101621	saude202111_n_00006_00000005.jpg	0	1	0	0	0	0	1	14	0	0	0	0	18
tweet_00101639	saude202111_n_00007_00000001.png	0	1	0	-1	0	0	0	0	0	0	0	0	-3
tweet_00101642	saude202111_n_00007_00000006.jpg	1	-1	1	0	0	1	2	-2	0	22	0	1	1
tweet_00101666	saude202111_n_00008_00000002.jpg	1	2	0	-1	0	0	0	0	0	0	0	0	-3
tweet_00101668	saude202111_n_00008_00000003.jpg	1	0	0	0	0	0	0	0	0	0	9	0	0
tweet_00101681	saude202111_n_00009_00000001.png	0	1	0	-1	0	0	0	21	0	0	0	1	14
tweet_00101699	saude202111_n_00010_00000001.jpg	4	0	0	0	0	0	0	0	0	19	0	0	0
tweet_00101700	saude202111_n_00010_00000002.jpg	2	0	0	0	0	0	7	-1	0	-1	0	2	1
tweet_00101709	saude202111_n_00011_00000001.jpg	1	0	0	0	-1	0	0	0	0	0	0	0	-3
tweet_00101712	saude202111_n_00011_00000002.png	2	1	0	0	0	0	0	0	6	0	1	0	1
tweet_00101722	saude202111_n_00011_00000003.jpg	6	2	0	0	-1	0	0	0	0	17	0	0	0
tweet_00101726	saude202111_n_00011_00000004.jpg	1	1	0	0	-1	0	0	0	0	0	-2	-1	-1
tweet_00101732	saude202111_n_00011_00000005.jpg	3	1	0	0	-1	0	0	0	0	29	0	1	0
tweet_00101733	saude202111_n_00011_00000006.jpg	1	4	-1	0	0	1	0	0	0	0	0	0	-3
tweet_00101755	saude202111_n_00012_00000001.jpg	0	2	0	-1	0	0	0	0	0	0	0	0	-2
tweet_00101784	saude202111_n_00013_00000001.jpg	0	2	0	0	-1	0	0	0	0	1	0	0	0
tweet_00101794	saude202111_n_00014_00000003.jpg	0	1	1	0	-1	0	12	0	0	0	0	0	3
tweet_00101801	saude202111_n_00014_00000006.jpg	1	0	0	0	0	0	0	0	0	0	0	0	0
tweet_00101803	saude202111_n_00014_00000007.jpg	1	2	0	0	-1	0	0	0	0	0	0	0	0
tweet_00101805	saude202111_n_00014_00000008.png	2	4	0	0	-1	0	0	0	0	12	0	0	0
tweet_00101808	saude202111_n_00014_00000009.jpg	3	0	0	-1	-1	0	1	-5	0	0	0	10	0
tweet_00101823	saude202111_n_00014_00000010.jpg	-2	2	0	0	0	0	0	0	0	0	0	0	-2
tweet_00101840	saude202111_n_00015_00000001.jpg	5	2	0	0	-1	0	0	-1	0	11	0	2	1
tweet_00101850	saude202111_n_00015_00000003.png	2	1	0	0	0	0	0	0	0	1	0	0	-1
tweet_00101872	saude202111_n_00015_00000007.jpg	1	4	0	-1	1	1	14	-1	3	0	0	3	5
tweet_00101886	saude202111_n_00127_00000002.png	0	0	-1	0	-1	0	0	0	0	1	0	0	-1
tweet_00101905	saude202111_n_00016_00000002.jpg	3	2	0	0	-1	0	1	0	0	0	1	0	0
tweet_00101907	saude202111_n_00016_00000003.jpg	3	1	0	0	-1	0	0	1	0	0	0	-1	-1
tweet_00101915	saude202111_n_00016_00000004.jpg	1	0	0	0	0	0	0	-2	0	0	-12	0	0
tweet_00101925	saude202111_n_00016_00000005.jpg	2	4	0	0	-1	0	0	0	0	1	0	0	0
tweet_00101932	saude202111_n_00017_00000001.jpg	1	0	0	0	1	0	4	1	0	-1	0	0	7
tweet_00101939	saude202111_n_00017_00000002.jpg	0	2	0	0	0	0	0	0	4	0	4	-1	0
tweet_00101963	saude202111_n_00017_00000007.jpg	2	1	0	0	0	0	0	0	0	0	0	0	-4
tweet_00101969	saude202111_n_00017_00000008.jpg	1	1	0	0	0	0	0	2	0	0	0	-1	8
tweet_00101997	saude202111_n_00018_00000002.jpg	0	1	0	0	-1	1	2	0	0	0	0	0	-7
tweet_00102002	saude202111_n_00018_00000004.jpg	2	3	0	0	-1	0	0	0	0	1	0	0	0
tweet_00102018	saude202111_n_00019_00000002.jpg	-1	1	0	0	0	0	0	13	0	0	0	0	0
tweet_00102037	saude202111_n_00019_00000003.jpg	4	0	0	-2	0	0	0	-1	0	0	1	8	0
tweet_00102044	saude202111_n_00019_00000004.jpg	-2	1	0	0	0	0	0	0	0	1	4	0	0
tweet_00102078	saude202111_n_00020_00000001.jpg	3	0	0	0	0	0	0	1	0	16	0	0	0
tweet_00102109	saude202111_n_00022_00000001.jpg	2	1	0	-1	-1	0	-1	-1	0	0	-25	0	0
tweet_00102117	saude202111_n_00022_00000002.jpg	0	2	0	0	-1	1	1	2	0	0	0	-1	3
tweet_00102119	saude202111_n_00022_00000003.jpg	0	1	0	-1	0	0	0	2	0	1	0	0	-1
tweet_00102126	saude202111_n_00022_00000004.jpg	1	0	0	0	0	0	0	0	0	0	0	0	-3
tweet_00102130	saude202111_n_00022_00000006.jpg	3	0	0	-2	-1	0	0	0	0	1	0	0	-1
tweet_00102156	saude202111_n_00023_00000001.jpg	2	-1	0	0	0	0	0	-2	1	0	0	6	0
tweet_00102163	saude202111_n_00023_00000002.png	-1	0	0	0	0	3	0	0	0	0	0	0	-7
tweet_00102164	saude202111_n_00023_00000003.png	0	1	0	0	0	1	0	0	0	0	0	0	-3
tweet_00102165	saude202111_n_00023_00000005.jpg	3	0	0	-2	-1	0	0	0	0	0	0	-2	-2
tweet_00102168	saude202111_n_00023_00000006.jpg	8	-1	0	0	-1	0	0	0	0	14	0	0	0
tweet_00102172	saude202111_n_00024_00000001.jpg	2	3	0	0	-1	0	0	0	0	1	0	0	-1
tweet_00102177	saude202111_n_00024_00000002.jpg	-1	4	-2	0	-1	0	2	0	0	1	0	-1	0
tweet_00102178	saude202111_n_00024_00000003.jpg	1	2	0	-1	0	0	0	0	1	0	0	0	0
tweet_00102183	saude202111_n_00024_00000004.png	2	0	0	0	0	0	0	0	0	-1	0	0	-2
tweet_00102186	saude202111_n_00024_00000005.jpg	3	0	0	0	0	0	0	0	0	1	0	0	-1
tweet_00102206	saude202111_n_00025_00000001.jpg	0	3	0	0	-1	1	0	0	0	1	0	0	-1
tweet_00102220	saude202111_n_00026_00000001.jpg	1	1	0	0	-1	1	0	0	0	-1	1	0	0
tweet_00102228	saude202111_n_00026_00000002.jpg	1	0	0	0	0	0	0	0	0	1	0	0	-1
tweet_00102232	saude202111_n_00026_00000003.jpg	3	0	0	-1	-1	0	0	0	0	1	0	-1	0
tweet_00102239	saude202111_n_00026_00000004.jpg	2	1	0	-1	0	0	0	0	0	7	0	0	0
tweet_00102243	saude202111_n_00027_00000001.jpg	0	1	0	0	-1	0	0	0	0	0	0	0	-5
tweet_00102287	saude202111_n_00028_00000004.jpg	1	-1	0	0	0	0	1	-1	0	0	0	0	0
tweet_00102329	saude202111_n_00030_00000001.jpg	3	0	0	0	-1	0	2	-2	1	0	0	10	0
tweet_00102333	saude202111_n_00030_00000002.jpg	1	1	0	0	-1	0	0	1	0	19	0	0	0
tweet_00102342	saude202111_n_00030_00000004.jpg	2	0	0	0	-1	0	2	-3	0	0	0	9	0
tweet_00102357	saude202111_n_00031_00000001.jpg	3	-1	0	-1	0	0	0	0	0	14	0	1	1
tweet_00102373	saude202111_n_00031_00000002.jpg	3	0	0	0	0	0	0	-1	0	0	11	0	0
tweet_00102375	saude202111_n_00031_00000003.jpg	1	1	0	0	0	1	0	0	0	23	0	0	0
tweet_00102380	saude202111_n_00032_00000001.png	0	-1	0	0	-1	0	13	0	0	0	0	0	23
tweet_00102427	saude202111_n_00034_00000001.jpg	1	0	0	-1	-1	0	0	0	0	1	0	0	-1
tweet_00102429	saude202111_n_00034_00000002.jpg	0	0	0	-3	0	0	0	0	14	0	0	0	0
tweet_00102442	saude202111_n_00035_00000002.jpg	1	0	0	-1	-1	0	0	0	0	24	0	0	0
tweet_00102444	saude202111_n_00035_00000003.jpg	1	0	0	-1	0	0	0	0	0	1	0	0	0
tweet_00102445	saude202111_n_00035_00000004.jpg	3	0	0	-2	-1	1	0	0	0	8	0	0	0
tweet_00102469	saude202111_n_00036_00000002.jpg	2	0	0	0	-1	0	0	0	0	1	0	0	0
tweet_00102475	saude202111_n_00037_00000001.jpg	3	0	0	-1	0	0	0	0	0	0	0	0	-4
tweet_00102479	saude202111_n_00038_00000001.jpg	0	1	0	0	0	0	0	0	0	6	0	0	0
tweet_00102481	saude202111_n_00038_00000002.jpg	1	1	0	0	-1	0	0	0	-2	1	0	3	0
tweet_00102491	saude202111_n_00038_00000003.jpg	2	-1	2	0	-1	0	1	2	0	0	0	0	13
tweet_00102496	saude202111_n_00038_00000004.jpg	0	1	0	-1	-1	0	0	0	0	-1	0	0	0
tweet_00102502	saude202111_n_00038_00000005.jpg	3	0	0	-2	-1	0	0	0	0	1	0	0	-1
tweet_00102506	saude202111_n_00038_00000006.jpg	0	1	0	0	0	1	0	2	0	0	0	-1	8
tweet_00102557	saude202111_n_00039_00000003.jpg	4	4	0	0	-1	0	0	0	0	1	0	0	-2
tweet_00102562	saude202111_n_00039_00000004.jpg	1	1	0	-1	-1	0	0	0	0	0	0	0	-3
tweet_00102565	saude202111_n_00039_00000005.jpg	1	1	0	-1	-1	0	1	0	0	0	0	0	0
tweet_00102584	saude202111_n_00040_00000001.jpg	0	2	0	0	0	0	1	0	0	-1	1	0	0
tweet_00102598	saude202111_n_00040_00000003.jpg	0	-1	0	0	-1	0	3	-6	0	0	1	9	1
tweet_00102610	saude202111_n_00040_00000004.jpg	0	2	0	0	0	1	0	0	0	1	0	0	-1
tweet_00102612	saude202111_n_00040_00000005.jpg	0	0	1	-1	-1	0	0	1	0	0	1	-3	0
tweet_00102622	saude202111_n_00041_00000001.jpg	0	0	2	0	0	0	0	0	0	0	0	0	-3
tweet_00102626	saude202111_n_00041_00000002.jpg	2	2	0	0	-1	0	0	0	0	0	0	0	-1
tweet_00102629	saude202111_n_00050_00000001.jpg	0	3	0	0	-1	0	0	0	0	0	0	-2	-2
tweet_00102653	saude202111_n_00042_00000001.jpg	1	0	0	-1	-1	0	0	0	0	1	0	-1	-2
tweet_00102662	saude202111_n_00042_00000002.jpg	1	0	0	0	-1	0	0	1	0	0	0	0	-1
tweet_00102680	saude202111_n_00044_00000001.jpg	3	-1	2	0	0	0	1	-2	0	3	0	-1	0
tweet_00102720	saude202111_n_00045_00000001.jpg	0	0	2	0	0	0	1	0	0	0	0	0	-1
tweet_00102737	saude202111_n_00045_00000002.jpg	0	2	0	0	0	0	0	16	0	0	0	0	14
tweet_00102747	saude202111_n_00046_00000001.jpg	0	1	0	0	0	0	0	0	0	1	0	0	0
tweet_00102770	saude202111_n_00047_00000002.jpg	-1	1	-1	0	0	0	0	0	0	0	0	0	-4
tweet_00102780	saude202111_n_00049_00000002.jpg	1	1	0	0	0	0	0	8	0	0	0	0	18
tweet_00102799	saude202111_n_00050_00000002.jpg	1	1	0	0	-1	0	0	-1	3	0	2	0	0
tweet_00102818	saude202111_n_00050_00000003.jpg	-1	1	0	0	0	0	0	0	0	0	0	0	-1
tweet_00102834	saude202111_n_00051_00000001.png	0	-1	1	1	1	0	0	0	0	0	2	0	0
tweet_00102849	saude202111_n_00051_00000002.jpg	1	1	0	0	-1	0	0	0	0	0	0	-3	-1
tweet_00102860	saude202111_n_00051_00000003.jpg	2	0	0	-1	-1	1	0	4	13	1	0	2	1
tweet_00102868	saude202111_n_00052_00000002.jpg	5	2	0	0	-1	0	1	0	0	0	1	0	0
tweet_00102869	saude202111_n_00052_00000003.jpg	0	1	0	0	0	0	11	0	0	0	0	0	-1
tweet_00102876	saude202111_n_00052_00000004.jpg	1	3	0	0	-1	0	0	0	0	-1	0	-1	-4
tweet_00102878	saude202111_n_00052_00000005.jpg	1	0	-1	0	0	1	0	0	0	0	0	1	0
tweet_00102894	saude202111_n_00054_00000001.jpg	0	2	0	0	-1	0	0	0	8	0	0	2	0
tweet_00102904	saude202111_n_00054_00000002.jpg	1	1	0	0	-1	0	0	0	0	1	0	0	-1
tweet_00102905	saude202111_n_00064_00000004.jpg	1	0	0	0	-1	1	0	0	0	22	0	0	0
tweet_00102912	saude202111_n_00054_00000004.jpg	-1	1	0	0	0	2	0	0	0	0	0	0	-4
tweet_00102931	saude202111_n_00054_00000010.jpg	1	-1	0	0	0	1	0	1	0	0	0	0	10
tweet_00102988	saude202111_n_00057_00000001.jpg	5	0	0	0	-1	0	0	0	0	0	0	-1	-1
tweet_00103024	saude202111_n_00058_00000001.jpg	2	1	0	-1	-1	0	0	0	0	1	0	-3	0
tweet_00103025	saude202111_n_00059_00000001.jpg	1	-1	0	0	-1	0	8	0	2	0	0	9	1
tweet_00103028	saude202111_n_00059_00000002.jpg	3	2	0	-1	-1	0	0	0	0	1	0	0	-2
tweet_00103048	saude202111_n_00060_00000001.jpg	0	-1	1	0	0	0	0	0	0	0	5	-2	0
tweet_00103058	saude202111_n_00060_00000002.jpg	2	4	0	-1	-1	0	0	0	0	1	0	0	-1
tweet_00103110	saude202111_n_00062_00000001.jpg	-2	0	2	0	0	0	12	1	0	0	0	0	-1
tweet_00103134	saude202111_n_00063_00000001.jpg	0	-1	0	0	-1	0	0	0	5	0	5	0	0
tweet_00103142	saude202111_n_00063_00000002.jpg	1	-1	0	0	-1	0	0	-1	0	0	0	13	0
tweet_00103149	saude202111_n_00064_00000001.jpg	1	-2	0	0	1	0	0	0	0	7	0	-3	-3
tweet_00103155	saude202111_n_00064_00000002.jpg	0	1	0	0	-1	0	-1	0	-1	9	-1	2	1
tweet_00103163	saude202111_n_00064_00000003.jpg	1	-1	0	-1	0	0	0	0	0	3	0	0	0
tweet_00103186	saude202111_n_00065_00000001.png	2	2	0	-1	-2	0	0	0	0	0	0	0	-4
tweet_00103204	saude202111_n_00066_00000001.jpg	1	-2	1	0	0	2	0	0	0	0	0	0	-1
tweet_00103215	saude202111_n_00067_00000001.jpg	2	-1	2	-2	-1	0	0	13	0	0	0	0	7
tweet_00103219	saude202111_n_00067_00000003.png	4	1	0	0	-1	0	0	0	0	1	0	0	-1
tweet_00103220	saude202111_n_00067_00000004.jpg	0	-1	1	0	1	0	0	0	0	7	0	-3	-3
tweet_00103235	saude202111_n_00067_00000005.jpg	1	-1	0	0	-1	0	0	0	0	1	0	0	0
tweet_00103250	saude202111_n_00067_00000007.jpg	3	3	0	-1	-1	0	0	-3	0	0	0	8	0
tweet_00103259	saude202111_n_00068_00000001.jpg	1	1	0	0	-1	0	0	0	0	1	0	0	-1
tweet_00103260	saude202111_n_00068_00000002.jpg	5	1	0	0	-1	0	0	0	0	1	0	-1	0
tweet_00103279	saude202111_n_00068_00000004.jpg	0	-2	0	1	0	0	0	0	0	7	0	-3	-2
tweet_00103294	saude202111_n_00069_00000001.jpg	1	2	0	0	0	1	0	1	0	10	0	0	0
tweet_00103319	saude202111_n_00069_00000004.jpg	1	1	0	0	-1	0	0	0	1	22	0	0	1
tweet_00103324	saude202111_n_00070_00000002.jpg	1	-1	0	1	-1	0	1	0	6	0	0	-1	-1
tweet_00103336	saude202111_n_00070_00000003.jpg	0	1	0	0	-1	1	0	0	1	0	0	0	0
tweet_00103339	saude202111_n_00070_00000007.jpg	1	-1	1	1	1	0	0	0	0	0	0	0	-3
tweet_00103354	saude202111_n_00070_00000008.jpg	3	-3	0	-1	-1	0	-1	0	0	0	-24	0	0
tweet_00103355	saude202111_n_00070_00000004.jpg	1	-1	0	0	0	0	0	1	0	0	0	0	1
tweet_00103363	saude202111_n_00071_00000001.jpg	0	1	0	0	0	0	0	0	0	0	0	0	0
tweet_00103364	saude202111_n_00071_00000002.jpg	2	0	1	-1	0	0	0	2	0	0	0	0	3
tweet_00103369	saude202111_n_00071_00000004.png	2	4	0	0	-1	0	0	-3	1	0	0	8	0
tweet_00103371	saude202111_n_00071_00000005.jpg	1	-1	1	1	1	0	0	0	0	8	0	-3	-2
tweet_00103399	saude202111_n_00072_00000001.png	0	3	0	0	0	1	0	0	0	0	0	0	-2
tweet_00103420	saude202111_n_00072_00000002.jpg	2	0	0	0	-1	0	5	0	0	-1	0	0	20
tweet_00103446	saude202111_n_00072_00000003.jpg	-1	-1	0	0	0	0	2	2	0	0	0	0	-1
tweet_00103487	saude202111_n_00074_00000001.jpg	1	1	0	0	-1	0	0	0	0	1	0	0	0
tweet_00103496	saude202111_n_00074_00000003.jpg	1	1	0	0	-1	0	30	0	0	0	0	0	0
tweet_00103520	saude202111_n_00075_00000001.jpg	3	1	0	0	-1	0	1	3	0	-1	0	0	27
tweet_00103521	saude202111_n_00075_00000002.jpg	2	-2	1	0	1	0	0	0	0	7	0	-3	-2
tweet_00103531	saude202111_n_00075_00000003.jpg	1	-1	0	0	0	0	0	2	0	0	0	0	10
tweet_00103544	saude202111_n_00075_00000005.jpg	1	1	0	-1	-1	0	0	0	0	8	0	0	0
tweet_00103549	saude202111_n_00075_00000008.jpg	2	3	0	0	-1	0	0	1	0	1	0	0	-2
tweet_00103550	saude202111_n_00075_00000009.jpg	1	2	0	-1	-1	1	0	0	0	0	0	0	-1
tweet_00103577	saude202111_n_00076_00000002.png	0	1	0	0	-1	0	0	0	0	0	0	0	-5
tweet_00103585	saude202111_n_00076_00000003.jpg	2	-3	0	-1	-1	0	0	0	0	2	0	0	0
tweet_00103601	saude202111_n_00077_00000001.jpg	0	1	0	0	-1	0	0	0	0	-1	-8	0	0
tweet_00103605	saude202111_n_00077_00000003.jpg	1	-1	0	0	1	0	0	0	0	10	0	-4	-2
tweet_00103630	saude202111_n_00078_00000003.jpg	0	0	2	-1	0	0	2	0	0	0	0	0	12
tweet_00103643	saude202111_n_00078_00000005.jpg	2	0	0	0	-1	0	0	0	2	0	2	0	0
tweet_00103647	saude202111_n_00078_00000006.png	1	-1	0	0	-1	0	0	0	0	-1	0	0	-2
tweet_00103648	saude202111_n_00078_00000007.jpg	-1	0	0	0	0	2	0	0	0	0	0	0	-3
tweet_00103652	saude202111_n_00078_00000008.jpg	0	-1	0	0	1	0	0	0	0	0	0	0	-4
tweet_00103655	saude202111_n_00078_00000009.png	3	-3	0	0	0	0	1	-7	1	0	2	6	0
tweet_00103656	saude202111_n_00078_00000010.png	2	-1	0	0	-1	0	0	0	0	2	0	0	-1
tweet_00103660	saude202111_n_00079_00000001.jpg	5	1	0	0	-1	0	0	0	0	1	0	0	-3
tweet_00103662	saude202111_n_00079_00000002.jpg	0	3	0	0	-1	0	0	3	0	0	0	0	16
tweet_00103669	saude202111_n_00079_00000003.jpg	3	-1	1	1	1	0	0	0	0	7	0	-3	-3
tweet_00103687	saude202111_n_00079_00000004.jpg	1	-1	0	0	-1	0	0	-2	1	0	1	1	0
tweet_00103699	saude202111_n_00080_00000001.jpg	0	0	0	0	-1	1	2	1	0	0	0	0	6
tweet_00103702	saude202111_n_00080_00000003.jpg	0	0	2	0	0	0	0	-2	0	33	0	1	1
tweet_00103705	saude202111_n_00080_00000004.jpg	2	4	0	0	-1	0	0	0	0	1	0	0	-1
tweet_00103761	saude202111_n_00083_00000001.jpg	0	-1	0	-1	-1	0	0	0	0	1	0	0	-1
tweet_00103776	saude202111_n_00083_00000003.jpg	1	0	0	0	-1	0	0	0	0	0	0	6	0
tweet_00103795	saude202111_n_00084_00000002.jpg	1	0	0	0	-1	0	0	0	0	1	0	0	0
tweet_00103804	saude202111_n_00084_00000003.jpg	2	4	0	0	-1	0	0	0	0	0	0	-2	-2
tweet_00103838	saude202111_n_00085_00000001.jpg	2	-2	0	0	0	2	0	0	0	6	0	0	0
tweet_00103869	saude202111_n_00086_00000003.png	1	4	0	1	0	1	0	0	0	7	0	0	0
tweet_00103873	saude202111_n_00086_00000004.png	1	-1	1	0	1	0	0	0	0	10	0	-3	-1
tweet_00103875	saude202111_n_00086_00000005.jpg	0	1	0	-1	-1	0	0	1	0	2	0	1	0
tweet_00103881	saude202111_n_00086_00000008.jpg	3	-1	2	0	0	0	1	6	0	0	0	0	20
tweet_00103901	saude202111_n_00087_00000001.png	0	-2	0	0	0	0	0	0	0	7	0	-3	-2
tweet_00103907	saude202111_n_00088_00000001.jpg	1	-2	0	0	0	0	4	0	0	0	0	0	18
tweet_00103914	saude202111_n_00088_00000003.jpg	1	-1	0	0	-1	0	0	0	0	2	0	0	-1
tweet_00103925	saude202111_n_00088_00000004.jpg	2	-3	0	-1	0	1	13	0	0	0	0	0	-1
tweet_00103939	saude202111_n_00088_00000006.jpg	1	2	0	0	0	0	0	10	1	0	0	0	3
tweet_00103951	saude202111_n_00090_00000001.jpg	2	1	0	0	0	0	0	0	0	0	0	0	-5
tweet_00103960	saude202111_n_00090_00000002.png	1	0	0	0	0	1	2	0	0	0	0	0	-5
tweet_00103962	saude202111_n_00090_00000003.jpg	0	1	0	0	0	0	3	1	0	0	0	-1	-2
tweet_00103967	saude202111_n_00090_00000004.jpg	1	-1	0	0	0	0	0	0	0	12	0	0	0
tweet_00103984	saude202111_n_00091_00000002.jpg	0	1	0	0	-1	0	0	0	0	0	0	-2	-2
tweet_00103986	saude202111_n_00091_00000003.jpg	1	1	0	0	0	0	1	0	0	0	1	0	0
tweet_00103989	saude202111_n_00091_00000005.jpg	-2	2	0	-1	0	1	0	0	0	0	0	0	-1
tweet_00103990	saude202111_n_00091_00000006.jpg	1	0	-1	-1	-1	0	0	0	0	0	1	0	0
tweet_00103992	saude202111_n_00091_00000007.jpg	0	-1	0	0	1	0	0	0	0	7	0	-3	-1
tweet_00104009	saude202111_n_00092_00000001.jpg	3	1	0	0	-1	0	0	0	0	16	0	1	0
tweet_00104011	saude202111_n_00092_00000002.jpg	1	2	0	0	-1	0	0	0	0	8	0	0	0
tweet_00104013	saude202111_n_00092_00000003.jpg	0	0	0	0	0	1	0	0	0	0	0	0	-7
tweet_00104032	saude202111_n_00093_00000001.jpg	0	3	0	1	-1	0	0	12	0	0	0	0	1
tweet_00104044	saude202111_n_00093_00000003.jpg	1	2	0	0	-1	0	0	0	0	1	0	0	0
tweet_00104092	saude202111_n_00095_00000001.jpg	1	0	-1	0	-1	0	0	0	0	3	0	0	0
tweet_00104113	saude202111_n_00095_00000002.png	3	2	0	0	-1	0	0	0	0	0	0	0	-6
tweet_00104117	saude202111_n_00095_00000003.jpg	0	1	0	0	0	0	6	3	0	0	0	0	-1
tweet_00104131	saude202111_n_00096_00000001.jpg	6	2	0	0	0	0	0	18	1	0	0	0	6
tweet_00104132	saude202111_n_00096_00000002.jpg	0	1	-1	0	0	0	0	1	15	0	0	0	1
tweet_00104143	saude202111_n_00097_00000001.jpg	-1	-2	1	0	0	0	0	0	0	-1	0	0	-1
tweet_00104159	saude202111_n_00097_00000002.jpg	-2	0	0	0	0	0	0	2	0	1	0	0	4
tweet_00104182	saude202111_n_00098_00000001.jpg	0	0	0	0	0	0	3	0	0	0	0	0	-5
tweet_00104208	saude202111_n_00099_00000001.jpg	0	1	0	0	-1	1	5	0	0	-1	0	-1	0
tweet_00104236	saude202111_n_00100_00000001.jpg	1	-1	0	0	0	1	0	0	0	0	2	0	0
tweet_00104260	saude202111_n_00101_00000001.jpg	1	-2	1	0	0	1	5	0	0	0	0	0	11
tweet_00104279	saude202111_n_00101_00000003.jpg	1	5	0	0	0	0	0	1	0	0	-1	0	0
tweet_00104285	saude202111_n_00102_00000001.jpg	1	1	0	0	0	0	0	0	0	1	0	0	-1
tweet_00104291	saude202111_n_00102_00000002.jpg	0	1	0	0	0	0	0	4	0	0	0	0	12
tweet_00104297	saude202111_n_00102_00000003.png	1	-1	0	0	0	1	0	-3	-1	0	-12	-1	0
tweet_00104301	saude202111_n_00102_00000004.jpg	1	1	0	0	-1	1	1	13	0	0	0	0	20
tweet_00104302	saude202111_n_00102_00000005.jpg	0	2	0	0	0	1	5	2	0	0	0	0	25
tweet_00104322	saude202111_n_00103_00000001.jpg	1	4	0	0	0	1	0	0	0	13	0	0	0
tweet_00104325	saude202111_n_00103_00000002.jpg	0	-1	0	0	0	1	0	0	0	11	0	0	0
tweet_00104345	saude202111_n_00103_00000004.jpg	0	-1	0	0	0	1	1	-4	2	0	0	13	0
tweet_00104350	saude202111_n_00104_00000001.jpg	-2	0	0	0	0	0	4	0	0	0	0	0	-4
tweet_00104389	saude202111_n_00104_00000002.jpg	1	2	0	0	0	1	0	0	0	19	0	1	0
tweet_00104390	saude202111_n_00105_00000001.jpg	0	-1	0	0	0	1	1	0	0	11	0	-1	0
tweet_00104455	saude202111_n_00106_00000002.jpg	0	1	0	-1	0	0	0	3	0	0	0	0	9
tweet_00104456	saude202111_n_00106_00000003.jpg	0	0	1	0	0	0	0	2	0	1	0	0	6
tweet_00104500	saude202111_n_00108_00000001.jpg	1	-1	0	0	1	0	0	0	0	0	0	0	0
tweet_00104503	saude202111_n_00108_00000002.png	-1	-2	0	0	0	0	1	-7	0	0	1	7	0
tweet_00104507	saude202111_n_00108_00000003.jpg	4	2	0	0	-1	0	0	0	0	1	0	0	-1
tweet_00104515	saude202111_n_00108_00000004.jpg	1	1	-1	-1	1	3	0	0	0	3	0	0	0
tweet_00104520	saude202111_n_00109_00000001.jpg	2	1	1	-2	0	0	22	-1	0	-1	0	1	7
tweet_00104558	saude202111_n_00111_00000001.jpg	0	0	0	0	0	1	2	0	0	0	0	0	7
tweet_00104565	saude202111_n_00111_00000002.jpg	2	-3	0	0	0	3	0	0	0	10	0	0	0
tweet_00104569	saude202111_n_00111_00000003.jpg	0	3	0	0	0	0	0	0	0	0	0	0	-4
tweet_00104571	saude202111_n_00111_00000004.jpg	2	0	0	-1	0	1	1	4	0	0	0	0	10
tweet_00104589	saude202111_n_00112_00000001.jpg	1	-2	0	0	0	3	0	0	0	3	0	0	0
tweet_00104600	saude202111_n_00112_00000002.jpg	0	2	0	-1	0	1	0	3	0	0	0	0	-2
tweet_00104601	saude202111_n_00112_00000003.jpg	2	4	0	0	-1	0	2	11	0	0	0	0	15
tweet_00104608	saude202111_n_00112_00000004.jpg	0	0	0	0	0	1	0	0	0	0	0	0	-2
tweet_00104626	saude202111_n_00113_00000001.jpg	0	0	1	0	0	0	0	1	0	0	0	0	-3
tweet_00104635	saude202111_n_00113_00000003.jpg	1	1	0	-1	0	1	0	0	0	4	0	0	0
tweet_00104669	saude202111_n_00114_00000001.jpg	0	-1	1	0	0	0	0	0	0	13	0	0	0
tweet_00104681	saude202111_n_00114_00000002.png	1	-1	0	0	0	2	0	0	0	9	0	0	0
tweet_00104731	saude202111_n_00115_00000002.jpg	1	-3	0	0	0	2	0	0	0	5	0	0	0
tweet_00104739	saude202111_n_00115_00000003.jpg	1	4	0	1	-1	0	0	0	0	1	0	0	-1
tweet_00104812	saude202111_n_00117_00000001.jpg	1	-1	1	0	0	0	0	0	0	0	2	0	0
tweet_00104821	saude202111_n_00117_00000003.jpg	0	0	0	0	0	0	0	0	-1	12	0	0	0
tweet_00104852	saude202111_n_00118_00000001.jpg	-1	1	0	0	0	1	3	1	0	0	0	0	-1
tweet_00104859	saude202111_n_00118_00000002.jpg	1	-2	0	0	0	3	0	1	0	7	0	0	0
tweet_00104872	saude202111_n_00118_00000003.jpg	-1	2	0	0	0	0	0	0	0	0	0	0	-6
tweet_00104918	saude202111_n_00119_00000001.jpg	0	0	0	-1	0	0	0	0	0	0	0	-4	0
tweet_00104937	saude202111_n_00120_00000002.jpg	0	2	0	0	0	1	2	4	0	0	0	0	23
tweet_00104938	saude202111_n_00120_00000003.jpg	0	2	0	-1	0	1	0	0	0	0	0	0	-6
tweet_00104946	saude202111_n_00120_00000005.jpg	0	0	0	1	-1	3	1	0	0	13	0	0	1
tweet_00105002	saude202111_n_00122_00000001.jpg	1	0	-1	-1	0	0	15	-1	0	0	0	0	6
tweet_00105022	saude202111_n_00122_00000002.jpg	1	-1	1	0	0	1	0	1	0	0	-2	-1	0
tweet_00105023	saude202111_n_00122_00000003.jpg	0	0	-1	0	-1	0	0	1	0	4	0	0	0
tweet_00105036	saude202111_n_00123_00000001.jpg	1	1	-2	0	0	0	0	0	0	0	0	0	-2
tweet_00105039	saude202111_n_00123_00000002.jpg	-1	1	0	0	0	0	3	1	0	0	0	0	-4
tweet_00105046	saude202111_n_00123_00000004.jpg	2	1	0	-2	0	1	0	0	7	0	0	0	1
tweet_00105065	saude202111_n_00123_00000015.jpg	-1	1	0	0	0	0	4	1	0	0	0	0	-4
tweet_00105067	saude202111_n_00123_00000020.jpg	1	0	0	0	0	0	1	1	0	0	0	0	-2
tweet_00105070	saude202111_n_00123_00000024.jpg	4	-1	0	-2	0	0	1	0	0	0	0	0	0
tweet_00105084	saude202111_n_00124_00000002.jpg	3	-2	1	0	0	1	0	0	0	3	0	-1	0
tweet_00105087	saude202111_n_00124_00000004.jpg	-1	1	0	-1	0	1	0	0	0	0	0	0	-1
tweet_00105099	saude202111_n_00125_00000002.jpg	1	0	0	0	0	0	0	1	0	20	0	0	0
tweet_00105100	saude202111_n_00125_00000003.jpg	3	-1	0	-1	0	1	1	0	0	1	3	-1	0
tweet_00105104	saude202111_n_00125_00000004.jpg	0	1	-1	0	-2	0	0	0	0	-1	0	0	0
tweet_00105112	saude202111_n_00125_00000005.jpg	0	-2	0	0	1	1	0	0	0	5	0	0	0
tweet_00105132	saude202111_n_00125_00000007.jpg	0	-1	0	0	0	0	0	0	0	8	0	0	0
tweet_00105133	saude202111_n_00125_00000008.jpg	1	-3	0	0	0	2	0	0	0	13	0	0	0
tweet_00105147	saude202111_n_00126_00000001.jpg	1	1	0	0	-1	0	1	1	0	0	0	0	0
tweet_00105152	saude202111_n_00126_00000002.jpg	0	-1	0	1	0	0	0	0	0	11	0	0	0
tweet_00105157	saude202111_n_00126_00000003.jpg	0	1	0	0	0	0	0	0	0	1	0	0	0
tweet_00105178	saude202111_n_00127_00000001.jpg	1	-3	0	0	1	2	0	0	0	8	0	-1	0
tweet_00105184	saude202111_n_00127_00000003.jpg	-1	1	0	0	0	0	1	3	0	-1	0	0	20
tweet_00105186	saude202111_n_00127_00000004.jpg	1	8	0	0	0	0	0	5	0	0	0	0	8
tweet_00105210	saude202111_n_00127_00000005.jpg	0	-2	0	0	2	1	2	0	0	0	0	0	-3
tweet_00105211	saude202111_n_00127_00000006.jpg	1	1	0	-3	0	1	1	0	0	0	1	0	0
tweet_00105218	saude202111_n_00128_00000001.jpg	0	-2	0	0	3	1	0	2	0	2	0	0	0
tweet_00105277	saude202111_n_00129_00000002.jpg	0	1	0	0	0	0	0	2	0	0	0	0	-1
tweet_00105278	saude202111_n_00129_00000003.jpg	0	-1	0	0	1	1	0	0	0	1	0	0	-3
tweet_00105285	saude202111_n_00131_00000003.jpg	1	1	0	0	-2	0	0	0	13	0	0	1	0
tweet_00105292	saude202111_n_00130_00000004.jpg	4	1	-1	0	-1	2	0	0	0	1	0	0	-2
tweet_00105316	saude202111_n_00131_00000002.jpg	0	1	0	0	0	0	0	4	0	0	0	0	12
tweet_00105327	saude202111_n_00131_00000004.jpg	2	3	0	-1	0	0	0	0	0	0	0	0	-3
tweet_00105343	saude202111_n_00132_00000001.jpg	2	1	0	0	0	0	2	1	0	0	0	-1	-3
tweet_00105361	saude202111_n_00133_00000001.jpg	0	0	0	0	0	0	0	0	0	10	0	0	0
tweet_00105372	saude202111_n_00133_00000003.jpg	0	-2	1	0	0	2	1	0	0	3	0	-1	-1
tweet_00105380	saude202111_n_00133_00000004.jpg	-1	-1	0	0	0	0	2	0	0	0	0	0	-5
tweet_00105381	saude202111_n_00133_00000005.jpg	0	0	0	0	0	0	4	0	0	0	0	0	-6
tweet_00105398	saude202111_n_00134_00000001.jpg	0	1	0	0	0	0	0	-1	3	0	8	5	3
tweet_00105400	saude202111_n_00134_00000002.jpg	1	1	-2	0	1	2	0	0	0	1	0	-1	0
tweet_00105410	saude202111_n_00134_00000003.jpg	3	-1	0	0	0	0	0	5	0	0	0	0	-1
tweet_00105415	saude202111_n_00134_00000004.jpg	1	3	0	0	0	2	0	0	0	21	0	0	0
tweet_00105471	saude202111_n_00136_00000001.png	1	1	0	0	0	0	0	0	0	14	0	0	0
tweet_00105475	saude202111_n_00136_00000002.jpg	0	2	0	0	0	1	0	0	0	0	0	0	-3
tweet_00105478	saude202111_n_00136_00000003.jpg	1	0	0	0	0	0	0	0	0	20	0	0	0
tweet_00105481	saude202111_n_00136_00000004.jpg	0	1	0	-1	0	0	0	0	0	4	0	0	0
tweet_00105489	saude202111_n_00137_00000001.jpg	0	2	1	-3	0	0	0	0	6	0	1	2	1
tweet_00105491	saude202111_n_00137_00000002.jpg	2	-1	0	0	0	2	1	0	0	0	0	0	-3
tweet_00105495	saude202111_n_00137_00000003.jpg	0	1	0	-1	0	0	2	3	0	0	0	0	12
tweet_00105507	saude202111_n_00137_00000005.jpg	1	0	0	0	0	0	0	1	0	0	0	0	0
tweet_00105509	saude202111_n_00137_00000007.jpg	0	1	0	0	0	0	2	1	0	0	0	0	13
tweet_00105510	saude202111_n_00137_00000008.jpg	0	-2	0	0	1	1	0	0	0	6	0	0	0
tweet_00105527	saude202111_n_00138_00000001.jpg	1	4	0	1	-1	0	-1	0	-1	11	0	0	0
tweet_00105561	saude202111_n_00139_00000001.jpg	1	3	0	0	1	0	0	0	0	1	0	0	0
tweet_00105585	saude202111_n_00140_00000001.jpg	0	-2	0	0	1	1	1	-1	0	1	2	0	0
tweet_00105590	saude202111_n_00141_00000001.jpg	1	1	0	0	-1	0	1	0	0	0	0	0	-7
tweet_00105604	saude202111_n_00141_00000002.png	-1	0	0	0	0	0	2	0	0	7	0	0	0
tweet_00105607	saude202111_n_00143_00000001.jpg	0	1	0	0	0	0	0	1	0	0	0	0	-2
tweet_00105611	saude202111_n_00143_00000002.jpg	0	0	0	0	0	3	2	0	0	0	0	0	-3
tweet_00105612	saude202111_n_00143_00000003.jpg	0	0	0	0	1	0	0	0	0	0	0	0	-5
tweet_00105619	saude202111_n_00143_00000006.jpg	0	1	0	0	0	0	1	0	3	0	1	2	0
tweet_00105645	saude202111_n_00144_00000001.jpg	0	1	0	-1	-1	1	0	0	0	0	0	0	-6
tweet_00105656	saude202111_n_00147_00000001.jpg	-1	1	0	0	0	1	0	0	0	0	0	-1	0
tweet_00105666	saude202111_n_00147_00000002.jpg	1	1	0	0	-1	0	0	0	0	1	0	0	0
tweet_00105670	saude202111_n_00147_00000003.jpg	2	-1	0	0	0	0	0	0	0	0	0	-4	-1
tweet_00105728	saude202111_n_00149_00000002.jpg	1	1	0	0	-1	0	0	0	0	1	0	0	0
tweet_00105761	saude202111_n_00150_00000001.jpg	0	1	0	0	0	0	1	0	0	2	0	1	0
tweet_00105788	saude202111_n_00151_00000001.jpg	3	1	0	0	0	0	9	-1	2	0	0	0	7
tweet_00105798	saude202111_n_00152_00000001.jpg	-1	2	0	0	-1	0	2	14	0	0	0	0	3
tweet_00105813	saude202111_n_00152_00000002.jpg	0	0	0	0	0	0	0	0	0	1	0	0	0
tweet_00105826	saude202111_n_00153_00000001.jpg	3	1	0	0	-1	0	0	0	0	6	0	0	0
tweet_00105830	saude202111_n_00153_00000003.jpg	1	2	0	0	-1	0	0	0	9	0	2	1	1
tweet_00105844	saude202111_n_00153_00000004.png	0	0	0	0	0	1	0	2	0	0	0	-1	1
tweet_00105850	saude202111_n_00154_00000001.jpg	0	1	1	-2	0	0	0	0	4	0	0	1	0
tweet_00105859	saude202111_n_00154_00000002.jpg	1	1	0	0	0	0	0	0	0	20	0	0	0
tweet_00105878	saude202111_n_00155_00000002.png	5	1	0	0	-1	1	0	0	0	1	0	0	-3
tweet_00105879	saude202111_n_00155_00000003.jpg	1	1	0	-2	-1	0	0	0	0	0	0	0	-5
tweet_00105880	saude202111_n_00155_00000004.jpg	0	1	0	0	0	0	0	0	0	3	0	-3	0
tweet_00105886	saude202111_n_00155_00000006.jpg	2	1	0	0	0	0	1	3	0	0	0	0	10
tweet_00105892	saude202111_n_00155_00000007.jpg	0	1	0	0	0	0	0	0	-1	1	1	4	4
tweet_00105904	saude202111_n_00156_00000001.jpg	1	1	0	0	0	0	0	0	0	18	0	1	0
tweet_00105926	saude202111_n_00157_00000002.jpg	1	2	0	0	0	0	0	0	0	1	0	0	0
tweet_00105942	saude202111_n_00157_00000004.jpg	5	1	0	0	-1	0	0	0	8	0	0	1	0
tweet_00105944	saude202111_n_00157_00000005.jpg	0	1	0	0	0	0	0	0	0	2	0	-2	0
tweet_00105950	saude202111_n_00157_00000006.jpg	0	1	0	0	0	0	1	0	0	20	0	1	1
tweet_00105954	saude202111_n_00157_00000007.jpg	1	3	0	1	-1	0	0	0	0	1	0	0	-3
tweet_00105965	saude202111_n_00158_00000001.jpg	0	4	0	1	0	0	0	0	3	0	0	0	0
tweet_00105974	saude202111_n_00159_00000001.jpg	0	1	0	-2	0	0	0	0	0	14	0	0	0
tweet_00105976	saude202111_n_00159_00000002.jpg	1	1	0	0	-1	0	0	0	0	1	0	0	0
tweet_00105998	saude202111_n_00160_00000001.jpg	1	1	0	0	0	0	1	0	0	15	0	0	0
tweet_00106012	saude202111_n_00162_00000001.png	1	1	0	0	-1	0	0	0	0	0	-1	-1	0
tweet_00106029	saude202111_n_00164_00000001.jpg	0	1	0	-1	-1	0	0	0	0	1	0	0	0
tweet_00106037	saude202111_n_00165_00000001.jpg	0	0	0	0	0	1	-1	0	0	1	1	8	1
tweet_00106042	saude202111_n_00166_00000001.png	1	1	0	0	0	0	0	0	0	1	0	0	-1
tweet_00106045	saude202111_n_00166_00000002.jpg	0	2	0	0	0	0	0	1	0	0	0	-1	-1
tweet_00106052	saude202111_n_00166_00000003.jpg	1	0	0	-1	0	0	0	0	0	1	0	-1	0
tweet_00106058	saude202111_n_00166_00000004.jpg	1	1	0	0	0	0	1	0	0	13	0	0	0
tweet_00106060	saude202111_n_00166_00000005.jpg	1	1	0	0	0	0	0	-2	0	7	0	1	0
tweet_00106061	saude202111_n_00168_00000001.jpg	1	1	0	1	-1	0	0	1	0	0	0	0	-1
tweet_00106068	saude202111_n_00168_00000003.jpg	0	1	0	0	0	0	0	0	4	0	0	12	1
tweet_00106091	saude202111_n_00168_00000006.jpg	1	1	0	0	0	0	2	2	0	-1	0	0	23
tweet_00106094	saude202111_n_00168_00000007.jpg	1	1	0	0	-1	0	0	-1	1	0	3	8	0
tweet_00106156	saude202111_n_00170_00000001.jpg	0	-1	0	0	0	0	0	0	0	0	0	0	-2
tweet_00106161	saude202111_n_00170_00000002.jpg	1	1	0	0	-1	0	0	0	0	1	0	0	0
tweet_00106168	saude202111_n_00170_00000004.jpg	0	1	0	0	0	0	0	0	0	1	0	0	0
tweet_00106178	saude202111_n_00170_00000005.jpg	-1	1	0	0	0	0	0	0	0	1	0	0	-1
tweet_00106192	saude202111_n_00170_00000006.jpg	3	1	0	0	0	0	1	0	0	28	0	1	1
tweet_00106205	saude202111_n_00170_00000009.jpg	1	1	-2	0	-1	1	0	0	0	15	0	0	0
tweet_00106237	saude202111_n_00171_00000002.jpg	1	0	0	0	0	0	0	0	0	1	0	0	-1
tweet_00106274	saude202111_n_00172_00000001.jpg	1	2	0	0	-2	0	1	3	0	-1	0	0	10
tweet_00106278	saude202111_n_00172_00000003.jpg	1	1	0	0	-2	0	0	0	1	26	0	0	0
tweet_00106330	saude202111_n_00173_00000002.jpg	-2	1	0	0	2	0	0	0	0	0	0	-3	-1
tweet_00106337	saude202111_n_00173_00000004.jpg	1	1	0	0	0	0	0	0	0	22	0	1	0
tweet_00106341	saude202111_n_00173_00000005.jpg	-1	0	0	0	0	0	0	0	0	0	0	0	-3
tweet_00106358	saude202111_n_00173_00000007.jpg	1	1	0	0	-1	0	0	0	5	0	3	7	0
tweet_00106385	saude202111_n_00174_00000002.jpg	1	1	0	-2	0	0	0	0	0	1	0	0	0
tweet_00106386	saude202111_n_00174_00000003.jpg	0	0	0	-2	0	0	0	15	0	2	0	0	0
tweet_00106392	saude202111_n_00174_00000004.jpg	1	-2	0	-1	0	1	0	0	0	0	0	0	-3
tweet_00106394	saude202111_n_00174_00000005.jpg	1	-3	0	0	0	2	0	0	0	9	0	-1	0
tweet_00106399	saude202111_n_00174_00000006.jpg	0	0	0	0	1	-1	10	0	0	0	0	0	0
tweet_00106415	saude202111_n_00175_00000002.jpg	2	-2	1	0	0	2	0	0	0	4	0	0	0
tweet_00106419	saude202111_n_00175_00000003.jpg	1	1	0	0	-1	0	0	-1	0	0	0	1	0
tweet_00106446	saude202111_n_00175_00000007.jpg	0	3	0	-1	0	0	0	0	1	0	0	4	0
tweet_00106448	saude202111_n_00175_00000008.jpg	0	3	0	-1	0	0	0	0	2	0	0	0	0
tweet_00106450	saude202111_n_00175_00000009.jpg	1	-3	0	0	0	2	0	0	0	3	0	0	0
tweet_00106457	saude202111_n_00176_00000001.jpg	0	1	0	0	0	0	0	0	0	-1	0	0	3
tweet_00106459	saude202111_n_00176_00000002.jpg	0	2	0	0	1	0	1	2	9	0	0	1	0
tweet_00106489	saude202111_n_00176_00000003.jpg	0	0	0	0	0	1	0	0	0	0	0	0	-4
tweet_00106490	saude202111_n_00176_00000004.jpg	0	0	0	1	0	1	0	0	0	0	0	0	-6
tweet_00106494	saude202111_n_00177_00000001.jpg	-1	0	0	0	0	2	0	1	0	20	0	1	0
tweet_00106495	saude202111_n_00177_00000002.jpg	0	0	0	0	0	2	0	1	0	23	0	0	0
tweet_00106514	saude202111_n_00177_00000003.jpg	0	1	0	0	0	0	0	0	0	0	0	0	-4
tweet_00106519	saude202111_n_00177_00000004.png	-1	0	0	0	0	0	0	0	0	0	0	0	-2
tweet_00106527	saude202111_n_00177_00000005.jpg	0	-1	0	0	0	0	1	0	0	0	0	0	-5
tweet_00106544	saude202111_n_00178_00000001.jpg	0	-1	0	-2	-1	3	0	0	0	12	0	0	0
tweet_00106599	saude202111_n_00179_00000001.jpg	1	0	0	0	0	1	0	0	0	0	0	-1	-1
tweet_00106600	saude202111_n_00179_00000002.jpg	0	-2	0	0	0	1	0	1	0	16	0	0	0
tweet_00106606	saude202111_n_00179_00000003.jpg	-1	4	-1	-2	0	0	0	0	1	0	0	4	0
tweet_00106632	saude202111_n_00180_00000002.jpg	1	1	0	-1	0	0	0	0	9	0	6	7	0
tweet_00106643	saude202111_n_00180_00000003.jpg	1	-3	0	0	0	1	0	0	0	0	0	0	-1
tweet_00106646	saude202111_n_00180_00000004.jpg	0	2	0	0	0	1	0	0	0	0	0	0	-2
tweet_00106649	saude202111_n_00180_00000005.jpg	1	1	-1	0	0	0	0	0	0	8	0	0	0
tweet_00106663	saude202111_n_00180_00000006.jpg	0	0	0	0	0	2	0	0	0	0	0	0	-7
tweet_00106702	saude202111_n_00181_00000001.jpg	0	1	0	0	0	0	1	1	0	0	0	0	3
tweet_00106705	saude202111_n_00181_00000002.jpg	0	3	0	-1	0	0	0	0	0	0	0	-2	-1
tweet_00106742	saude202111_n_00182_00000001.jpg	0	0	0	0	0	2	3	0	0	0	0	0	-6
tweet_00106749	saude202111_n_00182_00000002.jpg	1	0	0	0	0	0	0	0	0	20	0	0	0
tweet_00106751	saude202111_n_00182_00000003.jpg	1	0	0	0	0	1	0	0	0	15	0	0	0
tweet_00106752	saude202111_n_00182_00000004.jpg	1	0	0	-1	0	1	0	-1	1	0	0	11	0
tweet_00106753	saude202111_n_00182_00000005.jpg	1	0	0	0	0	1	0	0	0	22	0	0	0
tweet_00106757	saude202111_n_00182_00000006.jpg	1	0	0	0	0	0	-4	0	-4	6	0	1	0
tweet_00106765	saude202111_n_00182_00000007.jpg	1	2	0	0	0	1	4	0	0	0	0	0	-4
tweet_00106772	saude202111_n_00182_00000008.png	1	-3	0	0	0	2	0	0	0	8	0	-1	0
tweet_00106778	saude202111_n_00183_00000001.jpg	0	-1	0	0	0	4	0	6	0	6	0	0	-1
tweet_00106781	saude202111_n_00183_00000002.jpg	2	-3	0	0	0	1	0	0	0	0	0	0	-5
tweet_00106806	saude202111_n_00183_00000003.jpg	0	-3	1	0	-1	2	0	0	0	-1	0	-2	0
tweet_00106816	saude202111_n_00184_00000002.jpg	-1	1	0	0	0	0	0	4	0	0	0	0	9
tweet_00106819	saude202111_n_00184_00000003.jpg	2	-1	1	0	1	0	0	0	0	7	0	-3	-2
tweet_00106825	saude202111_n_00184_00000004.jpg	1	-1	0	0	0	0	0	0	0	7	0	-3	-3
tweet_00106844	saude202111_n_00185_00000001.jpg	0	-1	0	1	0	0	0	0	0	7	0	-3	-3
tweet_00106845	saude202111_n_00185_00000002.jpg	1	-2	0	0	1	0	0	-1	0	1	3	0	0
tweet_00106867	saude202111_n_00186_00000001.jpg	0	0	0	0	-1	2	0	0	0	0	0	0	-5
tweet_00106870	saude202111_n_00186_00000003.jpg	0	-2	0	0	0	2	0	0	0	6	0	0	0
tweet_00106877	saude202111_n_00187_00000001.jpg	0	1	1	1	0	0	0	0	0	0	0	0	-1
tweet_00106878	saude202111_n_00192_00000001.jpg	1	-1	1	0	0	3	0	0	0	0	0	0	-3
tweet_00106896	saude202111_n_00187_00000002.jpg	0	2	1	0	0	0	0	4	0	0	0	0	9
tweet_00106912	saude202111_n_00187_00000003.png	1	0	-1	-1	0	5	0	0	0	0	0	0	-3
tweet_00106917	saude202111_n_00187_00000004.jpg	0	1	0	0	1	0	2	6	0	-1	0	0	18
tweet_00106924	saude202111_n_00188_00000001.jpg	1	2	0	0	0	0	0	0	0	0	3	10	2
tweet_00106931	saude202111_n_00188_00000002.jpg	0	-2	0	0	0	1	0	1	0	9	0	0	0
tweet_00106943	saude202111_n_00188_00000004.png	2	1	0	0	0	1	0	0	0	-1	0	1	0
tweet_00106979	saude202111_n_00189_00000001.jpg	1	0	-1	0	1	1	0	0	8	0	0	-2	0
tweet_00107004	saude202111_n_00212_00000006.jpg	1	2	0	0	0	0	0	0	0	0	0	0	-3
tweet_00107016	saude202111_n_00190_00000001.jpg	-4	1	0	0	1	0	0	1	0	0	0	0	14
tweet_00107017	saude202111_n_00190_00000002.jpg	0	1	0	0	0	0	0	0	0	0	0	0	-5
tweet_00107029	saude202111_n_00190_00000003.jpg	0	0	0	0	0	0	0	0	0	1	0	-1	0
tweet_00107030	saude202111_n_00191_00000001.jpg	-1	3	0	0	0	1	0	0	0	0	0	0	-3
tweet_00107033	saude202111_n_00191_00000004.jpg	3	-3	0	0	2	1	0	0	0	3	0	-1	0
tweet_00107038	saude202111_n_00191_00000006.jpg	1	4	-1	0	2	0	3	2	0	0	0	0	7
tweet_00107040	saude202111_n_00191_00000007.jpg	0	-1	0	0	0	3	0	0	0	9	0	0	0
tweet_00107063	saude202111_n_00191_00000008.jpg	1	1	0	0	0	0	1	0	0	0	0	0	-5
tweet_00107070	saude202111_n_00191_00000011.jpg	1	-1	0	-2	0	1	0	2	0	0	0	0	0
tweet_00107082	saude202111_n_00192_00000002.jpg	0	2	1	-2	0	0	0	2	0	0	0	0	10
tweet_00107093	saude202111_n_00192_00000003.jpg	0	1	0	0	0	0	0	0	0	1	0	-5	0
tweet_00107094	saude202111_n_00192_00000004.jpg	2	-3	2	0	0	4	0	2	0	0	0	0	0
tweet_00107109	saude202111_n_00193_00000001.jpg	0	0	0	0	0	0	0	0	0	0	0	0	-5
tweet_00107156	saude202111_n_00195_00000001.jpg	0	-1	0	0	0	3	0	0	0	13	0	-1	0
tweet_00107160	saude202111_n_00195_00000002.jpg	0	-2	0	0	0	1	0	1	0	0	0	-1	0
tweet_00107175	saude202111_n_00195_00000003.jpg	0	-1	0	0	0	3	0	0	0	3	0	-1	0
tweet_00107182	saude202111_n_00196_00000001.jpg	-1	2	0	0	0	1	0	0	0	0	0	0	-4
tweet_00107237	saude202111_n_00201_00000001.jpg	0	-1	0	0	0	2	0	0	0	0	0	0	-1
tweet_00107257	saude202111_n_00203_00000001.jpg	0	1	-1	0	0	0	0	2	0	25	0	0	1
tweet_00107267	saude202111_n_00205_00000001.jpg	0	4	0	0	0	1	0	0	0	0	0	0	-1
tweet_00107270	saude202111_n_00205_00000002.jpg	0	-1	0	0	0	2	0	0	0	12	0	0	0
tweet_00107293	saude202111_n_00205_00000004.jpg	1	0	0	0	0	0	0	0	0	5	0	0	0
tweet_00107296	saude202111_n_00205_00000005.png	2	0	0	0	-2	1	0	0	0	18	0	0	0
tweet_00107328	saude202111_n_00206_00000002.jpg	-1	0	0	0	0	0	0	2	0	-1	0	0	-2
tweet_00107331	saude202111_n_00206_00000003.jpg	3	3	0	-1	-1	0	0	0	0	1	2	0	0
tweet_00107348	saude202111_n_00206_00000007.jpg	2	3	0	-1	-1	0	0	0	0	0	0	1	0
tweet_00107359	saude202111_n_00206_00000008.jpg	0	-1	0	0	-2	0	0	0	0	1	0	0	0
tweet_00107367	saude202111_n_00207_00000001.jpg	0	-2	0	-1	-1	2	3	2	0	0	0	0	-1
tweet_00107376	saude202111_n_00207_00000004.jpg	0	2	0	0	0	1	0	0	0	3	0	0	0
tweet_00107394	saude202111_n_00207_00000007.jpg	0	0	0	0	0	0	0	0	0	0	0	0	-3
tweet_00107404	saude202111_n_00207_00000009.jpg	0	1	0	-1	0	0	0	0	0	1	0	3	2
tweet_00107408	saude202111_n_00207_00000010.jpg	1	1	0	0	0	0	0	-1	0	16	0	1	1
tweet_00107409	saude202111_n_00207_00000011.jpg	1	1	0	0	0	0	0	0	-1	4	0	0	0
tweet_00107450	saude202111_n_00209_00000001.png	0	-3	0	0	0	1	0	0	0	5	0	0	0
tweet_00107451	saude202111_n_00209_00000002.jpg	0	2	0	0	-1	0	0	13	0	0	0	0	0
tweet_00107482	saude202111_n_00210_00000001.jpg	1	-3	0	-2	0	1	0	0	0	6	0	-1	0
tweet_00107488	saude202111_n_00210_00000002.jpg	0	-1	0	0	0	0	0	0	0	1	0	0	0
tweet_00107489	saude202111_n_00210_00000003.jpg	0	1	0	0	0	1	0	0	0	0	0	0	-4
tweet_00107490	saude202111_n_00210_00000004.jpg	2	-2	0	0	0	2	0	0	0	0	0	0	-3
tweet_00107498	saude202111_n_00210_00000005.jpg	2	-3	0	0	0	3	0	0	0	6	0	0	0
tweet_00107499	saude202111_n_00210_00000006.jpg	1	1	2	0	0	1	0	0	0	0	0	0	5
tweet_00107503	saude202111_n_00210_00000007.jpg	-2	0	0	0	0	0	0	0	0	0	0	0	-2
tweet_00107524	saude202111_n_00211_00000001.jpg	0	0	0	-1	0	1	0	0	0	6	0	0	0
tweet_00107528	saude202111_n_00211_00000003.jpg	0	1	0	0	0	2	0	0	0	7	0	0	0
tweet_00107538	saude202111_n_00211_00000004.jpg	0	0	-1	0	0	3	0	0	0	0	0	0	-2
tweet_00107550	saude202111_n_00211_00000005.jpg	0	1	0	-1	1	0	0	0	0	0	0	0	-2
tweet_00107558	saude202111_n_00212_00000001.jpg	0	1	0	0	1	1	0	0	0	2	0	-1	-1
tweet_00107561	saude202111_n_00212_00000002.jpg	0	2	0	0	0	1	2	0	0	0	0	0	-6
tweet_00107583	saude202111_n_00213_00000001.jpg	-2	2	1	0	0	0	4	0	0	0	0	0	0
tweet_00107586	saude202111_n_00213_00000002.jpg	-2	0	0	0	0	3	0	0	0	0	0	0	-3
tweet_00107605	saude202111_n_00213_00000003.jpg	1	4	0	-1	0	0	0	2	4	0	1	5	0
tweet_00107610	saude202111_n_00213_00000005.png	1	-4	0	0	0	1	0	0	0	-1	0	0	-3
tweet_00107613	saude202111_n_00214_00000001.jpg	-1	1	0	0	0	0	1	2	0	0	0	0	-1
tweet_00107620	saude202111_n_00214_00000002.jpg	-1	1	0	-2	0	0	0	0	0	1	0	-1	0
tweet_00107621	saude202111_n_00214_00000003.jpg	1	0	0	-1	0	0	1	6	0	0	0	-1	4
tweet_00107637	saude202111_n_00215_00000001.jpg	0	1	0	0	-1	0	0	0	0	0	0	0	-3
tweet_00107655	saude202111_n_00215_00000003.jpg	1	1	0	-1	0	0	0	-1	8	0	3	14	2
tweet_00107662	saude202111_n_00216_00000001.jpg	4	5	0	0	0	1	0	0	0	11	0	0	0
tweet_00107672	saude202111_n_00216_00000002.jpg	0	4	0	0	0	0	0	3	0	0	0	0	8
tweet_00107684	saude202111_n_00217_00000001.jpg	2	-1	1	0	0	0	0	0	1	19	0	0	0
tweet_00107697	saude202111_n_00219_00000001.jpg	0	1	0	0	0	1	0	0	0	3	0	0	0
tweet_00107709	saude202111_n_00219_00000002.jpg	-1	2	0	0	0	0	0	2	0	-1	0	0	-1
tweet_00107717	saude202111_n_00221_00000001.jpg	0	0	0	0	0	1	0	0	0	0	0	0	-2
tweet_00107720	saude202111_n_00221_00000002.jpg	-1	0	1	0	0	3	0	0	0	0	0	0	-2
tweet_00107745	saude202111_n_00222_00000001.jpg	0	4	0	0	0	0	0	6	0	0	0	0	15
tweet_00107748	saude202111_n_00222_00000002.jpg	1	1	0	0	0	0	0	3	0	0	0	0	0
tweet_00107763	saude202111_n_00223_00000001.png	0	2	0	0	0	0	0	0	0	0	0	0	-4
tweet_00107803	saude202111_n_00225_00000001.png	0	1	0	0	1	0	0	0	0	0	0	0	-4
tweet_00107805	saude202111_n_00225_00000002.jpg	1	1	0	0	0	1	0	0	0	0	0	0	-7
tweet_00107810	saude202111_n_00226_00000001.jpg	1	0	0	0	0	3	0	4	0	0	0	0	8
tweet_00107814	saude202111_n_00226_00000005.jpg	-1	1	0	0	-1	0	0	3	0	0	0	0	0
tweet_00107815	saude202111_n_00229_00000001.jpg	1	-2	1	0	0	1	0	0	0	1	0	0	0
tweet_00107851	saude202112_n_00002_00000001.png	0	0	0	0	0	5	0	0	0	16	0	1	0
tweet_00107918	saude202112_n_00003_00000002.jpg	2	-1	0	0	0	0	0	2	0	0	-2	-1	-3
tweet_00107939	saude202112_n_00003_00000005.jpg	4	-2	0	-1	1	0	0	0	0	0	2	0	0
tweet_00107958	saude202112_n_00004_00000001.jpg	0	-1	0	0	0	2	0	0	0	21	0	0	0
tweet_00107986	saude202112_n_00004_00000002.jpg	1	-1	0	0	0	0	-1	0	0	1	0	-9	0
tweet_00108007	saude202112_n_00005_00000001.jpg	0	-1	0	0	1	0	0	-1	2	0	0	-8	0
tweet_00108017	saude202112_n_00005_00000003.jpg	1	2	0	0	0	1	0	6	0	0	0	0	11
tweet_00108019	saude202112_n_00005_00000004.jpg	-1	2	0	0	3	0	0	0	0	12	0	-1	0
tweet_00108055	saude202112_n_00006_00000001.jpg	1	0	0	-1	0	3	0	0	0	0	0	0	0
tweet_00108080	saude202112_n_00006_00000002.jpg	4	3	0	0	0	0	0	0	0	1	0	-1	0
tweet_00108088	saude202112_n_00006_00000003.jpg	0	1	-1	-1	0	0	0	0	0	0	0	0	-3
tweet_00108093	saude202112_n_00007_00000001.jpg	1	-1	0	0	0	0	-1	-1	0	0	0	-10	0
tweet_00108128	saude202112_n_00008_00000001.jpg	1	-1	0	0	0	0	-1	-1	1	0	0	-7	0
tweet_00108129	saude202112_n_00008_00000002.jpg	1	0	-1	0	-1	4	0	3	0	0	0	0	16
tweet_00108141	saude202112_n_00008_00000004.png	0	0	0	-3	0	1	0	3	0	0	0	0	8
tweet_00108143	saude202112_n_00009_00000002.jpg	-1	2	0	0	0	0	0	2	0	0	0	0	7
tweet_00108144	saude202112_n_00009_00000003.jpg	1	1	0	0	0	0	0	0	0	1	0	0	-2
tweet_00108151	saude202112_n_00009_00000004.jpg	0	0	0	0	0	1	1	0	0	0	0	0	-5
tweet_00108160	saude202112_n_00009_00000005.jpg	2	3	0	0	-1	0	0	0	1	0	4	10	2
tweet_00108171	saude202112_n_00009_00000006.png	1	1	0	0	0	0	0	14	0	0	0	0	7
tweet_00108187	saude202112_n_00009_00000008.jpg	1	1	0	0	0	0	0	0	-5	1	0	0	-3
tweet_00108190	saude202112_n_00009_00000010.png	0	3	0	0	0	0	0	6	0	0	0	0	2
tweet_00108205	saude202112_n_00010_00000001.jpg	0	1	0	0	-1	0	0	0	0	0	0	-2	-2
tweet_00108221	saude202112_n_00010_00000003.jpg	0	-1	0	-1	0	2	0	1	0	5	0	1	0
tweet_00108233	saude202112_n_00011_00000001.jpg	0	-1	0	0	0	2	0	1	0	6	0	1	0
tweet_00108260	saude202112_n_00011_00000003.jpg	0	4	-1	0	-1	0	15	0	0	0	0	0	-2
tweet_00108261	saude202112_n_00011_00000004.jpg	1	0	-1	-1	0	1	-2	-1	0	0	0	8	0
tweet_00108272	saude202112_n_00012_00000002.jpg	1	0	-1	0	-1	0	0	-1	0	0	1	4	0
tweet_00108283	saude202112_n_00012_00000004.jpg	0	2	0	0	0	0	0	9	0	0	0	0	-1
tweet_00108301	saude202112_n_00013_00000002.png	1	2	0	0	-1	0	0	0	0	21	0	0	0
tweet_00108302	saude202112_n_00013_00000003.jpg	0	1	0	0	0	0	-1	-2	2	0	-1	7	0
tweet_00108304	saude202112_n_00013_00000004.png	0	-1	0	-1	0	4	0	0	0	13	0	0	0
tweet_00108311	saude202112_n_00013_00000005.jpg	1	0	0	0	0	1	0	0	2	0	12	0	0
tweet_00108313	saude202112_n_00013_00000006.jpg	0	0	0	0	0	0	3	0	0	0	0	0	-6
tweet_00108319	saude202112_n_00013_00000007.jpg	0	0	0	0	0	0	0	0	0	1	0	0	0
tweet_00108327	saude202112_n_00014_00000001.jpg	1	0	-1	0	-1	0	0	0	0	16	0	1	1
tweet_00108329	saude202112_n_00014_00000003.jpg	1	1	0	-1	-2	0	0	0	0	1	0	0	0
tweet_00108338	saude202112_n_00014_00000004.jpg	1	1	0	0	0	0	1	3	0	0	0	0	19
tweet_00108339	saude202112_n_00014_00000005.jpg	2	1	0	0	0	0	0	-1	2	0	8	5	1
tweet_00108342	saude202112_n_00014_00000006.jpg	1	1	-1	0	0	0	0	-1	2	0	7	1	0
tweet_00108350	saude202112_n_00015_00000001.jpg	1	1	0	0	-1	0	0	14	0	0	0	0	16
tweet_00108354	saude202112_n_00015_00000004.jpg	1	1	-1	0	0	2	0	0	0	0	0	0	-5
tweet_00108362	saude202112_n_00015_00000006.jpg	0	1	0	0	0	0	0	14	0	0	0	0	6
tweet_00108376	saude202112_n_00016_00000001.jpg	0	4	0	0	0	0	0	0	0	0	0	0	-5
tweet_00108382	saude202112_n_00016_00000003.jpg	0	2	0	0	0	0	0	0	0	0	0	0	-6
tweet_00108395	saude202112_n_00016_00000004.jpg	0	2	0	-1	0	0	0	0	0	0	0	0	-3
tweet_00108409	saude202112_n_00017_00000001.png	-1	-2	1	0	0	1	0	3	0	0	0	0	5
tweet_00108413	saude202112_n_00017_00000002.jpg	2	0	-1	0	0	2	0	0	0	0	0	0	-4
tweet_00108437	saude202112_n_00018_00000001.jpg	-2	1	0	0	0	4	0	2	0	0	0	0	6
tweet_00108442	saude202112_n_00018_00000003.png	2	2	0	0	-2	0	0	0	0	11	0	0	0
tweet_00108527	saude202112_n_00021_00000001.jpg	2	1	0	0	-1	0	0	0	0	16	0	0	1
tweet_00108543	saude202112_n_00022_00000001.jpg	0	1	0	0	1	0	0	0	0	0	0	-1	0
tweet_00108546	saude202112_n_00025_00000003.jpg	2	1	0	0	-2	0	0	0	0	-1	0	0	-4
tweet_00108562	saude202112_n_00022_00000007.jpg	0	0	0	-1	0	2	0	0	0	0	0	0	-6
tweet_00108564	saude202112_n_00023_00000001.jpg	-1	-1	0	0	0	2	0	3	0	2	0	0	0
tweet_00108629	saude202112_n_00026_00000002.jpg	0	2	0	0	0	2	0	0	0	0	0	0	-4
tweet_00108658	saude202112_n_00027_00000003.jpg	0	2	0	0	0	2	0	3	0	0	0	0	-1
tweet_00108672	saude202112_n_00027_00000005.jpg	2	0	0	-1	0	1	0	4	0	0	0	0	-1
tweet_00108680	saude202112_n_00028_00000002.jpg	1	-2	0	0	0	2	0	0	0	0	0	0	-5
tweet_00108691	saude202112_n_00028_00000006.jpg	-1	0	-1	0	0	5	0	0	0	0	0	0	-5
tweet_00108694	saude202112_n_00028_00000007.jpg	4	1	0	0	0	0	-3	0	-1	3	0	1	0
tweet_00108723	saude202112_n_00029_00000002.png	2	0	0	0	0	0	0	0	0	1	0	0	-1
tweet_00108730	saude202112_n_00029_00000003.jpg	1	2	0	0	0	1	0	0	0	11	0	0	0
tweet_00108735	saude202112_n_00030_00000001.jpg	1	1	0	0	0	0	0	3	0	0	0	0	3
tweet_00108754	saude202112_n_00035_00000007.jpg	2	3	0	0	-1	0	0	-2	0	0	1	9	0
tweet_00108757	saude202112_n_00030_00000003.jpg	-1	1	0	0	0	1	0	0	0	0	0	0	-7
tweet_00108765	saude202112_n_00030_00000004.jpg	1	4	0	0	-2	0	4	2	0	0	0	0	22
tweet_00108771	saude202112_n_00031_00000001.jpg	2	1	0	0	0	3	0	0	0	20	0	0	0
tweet_00108777	saude202112_n_00031_00000002.jpg	2	1	0	-1	-1	1	-1	0	0	2	0	1	0
tweet_00108781	saude202112_n_00031_00000004.jpg	1	2	0	0	0	0	7	0	0	3	0	0	1
tweet_00108786	saude202112_n_00031_00000005.jpg	1	5	0	0	0	0	0	0	0	9	0	0	0
tweet_00108806	saude202112_n_00032_00000002.jpg	-3	-1	2	0	0	0	0	2	0	0	0	-1	2
tweet_00108809	saude202112_n_00033_00000001.jpg	1	-2	0	0	0	1	0	4	0	2	0	0	-1
tweet_00108817	saude202112_n_00033_00000004.jpg	0	2	0	0	0	0	1	0	14	-1	0	-2	-4
tweet_00108820	saude202112_n_00033_00000005.jpg	0	-3	0	0	0	2	0	0	0	8	0	0	0
tweet_00108835	saude202112_n_00034_00000004.png	0	0	0	0	0	1	0	0	0	3	0	0	0
tweet_00108838	saude202112_n_00034_00000005.jpg	1	0	-1	-2	-1	1	0	0	0	1	0	0	-2
tweet_00108846	saude202112_n_00034_00000006.jpg	1	-4	0	0	0	2	0	0	0	4	0	-1	0
tweet_00108858	saude202112_n_00034_00000007.jpg	-1	1	0	0	0	0	0	0	0	0	0	0	-3
tweet_00108860	saude202112_n_00034_00000008.jpg	0	1	0	0	0	0	0	0	4	0	0	-1	0
tweet_00108866	saude202112_n_00035_00000001.jpg	2	2	0	0	-3	0	0	-3	0	15	0	1	0
tweet_00108867	saude202112_n_00035_00000002.jpg	0	0	0	-1	0	1	0	0	0	0	0	0	2
tweet_00108870	saude202112_n_00035_00000003.jpg	1	1	0	0	-1	0	0	0	0	16	0	0	0
tweet_00108878	saude202112_n_00035_00000005.jpg	1	3	0	-3	0	0	1	-1	0	0	4	0	0
tweet_00108889	saude202112_n_00035_00000006.jpg	2	3	0	0	-1	0	0	0	0	1	0	0	0
tweet_00108899	saude202112_n_00035_00000008.jpg	1	0	-1	0	-2	3	0	0	15	0	4	8	1
tweet_00108913	saude202112_n_00035_00000009.png	1	1	0	0	0	2	0	0	0	0	0	0	-5
tweet_00108915	saude202112_n_00035_00000010.jpg	0	0	0	0	0	1	0	0	0	0	0	0	-8
tweet_00108920	saude202112_n_00035_00000011.jpg	1	0	0	0	0	1	0	0	0	0	0	0	-6
tweet_00108929	saude202112_n_00036_00000001.jpg	0	2	0	0	0	0	0	2	1	-1	0	1	0
tweet_00108966	saude202112_n_00037_00000001.png	-1	0	-1	0	0	3	0	0	0	0	0	0	-4
tweet_00109012	saude202112_n_00038_00000001.jpg	1	1	0	0	0	2	0	0	0	1	0	0	-2
tweet_00109013	saude202112_n_00038_00000002.jpg	0	0	0	0	0	0	0	0	0	0	0	0	0
tweet_00109015	saude202112_n_00038_00000003.jpg	0	0	0	-1	0	1	1	0	0	0	0	0	-5
tweet_00109031	saude202112_n_00038_00000004.jpg	1	1	0	-1	-1	0	0	0	0	1	0	-1	0
tweet_00109046	saude202112_n_00039_00000001.jpg	0	-1	0	0	-1	0	0	0	0	0	0	0	-4
tweet_00109079	saude202112_n_00039_00000002.png	0	0	0	0	1	3	0	0	0	6	0	0	0
tweet_00109103	saude202112_n_00040_00000001.jpg	4	0	0	-1	0	1	0	0	0	0	1	-1	0
tweet_00109137	saude202112_n_00041_00000001.png	2	1	0	0	0	2	0	0	0	1	0	0	0
tweet_00109139	saude202112_n_00041_00000002.jpg	0	1	0	0	-1	1	0	0	0	1	0	0	-2
tweet_00109147	saude202112_n_00041_00000003.jpg	0	-2	0	0	0	1	0	1	0	0	0	2	0
tweet_00109157	saude202112_n_00041_00000004.png	1	-2	0	0	-1	2	0	0	0	0	0	0	-5
tweet_00109177	saude202112_n_00042_00000001.png	2	1	0	1	-1	0	0	0	0	13	0	0	0
tweet_00109178	saude202112_n_00042_00000002.jpg	0	-3	0	0	0	1	0	2	0	0	0	0	3
tweet_00109188	saude202112_n_00042_00000003.jpg	1	1	0	0	-1	0	0	0	0	0	0	1	-1
tweet_00109192	saude202112_n_00042_00000004.jpg	1	-2	0	0	0	1	4	1	0	0	0	0	17
tweet_00109194	saude202112_n_00042_00000005.jpg	0	-1	0	-1	0	1	0	2	0	0	0	0	0
tweet_00109224	saude202112_n_00043_00000001.jpg	0	-1	0	-1	0	3	0	0	0	0	0	0	-3
tweet_00109267	saude202112_n_00044_00000001.png	0	0	0	0	0	0	1	0	0	0	2	0	0
tweet_00109273	saude202112_n_00044_00000002.jpg	0	-2	0	0	1	2	0	0	0	0	0	0	-5
tweet_00109288	saude202112_n_00045_00000001.png	0	0	0	-1	0	1	0	0	0	0	0	0	-6
tweet_00109292	saude202112_n_00045_00000003.jpg	0	-1	1	0	0	2	2	1	0	0	0	-1	-4
tweet_00109295	saude202112_n_00045_00000004.png	1	4	0	-1	0	0	0	15	0	1	0	2	0
tweet_00109296	saude202112_n_00045_00000005.jpg	0	-3	1	0	0	3	0	0	2	0	0	0	8
tweet_00109317	saude202112_n_00046_00000001.jpg	0	1	-1	0	0	1	0	0	0	22	0	0	0
tweet_00109326	saude202112_n_00046_00000002.jpg	1	0	0	-1	0	1	0	4	0	12	0	0	0
tweet_00109336	saude202112_n_00046_00000003.jpg	2	-1	0	0	0	0	3	3	0	0	0	0	1
tweet_00109346	saude202112_n_00047_00000001.jpg	5	0	0	-1	1	0	0	0	0	0	2	3	0
tweet_00109368	saude202112_n_00048_00000001.jpg	0	0	0	-1	0	2	0	1	0	0	0	1	10
tweet_00109390	saude202112_n_00049_00000001.jpg	-1	1	0	0	0	1	2	1	0	0	0	0	-1
tweet_00109401	saude202112_n_00049_00000002.jpg	1	0	0	0	0	3	0	0	0	0	0	0	-5
tweet_00109412	saude202112_n_00050_00000001.jpg	0	1	2	-1	0	0	0	0	0	0	0	0	-2
tweet_00109417	saude202112_n_00050_00000002.jpg	1	-1	2	0	0	1	6	0	0	0	0	-1	13
tweet_00109424	saude202112_n_00051_00000001.jpg	1	0	0	-1	0	2	0	0	0	0	0	0	-6
tweet_00109425	saude202112_n_00051_00000002.jpg	0	0	0	0	0	3	0	0	0	0	0	0	-5
tweet_00109426	saude202112_n_00051_00000003.jpg	1	0	0	-1	-1	0	0	0	0	0	0	0	-6
tweet_00109427	saude202112_n_00051_00000004.jpg	0	0	-1	0	0	1	0	0	0	0	0	0	-5
tweet_00109475	saude202112_n_00053_00000001.jpg	1	0	-1	-3	0	2	1	0	0	-1	0	0	-3
tweet_00109488	saude202112_n_00054_00000001.jpg	0	-2	0	0	0	1	0	0	0	0	0	0	-5
tweet_00109500	saude202112_n_00055_00000001.jpg	1	0	0	1	0	2	0	0	0	0	0	0	-5
tweet_00109514	saude202112_n_00055_00000002.jpg	1	-3	0	0	0	1	0	0	0	7	0	0	0
tweet_00109520	saude202112_n_00056_00000001.jpg	2	-1	0	0	0	0	1	0	0	0	0	0	-3
tweet_00109522	saude202112_n_00056_00000002.jpg	-1	-1	3	0	0	1	1	3	0	0	0	0	17
tweet_00109523	saude202112_n_00056_00000003.jpg	1	-1	0	0	0	1	3	0	0	0	0	0	-3
tweet_00109547	saude202112_n_00057_00000001.jpg	0	-2	2	0	0	1	0	1	-3	1	0	-1	4
tweet_00109548	saude202112_n_00057_00000002.jpg	-3	1	0	0	0	1	2	0	0	0	0	0	-5
tweet_00109604	saude202112_n_00063_00000001.jpg	0	0	0	-1	0	2	0	0	0	13	0	0	0
tweet_00109607	saude202112_n_00063_00000002.jpg	1	1	0	0	0	1	0	0	2	0	4	15	0
tweet_00109611	saude202112_n_00063_00000003.jpg	0	0	0	0	0	0	1	0	0	0	0	0	-2
tweet_00109616	saude202112_n_00063_00000004.jpg	0	-1	0	0	0	1	0	3	0	4	0	1	0
tweet_00109617	saude202112_n_00063_00000005.png	1	0	-1	0	-1	0	0	6	0	1	0	1	0
tweet_00109625	saude202112_n_00063_00000007.jpg	2	-1	1	-1	0	2	0	0	0	2	0	1	0
tweet_00109627	saude202112_n_00063_00000009.png	0	-1	1	-1	0	0	0	0	0	0	0	0	-3
tweet_00109632	saude202112_n_00064_00000001.jpg	0	2	0	0	0	0	0	8	0	0	0	-1	8
tweet_00109637	saude202112_n_00064_00000002.jpg	0	0	0	-1	0	0	0	2	0	0	0	-1	-2
tweet_00109650	saude202112_n_00065_00000001.jpg	-1	-1	0	0	0	4	0	0	0	0	0	0	-5
tweet_00109653	saude202112_n_00065_00000002.jpg	2	-3	1	0	0	2	1	0	0	0	2	0	0
tweet_00109655	saude202112_n_00065_00000003.jpg	4	-1	0	0	0	2	0	0	0	7	0	0	0
tweet_00109656	saude202112_n_00065_00000004.jpg	0	0	1	0	0	3	0	0	0	0	0	0	-2
tweet_00109663	saude202112_n_00065_00000005.jpg	0	1	0	0	1	2	1	0	0	0	0	0	-7
tweet_00109666	saude202112_n_00065_00000008.png	1	0	-1	0	1	1	0	0	0	0	0	-1	-3
tweet_00109681	saude202112_n_00065_00000009.png	2	-2	0	0	0	1	0	0	0	0	0	0	-1
tweet_00109684	saude202112_n_00065_00000010.jpg	1	-1	-1	0	1	2	0	0	0	0	0	0	-1
tweet_00109711	saude202112_n_00066_00000002.jpg	0	2	0	0	0	2	3	0	0	0	0	0	-5
tweet_00109724	saude202112_n_00066_00000003.jpg	0	1	0	0	0	0	0	1	12	1	0	2	1
tweet_00109734	saude202112_n_00066_00000004.jpg	1	1	0	0	0	0	0	7	0	0	0	0	9
tweet_00109752	saude202112_n_00067_00000002.jpg	1	-1	0	0	0	1	0	0	0	0	0	0	-2
tweet_00109762	saude202112_n_00067_00000004.jpg	0	2	0	0	-1	2	0	3	0	0	0	0	12
tweet_00109786	saude202112_n_00068_00000001.jpg	1	0	0	0	0	5	0	0	0	0	0	0	-5
tweet_00109834	saude202112_n_00068_00000002.jpg	-1	1	0	0	-1	0	0	9	0	0	0	0	1
tweet_00109852	saude202112_n_00069_00000001.jpg	1	0	0	0	0	0	0	0	0	0	0	0	-3
tweet_00109856	saude202112_n_00069_00000002.jpg	-1	0	0	0	0	0	3	0	0	0	0	0	-3
tweet_00109857	saude202112_n_00069_00000003.jpg	0	0	0	0	0	0	1	0	0	0	0	0	-4
tweet_00109860	saude202112_n_00069_00000007.jpg	2	-2	1	0	0	2	0	0	0	6	0	0	0
tweet_00109862	saude202112_n_00069_00000008.jpg	0	0	0	0	0	0	0	0	0	0	0	0	-6
tweet_00109877	saude202112_n_00069_00000009.jpg	0	0	1	0	0	0	4	2	0	-1	0	0	22
tweet_00109889	saude202112_n_00070_00000001.jpg	0	0	0	0	0	0	1	0	0	0	0	0	-4
tweet_00109891	saude202112_n_00070_00000002.jpg	-2	1	0	0	0	0	0	0	0	0	0	0	-1
tweet_00109892	saude202112_n_00070_00000003.jpg	0	0	1	0	0	0	0	0	-2	0	0	0	4
tweet_00109923	saude202112_n_00070_00000004.jpg	0	0	0	0	0	1	0	0	0	0	0	0	-5
tweet_00109976	saude202112_n_00073_00000001.jpg	0	0	0	0	0	1	0	0	0	0	0	0	-5
tweet_00109990	saude202112_n_00073_00000002.jpg	0	-1	0	0	0	1	0	11	0	0	0	0	0
tweet_00110009	saude202112_n_00074_00000001.png	0	-3	1	0	0	1	1	3	0	0	0	0	19
tweet_00110023	saude202112_n_00076_00000001.png	-1	-1	0	0	0	0	0	0	0	0	0	0	-5
tweet_00110045	saude202112_n_00078_00000001.jpg	0	-3	1	0	0	3	0	0	0	0	0	1	0
tweet_00110055	saude202112_n_00078_00000002.jpg	0	0	0	0	0	2	0	5	0	0	0	0	1
tweet_00110057	saude202112_n_00078_00000004.jpg	3	-2	2	0	0	2	0	3	0	0	0	-1	9
tweet_00110076	saude202112_n_00082_00000001.jpg	0	2	0	-1	2	0	0	0	0	9	0	-3	0
tweet_00110092	saude202112_n_00083_00000001.jpg	2	-3	0	0	0	2	0	4	0	13	0	1	0
tweet_00110105	saude202112_n_00083_00000002.jpg	1	4	2	-1	0	1	0	0	0	0	0	0	0
tweet_00110123	saude202112_n_00084_00000002.jpg	-1	2	1	0	0	4	0	1	0	0	0	0	-1
tweet_00110124	saude202112_n_00084_00000003.jpg	0	5	0	0	0	1	0	0	5	0	2	7	0
tweet_00110141	saude202112_n_00088_00000001.jpg	-2	2	1	-2	0	0	0	6	0	1	0	0	11
tweet_00110154	saude202112_n_00094_00000002.jpg	1	-1	0	-1	0	2	0	0	0	0	0	0	-4
tweet_00110160	saude202112_n_00094_00000003.jpg	1	-2	0	1	0	2	0	1	1	11	0	1	0
tweet_00110170	saude202112_n_00095_00000001.png	1	-3	0	0	0	2	0	-1	0	0	9	0	0
tweet_00110174	saude202112_n_00098_00000001.jpg	0	-3	1	0	0	2	1	3	0	0	0	0	20
tweet_00110198	saude202112_n_00099_00000001.jpg	0	-2	0	0	0	2	0	6	0	0	0	0	3
tweet_00110217	saude202112_n_00114_00000001.jpg	-1	0	0	-1	0	1	0	7	0	0	0	0	2
tweet_00110247	saude202112_n_00104_00000001.png	-1	0	0	0	0	1	0	0	0	0	0	0	-5
tweet_00110272	saude202112_n_00105_00000001.jpg	2	-3	0	1	0	0	0	0	0	0	0	0	-5
tweet_00110275	saude202112_n_00108_00000001.jpg	0	2	0	0	-1	0	0	0	0	0	0	-2	-1
tweet_00110289	saude202112_n_00111_00000001.jpg	1	0	0	1	-2	1	0	0	0	20	0	0	0
tweet_00110300	saude202112_n_00112_00000001.jpg	0	0	0	0	-2	2	0	1	0	9	0	0	0
tweet_00110311	saude202112_n_00114_00000002.jpg	1	-4	0	0	0	2	0	0	0	0	0	0	-1
tweet_00110317	saude202112_n_00116_00000001.jpg	0	0	0	0	0	0	0	20	0	0	0	0	6
tweet_00110318	saude202112_n_00119_00000001.jpg	-2	0	0	0	0	0	0	0	0	0	0	0	-4
tweet_00110330	saude202112_n_00119_00000003.jpg	0	-3	0	1	0	1	0	2	0	8	0	-2	-2
tweet_00110337	saude202112_n_00120_00000001.jpg	-1	-3	0	-1	0	0	0	0	0	0	0	0	-5
tweet_00110385	saude202112_n_00124_00000001.jpg	-1	-2	0	0	0	2	0	0	-1	0	0	-5	5
tweet_00110396	saude202112_n_00125_00000001.jpg	0	2	0	0	0	0	5	0	0	-1	0	0	25
tweet_00110409	saude202112_n_00127_00000001.jpg	1	-1	0	0	0	0	0	2	1	0	-1	-1	-4
tweet_00110414	saude202112_n_00130_00000001.jpg	0	-2	0	0	1	5	2	0	0	0	0	0	-5
tweet_00110436	saude202112_n_00132_00000001.jpg	0	-2	0	0	0	2	0	0	0	0	0	0	-3
tweet_00110441	saude202112_n_00134_00000001.jpg	-1	2	0	0	0	2	0	6	0	1	0	0	6
tweet_00110445	saude202112_n_00134_00000002.jpg	1	0	0	0	-1	0	0	0	0	0	0	0	-3
tweet_00110446	saude202112_n_00134_00000003.jpg	1	-2	0	0	0	2	0	1	0	4	0	1	0
tweet_00110457	saude202112_n_00135_00000001.jpg	0	1	-1	-1	0	2	0	0	0	0	0	2	0
tweet_00110473	saude202112_n_00136_00000001.jpg	-3	0	0	0	0	1	0	0	0	0	0	0	-5
tweet_00110481	saude202112_n_00137_00000001.jpg	1	0	0	0	-2	0	0	0	0	17	0	-1	0
tweet_00110490	saude202112_n_00139_00000001.jpg	0	-2	0	0	0	2	0	0	0	2	0	0	0
tweet_00110559	saude202112_n_00143_00000003.jpg	0	0	0	0	-2	0	0	0	0	23	0	0	0
tweet_00110563	saude202112_n_00144_00000002.jpg	0	-2	0	0	0	2	3	0	2	0	-1	1	8
tweet_00110565	saude202112_n_00144_00000001.jpg	-1	-2	-1	0	0	2	0	0	0	0	0	0	-1
tweet_00110570	saude202112_n_00144_00000003.jpg	0	1	0	0	0	2	0	0	0	0	0	0	-7
tweet_00110588	saude202112_n_00147_00000001.jpg	1	-1	0	0	0	1	3	5	0	0	0	0	2
tweet_00110595	saude202112_n_00148_00000001.png	0	-2	0	0	0	0	3	0	0	3	0	0	0
tweet_00110605	saude202112_n_00148_00000002.jpg	0	-2	1	-1	0	2	5	0	0	-1	0	0	-4
tweet_00110608	saude202112_n_00148_00000003.jpg	-3	0	0	0	0	0	0	0	0	0	0	0	-3
tweet_00110617	saude202112_n_00150_00000001.jpg	0	4	0	0	0	0	0	0	0	0	0	0	-1
tweet_00110631	saude202112_n_00153_00000001.jpg	0	2	0	0	0	1	1	12	0	0	0	0	19
tweet_00110644	saude202112_n_00154_00000001.jpg	-1	0	0	0	0	2	5	2	0	0	0	-1	-1
tweet_00110652	saude202112_n_00156_00000001.jpg	0	-3	0	0	0	1	0	0	0	10	0	1	0
tweet_00110670	saude202112_n_00158_00000002.jpg	0	2	0	0	0	0	0	3	0	0	0	0	2
tweet_00110671	saude202112_n_00158_00000001.jpg	-1	-4	0	0	0	4	1	0	0	10	0	2	-2
tweet_00110673	saude202112_n_00160_00000002.jpg	-1	2	0	0	0	2	0	11	0	0	0	0	16
tweet_00110674	saude202112_n_00160_00000003.jpg	1	2	0	-1	0	0	1	13	0	0	0	0	18
tweet_00110737	saude202112_n_00163_00000002.jpg	0	0	-2	0	1	2	0	-1	0	0	0	-8	0
tweet_00110741	saude202112_n_00163_00000003.jpg	0	-3	0	-1	0	1	0	1	0	0	0	0	-1
tweet_00110759	saude202112_n_00164_00000003.jpg	0	3	0	0	0	0	0	3	0	0	0	0	9
tweet_00110796	saude202112_n_00166_00000001.jpg	-1	3	0	0	-1	2	0	7	0	0	0	1	13
tweet_00110804	saude202112_n_00167_00000001.jpg	-1	-1	0	0	0	1	0	9	0	0	0	0	13
tweet_00110852	saude202112_n_00169_00000002.jpg	0	2	0	0	0	1	1	13	0	0	0	0	21
tweet_00110853	saude202112_n_00169_00000001.jpg	1	-1	0	0	0	1	0	1	0	0	0	0	1
tweet_00110861	saude202112_n_00169_00000003.jpg	0	2	0	0	0	0	1	5	0	0	0	1	17
tweet_00110875	saude202112_n_00169_00000005.jpg	2	-1	0	-1	0	2	0	0	4	0	0	0	0
tweet_00110907	saude202112_n_00171_00000002.jpg	2	-3	0	-1	0	4	0	0	0	2	0	0	0
tweet_00110908	saude202112_n_00171_00000003.jpg	1	-2	0	0	0	2	0	2	0	0	0	0	1
tweet_00110918	saude202112_n_00171_00000004.jpg	1	-2	0	-1	0	1	1	0	0	0	0	0	5
tweet_00110931	saude202112_n_00172_00000001.png	3	-3	0	0	0	2	0	1	0	13	0	1	0
tweet_00110940	saude202112_n_00173_00000001.jpg	0	-3	0	0	0	2	0	7	0	0	0	1	0
tweet_00110951	saude202112_n_00174_00000001.jpg	-1	0	1	-1	0	1	0	0	0	0	-1	0	-5
tweet_00110973	saude202112_n_00175_00000002.jpg	0	1	0	0	-1	0	0	0	4	0	0	1	1
tweet_00110974	saude202112_n_00176_00000001.jpg	-1	2	0	0	0	2	0	2	0	0	0	0	6
tweet_00110981	saude202112_n_00177_00000001.jpg	-1	2	0	0	0	2	0	11	1	0	0	0	10
tweet_00111041	saude202112_n_00182_00000002.jpg	1	-1	0	0	0	0	3	4	0	-1	0	0	15
tweet_00111085	saude202112_n_00185_00000001.png	-1	-2	1	0	0	2	0	1	0	0	0	0	-3
tweet_00111091	saude202112_n_00187_00000001.jpg	1	2	0	0	1	2	0	4	0	0	0	0	8
tweet_00111112	saude202112_n_00189_00000001.jpg	-2	-1	0	0	0	2	0	2	0	0	0	0	1
tweet_00111124	saude202112_n_00191_00000001.jpg	-1	-4	0	0	0	3	1	0	0	9	0	2	-2
tweet_00111127	saude202112_n_00191_00000002.jpg	1	-4	0	0	0	2	0	1	0	15	0	0	-1
tweet_00111133	saude202112_n_00191_00000003.jpg	0	1	0	0	-1	0	0	0	0	0	0	0	-1
tweet_00111139	saude202112_n_00191_00000004.jpg	3	-3	0	0	1	1	1	0	0	0	5	0	0
tweet_00111205	saude202112_n_00194_00000001.jpg	-2	0	0	0	0	0	0	0	0	0	0	0	-3
tweet_00111225	saude202112_n_00195_00000001.jpg	1	0	-1	0	-2	0	0	0	0	28	0	0	0
tweet_00111256	saude202112_n_00195_00000002.jpg	-1	5	0	0	0	1	0	0	0	0	0	0	-3
tweet_00111293	saude202112_n_00197_00000002.png	3	-3	0	0	0	4	0	0	0	7	0	0	0
tweet_00111309	saude202112_n_00198_00000001.jpg	0	2	0	0	0	2	0	1	0	-1	0	0	6
tweet_00111311	saude202112_n_00198_00000002.jpg	0	7	0	0	0	2	0	6	0	0	0	0	21
tweet_00111320	saude202112_n_00198_00000004.jpg	1	0	-1	0	-2	0	0	0	0	0	0	2	0
tweet_00111322	saude202112_n_00198_00000005.jpg	1	-1	2	0	0	2	1	0	0	0	0	0	-2
tweet_00111339	saude202112_n_00199_00000003.jpg	5	-1	0	0	0	2	0	3	0	-1	0	0	-1
tweet_00111346	saude202112_n_00200_00000001.jpg	0	2	0	1	-1	0	0	0	0	0	0	0	-3
tweet_00111353	saude202112_n_00200_00000003.jpg	-1	2	0	0	0	4	0	5	0	0	0	0	8
tweet_00111356	saude202112_n_00201_00000001.jpg	0	2	-1	0	0	2	0	2	0	1	0	-1	1
tweet_00111367	saude202112_n_00201_00000002.jpg	5	-1	0	0	0	1	0	2	0	5	0	0	3
tweet_00111389	saude202112_n_00204_00000001.jpg	-1	8	0	0	0	2	5	2	0	0	0	0	30
tweet_00111394	saude202112_n_00205_00000001.jpg	-1	2	0	0	0	2	0	2	0	0	0	0	9
tweet_00111398	saude202112_n_00205_00000005.jpg	1	-1	2	0	0	2	0	1	0	0	0	-1	-3
tweet_00111408	saude202112_n_00206_00000001.jpg	1	1	-1	0	0	2	0	1	0	18	0	1	0
tweet_00111422	saude202112_n_00208_00000003.jpg	1	0	0	0	-1	1	0	0	0	22	0	0	0
tweet_00111432	saude202112_n_00209_00000001.jpg	0	0	0	0	0	0	0	4	0	0	0	0	15
tweet_00111437	saude202112_n_00210_00000002.jpg	0	-1	0	0	0	1	2	1	0	0	0	-1	-4
tweet_00111439	saude202112_n_00210_00000003.jpg	1	0	-1	0	-1	0	0	0	1	-1	0	11	2
tweet_00111449	saude202112_n_00210_00000004.jpg	-1	2	0	0	0	2	2	9	0	0	0	0	21
tweet_00111455	saude202112_n_00211_00000002.jpg	0	-1	1	0	0	0	1	0	0	1	0	-1	3
tweet_00111487	saude202112_n_00214_00000001.jpg	0	2	0	0	1	0	0	1	0	0	0	0	0
tweet_00111501	saude202112_n_00215_00000002.jpg	0	0	0	0	0	0	0	0	0	0	0	0	-5
tweet_00111518	saude202112_n_00216_00000002.jpg	0	0	0	0	0	0	0	3	0	0	0	0	16
tweet_00111526	saude202112_n_00217_00000002.jpg	1	-1	0	0	0	1	0	0	0	0	0	0	-5
tweet_00111572	saude202112_n_00222_00000001.jpg	0	1	0	0	-1	0	0	3	0	0	-2	-1	-1
tweet_00111574	saude202112_n_00223_00000001.jpg	0	2	0	0	0	2	0	3	0	0	0	0	3
tweet_00111585	saude202112_n_00224_00000001.jpg	-1	2	0	0	0	2	1	1	0	-1	0	0	15
tweet_00111597	saude202112_n_00225_00000001.jpg	1	-2	0	0	1	2	0	0	0	0	0	0	16
tweet_00111610	saude202112_n_00226_00000001.jpg	4	-1	0	0	0	0	0	0	0	1	0	0	-1
tweet_00111611	saude202112_n_00226_00000002.jpg	-1	2	0	0	0	2	0	2	0	6	0	-1	0
tweet_00111634	saude202112_n_00228_00000001.jpg	0	2	0	0	0	2	0	14	0	0	0	0	18
tweet_00111639	saude202112_n_00228_00000002.jpg	1	-3	0	0	0	4	0	0	0	0	0	0	-1
tweet_00111640	saude202112_n_00228_00000003.jpg	1	2	0	-1	0	0	0	1	0	0	0	0	-1
tweet_00111642	saude202112_n_00228_00000004.jpg	0	2	0	0	-1	2	0	12	0	0	0	0	16
tweet_00111647	saude202112_n_00228_00000005.png	0	2	0	0	0	2	3	4	0	0	0	0	27
tweet_00111648	saude202112_n_00228_00000006.jpg	1	4	0	0	0	0	0	5	0	0	0	0	9
tweet_00111659	saude202112_n_00229_00000001.jpg	0	-1	1	0	1	0	0	0	0	9	0	-3	-1
tweet_00111712	saude202201_n_00004_00000001.jpg	2	-2	0	0	0	-2	0	0	0	0	0	0	0
tweet_00111720	saude202201_n_00005_00000001.png	0	0	0	0	0	3	0	0	0	0	0	0	-5
tweet_00111729	saude202201_n_00007_00000001.jpg	0	2	0	-1	0	0	1	0	0	0	0	0	-6
tweet_00111756	saude202201_n_00007_00000002.jpg	3	-1	0	0	0	-2	0	0	0	4	0	-1	-1
tweet_00111772	saude202201_n_00008_00000001.jpg	1	1	0	0	0	1	2	4	0	0	0	0	16
tweet_00111794	saude202201_n_00008_00000003.jpg	1	3	0	0	0	1	1	0	0	1	0	-3	0
tweet_00111816	saude202201_n_00008_00000005.jpg	0	-2	-1	0	2	0	0	0	0	1	0	-1	0
tweet_00111877	saude202201_n_00009_00000002.jpg	-1	-3	0	0	0	4	0	0	0	4	0	0	0
tweet_00111912	saude202201_n_00010_00000003.jpg	-1	0	0	0	0	3	0	0	0	0	0	0	-6
tweet_00111931	saude202201_n_00010_00000004.jpg	1	1	0	0	-1	0	3	-1	5	0	3	3	0
tweet_00111932	saude202201_n_00010_00000005.jpg	0	0	0	0	0	1	0	0	0	0	0	0	-3
tweet_00111938	saude202201_n_00010_00000006.jpg	3	-2	0	0	0	-1	1	0	0	0	0	0	0
tweet_00111943	saude202201_n_00010_00000007.jpg	1	1	0	0	0	0	0	0	0	0	0	13	1
tweet_00111970	saude202201_n_00011_00000001.jpg	0	-1	-2	0	0	0	0	3	10	0	0	1	1
tweet_00111973	saude202201_n_00011_00000002.jpg	1	-2	1	0	0	1	0	0	0	0	0	0	-5
tweet_00111978	saude202201_n_00011_00000003.jpg	1	-2	0	0	0	-1	0	0	0	0	0	-1	-1
tweet_00111986	saude202201_n_00011_00000004.jpg	0	-1	0	0	0	-1	0	0	0	0	0	-1	-1
tweet_00111994	saude202201_n_00012_00000001.jpg	1	1	0	0	0	0	1	0	0	0	0	0	-4
tweet_00112003	saude202201_n_00041_00000001.jpg	2	-2	0	-1	0	-1	0	0	0	1	0	0	0
tweet_00112010	saude202201_n_00012_00000003.jpg	2	4	0	0	-1	0	0	4	0	0	0	0	6
tweet_00112011	saude202201_n_00012_00000004.jpg	0	1	0	0	0	2	0	4	0	1	0	1	0
tweet_00112023	saude202201_n_00012_00000006.jpg	1	-3	0	0	0	-2	2	0	0	3	0	0	0
tweet_00112043	saude202201_n_00013_00000001.jpg	0	0	0	0	0	1	2	0	0	0	1	1	0
tweet_00112051	saude202201_n_00013_00000005.jpg	1	2	0	0	0	0	0	0	0	0	0	0	-3
tweet_00112057	saude202201_n_00013_00000007.jpg	1	-2	0	1	0	-2	4	0	0	0	0	0	0
tweet_00112071	saude202201_n_00013_00000008.jpg	1	1	0	0	0	0	0	-1	5	0	6	3	0
tweet_00112083	saude202201_n_00014_00000006.jpg	3	2	0	0	-2	0	0	0	0	3	0	-2	0
tweet_00112104	saude202201_n_00015_00000001.jpg	0	-2	0	0	0	-1	2	0	0	0	0	0	0
tweet_00112105	saude202201_n_00015_00000002.jpg	3	-2	0	0	0	-1	0	0	0	5	0	-1	-1
tweet_00112176	saude202201_n_00064_00000001.jpg	1	2	-1	-2	0	0	0	2	0	0	-1	0	0
tweet_00112177	saude202201_n_00017_00000002.jpg	1	1	-1	0	0	1	0	0	0	0	0	0	-3
tweet_00112181	saude202201_n_00017_00000003.jpg	2	-3	0	0	0	-2	0	0	0	7	0	-1	-2
tweet_00112208	saude202201_n_00017_00000004.jpg	1	-2	0	0	0	-1	2	0	0	0	0	-2	0
tweet_00112229	saude202201_n_00018_00000002.jpg	3	-1	0	0	0	1	0	0	0	11	0	0	0
tweet_00112235	saude202201_n_00018_00000004.jpg	1	-2	0	0	0	-1	2	0	0	0	0	0	0
tweet_00112236	saude202201_n_00018_00000005.jpg	0	-2	1	0	0	-2	0	0	0	2	0	0	0
tweet_00112246	saude202201_n_00019_00000002.png	1	-1	0	0	0	-1	0	0	0	4	0	0	0
tweet_00112251	saude202201_n_00019_00000003.jpg	1	-2	0	0	0	-1	0	0	0	0	0	-1	0
tweet_00112257	saude202201_n_00019_00000004.jpg	2	-1	0	0	0	2	0	0	0	27	0	0	0
tweet_00112276	saude202201_n_00020_00000001.jpg	1	-2	0	0	0	-1	2	0	0	1	0	0	0
tweet_00112304	saude202201_n_00020_00000004.jpg	1	-2	0	1	0	-2	0	0	0	1	0	-1	0
tweet_00112384	saude202201_n_00022_00000003.jpg	3	-1	0	0	0	-1	0	0	0	1	0	0	0
tweet_00112415	saude202201_n_00023_00000002.jpg	1	-1	0	0	0	0	0	0	0	21	0	0	0
tweet_00112433	saude202201_n_00024_00000002.jpg	1	-1	0	1	0	-3	0	0	0	12	0	0	0
tweet_00112439	saude202201_n_00024_00000004.jpg	1	-2	0	1	0	-3	1	0	0	0	0	0	0
tweet_00112444	saude202201_n_00024_00000006.png	3	-3	0	0	0	-1	1	0	0	1	0	-2	0
tweet_00112448	saude202201_n_00024_00000007.jpg	3	-2	0	0	0	-1	0	0	0	0	0	-1	0
tweet_00112451	saude202201_n_00024_00000008.jpg	1	-2	0	0	0	-1	2	0	0	2	0	0	0
tweet_00112475	saude202201_n_00025_00000002.jpg	1	0	0	0	0	2	0	1	0	15	0	1	0
tweet_00112500	saude202201_n_00026_00000001.jpg	3	-3	0	1	0	-2	0	0	0	0	0	0	-1
tweet_00112505	saude202201_n_00026_00000002.jpg	0	1	0	0	-1	0	0	6	0	0	0	1	0
tweet_00112507	saude202201_n_00026_00000003.jpg	1	-1	0	0	1	0	1	-1	0	0	1	0	0
tweet_00112517	saude202201_n_00026_00000004.jpg	0	2	0	0	0	0	0	2	0	0	0	0	-1
tweet_00112518	saude202201_n_00026_00000005.jpg	0	-1	0	0	-1	0	0	4	0	3	0	0	0
tweet_00112531	saude202201_n_00027_00000001.jpg	1	-2	0	0	0	-2	0	0	0	4	0	-1	-2
tweet_00112533	saude202201_n_00027_00000002.jpg	1	-3	0	0	0	3	0	1	0	0	0	0	0
tweet_00112539	saude202201_n_00027_00000005.jpg	3	-2	0	0	0	-1	0	0	0	4	0	-1	0
tweet_00112546	saude202201_n_00027_00000006.jpg	2	-3	0	0	1	-1	0	0	0	1	0	-1	0
tweet_00112552	saude202201_n_00027_00000007.jpg	1	1	-1	0	-1	0	0	8	0	0	0	0	0
tweet_00112557	saude202201_n_00027_00000009.jpg	2	-2	0	0	0	-1	0	0	0	2	0	-1	-1
tweet_00112562	saude202201_n_00028_00000001.jpg	0	-2	0	0	0	-1	-1	-1	0	0	-10	1	0
tweet_00112591	saude202201_n_00029_00000001.jpg	1	-4	0	0	0	2	0	0	0	5	0	0	0
tweet_00112594	saude202201_n_00029_00000002.jpg	0	-2	0	0	0	-2	0	0	0	1	0	-1	-1
tweet_00112595	saude202201_n_00029_00000003.jpg	3	-2	0	0	0	-1	1	0	0	0	0	0	0
tweet_00112611	saude202201_n_00029_00000004.jpg	1	-1	0	0	0	-1	0	0	0	3	0	0	0
tweet_00112637	saude202201_n_00030_00000003.jpg	0	-1	0	1	0	-2	0	0	0	0	0	0	-1
tweet_00112707	saude202201_n_00032_00000002.png	0	-2	0	1	0	-2	0	0	0	6	0	-1	-1
tweet_00112720	saude202201_n_00032_00000006.jpg	2	-3	0	1	0	0	0	0	0	2	0	0	-1
tweet_00112724	saude202201_n_00032_00000007.jpg	2	-2	0	0	1	-1	0	0	0	0	0	-1	-1
tweet_00112734	saude202201_n_00033_00000001.jpg	1	-2	0	0	0	-2	4	0	0	0	0	0	6
tweet_00112740	saude202201_n_00033_00000002.jpg	1	-2	0	1	0	-3	0	0	0	0	2	0	0
tweet_00112749	saude202201_n_00033_00000003.jpg	2	-3	0	0	0	-1	0	0	0	1	0	-1	-1
tweet_00112778	saude202201_n_00034_00000001.png	0	-1	0	-1	1	0	0	0	0	0	0	0	-5
tweet_00112804	saude202201_n_00035_00000001.jpg	1	-2	0	-1	0	-2	0	0	0	0	0	-1	-1
tweet_00112831	saude202201_n_00036_00000001.jpg	3	-3	0	0	0	-3	2	0	0	3	0	0	0
tweet_00112835	saude202201_n_00037_00000001.jpg	1	-2	0	0	0	-1	0	0	0	1	0	0	0
tweet_00112838	saude202201_n_00037_00000002.jpg	3	-2	0	0	0	-1	1	0	0	1	0	0	0
tweet_00112843	saude202201_n_00037_00000004.png	0	-1	0	0	0	-1	0	0	0	11	0	-1	-1
tweet_00112861	saude202201_n_00038_00000001.jpg	0	0	0	-1	0	0	0	0	0	0	-1	-1	-4
tweet_00112893	saude202201_n_00039_00000002.jpg	0	0	0	0	0	-1	0	0	0	0	0	-1	0
tweet_00112901	saude202201_n_00039_00000005.jpg	1	-3	0	0	0	-2	0	0	0	17	0	0	1
tweet_00112907	saude202201_n_00040_00000001.jpg	0	-2	0	1	0	-1	0	0	0	0	0	0	0
tweet_00112925	saude202201_n_00040_00000003.jpg	1	-2	0	0	0	-1	0	0	0	3	0	-1	-1
tweet_00112938	saude202201_n_00041_00000004.png	1	-2	0	1	0	-1	0	0	0	1	0	-1	-1
tweet_00112971	saude202201_n_00041_00000007.jpg	1	-2	0	0	0	-2	0	9	0	1	0	0	0
tweet_00113009	saude202201_n_00043_00000001.jpg	1	-2	0	0	0	-1	0	0	0	7	0	-1	-1
tweet_00113016	saude202201_n_00043_00000002.png	0	2	0	0	0	1	0	0	0	9	0	0	0
tweet_00113028	saude202201_n_00043_00000003.jpg	1	-2	0	0	0	-1	0	0	0	0	2	0	0
tweet_00113031	saude202201_n_00043_00000004.png	2	-1	0	0	0	-3	0	0	0	0	2	0	0
tweet_00113054	saude202201_n_00044_00000001.jpg	1	-2	0	0	0	-1	0	0	0	0	7	0	0
tweet_00113069	saude202201_n_00044_00000002.jpg	0	-2	0	1	0	-2	0	0	0	3	0	-1	-1
tweet_00113098	saude202201_n_00045_00000002.jpg	2	-4	0	0	0	-1	0	0	0	0	0	0	-4
tweet_00113099	saude202201_n_00045_00000003.jpg	0	-2	0	0	0	-3	3	0	0	3	0	0	0
tweet_00113115	saude202201_n_00046_00000001.jpg	5	-3	0	-1	0	-1	0	0	0	5	0	-1	-1
tweet_00113150	saude202201_n_00047_00000001.jpg	1	-2	0	0	0	0	0	7	0	0	0	0	0
tweet_00113174	saude202201_n_00048_00000001.jpg	1	-2	0	0	0	-1	0	0	0	1	0	0	0
tweet_00113221	saude202201_n_00050_00000002.jpg	3	-3	0	0	0	-2	0	0	0	2	0	-1	-1
tweet_00113271	saude202201_n_00052_00000001.png	3	-3	0	-1	0	-2	0	12	0	0	0	0	0
tweet_00113274	saude202201_n_00052_00000002.jpg	1	-2	0	1	0	-3	0	0	0	3	0	-1	-1
tweet_00113281	saude202201_n_00052_00000004.jpg	2	-2	0	1	0	-1	1	0	0	3	0	-1	-1
tweet_00113293	saude202201_n_00053_00000002.jpg	1	-2	0	0	0	0	0	0	0	0	0	0	-1
tweet_00113309	saude202201_n_00054_00000003.jpg	1	-1	0	1	0	-1	0	0	0	13	0	0	0
tweet_00113320	saude202201_n_00055_00000001.jpg	1	-2	0	1	0	-2	0	0	0	2	0	-1	0
tweet_00113347	saude202201_n_00055_00000003.jpg	1	-1	0	1	0	-1	0	2	0	0	0	-2	0
tweet_00113377	saude202201_n_00056_00000002.jpg	1	3	0	-2	-2	0	0	0	0	1	0	0	-3
tweet_00113379	saude202201_n_00057_00000001.jpg	2	0	0	0	0	2	0	5	0	0	0	0	0
tweet_00113442	saude202201_n_00060_00000002.jpg	0	-3	0	0	0	-1	0	0	0	1	0	0	0
tweet_00113448	saude202201_n_00061_00000001.jpg	0	1	-1	0	0	0	0	0	0	0	0	1	-1
tweet_00113449	saude202201_n_00061_00000002.jpg	0	1	0	0	0	1	0	2	0	0	0	0	1
tweet_00113468	saude202201_n_00065_00000001.jpg	0	-1	0	0	1	2	0	3	0	1	0	1	0
tweet_00113470	saude202201_n_00066_00000001.jpg	0	2	0	0	0	0	0	0	0	0	0	0	0
tweet_00113476	saude202201_n_00066_00000002.png	-2	1	0	0	0	1	0	0	0	0	0	0	-2
tweet_00113477	saude202201_n_00066_00000005.png	0	0	0	0	0	2	0	0	0	0	0	0	-3
tweet_00113483	saude202201_n_00067_00000001.jpg	1	-3	-1	0	0	0	0	0	0	4	0	-1	0
tweet_00113509	saude202201_n_00069_00000002.jpg	3	3	0	0	-2	0	1	-1	0	2	0	1	1
tweet_00113517	saude202201_n_00069_00000003.jpg	0	3	0	0	0	0	18	0	0	0	0	0	2
tweet_00113525	saude202201_n_00070_00000001.jpg	0	4	0	0	0	0	0	1	0	1	0	-2	-3
tweet_00113530	saude202201_n_00072_00000001.jpg	2	3	0	1	0	0	2	3	0	0	0	0	14
tweet_00113534	saude202201_n_00072_00000003.jpg	-1	2	0	-1	-1	1	0	2	0	0	0	0	0
tweet_00113551	saude202201_n_00073_00000001.jpg	3	-3	0	-1	0	-1	1	3	0	2	0	0	25
tweet_00113588	saude202201_n_00076_00000001.jpg	1	-2	0	0	0	-1	1	4	0	0	0	0	3
tweet_00113594	saude202201_n_00076_00000002.jpg	0	2	0	0	-1	0	2	0	0	0	0	-1	-3
tweet_00113598	saude202201_n_00076_00000003.jpg	1	-2	2	0	0	0	0	4	0	0	0	0	13
tweet_00113664	saude202201_n_00078_00000001.jpg	0	0	0	-1	0	0	0	0	0	2	0	-1	0
tweet_00113683	saude202201_n_00078_00000002.jpg	0	-2	2	0	0	-2	1	4	0	0	0	0	19
tweet_00113685	saude202201_n_00078_00000003.png	0	-3	0	0	0	0	0	0	0	2	0	0	-1
tweet_00113686	saude202201_n_00078_00000004.jpg	0	0	0	0	0	0	0	0	0	5	0	-1	0
tweet_00113816	saude202201_n_00080_00000005.jpg	0	0	0	0	0	0	0	0	0	20	0	0	0
tweet_00113817	saude202201_n_00080_00000006.jpg	-1	1	0	0	0	1	0	1	0	0	0	-1	0
tweet_00113825	saude202201_n_00080_00000007.jpg	0	-2	0	0	0	-1	0	1	0	9	0	0	0
tweet_00113844	saude202201_n_00080_00000008.jpg	0	-2	0	0	0	-2	2	0	0	2	0	-1	-1
tweet_00113869	saude202201_n_00081_00000003.jpg	0	1	-1	-1	-1	1	0	0	0	-1	0	0	0
tweet_00113922	saude202201_n_00082_00000002.jpg	1	0	0	0	0	0	0	0	0	5	0	0	0
tweet_00114012	saude202201_n_00083_00000001.jpg	2	1	0	0	-1	0	0	0	0	1	0	-1	0
tweet_00114046	saude202201_n_00084_00000010.jpg	0	-1	0	0	0	0	0	0	0	1	0	-1	0
tweet_00114052	saude202201_n_00084_00000011.jpg	0	-2	0	0	0	-2	3	0	0	3	0	0	-1
tweet_00114057	saude202201_n_00085_00000001.jpg	-2	0	0	0	-1	1	0	0	0	0	0	0	-4
tweet_00114058	saude202201_n_00085_00000002.jpg	0	0	0	0	0	0	4	0	0	0	0	0	-5
tweet_00114065	saude202201_n_00085_00000006.png	1	0	0	0	0	-1	0	0	0	1	0	-2	0
tweet_00114084	saude202201_n_00085_00000007.jpg	3	-3	1	0	0	0	0	2	0	0	0	1	0
tweet_00114107	saude202201_n_00085_00000008.jpg	1	-1	0	0	0	-1	0	0	0	6	0	-1	0
tweet_00114120	saude202201_n_00085_00000013.jpg	0	-1	0	-1	0	1	2	0	0	0	0	0	-3
tweet_00114123	saude202201_n_00085_00000016.jpg	0	0	0	0	0	1	1	0	0	0	0	0	-4
tweet_00114134	saude202201_n_00086_00000009.jpg	0	2	1	0	-1	0	0	0	3	0	0	0	0
tweet_00114151	saude202201_n_00086_00000011.jpg	0	-1	0	0	0	-1	0	0	0	23	0	0	0
tweet_00114153	saude202201_n_00086_00000012.jpg	3	0	0	0	0	-1	0	0	0	-1	0	0	0
tweet_00114194	saude202201_n_00087_00000011.png	0	0	-1	0	-2	0	2	4	0	0	0	0	15
tweet_00114196	saude202201_n_00087_00000002.jpg	1	4	0	0	1	0	0	1	0	0	0	0	0
tweet_00114208	saude202201_n_00087_00000003.jpg	1	-1	0	0	0	-2	0	0	0	0	0	-1	0
tweet_00114215	saude202201_n_00087_00000004.jpg	1	0	0	0	0	1	0	0	0	7	0	0	0
tweet_00114219	saude202201_n_00087_00000005.jpg	1	-1	0	0	0	-1	0	0	0	0	3	0	0
tweet_00114230	saude202201_n_00087_00000008.jpg	0	-2	0	0	0	-1	0	0	0	9	0	-1	-1
tweet_00114231	saude202201_n_00087_00000009.jpg	1	-2	0	0	0	0	0	0	0	0	0	0	0
tweet_00114235	saude202201_n_00087_00000010.jpg	0	0	0	0	0	0	0	0	0	7	0	0	-1
tweet_00114253	saude202201_n_00087_00000012.jpg	1	0	0	0	0	-2	4	0	0	-1	0	3	0
tweet_00114262	saude202201_n_00087_00000013.png	0	0	0	0	0	2	0	0	0	0	0	0	-2
tweet_00114273	saude202201_n_00088_00000001.jpg	4	-3	0	1	0	-1	1	0	0	16	0	0	0
tweet_00114274	saude202201_n_00088_00000002.jpg	3	0	0	0	-3	3	0	1	0	23	0	0	0
tweet_00114288	saude202201_n_00088_00000004.jpg	3	0	-1	-2	-2	0	0	0	0	23	0	0	0
tweet_00114294	saude202201_n_00088_00000006.jpg	1	-2	0	0	0	-1	0	0	0	1	0	-1	0
tweet_00114296	saude202201_n_00088_00000007.jpg	2	0	-1	0	0	0	0	0	0	1	0	0	-4
tweet_00114297	saude202201_n_00088_00000008.jpg	1	0	0	0	-1	2	0	0	0	0	0	0	-4
tweet_00114298	saude202201_n_00088_00000009.png	0	-1	0	0	0	0	1	0	0	2	4	0	0
tweet_00114313	saude202201_n_00088_00000010.jpg	0	-1	0	0	0	-1	0	0	0	13	0	0	0
tweet_00114359	saude202201_n_00089_00000002.jpg	3	-2	2	0	0	2	0	0	0	6	0	0	0
tweet_00114414	saude202201_n_00090_00000004.jpg	1	0	0	0	0	0	-3	-2	-1	0	-1	0	0
tweet_00114415	saude202201_n_00090_00000005.jpg	1	-2	0	0	0	-1	1	0	0	3	0	0	0
tweet_00114436	saude202201_n_00090_00000007.jpg	1	-2	0	1	0	-1	0	0	0	0	4	0	0
tweet_00114476	saude202201_n_00091_00000001.jpg	2	1	1	0	0	0	0	2	0	0	0	1	0
tweet_00114483	saude202201_n_00091_00000002.jpg	1	-1	0	0	0	-2	0	0	0	0	0	0	-1
tweet_00114518	saude202201_n_00092_00000004.jpg	1	-2	1	1	0	-2	0	0	0	5	0	-1	0
tweet_00114522	saude202201_n_00092_00000005.jpg	3	-2	0	0	0	-1	0	0	0	0	1	0	0
tweet_00114551	saude202201_n_00093_00000001.jpg	1	-1	0	0	0	-1	8	0	0	-1	0	2	0
tweet_00114557	saude202201_n_00093_00000002.jpg	1	0	-1	0	0	0	-1	0	3	0	2	13	2
tweet_00114575	saude202201_n_00093_00000003.png	1	-1	0	0	0	-1	1	-1	0	1	2	0	0
tweet_00114586	saude202201_n_00093_00000004.png	1	0	-1	-1	-1	2	0	2	0	21	0	1	0
tweet_00114597	saude202201_n_00093_00000006.jpg	1	0	-1	0	0	0	0	0	0	0	0	0	-1
tweet_00114606	saude202201_n_00093_00000008.png	1	-3	0	0	0	-1	0	0	0	1	0	-1	0
tweet_00114639	saude202201_n_00094_00000004.jpg	1	-1	0	0	0	-1	0	0	0	3	0	-1	-2
tweet_00114716	saude202201_n_00095_00000010.jpg	1	-1	0	0	0	-1	0	0	0	0	2	0	0
tweet_00114728	saude202201_n_00096_00000001.jpg	1	0	0	0	0	1	0	0	0	18	0	0	0
tweet_00114748	saude202201_n_00098_00000001.jpg	-1	0	0	0	1	2	0	0	0	0	0	0	-7
tweet_00114773	saude202201_n_00098_00000002.jpg	-2	2	0	0	0	0	0	0	0	0	0	0	-3
tweet_00114791	saude202201_n_00099_00000001.jpg	0	0	0	0	0	0	0	0	0	21	0	0	0
tweet_00114797	saude202201_n_00099_00000002.png	-1	-1	0	0	1	2	0	0	0	0	0	0	-3
tweet_00114823	saude202201_n_00100_00000001.jpg	1	2	0	0	0	0	0	5	0	1	0	0	4
tweet_00114828	saude202201_n_00100_00000002.jpg	2	5	0	0	-1	0	0	0	0	5	0	0	0
tweet_00114837	saude202201_n_00101_00000001.jpg	1	2	0	0	0	0	0	0	0	0	0	0	-4
tweet_00114838	saude202201_n_00101_00000002.jpg	0	1	0	0	0	0	0	5	0	0	0	0	6
tweet_00114853	saude202201_n_00101_00000003.jpg	-1	1	0	0	0	0	2	0	0	0	0	0	-3
tweet_00114880	saude202201_n_00102_00000001.jpg	4	-3	0	0	0	0	2	0	0	2	0	0	0
tweet_00114901	saude202201_n_00103_00000001.jpg	0	2	0	0	0	0	0	0	0	14	0	0	0
tweet_00114923	saude202201_n_00104_00000001.jpg	1	-1	0	0	2	1	0	0	0	0	4	0	0
tweet_00114942	saude202201_n_00104_00000002.jpg	3	-1	0	0	1	0	2	0	0	3	0	-2	-1
tweet_00114944	saude202201_n_00104_00000003.jpg	1	2	0	0	0	0	0	3	0	2	0	0	3
tweet_00114949	saude202201_n_00105_00000001.jpg	2	0	0	-1	0	1	0	1	0	0	0	0	0
tweet_00114957	saude202201_n_00105_00000002.jpg	0	-2	0	0	0	1	0	0	0	3	0	0	0
tweet_00114966	saude202201_n_00106_00000001.jpg	1	2	0	0	0	0	0	0	0	0	1	2	0
tweet_00114972	saude202201_n_00106_00000002.jpg	0	2	0	0	-1	0	1	0	0	0	0	0	-3
tweet_00114976	saude202201_n_00106_00000003.jpg	1	1	0	0	-1	0	0	0	0	4	0	0	0
tweet_00114987	saude202201_n_00107_00000001.jpg	0	-1	0	1	0	0	0	5	0	1	0	0	11
tweet_00114996	saude202201_n_00107_00000004.jpg	0	0	0	0	0	1	0	0	0	0	0	0	-4
tweet_00114999	saude202201_n_00107_00000005.jpg	1	0	0	0	0	4	0	3	0	0	0	0	0
tweet_00115004	saude202201_n_00107_00000006.jpg	1	2	0	0	0	0	0	-1	2	0	3	9	2
tweet_00115020	saude202201_n_00108_00000001.jpg	1	3	0	0	0	0	0	6	0	7	0	1	4
tweet_00115026	saude202201_n_00110_00000001.jpg	0	1	0	0	0	0	0	0	0	13	0	0	0
tweet_00115032	saude202201_n_00110_00000002.jpg	1	1	1	0	0	1	0	0	0	0	0	-1	0
tweet_00115048	saude202201_n_00111_00000001.jpg	0	2	0	0	0	0	1	9	0	0	0	0	22
tweet_00115052	saude202201_n_00111_00000002.jpg	0	2	0	0	0	0	0	0	0	0	1	1	0
tweet_00115075	saude202201_n_00112_00000001.jpg	1	1	0	0	-1	0	1	11	0	0	0	0	20
tweet_00115076	saude202201_n_00113_00000001.jpg	1	1	0	0	0	0	0	0	0	0	0	0	-5
tweet_00115084	saude202201_n_00113_00000004.jpg	-1	0	0	0	0	2	0	0	0	0	0	0	-5
tweet_00115085	saude202201_n_00113_00000005.jpg	0	0	0	-1	0	0	0	0	3	-1	0	0	0
tweet_00115092	saude202201_n_00113_00000006.jpg	0	1	0	-1	0	0	0	0	0	1	0	0	0
tweet_00115095	saude202201_n_00113_00000007.jpg	-3	0	0	0	0	1	0	1	0	0	0	-1	0
tweet_00115110	saude202201_n_00114_00000001.png	1	0	0	0	-2	3	0	1	0	0	0	0	0
tweet_00115137	saude202201_n_00115_00000002.jpg	-1	2	1	-1	-1	1	1	0	0	0	0	-1	6
tweet_00115140	saude202201_n_00115_00000003.jpg	1	2	0	0	0	0	0	0	0	1	0	0	-2
tweet_00115151	saude202201_n_00115_00000004.png	1	2	0	0	-1	0	0	2	0	1	0	0	4
tweet_00115196	saude202201_n_00117_00000001.jpg	5	3	0	-1	0	0	0	16	0	0	0	0	12
tweet_00115204	saude202201_n_00117_00000002.jpg	0	0	1	0	0	0	0	2	12	0	0	0	0
tweet_00115216	saude202201_n_00119_00000003.jpg	3	-4	1	0	0	1	0	0	0	10	0	-1	0
tweet_00115243	saude202201_n_00121_00000001.jpg	-1	2	0	-1	0	0	0	0	0	0	0	0	-5
tweet_00115257	saude202201_n_00121_00000002.jpg	0	2	0	-1	0	0	0	0	0	-1	0	0	6
tweet_00115283	saude202201_n_00122_00000001.jpg	4	-1	1	0	0	-1	0	4	0	0	0	0	5
tweet_00115291	saude202201_n_00122_00000002.jpg	0	1	0	0	0	0	0	0	0	0	0	0	-7
tweet_00115304	saude202201_n_00123_00000001.jpg	0	1	0	0	-1	0	1	10	0	0	0	0	19
tweet_00115352	saude202201_n_00125_00000002.png	0	5	0	0	1	1	0	0	0	0	0	0	-5
tweet_00115363	saude202201_n_00126_00000003.jpg	0	3	1	-1	0	0	3	0	0	0	0	0	-3
tweet_00115395	saude202201_n_00128_00000001.jpg	-3	0	1	0	0	1	0	0	0	0	0	0	-5
tweet_00115398	saude202201_n_00128_00000002.jpg	1	3	0	0	0	0	2	11	0	0	0	0	19
tweet_00115402	saude202201_n_00128_00000003.jpg	1	2	0	0	0	0	0	0	0	1	0	-3	0
tweet_00115412	saude202201_n_00128_00000004.jpg	2	2	0	0	0	0	0	0	1	0	0	1	0
tweet_00115425	saude202201_n_00129_00000003.png	0	-2	0	-1	0	-1	5	0	0	-1	0	0	6
tweet_00115436	saude202201_n_00130_00000001.jpg	0	3	0	0	0	0	1	9	0	0	0	0	21
tweet_00115491	saude202201_n_00131_00000004.jpg	0	-3	0	0	0	1	0	0	0	7	0	0	0
tweet_00115498	saude202201_n_00132_00000003.png	1	2	0	0	-1	0	2	4	0	2	0	1	4
tweet_00115502	saude202201_n_00132_00000004.jpg	-1	2	1	-1	0	0	0	0	0	11	0	0	0
tweet_00115515	saude202201_n_00133_00000001.jpg	1	2	0	0	0	0	0	5	0	-1	0	0	25
tweet_00115539	saude202201_n_00134_00000001.jpg	0	3	0	0	0	0	0	0	0	17	0	0	1
tweet_00115578	saude202201_n_00136_00000001.jpg	0	2	0	0	0	0	1	7	0	0	0	0	23
tweet_00115602	saude202201_n_00137_00000001.png	1	-2	0	0	0	2	0	1	0	20	0	0	1
tweet_00115631	saude202201_n_00139_00000002.jpg	1	2	0	-1	0	0	0	0	0	1	0	0	0
tweet_00115641	saude202201_n_00140_00000002.jpg	2	4	0	0	-1	0	1	11	0	0	0	0	22
tweet_00115655	saude202201_n_00140_00000003.jpg	0	3	0	-1	0	0	0	0	0	12	0	0	0
tweet_00115675	saude202201_n_00141_00000003.jpg	0	2	0	0	0	0	0	0	3	0	0	0	0
tweet_00115687	saude202201_n_00143_00000001.jpg	1	2	0	0	0	0	0	0	0	2	0	0	0
tweet_00115694	saude202201_n_00144_00000001.jpg	2	2	0	0	-1	0	2	4	0	1	0	1	5
tweet_00115700	saude202201_n_00144_00000002.jpg	1	0	0	0	1	0	0	0	0	0	4	0	0
tweet_00115740	saude202201_n_00148_00000001.jpg	0	2	0	0	0	0	0	2	0	0	0	0	6
tweet_00115752	saude202201_n_00149_00000002.jpg	1	1	0	0	0	1	0	0	0	0	0	0	0
tweet_00115810	saude202201_n_00154_00000001.jpg	0	3	0	-1	0	0	1	0	1	0	1	8	1
tweet_00115818	saude202201_n_00155_00000002.jpg	1	2	0	0	0	0	1	5	0	-1	0	0	20
tweet_00115844	saude202201_n_00157_00000001.jpg	0	3	0	0	0	0	0	9	0	0	0	0	11
tweet_00115861	saude202201_n_00158_00000001.jpg	0	2	0	0	0	0	0	17	0	0	0	0	12
tweet_00115884	saude202201_n_00159_00000001.jpg	1	2	0	0	0	0	1	11	0	0	0	0	21
tweet_00115902	saude202201_n_00160_00000002.jpg	1	4	0	0	0	1	4	4	0	0	0	0	24
tweet_00115904	saude202201_n_00160_00000003.jpg	1	2	0	0	0	1	0	0	0	20	0	0	0
tweet_00115907	saude202201_n_00160_00000004.png	-2	2	0	0	0	0	1	0	0	1	0	0	-3
tweet_00115924	saude202201_n_00160_00000008.jpg	1	2	0	0	0	0	0	-1	2	0	9	2	0
tweet_00115936	saude202201_n_00162_00000001.jpg	1	1	0	0	-1	1	0	0	0	1	0	0	-1
tweet_00115952	saude202201_n_00163_00000001.jpg	1	3	0	0	-1	0	0	0	2	0	1	12	1
tweet_00115965	saude202201_n_00165_00000001.jpg	1	2	0	0	0	0	1	1	6	0	3	12	0
tweet_00115979	saude202201_n_00166_00000001.png	1	-3	0	-1	0	0	0	0	0	0	-1	-2	-1
tweet_00115997	saude202201_n_00169_00000001.jpg	-1	2	0	0	-1	0	1	1	0	-1	0	0	-3
tweet_00116016	saude202201_n_00170_00000001.jpg	0	2	0	-1	0	0	0	0	4	0	0	4	1
tweet_00116018	saude202201_n_00175_00000001.jpg	0	3	0	0	0	0	1	0	0	0	0	0	-4
tweet_00116022	saude202201_n_00176_00000001.jpg	0	0	0	0	0	0	0	0	0	0	0	0	-4
tweet_00116026	saude202201_n_00177_00000002.jpg	1	2	0	0	0	0	0	0	0	7	0	0	0
tweet_00116039	saude202201_n_00178_00000001.jpg	-2	2	2	0	0	0	6	0	0	0	0	0	-1
tweet_00116059	saude202201_n_00179_00000002.jpg	0	2	0	0	0	0	0	0	12	0	0	0	0
tweet_00116078	saude202201_n_00180_00000001.jpg	2	2	0	0	0	0	0	3	0	9	0	0	0
tweet_00116109	saude202201_n_00185_00000002.jpg	1	2	0	0	0	0	0	3	0	0	0	0	4
tweet_00116117	saude202201_n_00186_00000002.jpg	2	2	-1	0	-1	0	0	0	0	1	0	0	0
tweet_00116124	saude202201_n_00186_00000003.jpg	1	2	0	0	-1	0	-1	0	1	0	0	8	1
tweet_00116151	saude202201_n_00188_00000001.jpg	2	2	0	-1	-1	0	0	0	1	0	1	3	0
tweet_00116153	saude202201_n_00188_00000002.jpg	1	2	0	0	-1	0	4	0	0	0	0	0	0
tweet_00116161	saude202201_n_00188_00000003.jpg	0	0	0	0	0	3	2	3	1	0	0	0	1
tweet_00116165	saude202201_n_00188_00000005.jpg	1	2	0	0	-1	0	1	0	0	1	-1	0	-1
tweet_00116172	saude202201_n_00189_00000001.jpg	-1	0	0	0	0	2	4	0	0	0	0	0	-4
tweet_00116173	saude202201_n_00189_00000002.jpg	-1	-2	0	0	0	1	2	0	0	0	0	0	-4
tweet_00116189	saude202201_n_00189_00000005.png	2	2	0	0	0	0	0	0	0	1	0	0	0
tweet_00116255	saude202201_n_00191_00000001.png	1	2	0	0	-2	0	0	0	0	0	0	0	-3
tweet_00116289	saude202201_n_00192_00000002.jpg	1	3	0	0	0	0	0	1	4	0	2	12	2
tweet_00116307	saude202201_n_00193_00000003.jpg	0	0	0	1	0	3	0	0	0	0	0	-1	0
tweet_00116312	saude202201_n_00193_00000005.jpg	3	-1	0	0	0	0	0	0	0	4	0	0	0
tweet_00116314	saude202201_n_00193_00000007.jpg	0	1	0	0	-1	1	0	0	7	0	0	0	0
tweet_00116317	saude202201_n_00193_00000008.jpg	1	2	0	0	0	0	0	0	0	0	1	1	0
tweet_00116333	saude202201_n_00194_00000001.jpg	1	0	-1	0	-2	4	0	0	0	1	0	0	-2
tweet_00116340	saude202201_n_00194_00000002.jpg	0	3	0	0	0	0	0	0	0	6	0	0	0
tweet_00116363	saude202201_n_00195_00000002.png	-1	0	0	0	0	1	2	1	0	0	0	0	-4
tweet_00116369	saude202201_n_00195_00000003.jpg	5	2	0	0	-1	0	0	7	0	1	0	0	14
tweet_00116380	saude202201_n_00196_00000001.jpg	0	4	0	0	0	0	0	6	0	8	0	1	3
tweet_00116393	saude202201_n_00196_00000003.jpg	1	3	0	0	-1	0	0	0	4	0	1	2	0
tweet_00116402	saude202201_n_00197_00000001.jpg	1	2	0	0	-1	1	0	0	0	0	0	0	-4
tweet_00116403	saude202201_n_00197_00000002.jpg	0	0	0	0	1	0	2	1	0	6	0	0	-1
tweet_00116428	saude202201_n_00198_00000001.jpg	0	0	0	1	0	3	0	0	0	0	0	0	-2
tweet_00116449	saude202201_n_00199_00000001.jpg	-1	2	0	0	0	0	0	0	0	0	0	0	-3
tweet_00116461	saude202201_n_00199_00000002.jpg	3	0	0	-1	0	0	0	13	0	1	0	2	0
tweet_00116464	saude202201_n_00200_00000001.jpg	0	0	0	-1	1	0	0	0	0	0	0	0	-4
tweet_00116501	saude202201_n_00201_00000002.jpg	1	0	1	0	0	0	0	1	0	1	0	0	0
tweet_00116505	saude202201_n_00201_00000003.jpg	1	1	0	0	0	2	0	1	0	14	0	1	0
tweet_00116518	saude202201_n_00202_00000001.jpg	-1	-1	0	0	0	2	0	1	0	0	0	-1	-1
tweet_00116519	saude202201_n_00203_00000001.jpg	1	-3	0	0	0	1	0	0	0	1	0	0	0
tweet_00116528	saude202201_n_00203_00000004.jpg	0	1	0	0	0	1	0	0	0	-1	0	0	0
tweet_00116531	saude202201_n_00203_00000005.jpg	0	0	-1	-1	0	1	2	0	0	0	0	0	-4
tweet_00116534	saude202201_n_00204_00000001.jpg	0	1	0	0	1	0	0	0	0	10	0	0	0
tweet_00116550	saude202201_n_00206_00000001.jpg	-3	-1	0	0	0	1	0	5	-3	1	0	0	23
tweet_00116551	saude202201_n_00206_00000002.jpg	1	0	0	0	2	0	0	0	0	10	0	-3	-2
tweet_00116552	saude202201_n_00223_00000001.jpg	1	-1	0	0	1	0	0	0	0	0	0	0	-5
tweet_00116585	saude202201_n_00221_00000001.jpg	1	-1	0	0	1	0	0	0	0	0	0	0	-5
tweet_00116596	saude202201_n_00208_00000001.jpg	-1	1	0	0	1	0	0	0	0	0	0	0	-4
tweet_00116626	saude202201_n_00211_00000001.jpg	1	0	0	0	0	1	0	0	0	6	0	0	0
tweet_00116631	saude202201_n_00211_00000002.jpg	-1	0	0	0	0	0	1	0	0	0	0	0	-1
tweet_00116655	saude202201_n_00212_00000001.jpg	1	2	-1	0	-1	0	0	6	0	0	0	0	23
tweet_00116663	saude202201_n_00213_00000001.jpg	0	-2	0	-1	0	1	0	0	0	0	0	-1	0
tweet_00116676	saude202201_n_00214_00000001.jpg	0	0	0	0	0	0	0	0	0	0	0	0	-5
tweet_00116690	saude202201_n_00216_00000001.jpg	-1	-2	1	-1	0	1	0	0	0	1	0	-3	0
tweet_00116710	saude202201_n_00220_00000001.jpg	0	0	0	0	0	3	0	0	0	0	0	0	-7
tweet_00116717	saude202201_n_00221_00000002.jpg	-1	-1	1	0	0	0	0	0	0	0	0	0	-5
tweet_00116735	saude202201_n_00222_00000001.jpg	2	-2	0	1	0	1	0	0	0	8	0	0	0
tweet_00116740	saude202201_n_00221_00000005.jpg	0	-3	0	0	0	0	0	-1	-2	0	0	0	0
tweet_00116752	saude202201_n_00222_00000002.png	0	0	0	0	0	0	0	0	0	0	0	0	-6
tweet_00116754	saude202201_n_00222_00000003.jpg	0	2	0	0	0	0	0	3	0	0	0	0	0
tweet_00116761	saude202201_n_00222_00000004.jpg	1	0	0	0	0	1	0	0	0	0	0	0	-3
tweet_00116764	saude202201_n_00223_00000002.jpg	-2	0	0	0	0	1	0	13	2	0	0	0	0
tweet_00116765	saude202201_n_00223_00000004.jpg	2	1	0	0	0	2	4	1	0	-1	0	0	3
tweet_00116766	saude202201_n_00223_00000005.jpg	0	0	0	0	0	2	0	0	0	0	0	0	-6
tweet_00116779	saude202201_n_00223_00000006.jpg	1	-1	0	0	1	0	0	0	0	0	4	0	0
tweet_00116785	saude202201_n_00224_00000001.jpg	0	0	0	0	0	2	0	0	0	0	0	0	-8
tweet_00116789	saude202201_n_00224_00000003.png	0	2	0	0	0	0	1	0	0	0	0	0	-3
tweet_00116790	saude202201_n_00224_00000004.jpg	0	-1	0	-1	0	1	1	0	0	0	0	0	-3
tweet_00116861	saude202201_n_00225_00000001.jpg	-1	-1	1	0	0	0	4	0	0	0	0	-1	-2
tweet_00116862	saude202201_n_00225_00000002.jpg	-1	1	0	0	0	0	4	0	0	0	0	-1	-2
tweet_00116939	saude202201_n_00227_00000001.jpg	-1	2	-1	-1	0	3	1	1	2	0	0	0	0
tweet_00116948	saude202201_n_00227_00000002.jpg	1	1	-1	0	0	0	0	0	13	0	0	0	1
tweet_00116955	saude202201_n_00227_00000003.png	0	1	0	0	0	1	0	11	0	0	0	1	-1
tweet_00116973	saude202201_n_00228_00000001.jpg	1	-3	0	0	0	3	0	0	0	-1	0	0	-3
tweet_00116991	saude202201_n_00228_00000003.jpg	-1	0	1	0	1	0	0	0	0	0	0	0	-1
tweet_00117010	saude202201_n_00229_00000001.jpg	1	0	0	0	0	-1	0	0	0	4	0	-1	0
tweet_00117023	saude202201_n_00229_00000002.jpg	-3	0	0	0	0	0	1	0	0	0	0	0	-2
tweet_00117029	saude202201_n_00229_00000003.jpg	-1	0	0	0	0	6	0	0	0	0	0	0	-5
tweet_00117051	saude202201_n_00230_00000001.jpg	-1	0	0	0	0	0	2	2	0	-1	0	2	-1
tweet_00117056	saude202201_n_00230_00000002.jpg	1	1	-2	0	2	0	0	0	0	-1	1	0	0
tweet_00117076	saude202201_n_00230_00000004.jpg	0	-1	0	2	0	0	0	1	0	1	0	0	0
tweet_00117089	saude202201_n_00231_00000002.jpg	0	1	0	-1	0	1	0	0	0	0	6	-5	-1
tweet_00117094	saude202201_n_00231_00000003.jpg	1	1	0	0	1	0	1	0	0	2	0	0	0
tweet_00117114	saude202201_n_00231_00000005.jpg	4	-3	0	0	0	-1	0	1	0	0	0	0	-1
tweet_00117142	saude202201_n_00232_00000003.jpg	1	-1	0	0	0	-1	3	0	0	1	0	0	0
tweet_00117175	saude202201_n_00233_00000004.jpg	-1	1	0	0	0	0	0	0	0	0	0	0	-3
tweet_00117183	saude202201_n_00233_00000005.jpg	1	1	-1	0	0	0	0	0	0	0	0	0	-5
tweet_00117202	saude202201_n_00233_00000007.jpg	1	-1	0	0	0	0	0	0	0	0	5	-2	0
tweet_00117224	saude202201_n_00234_00000002.jpg	1	-2	-1	0	0	4	0	0	0	4	0	0	0
tweet_00117231	saude202201_n_00234_00000004.jpg	0	-2	0	0	0	1	0	22	0	0	0	0	4
tweet_00117246	saude202201_n_00235_00000001.jpg	1	-2	0	0	0	0	0	1	0	0	0	0	-3
tweet_00117248	saude202201_n_00235_00000002.jpg	0	-2	0	0	1	0	0	0	0	0	0	-1	-5
tweet_00117271	saude202201_n_00235_00000003.jpg	3	-3	0	0	0	2	0	2	0	0	0	1	0
tweet_00117279	saude202201_n_00235_00000004.jpg	-1	0	0	0	0	2	3	0	0	0	0	0	-1
tweet_00117302	saude202201_n_00236_00000001.png	2	1	0	0	0	0	0	0	0	0	0	0	-4
tweet_00117303	saude202201_n_00236_00000002.png	1	1	0	0	1	0	0	0	0	0	4	0	0
tweet_00117308	saude202201_n_00236_00000003.png	0	0	0	0	1	0	0	0	0	9	0	0	0
tweet_00117312	saude202201_n_00236_00000004.jpg	2	1	0	0	-1	0	2	0	0	4	0	0	0
tweet_00117315	saude202201_n_00236_00000005.jpg	1	0	-1	-1	-1	0	0	3	0	1	0	0	1
tweet_00117328	saude202201_n_00236_00000006.jpg	0	0	0	0	0	5	0	0	0	0	0	0	-6
tweet_00117339	saude202201_n_00236_00000008.jpg	3	-1	0	0	0	-1	0	0	0	4	0	-1	0
tweet_00117347	saude202201_n_00237_00000001.jpg	1	1	0	0	0	1	0	1	0	32	0	0	0
tweet_00117350	saude202201_n_00237_00000002.jpg	1	0	0	0	0	1	0	0	0	19	0	-1	0
tweet_00117374	saude202201_n_00237_00000003.jpg	3	-1	0	-1	0	3	3	0	0	0	0	0	-3
tweet_00117380	saude202201_n_00237_00000014.jpg	1	-3	0	0	0	3	0	1	0	1	0	1	0
tweet_00117382	saude202201_n_00237_00000008.jpg	0	0	-1	0	0	3	0	0	0	10	0	0	0
tweet_00117420	saude202201_n_00238_00000001.jpg	4	-3	0	0	0	2	0	0	0	6	0	0	0
tweet_00117427	saude202201_n_00238_00000002.jpg	0	0	0	0	0	2	0	0	0	0	0	0	-1
tweet_00117460	saude202201_n_00239_00000001.jpg	1	-3	0	0	1	1	0	3	0	10	0	2	0
tweet_00117461	saude202201_n_00239_00000002.jpg	0	-3	0	0	0	0	0	0	2	0	0	2	0
tweet_00117462	saude202201_n_00239_00000003.jpg	0	0	0	0	1	0	0	0	0	8	0	-2	-2
tweet_00117466	saude202201_n_00240_00000001.jpg	0	-2	1	0	0	2	0	1	0	1	0	0	0
tweet_00117475	saude202201_n_00240_00000002.jpg	1	1	0	-1	-1	0	0	0	0	0	0	1	0
tweet_00117489	saude202201_n_00240_00000003.png	1	-3	0	0	0	2	0	0	0	11	0	0	0
tweet_00117499	saude202201_n_00241_00000001.jpg	1	-2	0	1	0	-1	1	0	0	2	0	-1	0
tweet_00117507	saude202201_n_00241_00000002.jpg	0	-2	0	0	0	-1	2	0	0	0	0	0	0
tweet_00117536	saude202201_n_00242_00000001.jpg	4	-3	0	0	0	1	0	0	0	8	0	0	0
tweet_00117537	saude202201_n_00243_00000001.jpg	4	0	2	-2	-1	0	0	1	1	-1	0	1	1
tweet_00117542	saude202201_n_00243_00000002.png	1	0	2	0	-1	0	0	2	0	0	0	0	1
tweet_00117576	saude202202_n_00001_00000001.jpg	0	2	0	0	0	0	0	0	0	1	0	0	0
tweet_00117606	saude202202_n_00001_00000002.jpg	0	-2	0	0	0	0	0	0	0	1	0	0	-2
tweet_00117607	saude202202_n_00001_00000003.jpg	1	-2	0	0	0	-2	0	0	0	1	0	0	0
tweet_00117613	saude202202_n_00001_00000004.jpg	2	0	1	-1	0	0	1	2	9	0	0	2	0
tweet_00117625	saude202202_n_00002_00000001.jpg	0	1	0	0	0	0	0	0	0	0	0	0	-4
tweet_00117630	saude202202_n_00002_00000002.jpg	1	-2	0	0	0	-1	0	0	0	5	0	0	0
tweet_00117662	saude202202_n_00003_00000001.jpg	-1	0	0	-1	0	2	0	1	0	0	0	0	-1
tweet_00117680	saude202202_n_00004_00000001.jpg	1	-2	0	0	0	-1	0	0	0	0	4	0	0
tweet_00117752	saude202202_n_00005_00000003.jpg	0	1	0	0	0	2	0	0	0	0	0	0	-1
tweet_00117753	saude202202_n_00005_00000004.jpg	0	0	0	-1	0	1	0	0	0	0	0	0	-4
tweet_00117774	saude202202_n_00006_00000001.png	1	-2	0	-1	0	-1	0	-1	0	0	8	0	0
tweet_00117791	saude202202_n_00006_00000003.jpg	1	-2	0	0	0	-1	0	0	0	6	0	0	0
tweet_00117800	saude202202_n_00006_00000004.png	2	-3	0	0	0	-1	2	6	0	1	0	2	4
tweet_00117823	saude202202_n_00007_00000001.png	5	-3	0	0	0	-1	0	0	0	1	0	-1	-1
tweet_00117827	saude202202_n_00007_00000002.jpg	1	-2	0	0	1	0	0	0	0	1	0	0	-1
tweet_00117833	saude202202_n_00007_00000003.jpg	1	-2	0	0	1	0	0	0	0	8	0	-1	-1
tweet_00117845	saude202202_n_00007_00000005.jpg	1	-2	0	0	0	-1	0	0	0	1	0	0	0
tweet_00117850	saude202202_n_00007_00000007.jpg	2	-3	0	0	1	-1	0	0	0	1	0	-1	-1
tweet_00117895	saude202202_n_00008_00000005.jpg	3	-3	0	0	0	-1	0	0	0	2	0	-1	-1
tweet_00117905	saude202202_n_00009_00000001.jpg	0	-2	-1	1	1	-1	1	0	0	0	0	0	0
tweet_00117935	saude202202_n_00009_00000006.jpg	1	-2	0	0	0	-1	0	0	0	29	0	0	0
tweet_00117963	saude202202_n_00010_00000001.jpg	-1	2	0	0	0	0	0	6	0	0	0	0	0
tweet_00117999	saude202202_n_00010_00000004.jpg	0	-1	0	1	0	-1	0	0	0	1	0	0	0
tweet_00118012	saude202202_n_00011_00000004.jpg	1	-2	0	0	0	-1	0	-1	0	0	8	0	0
tweet_00118028	saude202202_n_00011_00000006.jpg	3	-2	0	0	1	1	0	0	0	0	0	0	0
tweet_00118032	saude202202_n_00011_00000007.jpg	1	0	0	0	0	0	1	0	0	13	0	0	0
tweet_00118044	saude202202_n_00011_00000008.jpg	1	-2	0	0	0	-1	2	0	0	15	0	0	0
tweet_00118059	saude202202_n_00012_00000005.jpg	0	4	0	0	0	0	0	0	0	0	2	0	4
tweet_00118062	saude202202_n_00012_00000006.jpg	3	1	0	0	-1	0	0	0	0	1	0	0	-1
tweet_00118070	saude202202_n_00012_00000007.jpg	3	0	0	-1	0	0	0	0	0	2	0	1	0
tweet_00118096	saude202202_n_00013_00000001.jpg	0	2	0	0	0	0	0	1	0	0	-1	-1	0
tweet_00118109	saude202202_n_00014_00000001.jpg	1	0	0	0	1	0	4	0	0	0	0	-1	-5
tweet_00118110	saude202202_n_00014_00000002.jpg	1	2	0	-1	0	0	0	0	0	0	0	0	-1
tweet_00118147	saude202202_n_00015_00000002.jpg	0	2	0	0	0	0	0	0	0	0	0	0	-2
tweet_00118161	saude202202_n_00015_00000003.png	1	-2	0	0	1	0	0	0	0	3	0	-1	0
tweet_00118170	saude202202_n_00016_00000001.png	1	-3	1	0	1	-2	2	1	0	0	0	0	5
tweet_00118180	saude202202_n_00016_00000003.jpg	1	0	0	0	0	2	0	0	0	1	0	0	-1
tweet_00118185	saude202202_n_00016_00000004.jpg	2	-3	0	0	1	1	0	0	0	0	9	-1	0
tweet_00118187	saude202202_n_00016_00000005.jpg	1	0	-1	0	0	2	1	0	0	0	0	0	0
tweet_00118200	saude202202_n_00016_00000006.jpg	1	0	0	0	1	0	0	0	0	9	0	-1	0
tweet_00118205	saude202202_n_00016_00000007.jpg	1	-2	0	0	1	0	0	0	0	7	0	-3	-2
tweet_00118225	saude202202_n_00017_00000001.jpg	2	-2	0	0	2	0	1	0	0	14	0	0	0
tweet_00118231	saude202202_n_00017_00000002.jpg	0	-2	0	0	1	1	0	0	0	5	0	0	0
tweet_00118234	saude202202_n_00017_00000003.jpg	-2	0	0	0	1	0	0	0	0	6	0	0	-1
tweet_00118245	saude202202_n_00017_00000004.jpg	1	-2	0	0	1	0	0	0	0	0	0	-2	-2
tweet_00118248	saude202202_n_00017_00000005.jpg	1	-2	0	0	1	0	0	0	0	25	0	0	0
tweet_00118255	saude202202_n_00017_00000008.jpg	1	-2	0	0	1	0	0	-1	0	0	6	0	0
tweet_00118260	saude202202_n_00017_00000010.jpg	1	-2	-1	0	1	0	0	0	0	2	0	-1	0
tweet_00118268	saude202202_n_00018_00000001.jpg	0	-4	0	0	1	0	0	0	0	0	0	0	-3
tweet_00118315	saude202202_n_00018_00000005.jpg	1	-2	0	0	1	0	0	0	0	4	0	0	0
tweet_00118337	saude202202_n_00019_00000003.jpg	0	-3	0	1	1	3	1	0	0	0	0	0	2
tweet_00118342	saude202202_n_00019_00000005.jpg	3	0	0	0	1	-1	0	27	0	0	0	0	0
tweet_00118344	saude202202_n_00019_00000006.jpg	1	0	0	0	-1	0	-1	0	0	-1	0	2	0
tweet_00118366	saude202202_n_00019_00000007.jpg	1	0	0	0	0	0	0	0	0	0	0	-1	0
tweet_00118368	saude202202_n_00019_00000008.jpg	0	2	0	0	-1	0	1	2	0	20	0	0	0
tweet_00118372	saude202202_n_00020_00000001.jpg	1	1	0	0	0	1	0	1	0	25	0	1	0
tweet_00118373	saude202202_n_00020_00000002.png	1	-2	0	-1	0	0	1	0	0	0	2	0	0
tweet_00118384	saude202202_n_00020_00000005.jpg	1	2	0	0	-1	0	0	0	0	0	0	-1	-4
tweet_00118436	saude202202_n_00021_00000001.png	1	-2	0	-1	0	-1	0	0	0	2	0	-1	-1
tweet_00118445	saude202202_n_00023_00000002.jpg	1	-1	0	0	0	-1	0	0	0	1	0	-1	0
tweet_00118472	saude202202_n_00026_00000001.jpg	3	-2	0	0	0	-1	0	0	0	0	0	-1	-1
tweet_00118473	saude202202_n_00026_00000002.jpg	0	2	0	-1	0	0	1	1	0	-1	0	0	15
tweet_00118476	saude202202_n_00026_00000004.jpg	3	-3	0	0	0	-1	0	0	0	2	0	-1	-1
tweet_00118481	saude202202_n_00027_00000001.jpg	3	1	-1	0	-1	0	0	0	0	1	0	0	0
tweet_00118483	saude202202_n_00027_00000002.jpg	1	-3	0	1	0	-1	2	0	0	4	0	0	0
tweet_00118485	saude202202_n_00027_00000004.png	3	-3	0	1	0	-1	4	0	0	5	0	0	-1
tweet_00118499	saude202202_n_00027_00000005.jpg	0	0	0	0	2	1	1	0	0	-1	0	0	-2
tweet_00118514	saude202202_n_00028_00000001.jpg	0	1	0	-2	0	0	1	0	0	1	0	0	-2
tweet_00118518	saude202202_n_00028_00000002.jpg	3	0	0	-2	-1	0	0	0	1	1	0	-2	0
tweet_00118519	saude202202_n_00028_00000003.jpg	3	-3	0	0	0	-1	0	0	0	1	0	-1	-1
tweet_00118533	saude202202_n_00028_00000004.png	2	1	0	0	0	0	0	0	0	1	0	0	0
tweet_00118539	saude202202_n_00029_00000001.png	0	1	0	0	0	0	0	0	0	0	0	0	-2
tweet_00118557	saude202202_n_00029_00000003.png	2	-2	0	1	0	-1	0	0	0	1	0	-1	0
tweet_00118572	saude202202_n_00030_00000001.jpg	1	-2	0	0	1	-1	0	0	0	0	0	0	-1
tweet_00118575	saude202202_n_00030_00000002.jpg	0	0	0	0	0	3	0	0	0	0	0	0	-5
tweet_00118576	saude202202_n_00030_00000003.jpg	0	0	0	0	0	2	0	0	0	0	0	0	-4
tweet_00118584	saude202202_n_00030_00000004.jpg	-1	0	0	0	0	1	0	12	0	2	0	1	0
tweet_00118586	saude202202_n_00030_00000005.jpg	1	-2	0	0	0	-1	0	0	0	2	0	-1	-1
tweet_00118588	saude202202_n_00030_00000006.jpg	1	-2	0	0	0	-1	0	0	0	0	0	0	-3
tweet_00118604	saude202202_n_00030_00000008.png	0	1	0	0	0	0	0	0	0	0	0	0	-4
tweet_00118608	saude202202_n_00030_00000011.jpg	1	-2	0	0	0	-1	0	0	0	1	0	-1	-1
tweet_00118616	saude202202_n_00031_00000002.jpg	0	0	-1	0	0	0	0	0	0	2	0	-1	-1
tweet_00118627	saude202202_n_00031_00000003.jpg	0	0	0	0	0	2	1	0	0	0	0	0	-7
tweet_00118642	saude202202_n_00031_00000006.jpg	1	-2	0	0	0	-1	0	-1	0	0	16	0	0
tweet_00118650	saude202202_n_00031_00000008.jpg	1	2	0	-1	0	1	0	1	0	0	0	7	0
tweet_00118660	saude202202_n_00032_00000001.jpg	1	-2	0	-1	0	0	0	0	0	0	0	0	-6
tweet_00118667	saude202202_n_00032_00000003.jpg	2	2	0	0	0	0	0	0	0	2	0	1	0
tweet_00118680	saude202202_n_00032_00000005.jpg	1	-2	0	2	0	-1	0	0	0	3	0	-1	0
tweet_00118682	saude202202_n_00032_00000006.jpg	3	-2	0	0	0	-1	0	0	0	0	0	0	-1
tweet_00118685	saude202202_n_00032_00000002.jpg	0	0	0	0	0	1	0	0	0	0	0	0	-5
tweet_00118708	saude202202_n_00032_00000008.jpg	0	1	0	0	0	0	1	6	0	0	0	0	1
tweet_00118727	saude202202_n_00033_00000003.png	0	1	0	0	0	0	1	0	0	8	0	0	0
tweet_00118739	saude202202_n_00033_00000005.jpg	1	-2	0	0	0	-1	0	0	0	0	3	0	0
tweet_00118758	saude202202_n_00033_00000008.jpg	1	-2	0	0	0	-1	1	0	0	0	2	0	0
tweet_00118768	saude202202_n_00034_00000002.jpg	0	0	0	0	0	0	0	0	0	0	0	0	-3
tweet_00118770	saude202202_n_00034_00000006.jpg	0	1	0	0	0	1	0	0	0	6	0	0	0
tweet_00118773	saude202202_n_00034_00000008.jpg	1	-2	0	0	0	-1	1	0	0	2	0	-1	-1
tweet_00118777	saude202202_n_00034_00000009.jpg	3	-2	0	1	0	-1	0	0	0	4	0	-1	-2
tweet_00118781	saude202202_n_00034_00000011.jpg	1	-2	0	0	0	-1	0	0	0	1	0	-1	0
tweet_00118814	saude202202_n_00035_00000001.png	0	0	0	0	0	1	0	0	0	0	0	0	-4
tweet_00118834	saude202202_n_00035_00000002.jpg	3	1	-1	0	0	1	0	0	0	17	0	1	0
tweet_00118844	saude202202_n_00035_00000003.jpg	0	-1	1	0	0	1	0	2	0	0	0	1	-1
tweet_00118857	saude202202_n_00035_00000005.jpg	-1	1	0	0	-2	1	2	0	0	0	0	-1	-2
tweet_00118867	saude202202_n_00037_00000002.jpg	1	0	0	0	0	1	7	-1	0	-1	0	1	0
tweet_00118871	saude202202_n_00037_00000003.jpg	1	-3	0	0	0	-1	0	0	0	5	0	0	0
tweet_00118902	saude202202_n_00038_00000001.jpg	-1	2	0	0	-3	0	0	6	1	1	0	1	0
tweet_00118903	saude202202_n_00038_00000002.jpg	0	1	1	0	-1	0	0	1	0	-1	0	-1	3
tweet_00118904	saude202202_n_00038_00000004.jpg	-1	1	1	0	0	0	0	2	0	0	0	-1	-1
tweet_00118923	saude202202_n_00038_00000006.jpg	1	-1	0	0	1	2	0	2	0	0	0	2	0
tweet_00118935	saude202202_n_00039_00000001.jpg	0	-1	0	1	1	0	2	0	0	0	0	0	-7
tweet_00118938	saude202202_n_00039_00000004.jpg	1	-2	0	0	0	-1	1	0	0	0	0	0	0
tweet_00118966	saude202202_n_00040_00000001.jpg	0	-1	0	0	2	1	6	0	0	0	0	0	-3
tweet_00118972	saude202202_n_00040_00000002.jpg	0	-2	0	0	0	2	0	0	0	1	0	0	-2
tweet_00118998	saude202202_n_00041_00000001.jpg	0	3	0	-1	0	1	1	0	0	0	0	0	-6
tweet_00119000	saude202202_n_00041_00000002.jpg	1	-2	0	1	0	-1	0	0	0	0	0	-1	0
tweet_00119006	saude202202_n_00041_00000003.jpg	0	-2	0	0	0	-1	0	0	0	0	0	-1	-1
tweet_00119015	saude202202_n_00042_00000001.png	2	-1	0	1	0	-1	0	0	0	2	0	-1	0
tweet_00119016	saude202202_n_00042_00000002.jpg	2	-2	0	1	0	-1	0	0	0	0	0	0	0
tweet_00119017	saude202202_n_00042_00000003.jpg	1	1	0	0	0	1	3	7	0	1	0	0	14
tweet_00119018	saude202202_n_00042_00000004.jpg	1	-3	0	0	0	-1	0	0	0	2	0	-1	-1
tweet_00119025	saude202202_n_00042_00000005.jpg	2	-4	0	0	0	2	0	0	0	0	0	0	-4
tweet_00119026	saude202202_n_00042_00000006.jpg	0	0	0	0	0	3	0	0	0	1	0	0	-3
tweet_00119042	saude202202_n_00044_00000001.jpg	-1	2	0	0	0	0	0	0	0	0	0	0	-3
tweet_00119045	saude202202_n_00044_00000003.jpg	-1	0	0	0	0	0	2	0	0	0	0	-1	0
tweet_00119060	saude202202_n_00045_00000001.png	0	0	0	0	0	1	0	0	0	-1	0	0	0
tweet_00119082	saude202202_n_00045_00000004.jpg	1	0	-1	-2	-1	0	0	7	0	1	0	0	3
tweet_00119092	saude202202_n_00046_00000001.jpg	3	-2	0	1	0	-1	0	0	0	0	0	-1	0
tweet_00119096	saude202202_n_00046_00000002.jpg	-1	1	-1	0	0	0	1	0	0	2	0	0	0
tweet_00119116	saude202202_n_00047_00000001.jpg	1	5	0	0	-2	0	0	4	0	-1	0	0	21
tweet_00119125	saude202202_n_00047_00000002.jpg	-1	-3	0	0	1	0	0	0	0	0	0	0	-5
tweet_00119151	saude202202_n_00048_00000001.png	0	2	0	0	-1	0	0	3	0	0	0	0	22
tweet_00119153	saude202202_n_00050_00000001.png	-2	2	0	0	0	0	0	0	0	0	0	0	-4
tweet_00119156	saude202202_n_00050_00000002.jpg	-1	2	0	0	-1	0	0	1	0	0	-1	0	-2
tweet_00119164	saude202202_n_00050_00000003.jpg	0	4	0	0	0	0	0	3	0	0	0	0	4
tweet_00119177	saude202202_n_00051_00000001.jpg	1	-2	1	0	1	0	1	0	0	-1	0	-2	-2
tweet_00119235	saude202202_n_00052_00000003.jpg	0	0	0	0	0	0	0	0	0	0	0	-1	0
tweet_00119239	saude202202_n_00053_00000001.jpg	1	-1	0	0	0	1	0	0	0	0	0	0	-3
tweet_00119245	saude202202_n_00053_00000005.jpg	0	2	0	-1	-1	0	0	6	0	2	0	1	0
tweet_00119250	saude202202_n_00053_00000006.jpg	-3	2	0	0	0	0	0	0	0	1	0	0	0
tweet_00119251	saude202202_n_00053_00000008.jpg	0	4	0	-1	1	0	0	0	0	0	0	0	-5
tweet_00119263	saude202202_n_00053_00000009.jpg	1	-2	1	1	0	-1	4	0	0	0	0	0	0
tweet_00119267	saude202202_n_00054_00000001.jpg	0	6	0	0	0	1	0	2	0	1	0	0	5
tweet_00119277	saude202202_n_00053_00000012.jpg	3	-3	0	0	0	-1	0	0	0	0	0	-1	0
tweet_00119290	saude202202_n_00054_00000002.jpg	2	-2	0	1	0	-1	0	0	0	0	0	-1	0
tweet_00119297	saude202202_n_00054_00000004.png	0	2	0	-1	0	0	0	1	0	0	0	0	0
tweet_00119314	saude202202_n_00055_00000001.jpg	0	-2	0	0	0	-1	0	0	0	1	0	-1	-1
tweet_00119326	saude202202_n_00055_00000002.jpg	0	1	-1	-1	0	0	0	0	0	0	0	0	-1
tweet_00119331	saude202202_n_00055_00000003.jpg	1	0	0	0	1	0	0	0	0	-1	0	-1	0
tweet_00119347	saude202202_n_00056_00000002.jpg	2	3	0	0	1	0	0	0	2	3	0	2	0
tweet_00119365	saude202202_n_00057_00000001.jpg	0	0	0	0	0	0	0	0	0	0	0	-1	0
tweet_00119371	saude202202_n_00057_00000002.jpg	3	-3	0	0	0	-1	0	0	0	2	0	-1	-1
tweet_00119378	saude202202_n_00057_00000003.jpg	1	-3	0	0	0	-1	0	0	0	1	0	0	-1
tweet_00119382	saude202202_n_00057_00000004.jpg	1	-3	0	1	1	-1	0	0	0	6	0	-1	-1
tweet_00119397	saude202202_n_00058_00000001.png	1	2	0	0	0	0	0	0	0	1	0	-1	-4
tweet_00119408	saude202202_n_00058_00000002.jpg	3	-2	0	1	0	-1	0	0	0	1	0	-1	-1
tweet_00119412	saude202202_n_00058_00000003.jpg	1	-2	0	0	0	-1	0	0	0	1	0	-1	-1
tweet_00119422	saude202202_n_00058_00000004.jpg	1	2	0	0	0	1	0	0	0	1	0	0	0
tweet_00119430	saude202202_n_00058_00000005.png	0	-2	1	0	1	0	10	0	0	0	0	0	19
tweet_00119431	saude202202_n_00058_00000006.jpg	-1	2	0	0	-1	1	0	6	0	0	0	1	0
tweet_00119438	saude202202_n_00058_00000007.jpg	0	2	0	0	0	0	0	0	0	21	0	0	0
tweet_00119460	saude202202_n_00059_00000001.jpg	1	-2	0	0	0	-1	2	1	0	0	0	0	0
tweet_00119467	saude202202_n_00060_00000001.jpg	2	-2	0	1	1	-1	1	0	0	0	0	0	-1
tweet_00119479	saude202202_n_00061_00000001.jpg	2	-2	0	1	0	-1	0	0	0	0	0	-1	0
tweet_00119487	saude202202_n_00061_00000002.jpg	1	0	0	0	2	1	0	0	0	22	0	1	1
tweet_00119500	saude202202_n_00062_00000001.jpg	0	1	0	0	-1	0	0	0	0	0	0	-1	-5
tweet_00119516	saude202202_n_00063_00000001.png	0	2	0	0	0	0	1	16	0	0	0	0	9
tweet_00119530	saude202202_n_00064_00000001.jpg	1	-1	-1	0	1	-1	0	0	0	0	0	0	-1
tweet_00119538	saude202202_n_00064_00000002.jpg	0	0	-1	0	0	1	0	8	0	0	0	0	11
tweet_00119539	saude202202_n_00064_00000003.jpg	1	-1	0	0	0	-1	0	1	0	0	0	0	-1
tweet_00119565	saude202202_n_00066_00000001.jpg	1	-2	0	0	0	-2	2	1	0	0	0	-2	-6
tweet_00119566	saude202202_n_00066_00000002.jpg	0	-2	0	0	0	-1	2	0	0	7	0	0	0
tweet_00119593	saude202202_n_00067_00000001.jpg	1	-1	0	1	0	-3	0	0	0	8	0	-1	-2
tweet_00119631	saude202202_n_00068_00000001.jpg	1	-2	0	0	0	-1	0	0	-1	0	0	0	7
tweet_00119660	saude202202_n_00068_00000002.jpg	1	-2	0	0	0	-1	0	0	0	0	0	-1	-1
tweet_00119693	saude202202_n_00069_00000004.jpg	0	-2	0	0	0	-1	2	0	0	0	0	0	0
tweet_00119701	saude202202_n_00070_00000001.png	0	-1	-1	1	1	-1	0	2	0	0	0	-2	0
tweet_00119715	saude202202_n_00070_00000003.jpg	0	-2	0	0	0	0	0	0	0	0	0	0	0
tweet_00119734	saude202202_n_00071_00000002.jpg	1	3	0	0	0	1	0	0	0	22	0	0	0
tweet_00119744	saude202202_n_00071_00000004.jpg	0	-3	0	0	1	0	1	2	0	-1	0	-1	14
tweet_00119757	saude202202_n_00071_00000005.jpg	1	-2	0	0	0	-1	2	0	0	1	0	0	0
tweet_00119786	saude202202_n_00072_00000002.png	1	-2	0	0	0	-1	0	0	0	16	0	0	0
tweet_00119799	saude202202_n_00073_00000001.jpg	1	-2	0	0	0	-1	0	0	0	2	0	-1	-1
tweet_00119809	saude202202_n_00073_00000003.jpg	0	-2	0	1	0	-1	0	0	0	2	0	-1	-2
tweet_00119856	saude202202_n_00074_00000005.jpg	2	-1	0	1	0	-1	0	0	0	10	0	-1	-2
tweet_00119863	saude202202_n_00075_00000001.jpg	1	-3	0	1	0	-1	0	0	0	0	0	0	-3
tweet_00119873	saude202202_n_00075_00000005.jpg	2	-5	0	0	0	-1	0	9	0	3	0	0	0
tweet_00119875	saude202202_n_00075_00000006.jpg	2	-1	0	1	0	-1	0	0	0	0	0	-1	-1
tweet_00119902	saude202202_n_00076_00000002.jpg	0	0	0	0	0	-1	0	0	0	0	0	0	-5
tweet_00119908	saude202202_n_00076_00000003.png	-1	0	0	0	0	0	4	0	0	0	0	0	-6
tweet_00119913	saude202202_n_00076_00000005.jpg	1	-2	0	0	0	-1	0	0	0	1	0	0	0
tweet_00119916	saude202202_n_00076_00000006.png	1	-2	0	0	0	-1	0	0	0	2	0	-1	-1
tweet_00119920	saude202202_n_00077_00000002.jpg	0	-1	0	0	0	-1	0	0	0	0	2	0	0
tweet_00119923	saude202202_n_00077_00000005.jpg	1	-2	0	0	0	-1	5	1	0	0	0	0	0
tweet_00119938	saude202202_n_00077_00000006.png	1	-2	1	0	1	0	11	0	1	0	0	0	21
tweet_00119948	saude202202_n_00078_00000001.jpg	0	2	1	-1	0	0	0	0	0	0	0	0	0
tweet_00119951	saude202202_n_00079_00000001.jpg	1	-2	2	0	0	2	0	10	0	-1	0	1	0
tweet_00119959	saude202202_n_00079_00000003.jpg	1	3	0	0	0	2	0	3	0	-1	0	0	-1
tweet_00119973	saude202202_n_00080_00000001.jpg	2	0	0	0	0	2	0	0	0	8	0	0	0
tweet_00119982	saude202202_n_00080_00000003.jpg	2	-1	0	0	1	-1	0	0	0	0	0	0	-1
tweet_00119997	saude202202_n_00081_00000002.jpg	1	0	-1	-1	-1	0	0	0	0	1	0	-3	-1
tweet_00119998	saude202202_n_00082_00000001.jpg	-1	0	0	-1	1	2	0	0	0	1	0	0	0
tweet_00120016	saude202202_n_00082_00000003.jpg	0	1	0	0	-1	0	0	2	0	0	0	0	2
tweet_00120017	saude202202_n_00082_00000004.jpg	0	0	0	0	0	0	0	0	0	0	0	0	-5
tweet_00120019	saude202202_n_00083_00000002.jpg	0	-1	0	0	0	1	0	1	0	1	0	0	3
tweet_00120030	saude202202_n_00083_00000003.jpg	-3	0	-2	0	0	2	0	0	0	3	0	0	-2
tweet_00120031	saude202202_n_00083_00000006.png	-1	0	1	0	0	0	0	1	0	0	-2	-1	0
tweet_00120044	saude202202_n_00084_00000002.jpg	0	-3	0	1	0	1	0	0	0	10	0	0	0
tweet_00120058	saude202202_n_00085_00000001.jpg	2	1	0	-1	0	0	0	0	0	0	0	-3	0
tweet_00120061	saude202202_n_00085_00000002.jpg	-1	1	0	-1	0	0	2	1	0	0	0	0	8
tweet_00120089	saude202202_n_00097_00000001.jpg	0	0	0	0	0	1	0	0	0	-1	0	0	-3
tweet_00120090	saude202202_n_00097_00000002.jpg	-1	0	1	0	0	1	5	0	0	0	0	0	-6
tweet_00120100	saude202202_n_00097_00000003.jpg	0	-2	1	0	0	0	0	-1	0	1	0	-1	0
tweet_00120126	saude202202_n_00098_00000001.png	0	-2	1	0	0	0	0	0	0	-1	0	0	-2
tweet_00120135	saude202202_n_00099_00000001.jpg	2	-1	0	0	0	2	0	0	0	1	0	0	1
tweet_00120149	saude202202_n_00100_00000001.jpg	1	1	0	-1	0	0	0	0	0	0	0	0	-3
tweet_00120185	saude202202_n_00102_00000001.jpg	1	0	2	0	0	2	0	3	0	2	0	0	11
tweet_00120191	saude202202_n_00102_00000002.jpg	-1	2	0	0	0	0	0	1	0	-1	0	-1	6
tweet_00120193	saude202202_n_00102_00000003.jpg	-1	0	0	0	0	2	0	0	0	0	0	0	-1
tweet_00120216	saude202202_n_00103_00000002.jpg	1	-2	1	0	0	0	0	0	0	2	0	-1	0
tweet_00120238	saude202202_n_00104_00000002.jpg	0	-1	1	0	0	0	0	0	0	1	2	0	0
tweet_00120239	saude202202_n_00104_00000003.jpg	3	-3	0	0	2	0	0	0	0	9	0	-3	-1
tweet_00120246	saude202202_n_00104_00000004.jpg	0	-2	0	0	0	1	1	3	0	15	0	1	0
tweet_00120273	saude202202_n_00105_00000001.png	0	-1	0	0	0	0	8	0	0	0	0	0	14
tweet_00120284	saude202202_n_00105_00000003.jpg	1	0	-1	0	0	1	0	9	0	0	0	0	13
tweet_00120291	saude202202_n_00106_00000001.jpg	-1	0	0	0	0	1	0	0	0	0	0	0	-1
tweet_00120297	saude202202_n_00106_00000002.jpg	2	-2	-1	0	0	0	0	0	0	4	0	-1	0
tweet_00120306	saude202202_n_00107_00000001.jpg	0	0	2	0	0	0	1	2	0	0	0	0	6
tweet_00120312	saude202202_n_00107_00000003.jpg	1	-1	-1	0	0	0	0	0	0	-1	0	0	-2
tweet_00120319	saude202202_n_00107_00000004.jpg	1	1	0	0	1	0	0	0	0	0	0	0	-5
tweet_00120352	saude202202_n_00107_00000002.jpg	-1	1	3	0	0	0	0	3	0	0	0	0	4
tweet_00120367	saude202202_n_00108_00000001.jpg	2	-2	1	0	1	0	0	-1	0	1	0	0	0
tweet_00120368	saude202202_n_00108_00000002.jpg	1	-1	2	0	1	0	2	0	0	0	0	0	9
tweet_00120374	saude202202_n_00108_00000004.jpg	-1	-2	0	0	1	0	0	0	0	-1	0	-1	-3
tweet_00120376	saude202202_n_00108_00000005.jpg	1	-2	-1	0	0	0	1	0	0	-1	0	0	-1
tweet_00120382	saude202202_n_00108_00000006.png	0	-2	-1	0	0	0	0	0	0	-1	0	0	0
tweet_00120384	saude202202_n_00108_00000007.jpg	2	-3	0	0	0	0	0	0	0	11	0	-4	-2
tweet_00120387	saude202202_n_00108_00000008.png	0	0	0	0	0	3	0	0	0	0	0	0	-3
tweet_00120401	saude202202_n_00108_00000010.jpg	1	-2	1	0	0	0	0	0	0	8	0	-2	-1
tweet_00120407	saude202202_n_00108_00000011.jpg	1	-2	1	0	1	0	1	0	0	-1	0	-2	-1
tweet_00120411	saude202202_n_00109_00000001.jpg	1	1	0	0	0	0	-3	0	-1	3	0	1	0
tweet_00120430	saude202202_n_00109_00000004.jpg	0	0	0	0	1	1	1	-1	0	3	0	0	0
tweet_00120447	saude202202_n_00110_00000001.jpg	0	-1	1	0	0	0	9	0	0	0	0	0	17
tweet_00120512	saude202202_n_00111_00000004.png	1	-2	0	0	0	0	0	0	0	10	0	0	-1
tweet_00120519	saude202202_n_00112_00000001.jpg	6	-4	-1	0	2	1	1	-1	0	2	0	-1	0
tweet_00120521	saude202202_n_00112_00000003.jpg	0	-2	1	0	1	0	0	0	0	-1	0	0	0
tweet_00120522	saude202202_n_00112_00000004.jpg	1	-2	0	1	2	0	0	0	0	4	0	-1	0
tweet_00120545	saude202202_n_00112_00000005.jpg	1	-2	0	0	0	0	0	0	0	-1	0	0	-2
tweet_00120571	saude202202_n_00112_00000009.jpg	1	-2	0	0	0	0	0	0	0	0	0	0	-1
tweet_00120596	saude202202_n_00114_00000001.jpg	1	2	0	0	0	0	4	1	0	0	0	0	-2
tweet_00120597	saude202202_n_00114_00000005.png	-1	-1	0	1	0	0	0	0	0	1	0	-1	-2
tweet_00120612	saude202202_n_00115_00000001.jpg	1	0	0	0	0	0	0	0	0	1	0	0	0
tweet_00120635	saude202202_n_00116_00000002.png	3	4	0	0	0	0	6	0	0	0	0	0	-6
tweet_00120669	saude202202_n_00118_00000001.jpg	0	0	0	0	0	1	0	0	0	0	0	0	-7
tweet_00120675	saude202202_n_00118_00000003.jpg	1	0	1	0	0	2	0	0	0	0	0	0	-6
tweet_00120695	saude202202_n_00120_00000001.jpg	-1	0	0	0	0	2	5	1	0	0	0	-1	-7
tweet_00120699	saude202202_n_00120_00000003.jpg	0	1	-1	0	-1	0	0	14	0	2	0	1	0
tweet_00120723	saude202202_n_00122_00000002.jpg	1	1	0	0	0	0	0	0	0	1	0	0	-1
tweet_00120724	saude202202_n_00122_00000001.jpg	-1	0	0	0	0	1	1	1	0	0	0	0	-1
tweet_00120743	saude202202_n_00123_00000001.jpg	-1	0	0	0	0	2	1	0	0	0	0	0	-4
tweet_00120762	saude202202_n_00124_00000001.jpg	-1	0	-1	0	0	1	1	0	0	0	0	0	-5
tweet_00120777	saude202202_n_00124_00000002.jpg	2	-3	0	1	0	-1	0	0	-1	0	2	0	0
tweet_00120781	saude202202_n_00125_00000001.jpg	0	0	0	0	0	0	0	0	0	0	0	0	-5
tweet_00120795	saude202202_n_00126_00000001.jpg	0	4	0	-1	0	0	-2	1	0	0	1	1	0
tweet_00120817	saude202202_n_00127_00000002.jpg	1	-1	0	0	0	-1	0	0	0	1	0	-1	0
tweet_00120830	saude202202_n_00127_00000003.jpg	0	2	0	-1	0	0	2	4	0	0	0	0	25
tweet_00120849	saude202202_n_00128_00000001.jpg	1	-1	0	0	0	0	0	0	0	0	0	0	-2
tweet_00120884	saude202202_n_00131_00000001.png	1	3	0	1	0	0	0	0	0	8	0	0	0
tweet_00120900	saude202202_n_00131_00000006.jpg	0	0	0	-1	1	1	0	0	0	0	0	0	-1
tweet_00120911	saude202202_n_00132_00000001.jpg	2	0	0	-1	0	0	0	0	0	1	0	-1	0
tweet_00120932	saude202202_n_00135_00000001.jpg	0	0	0	0	0	0	5	3	0	0	0	-1	-4
tweet_00120933	saude202202_n_00135_00000002.jpg	0	0	0	0	0	2	4	0	0	0	0	-1	-6
tweet_00120936	saude202202_n_00135_00000005.jpg	1	1	0	0	0	1	0	0	0	18	0	0	0
tweet_00120945	saude202202_n_00140_00000001.jpg	1	0	0	0	1	0	0	4	0	0	0	1	0
tweet_00120947	saude202202_n_00141_00000001.jpg	1	0	0	0	1	1	0	0	0	1	0	0	-2
tweet_00120949	saude202202_n_00150_00000001.jpg	0	-2	0	0	0	3	0	1	0	10	0	0	-1
tweet_00120951	saude202202_n_00151_00000001.jpg	0	1	0	0	0	0	0	1	0	-1	0	-1	3
tweet_00120957	saude202202_n_00153_00000001.jpg	1	-2	1	0	0	5	0	0	0	1	0	0	0
tweet_00120966	saude202202_n_00164_00000002.jpg	1	1	0	0	0	0	8	0	0	-1	0	0	-2
tweet_00120970	saude202202_n_00166_00000001.jpg	0	0	0	0	-1	2	0	0	0	17	0	0	0
tweet_00120973	saude202202_n_00167_00000001.jpg	0	0	0	-1	2	1	0	0	0	0	0	0	-1
tweet_00120975	saude202202_n_00171_00000001.jpg	3	1	0	0	0	1	4	0	-1	5	0	0	-1
tweet_00120979	saude202202_n_00215_00000002.jpg	-3	1	0	0	0	0	0	1	3	2	0	0	0
tweet_00120980	saude202202_n_00215_00000003.jpg	2	-1	0	0	0	0	0	2	0	0	0	0	8
tweet_00120983	saude202202_n_00215_00000004.jpg	1	0	0	0	0	3	0	2	0	0	0	1	0
tweet_00120987	saude202202_n_00215_00000006.jpg	-1	-2	-1	0	0	0	0	0	0	6	0	0	0
tweet_00121003	saude202202_n_00216_00000001.jpg	1	0	0	0	0	3	0	0	0	1	0	0	-2
tweet_00121008	saude202202_n_00216_00000002.jpg	0	3	0	0	0	3	0	0	0	0	0	0	-1
tweet_00121036	saude202202_n_00217_00000001.png	-3	0	0	0	0	0	0	2	0	0	0	-1	0
tweet_00121039	saude202202_n_00217_00000003.png	0	2	0	0	0	0	1	0	0	0	0	0	-7
tweet_00121059	saude202202_n_00218_00000001.jpg	0	2	2	0	0	0	1	0	0	-1	0	0	10
tweet_00121063	saude202202_n_00218_00000002.jpg	0	2	0	-1	-1	0	1	0	0	0	0	0	-3
tweet_00121067	saude202202_n_00218_00000004.jpg	0	0	-1	0	2	2	2	0	0	0	0	0	-4
tweet_00121068	saude202202_n_00218_00000007.jpg	-1	0	0	0	1	2	0	0	0	0	0	0	-3
tweet_00121081	saude202202_n_00218_00000008.jpg	1	-1	0	0	0	0	0	0	0	0	0	0	0
tweet_00121082	saude202202_n_00218_00000009.jpg	-2	2	0	0	-1	0	0	0	0	-1	0	-1	0
tweet_00121083	saude202202_n_00218_00000011.jpg	0	0	1	0	1	0	0	2	0	-1	0	0	2
tweet_00121087	saude202202_n_00218_00000013.jpg	0	1	0	0	0	-2	2	0	0	4	0	0	0
tweet_00121107	saude202202_n_00219_00000004.jpg	1	1	0	0	2	1	1	0	0	0	0	0	-3
tweet_00121122	saude202202_n_00220_00000001.png	1	1	0	0	-2	1	0	0	0	0	0	0	-5
tweet_00121129	saude202202_n_00220_00000002.jpg	2	1	-1	0	0	1	0	0	0	16	0	1	0
tweet_00121137	saude202202_n_00220_00000003.jpg	-7	0	0	0	4	4	1	0	0	0	0	0	-3
tweet_00121150	saude202202_n_00222_00000001.jpg	1	1	0	0	1	0	0	0	0	10	0	-1	0
tweet_00121167	saude202202_n_00223_00000001.jpg	0	3	0	0	0	0	0	8	0	0	0	1	11
tweet_00121171	saude202202_n_00224_00000001.jpg	1	2	0	0	0	0	0	0	0	7	0	0	0
tweet_00121176	saude202202_n_00224_00000002.jpg	3	0	0	0	0	0	0	0	0	18	0	0	0
tweet_00121181	saude202202_n_00226_00000001.jpg	-2	1	0	0	0	1	0	0	0	0	0	0	-1
tweet_00121214	saude202202_n_00228_00000001.jpg	1	2	0	0	-1	1	0	0	0	15	0	0	0
tweet_00121223	saude202202_n_00229_00000001.jpg	-1	1	0	-1	1	1	2	0	0	2	0	0	-1
tweet_00121231	saude202202_n_00229_00000002.jpg	1	-1	0	0	0	-1	0	0	0	2	0	0	0
tweet_00121238	saude202202_n_00230_00000001.jpg	0	2	0	0	0	0	0	0	0	0	0	-1	0
tweet_00121251	saude202202_n_00231_00000001.jpg	1	8	-1	0	-1	1	2	3	0	-1	0	0	21
tweet_00121268	saude202202_n_00232_00000001.jpg	4	0	0	0	0	0	1	1	0	0	0	0	13
tweet_00121270	saude202202_n_00233_00000001.jpg	0	2	0	0	0	1	1	10	0	0	0	0	22
tweet_00121289	saude202202_n_00235_00000001.jpg	1	1	-1	0	-1	1	0	0	0	0	0	0	-5
tweet_00121291	saude202202_n_00235_00000002.jpg	-3	1	0	0	0	0	0	1	0	-1	0	-1	5
tweet_00121306	saude202202_n_00237_00000001.jpg	0	-1	1	0	0	1	0	0	0	0	1	0	-4
tweet_00121313	saude202202_n_00240_00000001.jpg	0	1	-1	0	0	0	0	0	0	1	0	0	0
tweet_00121336	saude202203_n_00001_00000002.jpg	0	2	0	0	0	0	0	0	0	1	0	0	0
tweet_00121339	saude202203_n_00001_00000003.jpg	1	-3	0	1	0	-2	0	3	0	1	0	0	0
tweet_00121385	saude202203_n_00001_00000006.jpg	0	2	0	-2	0	0	0	2	0	0	0	0	5
tweet_00121421	saude202203_n_00002_00000001.jpg	2	-3	0	0	1	0	0	-1	0	0	8	0	0
tweet_00121436	saude202203_n_00002_00000003.jpg	0	-2	0	0	1	0	0	0	0	4	0	-1	0
tweet_00121505	saude202203_n_00003_00000003.jpg	0	-2	0	0	1	0	0	0	0	0	2	0	0
tweet_00121511	saude202203_n_00003_00000004.jpg	1	-2	0	0	1	0	0	0	0	8	0	-1	-1
tweet_00121559	saude202203_n_00004_00000001.jpg	0	-2	0	0	2	0	0	0	0	0	0	0	-3
tweet_00121565	saude202203_n_00004_00000002.jpg	1	-3	0	0	0	0	0	0	0	14	0	-3	-1
tweet_00121602	saude202203_n_00004_00000007.jpg	0	1	0	0	0	0	1	12	0	0	0	0	15
tweet_00121605	saude202203_n_00004_00000009.jpg	1	-2	0	0	0	-1	0	0	0	4	0	-1	-2
tweet_00121611	saude202203_n_00005_00000001.jpg	0	-4	-1	0	1	2	0	0	0	0	1	0	-1
tweet_00121639	saude202203_n_00005_00000003.jpg	0	-3	-1	0	0	0	0	0	0	-1	0	0	0
tweet_00121645	saude202203_n_00005_00000004.jpg	1	-3	-1	0	1	0	0	-1	0	1	0	0	0
tweet_00121669	saude202203_n_00006_00000001.jpg	1	2	0	0	0	0	0	1	0	12	0	0	0
tweet_00121676	saude202203_n_00006_00000003.jpg	0	-3	-2	0	1	0	1	-1	0	2	5	0	0
tweet_00121685	saude202203_n_00006_00000005.png	-1	0	0	0	0	1	0	0	0	0	0	0	-1
tweet_00121691	saude202203_n_00006_00000007.jpg	1	-1	0	0	1	0	0	0	0	0	5	0	0
tweet_00121699	saude202203_n_00006_00000008.jpg	1	-1	0	0	0	0	0	0	0	11	0	-1	0
tweet_00121704	saude202203_n_00006_00000010.jpg	0	1	0	0	0	1	0	13	0	0	0	0	16
tweet_00121717	saude202203_n_00007_00000001.jpg	-1	3	0	-1	0	0	0	20	0	0	0	0	0
tweet_00121785	saude202203_n_00008_00000001.jpg	1	2	0	0	0	0	0	1	0	3	0	0	0
tweet_00121789	saude202203_n_00008_00000002.jpg	0	1	0	0	0	0	-1	0	0	2	1	1	0
tweet_00121801	saude202203_n_00008_00000003.jpg	0	1	0	-1	0	0	0	0	0	0	0	0	-5
tweet_00121806	saude202203_n_00009_00000001.jpg	3	-4	0	0	1	1	0	1	0	7	0	0	0
tweet_00121841	saude202203_n_00010_00000002.jpg	0	1	0	-1	-1	0	0	2	1	0	0	0	0
tweet_00121842	saude202203_n_00010_00000003.jpg	-2	3	0	-1	0	0	1	0	0	0	0	0	-2
tweet_00121845	saude202203_n_00011_00000001.jpg	-1	2	0	0	1	0	0	0	0	0	0	-1	-5
tweet_00121846	saude202203_n_00011_00000002.jpg	0	2	0	0	1	0	0	1	0	0	0	-1	-5
tweet_00121869	saude202203_n_00011_00000003.jpg	1	-2	0	0	2	0	0	0	0	8	0	-3	-2
tweet_00121883	saude202203_n_00012_00000001.jpg	1	0	0	0	1	0	0	0	0	9	0	-3	-2
tweet_00121892	saude202203_n_00012_00000003.jpg	0	0	0	0	0	0	0	2	0	0	0	0	-2
tweet_00121948	saude202203_n_00013_00000007.jpg	0	2	0	0	0	0	0	0	0	0	0	-1	-3
tweet_00121960	saude202203_n_00014_00000012.jpg	0	2	0	0	0	1	0	1	0	-1	0	0	-1
tweet_00122029	saude202203_n_00014_00000015.jpg	0	2	0	0	0	0	0	1	0	-1	0	0	-1
tweet_00122103	saude202203_n_00015_00000027.jpg	1	0	0	0	0	0	1	-4	1	0	0	9	0
tweet_00122106	saude202203_n_00015_00000029.jpg	0	2	0	0	0	0	2	0	0	-1	0	0	-2
tweet_00122107	saude202203_n_00015_00000031.png	0	2	0	0	0	0	0	1	0	0	0	-1	-4
tweet_00122109	saude202203_n_00015_00000033.jpg	1	-1	1	1	1	0	2	0	0	0	0	0	-3
tweet_00122130	saude202203_n_00016_00000001.jpg	0	2	0	0	0	0	0	2	0	-1	0	-1	-2
tweet_00122146	saude202203_n_00016_00000002.jpg	1	-1	0	0	0	0	0	0	0	0	0	0	-3
tweet_00122244	saude202203_n_00018_00000003.jpg	0	-1	0	0	1	1	0	-2	2	0	0	13	1
tweet_00122265	saude202203_n_00019_00000001.jpg	1	-1	0	0	0	1	0	0	3	0	0	6	0
tweet_00122283	saude202203_n_00019_00000005.jpg	1	-1	0	0	0	1	3	0	1	7	-1	2	0
tweet_00122308	saude202203_n_00019_00000008.jpg	1	-1	0	0	-1	0	0	0	0	5	0	0	0
tweet_00122324	saude202203_n_00020_00000001.jpg	0	2	0	0	0	0	0	0	0	0	-2	-1	-2
tweet_00122436	saude202203_n_00022_00000002.jpg	0	-2	0	-1	1	0	0	0	0	0	0	-1	0
tweet_00122439	saude202203_n_00022_00000003.jpg	1	0	0	0	0	0	0	0	0	2	0	0	-1
tweet_00122447	saude202203_n_00022_00000004.jpg	1	0	0	0	0	1	0	2	0	0	0	0	-1
tweet_00122454	saude202203_n_00022_00000005.png	0	3	0	0	0	0	2	1	0	0	0	0	0
tweet_00122458	saude202203_n_00022_00000007.jpg	3	1	0	0	0	0	3	0	0	0	0	0	12
tweet_00122462	saude202203_n_00022_00000008.png	2	0	0	0	0	0	2	0	0	0	0	0	-5
tweet_00122463	saude202203_n_00022_00000009.jpg	0	0	0	0	0	0	2	0	0	0	0	0	-2
tweet_00122471	saude202203_n_00023_00000002.jpg	0	0	0	0	0	0	7	-1	0	1	0	0	0
tweet_00122480	saude202203_n_00023_00000003.jpg	0	2	0	0	0	0	1	8	0	0	0	0	17
tweet_00122506	saude202203_n_00023_00000004.jpg	3	1	0	-2	0	2	3	0	0	1	0	0	0
tweet_00122587	saude202203_n_00024_00000001.jpg	2	0	0	0	0	2	1	0	0	0	0	1	0
tweet_00122602	saude202203_n_00025_00000002.jpg	1	2	0	-1	0	0	0	0	0	0	0	0	-3
tweet_00122603	saude202203_n_00025_00000003.jpg	1	2	-1	0	0	0	1	0	0	0	0	0	0
tweet_00122604	saude202203_n_00025_00000004.jpg	1	2	1	-2	0	0	0	0	0	-1	0	0	0
tweet_00122605	saude202203_n_00025_00000005.jpg	1	3	0	0	0	0	0	0	0	1	0	-1	-3
tweet_00122609	saude202203_n_00025_00000006.jpg	0	5	0	0	0	0	0	0	0	2	0	0	-1
tweet_00122624	saude202203_n_00025_00000007.jpg	1	2	0	0	0	0	0	0	0	1	0	0	0
tweet_00122625	saude202203_n_00025_00000008.jpg	1	2	0	0	0	0	0	0	0	1	0	-1	-4
tweet_00122681	saude202203_n_00026_00000003.jpg	2	0	0	0	-1	2	0	0	0	9	0	0	0
tweet_00122684	saude202203_n_00026_00000004.jpg	1	3	0	0	0	0	0	3	0	1	0	0	0
tweet_00122698	saude202203_n_00026_00000005.jpg	1	3	0	-1	0	0	0	0	0	1	0	-1	0
tweet_00122721	saude202203_n_00027_00000001.jpg	1	0	0	0	0	0	0	0	0	0	0	0	-3
tweet_00122723	saude202203_n_00027_00000002.jpg	1	1	0	-1	0	0	1	0	0	0	0	0	1
tweet_00122725	saude202203_n_00027_00000003.jpg	1	1	0	0	0	0	0	0	0	1	0	0	-4
tweet_00122732	saude202203_n_00027_00000004.jpg	2	1	0	0	0	0	0	4	0	2	0	0	8
tweet_00122744	saude202203_n_00027_00000006.jpg	2	3	0	-2	0	2	0	0	0	4	0	0	0
tweet_00122745	saude202203_n_00027_00000007.jpg	1	2	0	0	0	0	0	2	0	0	0	0	6
tweet_00122757	saude202203_n_00027_00000008.jpg	1	3	0	0	-1	0	0	0	5	0	1	11	2
tweet_00122759	saude202203_n_00027_00000009.jpg	0	1	0	0	0	0	-1	0	0	6	0	1	0
tweet_00122783	saude202203_n_00028_00000002.jpg	1	0	0	1	0	0	0	1	0	0	0	-1	-6
tweet_00122788	saude202203_n_00028_00000004.jpg	1	1	0	0	0	0	0	0	6	0	2	12	1
tweet_00122806	saude202203_n_00028_00000005.jpg	5	1	0	0	0	0	0	0	0	2	0	0	0
tweet_00122819	saude202203_n_00028_00000006.jpg	1	-1	2	0	0	1	0	0	0	3	0	0	-1
tweet_00122820	saude202203_n_00028_00000007.jpg	0	-1	0	0	0	1	0	1	0	18	0	1	0
tweet_00122830	saude202203_n_00028_00000008.jpg	2	6	0	0	0	0	0	0	0	0	6	0	0
tweet_00122871	saude202203_n_00029_00000001.jpg	1	3	0	0	0	0	0	0	0	0	0	0	-3
tweet_00122874	saude202203_n_00029_00000002.png	0	2	1	0	0	0	0	1	0	0	0	0	-2
tweet_00122877	saude202203_n_00029_00000003.jpg	1	0	0	0	0	1	0	0	0	0	1	9	1
tweet_00122878	saude202203_n_00029_00000004.jpg	0	2	0	0	1	0	0	0	0	0	0	0	-4
tweet_00122919	saude202203_n_00030_00000001.jpg	1	1	0	0	1	0	0	3	0	0	0	0	17
tweet_00122923	saude202203_n_00030_00000002.jpg	1	0	-1	0	0	1	0	-1	0	19	0	0	0
tweet_00122924	saude202203_n_00030_00000003.jpg	1	2	0	-3	0	0	0	2	0	12	0	0	0
tweet_00122946	saude202203_n_00030_00000006.jpg	0	0	0	0	0	0	1	0	0	0	0	0	-5
tweet_00122949	saude202203_n_00030_00000007.jpg	-1	2	1	-2	0	0	0	0	0	0	0	0	-1
tweet_00122982	saude202203_n_00031_00000008.jpg	1	4	0	0	0	0	0	0	0	6	0	-2	-1
tweet_00123001	saude202203_n_00032_00000001.jpg	3	0	0	0	0	2	1	0	0	-1	1	0	-2
tweet_00123003	saude202203_n_00032_00000002.jpg	-2	2	0	0	0	0	0	0	0	-1	0	0	0
tweet_00123008	saude202203_n_00032_00000003.jpg	0	3	1	0	0	0	3	1	0	-1	0	0	16
tweet_00123019	saude202203_n_00032_00000006.jpg	1	-2	0	0	0	0	2	0	0	0	0	0	-3
tweet_00123020	saude202203_n_00032_00000007.jpg	1	0	0	0	0	0	2	0	0	0	0	0	-3
tweet_00123024	saude202203_n_00033_00000001.jpg	0	0	0	0	0	1	0	1	0	0	0	0	-2
tweet_00123033	saude202203_n_00036_00000001.jpg	1	0	0	0	0	2	6	0	0	0	0	0	-3
tweet_00123041	saude202203_n_00043_00000001.jpg	-1	0	0	0	0	0	0	0	0	0	0	0	-4
tweet_00123042	saude202203_n_00043_00000002.jpg	0	0	-1	-2	0	0	0	0	0	0	-2	0	-1
tweet_00123049	saude202203_n_00044_00000001.png	0	0	0	0	0	-1	0	0	0	0	0	0	-5
tweet_00123054	saude202203_n_00048_00000001.jpg	0	1	0	1	0	2	0	0	0	0	0	0	-1
tweet_00123056	saude202203_n_00048_00000003.jpg	1	-2	0	0	0	-2	0	0	0	0	0	0	-5
tweet_00123057	saude202203_n_00049_00000001.jpg	1	0	0	-2	0	0	0	2	0	0	0	-1	3
tweet_00123065	saude202203_n_00052_00000001.png	0	4	0	0	0	0	0	0	0	0	0	0	-1
tweet_00123081	saude202203_n_00056_00000001.jpg	-1	0	0	0	0	2	1	2	0	0	0	0	-1
tweet_00123098	saude202203_n_00059_00000001.jpg	-2	2	0	-1	0	0	2	-1	11	4	0	0	0
tweet_00123105	saude202203_n_00063_00000001.jpg	0	0	0	0	0	3	0	2	0	0	0	0	-1
tweet_00123109	saude202203_n_00067_00000001.jpg	-1	0	0	0	0	2	0	0	0	1	0	-1	-2
tweet_00123116	saude202203_n_00068_00000001.jpg	-1	2	1	-1	0	0	8	1	6	1	0	1	4
tweet_00123127	saude202203_n_00072_00000001.jpg	0	1	0	0	0	0	0	0	0	0	0	0	-5
tweet_00123186	saude202203_n_00073_00000001.jpg	1	2	0	-1	0	0	0	4	0	1	0	0	0
tweet_00123195	saude202203_n_00074_00000001.jpg	-1	1	0	-1	-1	0	0	1	0	0	0	2	0
tweet_00123203	saude202203_n_00074_00000002.jpg	0	2	0	0	0	0	0	0	0	4	0	0	0
tweet_00123220	saude202203_n_00074_00000003.jpg	5	2	0	0	-1	0	0	0	1	0	0	1	0
tweet_00123223	saude202203_n_00074_00000004.png	0	1	0	1	0	0	0	0	0	1	0	0	0
tweet_00123248	saude202203_n_00075_00000001.png	1	4	0	-1	-1	0	0	0	9	0	0	2	2
tweet_00123251	saude202203_n_00075_00000002.jpg	0	0	0	0	0	1	0	0	0	1	0	0	0
tweet_00123261	saude202203_n_00075_00000003.jpg	0	0	0	2	0	1	0	0	0	1	0	0	0
tweet_00123294	saude202203_n_00075_00000004.jpg	0	3	0	0	-1	0	0	0	16	0	0	15	1
tweet_00123311	saude202203_n_00076_00000001.png	1	-2	1	0	0	-2	0	0	0	1	0	-1	-1
tweet_00123316	saude202203_n_00076_00000002.png	3	3	0	0	-1	0	0	-1	4	0	2	5	1
tweet_00123342	saude202203_n_00076_00000004.jpg	0	-2	0	0	0	-1	3	0	0	7	0	-1	0
tweet_00123359	saude202203_n_00077_00000001.jpg	-1	2	0	-2	0	0	0	2	-1	0	0	0	-1
tweet_00123379	saude202203_n_00077_00000002.jpg	1	2	2	0	0	0	0	0	0	3	0	0	0
tweet_00123402	saude202203_n_00078_00000001.jpg	0	0	0	0	0	1	0	0	0	1	0	0	0
tweet_00123403	saude202203_n_00078_00000002.png	1	2	0	-1	0	0	0	0	0	0	0	0	-4
tweet_00123437	saude202203_n_00078_00000003.jpg	1	-1	0	0	0	-1	3	0	0	0	0	0	0
tweet_00123445	saude202203_n_00078_00000004.jpg	0	4	0	-1	0	0	0	1	0	1	0	0	0
tweet_00123464	saude202203_n_00079_00000002.jpg	-1	2	0	-3	0	0	0	4	0	0	0	0	0
tweet_00123465	saude202203_n_00079_00000003.jpg	-1	2	0	-3	0	0	1	0	0	0	0	0	-4
tweet_00123474	saude202203_n_00079_00000004.jpg	1	-1	0	0	0	1	0	5	0	12	0	1	2
tweet_00123486	saude202203_n_00079_00000005.jpg	1	1	0	-1	0	0	0	0	0	13	0	0	0
tweet_00123509	saude202203_n_00080_00000001.jpg	0	2	0	-1	0	0	0	0	0	1	0	0	0
tweet_00123525	saude202203_n_00080_00000003.jpg	1	-2	1	0	0	0	0	0	0	4	0	0	0
tweet_00123548	saude202203_n_00081_00000003.jpg	0	4	0	0	0	0	0	2	0	0	0	0	3
tweet_00123568	saude202203_n_00082_00000001.jpg	1	1	-1	-1	0	0	0	1	0	9	0	0	0
tweet_00123606	saude202203_n_00083_00000002.jpg	0	-1	0	0	0	0	14	0	0	0	0	0	0
tweet_00123610	saude202203_n_00083_00000004.jpg	1	-4	1	0	1	0	0	0	0	0	4	0	0
tweet_00123647	saude202203_n_00084_00000001.jpg	0	0	0	-1	0	3	0	0	0	0	0	0	-1
tweet_00123654	saude202203_n_00084_00000002.jpg	1	2	1	-1	0	0	0	4	0	1	0	0	6
tweet_00123663	saude202203_n_00085_00000001.png	0	2	0	0	0	0	0	0	0	0	0	0	-5
tweet_00123670	saude202203_n_00085_00000002.jpg	3	1	1	-2	0	0	4	2	0	0	0	0	31
tweet_00123696	saude202203_n_00085_00000003.jpg	-1	1	2	0	0	0	0	0	0	-1	0	0	0
tweet_00123711	saude202203_n_00086_00000001.jpg	5	0	0	0	-1	1	0	0	0	5	0	0	0
tweet_00123733	saude202203_n_00086_00000002.jpg	1	2	0	-1	0	1	5	2	0	0	0	0	25
tweet_00123756	saude202203_n_00086_00000003.jpg	5	1	0	-1	0	0	0	0	0	0	1	1	0
tweet_00123770	saude202203_n_00087_00000001.jpg	0	4	0	0	0	0	0	3	0	0	0	-1	0
tweet_00123782	saude202203_n_00087_00000002.jpg	1	1	0	-1	0	0	0	4	0	0	0	0	8
tweet_00123813	saude202203_n_00088_00000001.png	1	0	-1	0	0	0	0	0	0	1	0	-1	-1
tweet_00123844	saude202203_n_00088_00000002.jpg	1	2	0	0	0	0	0	0	0	0	0	0	-2
tweet_00123845	saude202203_n_00088_00000003.jpg	2	0	0	0	1	0	0	0	0	9	0	0	0
tweet_00123856	saude202203_n_00089_00000001.png	1	2	-1	0	0	0	0	4	0	5	0	1	-1
tweet_00123857	saude202203_n_00089_00000002.png	1	2	-1	-1	0	1	0	0	0	18	0	1	0
tweet_00123873	saude202203_n_00089_00000003.jpg	0	1	0	0	0	1	0	0	0	0	0	0	-7
tweet_00123881	saude202203_n_00089_00000004.jpg	0	3	0	0	0	0	0	0	0	1	0	0	0
tweet_00123899	saude202203_n_00090_00000001.jpg	0	3	1	0	-1	0	0	2	0	0	0	0	7
tweet_00123919	saude202203_n_00094_00000002.jpg	1	-4	0	0	0	1	0	0	0	0	0	0	-5
tweet_00123945	saude202203_n_00095_00000002.jpg	0	2	0	-1	0	0	0	1	0	0	0	1	0
tweet_00123951	saude202203_n_00095_00000003.jpg	1	1	-1	0	0	0	21	0	3	0	0	1	6
tweet_00123959	saude202203_n_00098_00000002.jpg	0	4	0	0	0	0	0	2	0	0	0	0	6
tweet_00123964	saude202203_n_00099_00000001.png	1	0	0	0	0	1	0	4	0	0	0	0	3
tweet_00123980	saude202203_n_00100_00000001.jpg	2	2	0	0	0	0	0	0	0	0	0	0	-3
tweet_00123990	saude202203_n_00105_00000001.jpg	1	-2	1	0	0	0	0	0	0	8	0	0	0
tweet_00123992	saude202203_n_00106_00000001.jpg	1	-1	0	0	0	1	0	1	2	-1	0	0	-1
tweet_00123998	saude202203_n_00111_00000001.jpg	-1	0	0	0	0	1	0	0	0	0	0	0	-4
tweet_00123999	saude202203_n_00114_00000001.jpg	2	2	0	-2	0	0	0	0	0	0	0	-1	-1
tweet_00124003	saude202203_n_00116_00000002.png	0	2	0	0	0	0	0	1	0	0	0	0	2
tweet_00124008	saude202203_n_00116_00000003.jpg	0	0	0	0	0	4	0	0	0	0	0	0	-8
tweet_00124020	saude202203_n_00117_00000001.jpg	3	0	0	0	0	0	1	0	0	0	0	0	-1
tweet_00124032	saude202203_n_00117_00000002.jpg	3	-4	-1	-1	0	0	3	0	0	0	0	0	-3
tweet_00124035	saude202203_n_00118_00000001.jpg	0	-2	2	2	2	0	0	0	0	1	0	0	0
tweet_00124055	saude202203_n_00119_00000001.png	0	1	0	0	0	0	0	0	0	0	0	0	-4
tweet_00124058	saude202203_n_00119_00000002.jpg	0	2	0	0	0	0	0	0	0	0	0	-1	-2
tweet_00124074	saude202203_n_00120_00000001.jpg	2	-1	0	-3	0	0	4	-1	0	0	0	6	0
tweet_00124082	saude202203_n_00123_00000001.jpg	0	2	0	-1	0	1	1	10	3	0	0	0	0
tweet_00124083	saude202203_n_00123_00000003.jpg	-1	1	0	0	-1	0	0	11	0	0	0	0	0
tweet_00124090	saude202203_n_00128_00000001.jpg	-1	1	2	0	0	0	11	1	0	0	0	0	0
tweet_00124091	saude202203_n_00128_00000002.jpg	1	2	0	0	0	0	0	0	0	1	0	0	-4
tweet_00124094	saude202203_n_00128_00000003.jpg	-1	3	1	0	0	1	0	3	0	4	0	-2	-3
tweet_00124103	saude202203_n_00130_00000001.jpg	0	2	0	-1	0	0	0	1	0	1	0	0	-2
tweet_00124105	saude202203_n_00131_00000001.jpg	1	2	0	0	0	0	0	0	0	0	0	0	-1
tweet_00124117	saude202203_n_00137_00000001.jpg	0	2	0	0	0	0	0	0	0	1	0	0	0
tweet_00124167	saude202203_n_00139_00000001.jpg	1	2	0	-1	0	0	0	0	0	16	0	0	0
tweet_00124202	saude202203_n_00140_00000001.jpg	2	2	0	0	0	0	0	0	0	2	0	0	0
tweet_00124207	saude202203_n_00140_00000002.jpg	1	4	0	-1	0	0	1	1	0	0	0	0	6
tweet_00124213	saude202203_n_00141_00000001.jpg	0	2	0	0	0	0	0	15	0	0	0	0	3
tweet_00124238	saude202203_n_00142_00000001.jpg	0	2	0	-1	0	0	0	0	0	0	0	0	-3
tweet_00124251	saude202203_n_00143_00000001.jpg	1	1	0	0	0	0	0	0	7	0	1	9	0
tweet_00124264	saude202203_n_00144_00000001.jpg	2	-2	-1	0	0	1	0	0	0	6	0	-1	-1
tweet_00124323	saude202203_n_00157_00000005.jpg	2	1	0	-2	0	0	1	0	0	1	0	0	-2
tweet_00124329	saude202203_n_00158_00000005.jpg	0	3	0	0	0	0	0	0	0	0	0	0	-2
tweet_00124348	saude202203_n_00162_00000005.jpg	1	4	0	-1	0	0	0	0	0	1	0	0	-3
tweet_00124349	saude202203_n_00162_00000006.png	0	1	0	0	0	0	1	4	0	1	0	-1	6
tweet_00124356	saude202203_n_00167_00000001.jpg	2	2	0	0	0	0	0	0	0	1	0	0	0
tweet_00124364	saude202203_n_00168_00000001.jpg	1	2	0	0	0	0	1	0	0	0	0	0	0
tweet_00124367	saude202203_n_00169_00000001.jpg	1	1	-1	-1	-1	0	1	7	1	0	0	1	3
tweet_00124373	saude202203_n_00169_00000002.jpg	-1	2	0	-1	0	2	0	2	0	0	0	0	0
tweet_00124378	saude202203_n_00169_00000003.jpg	1	-3	0	0	0	3	0	0	0	0	0	0	-2
tweet_00124380	saude202203_n_00169_00000004.jpg	1	4	0	-1	0	0	0	0	0	1	0	0	-1
tweet_00124383	saude202203_n_00170_00000001.jpg	0	4	0	0	0	0	0	0	0	0	0	0	-1
tweet_00124397	saude202203_n_00171_00000001.jpg	2	2	0	0	0	0	0	1	0	0	0	0	0
tweet_00124406	saude202203_n_00172_00000001.jpg	3	4	0	-1	0	0	0	0	13	0	1	4	1
tweet_00124415	saude202203_n_00173_00000001.jpg	1	2	0	0	0	0	4	0	0	0	0	0	-2
tweet_00124427	saude202203_n_00174_00000001.jpg	0	3	1	0	0	0	0	1	0	0	0	0	7
tweet_00124436	saude202203_n_00176_00000001.jpg	2	2	0	-2	0	0	0	0	0	0	0	-1	-2
tweet_00124452	saude202203_n_00182_00000001.jpg	1	4	0	-1	0	0	0	0	0	1	0	0	-3
tweet_00124457	saude202203_n_00183_00000001.jpg	0	2	0	0	0	0	0	0	0	0	0	0	-4
tweet_00124466	saude202203_n_00186_00000001.jpg	2	0	0	0	0	2	0	0	0	23	0	0	0
tweet_00124469	saude202203_n_00187_00000001.jpg	5	4	0	0	0	0	0	0	0	1	0	0	0
tweet_00124470	saude202203_n_00187_00000005.jpg	6	1	0	0	-1	0	0	0	0	0	1	7	0
tweet_00124473	saude202203_n_00188_00000001.jpg	1	5	0	-1	0	0	0	-1	5	0	4	10	1
tweet_00124476	saude202203_n_00188_00000002.jpg	-1	2	1	-1	0	0	1	0	0	1	0	0	-2
tweet_00124477	saude202203_n_00188_00000003.jpg	0	3	0	0	0	0	0	2	0	0	0	0	2
tweet_00124484	saude202203_n_00188_00000004.jpg	1	-2	0	0	0	0	0	0	0	11	0	0	0
tweet_00124496	saude202203_n_00189_00000001.jpg	0	2	0	0	0	0	0	5	0	0	0	0	7
tweet_00124512	saude202203_n_00190_00000001.jpg	1	2	0	-1	0	0	2	7	0	-1	0	0	25
tweet_00124523	saude202203_n_00191_00000002.jpg	0	4	0	-1	0	1	0	0	0	0	0	-1	-1
tweet_00124525	saude202203_n_00191_00000003.jpg	0	1	0	0	0	0	0	0	0	11	0	0	0
tweet_00124526	saude202203_n_00191_00000004.jpg	-1	0	0	0	1	2	0	0	0	0	0	0	-2
tweet_00124529	saude202203_n_00191_00000005.jpg	1	2	0	-1	0	0	0	13	5	0	0	1	1
tweet_00124563	saude202203_n_00192_00000001.jpg	2	1	0	0	-2	0	0	0	0	0	0	0	-2
tweet_00124569	saude202203_n_00192_00000003.jpg	0	2	0	0	0	0	0	-1	0	0	17	2	0
tweet_00124570	saude202203_n_00192_00000004.jpg	0	6	0	0	-1	0	0	1	0	0	0	1	0
tweet_00124577	saude202203_n_00192_00000006.jpg	2	2	0	-1	0	1	1	0	0	1	0	0	-3
tweet_00124581	saude202203_n_00192_00000007.png	1	0	0	0	0	1	3	0	0	0	0	0	-5
tweet_00124583	saude202203_n_00192_00000008.png	0	0	-1	0	0	0	0	1	0	0	0	0	12
tweet_00124618	saude202203_n_00193_00000001.jpg	1	4	0	-1	-1	0	0	0	0	1	0	0	-3
tweet_00124619	saude202203_n_00193_00000002.jpg	-1	0	0	0	0	1	1	2	0	0	0	0	-2
tweet_00124620	saude202203_n_00193_00000003.jpg	0	1	0	0	0	0	3	0	0	0	0	0	-4
tweet_00124623	saude202203_n_00193_00000004.jpg	0	0	0	0	0	1	8	0	0	0	0	0	-1
tweet_00124628	saude202203_n_00193_00000005.jpg	2	3	0	0	-1	0	1	0	0	0	0	0	0
tweet_00124686	saude202203_n_00194_00000001.jpg	-1	2	0	0	0	0	0	3	0	0	0	-2	-2
tweet_00124695	saude202203_n_00194_00000002.jpg	1	5	0	-1	-1	0	0	-1	0	0	16	3	0
tweet_00124721	saude202203_n_00195_00000003.jpg	0	-1	-1	0	0	0	0	-2	0	3	0	1	0
tweet_00124729	saude202203_n_00196_00000001.jpg	1	2	0	1	0	0	1	1	0	0	0	0	13
tweet_00124737	saude202203_n_00196_00000003.jpg	0	-1	-1	0	0	0	2	0	1	0	0	0	0
tweet_00124753	saude202203_n_00197_00000001.jpg	2	-1	0	0	0	-2	0	0	0	-1	0	0	-4
tweet_00124780	saude202203_n_00198_00000001.jpg	1	1	0	0	-1	0	0	-1	0	12	0	0	0
tweet_00124784	saude202203_n_00198_00000002.jpg	0	0	0	0	0	2	0	2	0	0	-1	0	0
tweet_00124791	saude202203_n_00198_00000003.jpg	4	1	0	0	-2	0	0	0	0	3	0	0	0
tweet_00124804	saude202203_n_00198_00000004.jpg	1	2	0	0	0	0	0	0	0	7	0	0	0
tweet_00124840	saude202203_n_00199_00000001.jpg	2	1	0	0	-1	0	0	0	0	1	0	0	0
tweet_00124854	saude202203_n_00199_00000003.jpg	3	1	0	0	-2	0	0	0	0	1	0	0	-1
tweet_00124855	saude202203_n_00199_00000004.jpg	3	1	-1	0	0	1	0	1	0	18	0	1	0
tweet_00124875	saude202203_n_00200_00000001.jpg	1	2	0	0	-1	0	0	13	0	0	0	0	16
tweet_00124909	saude202203_n_00200_00000005.jpg	2	0	0	0	0	2	0	0	0	17	0	0	0
tweet_00124917	saude202203_n_00201_00000001.jpg	-1	1	0	-1	-1	0	0	1	0	16	0	0	0
tweet_00124920	saude202203_n_00201_00000002.jpg	2	0	0	-2	0	1	1	1	1	2	0	0	12
tweet_00124930	saude202203_n_00201_00000003.png	1	0	-1	0	-1	0	0	0	0	1	0	0	0
tweet_00124958	saude202203_n_00202_00000002.jpg	0	0	0	0	0	1	1	0	0	7	0	2	3
tweet_00124964	saude202203_n_00202_00000007.jpg	-1	2	0	0	0	0	4	0	0	0	0	0	-4
tweet_00124966	saude202203_n_00202_00000008.jpg	2	1	0	-1	0	0	0	0	0	1	0	0	-1
tweet_00124967	saude202203_n_00202_00000009.png	1	2	-1	-1	0	0	0	1	0	0	0	0	0
tweet_00124974	saude202203_n_00202_00000010.jpg	0	2	0	-1	0	0	0	0	0	4	0	0	-2
tweet_00125005	saude202203_n_00203_00000001.jpg	2	-1	0	0	0	0	1	0	0	0	0	0	-3
tweet_00125015	saude202203_n_00203_00000002.png	0	1	0	0	-1	2	1	0	0	8	0	0	0
tweet_00125034	saude202203_n_00204_00000001.jpg	-2	2	0	1	-1	0	1	0	0	0	0	0	-2
tweet_00125037	saude202203_n_00204_00000002.jpg	-1	0	0	0	0	1	1	0	0	0	0	0	-6
tweet_00125055	saude202203_n_00204_00000005.jpg	1	0	0	0	0	2	0	0	0	25	0	0	0
tweet_00125079	saude202203_n_00205_00000002.jpg	2	-1	0	0	0	-1	0	0	0	1	0	-1	0
tweet_00125104	saude202203_n_00205_00000004.jpg	0	-1	0	0	1	0	1	-2	0	0	0	9	0
tweet_00125113	saude202203_n_00205_00000005.jpg	1	0	0	0	0	2	0	0	0	29	0	0	0
tweet_00125147	saude202203_n_00206_00000001.jpg	0	0	0	0	0	0	0	0	0	4	0	0	0
tweet_00125153	saude202203_n_00207_00000001.png	1	1	-1	-1	0	1	0	0	0	0	0	-3	-1
tweet_00125179	saude202203_n_00207_00000004.jpg	1	1	0	0	0	0	0	0	0	0	0	-1	-1
tweet_00125194	saude202203_n_00208_00000001.jpg	1	0	1	-1	0	0	0	0	0	0	0	0	-6
tweet_00125209	saude202203_n_00208_00000002.jpg	1	0	0	0	0	0	-1	-2	1	0	-1	12	1
tweet_00125211	saude202203_n_00208_00000003.jpg	1	2	0	0	0	0	0	3	0	1	0	0	1
tweet_00125212	saude202203_n_00208_00000004.jpg	1	3	-1	0	1	0	2	0	0	16	0	1	0
tweet_00125213	saude202203_n_00208_00000005.jpg	1	1	0	0	0	0	15	0	0	0	0	0	6
tweet_00125220	saude202203_n_00208_00000006.jpg	1	0	0	0	0	0	0	-1	0	0	-1	0	0
tweet_00125229	saude202203_n_00209_00000001.jpg	-3	0	0	0	0	1	4	0	0	0	0	0	-6
tweet_00125247	saude202203_n_00211_00000002.jpg	2	1	0	-3	-1	0	0	3	0	-1	0	0	28
tweet_00125257	saude202203_n_00212_00000001.jpg	1	1	0	0	0	0	6	0	0	0	0	0	-2
tweet_00125268	saude202203_n_00212_00000002.jpg	1	0	0	0	0	2	0	0	0	6	0	1	-1
tweet_00125289	saude202203_n_00214_00000001.jpg	0	1	-1	0	0	0	0	0	0	0	0	0	-5
tweet_00125318	saude202203_n_00215_00000001.jpg	0	0	0	-3	0	2	0	0	0	0	0	0	-2
tweet_00125336	saude202203_n_00216_00000001.jpg	1	-2	0	0	1	0	1	1	0	0	0	-1	-6
tweet_00125344	saude202203_n_00216_00000002.jpg	-2	2	0	0	0	1	0	0	0	0	0	-1	-2
tweet_00125347	saude202203_n_00218_00000001.jpg	0	-2	0	0	0	0	0	0	0	3	0	-1	0
tweet_00125350	saude202203_n_00218_00000003.jpg	0	1	0	-1	0	0	0	0	0	0	0	0	-6
tweet_00125363	saude202203_n_00222_00000001.jpg	0	-2	0	0	0	1	0	0	0	0	0	0	-1
tweet_00125370	saude202203_n_00225_00000001.jpg	0	-1	0	0	1	0	4	0	0	0	0	0	-4
tweet_00125373	saude202203_n_00225_00000002.jpg	-1	-4	0	0	0	0	2	0	0	0	0	0	-4
tweet_00125378	saude202203_n_00225_00000005.jpg	0	2	0	0	0	0	0	0	1	11	0	0	0
tweet_00125393	saude202203_n_00226_00000001.jpg	-1	0	0	0	0	1	0	0	0	0	0	0	-5
tweet_00125396	saude202203_n_00226_00000002.jpg	3	-1	0	0	0	-2	0	1	0	7	0	-1	0
tweet_00125419	saude202203_n_00228_00000001.jpg	1	-1	0	0	0	-2	2	0	0	2	0	0	0
tweet_00125423	saude202203_n_00230_00000001.jpg	0	0	0	0	0	1	0	0	0	14	0	-1	0
tweet_00125426	saude202203_n_00230_00000002.jpg	1	2	0	-2	0	0	0	0	0	0	1	1	-1
tweet_00125513	saude202203_n_00232_00000001.jpg	1	1	0	0	0	0	0	3	0	1	0	0	0
tweet_00125551	saude202203_n_00233_00000001.jpg	4	2	0	0	-1	0	1	0	0	11	0	0	0
tweet_00125569	saude202203_n_00233_00000002.jpg	0	2	0	0	-1	0	0	23	0	0	0	0	0
tweet_00125573	saude202203_n_00234_00000001.jpg	2	-1	0	0	0	-1	0	-1	0	0	4	0	0
tweet_00125575	saude202203_n_00234_00000002.png	0	0	0	1	0	-1	0	0	0	4	0	0	0
tweet_00125616	saude202203_n_00234_00000003.jpg	0	0	0	-1	0	0	0	0	0	0	0	0	-3
tweet_00125621	saude202203_n_00235_00000001.jpg	1	2	0	0	0	0	0	0	0	0	0	0	-2
tweet_00125627	saude202203_n_00235_00000002.jpg	0	0	-1	-1	0	0	0	0	3	0	0	2	0
tweet_00125637	saude202203_n_00235_00000003.jpg	0	2	0	-1	0	0	0	0	7	0	1	10	1
tweet_00125645	saude202203_n_00236_00000001.jpg	0	-2	0	0	0	0	0	0	0	0	0	0	-5
tweet_00125648	saude202203_n_00236_00000003.png	0	2	0	-1	0	0	2	5	0	0	0	0	24
tweet_00125652	saude202203_n_00236_00000004.png	1	2	0	0	0	0	0	0	0	0	0	0	-4
tweet_00125680	saude202203_n_00238_00000001.jpg	1	-2	-1	0	-1	3	2	5	0	0	0	0	-2
tweet_00125691	saude202203_n_00238_00000003.jpg	-4	1	0	-1	0	1	0	2	0	0	0	0	0
tweet_00125733	saude202203_n_00239_00000001.png	0	1	0	0	0	0	0	0	0	0	0	0	-6
tweet_00125735	saude202203_n_00239_00000003.jpg	0	2	0	0	0	0	2	0	1	1	0	1	-1
tweet_00125742	saude202203_n_00240_00000001.jpg	1	1	0	0	0	0	0	1	0	12	0	0	0
tweet_00125751	saude202203_n_00240_00000002.png	-1	2	0	0	0	0	0	1	0	0	0	0	0
tweet_00125759	saude202203_n_00240_00000003.jpg	0	-2	0	0	0	0	0	0	0	6	0	0	0
tweet_00125791	saude202203_n_00241_00000001.jpg	1	-1	-1	-1	0	0	1	-1	8	0	5	11	1
tweet_00125795	saude202203_n_00241_00000002.jpg	0	1	-1	-1	0	1	0	0	0	1	0	1	-1
tweet_00125802	saude202203_n_00241_00000003.jpg	0	-1	0	0	0	0	0	0	1	0	0	7	1
tweet_00125826	saude202203_n_00241_00000004.jpg	0	1	0	0	0	0	0	16	0	0	0	0	8
tweet_00125842	saude202203_n_00242_00000001.jpg	1	-1	0	0	0	0	0	-1	0	0	14	0	0
tweet_00125851	saude202203_n_00242_00000003.jpg	0	2	-1	0	0	0	1	0	0	0	0	0	0
tweet_00125862	saude202203_n_00242_00000006.png	3	-2	0	0	0	-2	0	0	0	5	0	0	0
tweet_00125877	saude202203_n_00242_00000007.jpg	1	-2	0	0	0	-1	0	0	0	0	1	0	0
tweet_00125878	saude202203_n_00242_00000008.jpg	2	-2	0	1	0	-1	0	1	0	1	0	-1	-1
tweet_00125889	saude202203_n_00243_00000001.jpg	1	-2	0	0	0	-1	2	1	0	3	0	1	0
tweet_00125893	saude202203_n_00243_00000003.jpg	1	-1	0	-1	-1	1	0	0	0	16	0	0	0
tweet_00125900	saude202203_n_00243_00000004.jpg	2	-1	0	0	1	-1	0	0	0	5	0	-1	-2
tweet_00125907	saude202203_n_00243_00000005.png	0	2	0	0	0	0	1	2	0	0	0	0	0
tweet_00125915	saude202203_n_00243_00000006.jpg	1	-3	0	1	0	-1	0	0	0	0	0	0	-1
tweet_00125927	saude202203_n_00244_00000001.jpg	2	-3	0	1	0	-1	1	0	0	0	3	0	0
tweet_00125935	saude202203_n_00244_00000003.jpg	0	-1	0	0	0	0	0	0	0	1	0	0	-1
tweet_00125969	saude202203_n_00244_00000004.png	0	1	0	0	0	0	4	0	0	0	0	0	14
tweet_00125973	saude202203_n_00244_00000006.jpg	2	-2	0	0	0	-1	0	0	0	0	1	0	0
tweet_00125974	saude202203_n_00245_00000001.jpg	0	2	1	0	0	0	2	0	0	0	0	0	14
tweet_00126036	saude202203_n_00246_00000003.jpg	2	2	-1	0	0	0	7	0	0	-1	0	0	23
tweet_00126048	saude202203_n_00246_00000005.jpg	1	0	0	-1	0	-1	2	0	0	-1	0	0	0
tweet_00126057	saude202203_n_00246_00000008.jpg	0	-1	0	0	0	-1	0	0	0	0	0	-1	0
tweet_00126066	saude202203_n_00246_00000009.jpg	1	1	0	0	1	1	0	0	0	8	0	-3	-2
tweet_00126070	saude202203_n_00247_00000002.jpg	0	-2	0	0	0	-2	0	0	0	3	0	-1	-1
tweet_00126084	saude202203_n_00247_00000003.png	2	3	0	2	2	1	0	0	0	22	0	0	0
tweet_00126095	saude202203_n_00247_00000005.jpg	1	1	0	0	1	1	0	0	0	7	0	-3	-2
tweet_00126096	saude202203_n_00247_00000006.jpg	0	3	0	2	2	1	1	0	0	0	3	0	0
tweet_00126122	saude202203_n_00249_00000001.jpg	0	2	0	0	0	0	2	0	0	1	0	1	-1
tweet_00126128	saude202203_n_00249_00000002.jpg	0	-1	0	0	0	0	0	0	0	0	0	0	-1
tweet_00126149	saude202203_n_00250_00000001.jpg	0	1	0	0	0	0	0	4	0	-1	0	0	-1
tweet_00126151	saude202203_n_00250_00000002.jpg	1	1	-2	0	0	1	7	-2	0	0	1	1	7
tweet_00126154	saude202203_n_00251_00000001.jpg	2	3	0	0	0	0	1	1	0	8	-1	0	3
tweet_00126172	saude202203_n_00252_00000001.jpg	0	1	0	0	1	0	0	0	0	8	0	-3	-2
tweet_00126204	saude202204_n_00001_00000001.jpg	3	-1	1	0	0	1	0	0	0	7	0	0	0
tweet_00126222	saude202204_n_00001_00000004.jpg	0	-1	1	0	0	0	0	-1	0	0	8	0	0
tweet_00126229	saude202204_n_00001_00000005.jpg	0	2	0	0	0	0	1	1	0	0	0	1	0
tweet_00126239	saude202204_n_00001_00000007.jpg	0	0	-1	1	1	0	0	0	0	0	1	0	0
tweet_00126265	saude202204_n_00001_00000008.jpg	-1	2	0	0	0	0	0	0	0	0	0	0	-6
tweet_00126292	saude202204_n_00002_00000002.png	1	-1	1	0	0	0	0	0	0	21	0	0	0
tweet_00126319	saude202204_n_00002_00000008.jpg	2	0	0	-3	0	0	0	0	0	24	0	0	0
tweet_00126362	saude202204_n_00003_00000001.png	1	1	0	0	0	1	0	0	0	5	0	-1	0
tweet_00126370	saude202204_n_00003_00000003.jpg	2	2	0	0	-2	2	0	1	2	1	0	1	0
tweet_00126372	saude202204_n_00003_00000004.jpg	0	-2	0	0	0	1	0	0	0	0	0	0	-4
tweet_00126402	saude202204_n_00004_00000001.jpg	0	0	-1	0	-1	1	0	0	0	0	0	0	-2
tweet_00126438	saude202204_n_00006_00000001.jpg	0	2	0	0	0	1	0	3	0	2	0	-1	-1
tweet_00126439	saude202204_n_00006_00000002.jpg	1	0	0	1	0	3	0	0	0	0	0	0	-5
tweet_00126444	saude202204_n_00006_00000003.jpg	-1	1	0	0	1	0	2	0	0	0	0	-1	-4
tweet_00126451	saude202204_n_00007_00000001.jpg	0	4	0	0	0	1	0	0	0	0	0	0	-3
tweet_00126496	saude202204_n_00008_00000001.jpg	1	2	0	0	0	1	0	6	0	3	0	1	0
tweet_00126507	saude202204_n_00008_00000002.jpg	0	2	0	0	0	0	0	0	0	13	0	0	0
tweet_00126532	saude202204_n_00009_00000002.jpg	0	1	0	0	-1	0	0	0	1	6	0	4	0
tweet_00126541	saude202204_n_00009_00000004.jpg	6	-1	0	0	0	1	0	0	0	8	0	0	0
tweet_00126553	saude202204_n_00010_00000002.jpg	2	-4	0	-1	0	0	0	0	0	8	0	0	0
tweet_00126643	saude202204_n_00011_00000002.jpg	0	0	0	-1	0	0	0	1	0	0	0	0	12
tweet_00126659	saude202204_n_00012_00000002.jpg	1	-3	0	0	0	0	0	-1	0	2	0	-2	0
tweet_00126665	saude202204_n_00012_00000003.jpg	0	2	0	0	0	0	0	0	0	21	0	0	0
tweet_00126683	saude202204_n_00013_00000001.jpg	1	1	0	0	0	0	0	3	0	0	0	0	0
tweet_00126694	saude202204_n_00013_00000002.jpg	1	2	-1	0	0	0	24	-1	0	0	0	0	14
tweet_00126700	saude202204_n_00013_00000006.jpg	0	2	0	0	0	0	0	0	0	0	0	0	-5
tweet_00126707	saude202204_n_00013_00000007.jpg	2	2	0	0	0	1	0	0	0	6	0	0	0
tweet_00126713	saude202204_n_00014_00000001.jpg	0	1	0	0	2	0	0	3	0	0	0	0	3
tweet_00126725	saude202204_n_00014_00000002.jpg	1	4	0	0	0	0	0	0	5	0	0	0	0
tweet_00126749	saude202204_n_00015_00000001.jpg	-3	0	0	-1	1	1	0	0	0	0	0	0	1
tweet_00126793	saude202204_n_00018_00000001.jpg	1	1	0	0	0	0	0	2	0	8	0	0	0
tweet_00126807	saude202204_n_00019_00000002.jpg	5	2	0	0	0	0	0	6	0	0	0	0	3
tweet_00126822	saude202204_n_00020_00000001.jpg	3	4	-1	0	0	0	0	13	0	0	0	0	15
tweet_00126847	saude202204_n_00020_00000004.jpg	1	2	-1	0	0	0	0	5	0	-1	0	0	21
tweet_00126859	saude202204_n_00021_00000001.jpg	3	1	0	0	0	0	0	1	0	17	0	0	0
tweet_00126875	saude202204_n_00021_00000003.jpg	1	1	0	0	0	0	0	0	0	7	0	0	0
tweet_00126912	saude202204_n_00026_00000001.jpg	0	2	-1	0	0	0	-1	5	1	1	0	1	3
tweet_00126959	saude202204_n_00027_00000001.jpg	1	0	-1	0	-1	1	0	1	0	16	0	0	0
tweet_00126993	saude202204_n_00027_00000002.jpg	0	3	0	0	0	0	1	0	0	2	2	0	0
tweet_00126994	saude202204_n_00027_00000003.jpg	-1	1	0	0	0	0	0	0	0	0	0	0	-4
tweet_00127057	saude202204_n_00028_00000004.jpg	-1	0	0	-1	0	0	1	0	0	0	0	0	-5
tweet_00127070	saude202204_n_00029_00000001.jpg	-1	1	0	-1	0	0	0	3	0	0	0	0	-1
tweet_00127093	saude202204_n_00030_00000001.jpg	-1	1	0	0	0	0	0	3	0	0	0	0	-1
tweet_00127098	saude202204_n_00030_00000002.jpg	2	-2	0	-2	1	0	4	2	0	0	0	0	23
tweet_00127113	saude202204_n_00030_00000003.jpg	0	2	0	-1	0	0	1	0	0	0	0	0	-5
tweet_00127131	saude202204_n_00030_00000004.jpg	0	0	-1	-1	0	1	0	1	0	1	0	0	0
tweet_00127142	saude202204_n_00030_00000005.jpg	1	-1	0	1	0	1	0	0	0	12	0	0	0
tweet_00127165	saude202204_n_00031_00000001.jpg	0	0	0	0	0	0	1	0	14	0	0	-2	-3
tweet_00127166	saude202204_n_00031_00000002.jpg	0	1	0	0	0	0	0	0	0	0	0	0	-4
tweet_00127185	saude202204_n_00031_00000003.jpg	0	2	0	-2	0	0	0	1	0	0	0	0	1
tweet_00127198	saude202204_n_00031_00000004.jpg	3	0	0	0	0	0	0	0	0	0	-1	0	-1
tweet_00127218	saude202204_n_00032_00000001.jpg	1	-1	0	0	0	0	2	0	15	0	0	-2	-3
tweet_00127223	saude202204_n_00032_00000002.jpg	0	-2	0	-2	0	0	0	0	0	0	3	0	0
tweet_00127226	saude202204_n_00032_00000003.jpg	0	1	0	0	1	1	0	0	0	0	0	0	-1
tweet_00127227	saude202204_n_00032_00000004.jpg	2	0	0	0	-1	1	0	0	0	2	0	0	0
tweet_00127241	saude202204_n_00032_00000006.jpg	1	1	0	-1	0	0	0	3	0	0	0	0	0
tweet_00127242	saude202204_n_00032_00000007.jpg	1	0	0	-1	0	0	0	0	0	1	0	0	0
tweet_00127256	saude202204_n_00032_00000009.jpg	1	-1	0	0	0	0	4	0	0	0	0	0	5
tweet_00127277	saude202204_n_00032_00000010.png	1	0	0	0	0	0	1	0	0	0	4	0	0
tweet_00127308	saude202204_n_00033_00000001.jpg	0	2	0	2	1	0	0	0	0	0	0	0	-3
tweet_00127322	saude202204_n_00033_00000004.jpg	1	0	-1	0	0	0	0	0	0	3	0	-1	0
tweet_00127358	saude202204_n_00034_00000002.jpg	1	1	0	0	1	1	0	0	0	3	0	0	0
tweet_00127362	saude202204_n_00034_00000003.jpg	1	0	-1	0	0	0	0	0	0	1	0	0	0
tweet_00127369	saude202204_n_00034_00000004.jpg	1	1	0	1	1	0	0	0	0	13	0	0	0
tweet_00127372	saude202204_n_00034_00000005.jpg	1	0	-3	0	1	0	0	0	0	8	0	-3	-1
tweet_00127394	saude202204_n_00034_00000006.jpg	1	2	-2	0	0	0	1	-2	0	3	0	0	0
tweet_00127405	saude202204_n_00034_00000007.png	1	0	-1	0	0	0	1	0	0	-1	0	0	-2
tweet_00127408	saude202204_n_00034_00000008.jpg	1	0	-1	0	0	0	0	0	0	0	0	0	0
tweet_00127433	saude202204_n_00035_00000001.jpg	1	1	0	0	0	0	0	0	4	0	1	12	0
tweet_00127452	saude202204_n_00035_00000005.jpg	1	0	-1	0	0	3	0	0	3	2	1	6	0
tweet_00127462	saude202204_n_00035_00000006.jpg	1	0	0	0	1	4	0	0	0	0	0	0	-1
tweet_00127464	saude202204_n_00035_00000007.jpg	1	0	0	0	1	0	0	0	0	0	0	0	-2
tweet_00127471	saude202204_n_00035_00000008.jpg	1	1	0	-1	0	1	0	0	0	0	0	0	-1
tweet_00127476	saude202204_n_00036_00000001.jpg	1	0	0	0	0	2	0	3	0	0	0	0	3
tweet_00127477	saude202204_n_00036_00000002.jpg	2	1	0	0	0	2	0	0	1	0	0	0	0
tweet_00127480	saude202204_n_00036_00000004.png	1	1	0	0	0	0	0	0	3	0	2	7	0
tweet_00127489	saude202204_n_00036_00000006.jpg	1	0	0	0	0	2	0	0	0	14	0	0	0
tweet_00127495	saude202204_n_00036_00000007.jpg	1	1	0	0	0	0	0	0	0	7	0	1	0
tweet_00127496	saude202204_n_00036_00000008.jpg	1	2	-2	0	0	0	0	0	1	-1	0	6	0
tweet_00127498	saude202204_n_00036_00000009.jpg	1	1	0	0	0	0	0	0	0	0	3	0	2
tweet_00127500	saude202204_n_00036_00000010.jpg	1	3	0	0	0	0	0	11	10	2	0	-1	0
tweet_00127522	saude202204_n_00036_00000011.jpg	0	2	-1	0	0	1	4	1	0	0	0	0	9
tweet_00127527	saude202204_n_00036_00000012.jpg	1	1	0	0	0	0	1	1	0	0	0	-1	-5
tweet_00127529	saude202204_n_00036_00000013.jpg	1	2	0	-2	0	0	0	0	0	-1	0	0	1
tweet_00127541	saude202204_n_00037_00000001.png	1	0	-1	0	-1	0	0	0	0	13	0	0	0
tweet_00127549	saude202204_n_00037_00000004.jpg	0	-2	0	0	0	0	0	0	0	0	0	0	-2
tweet_00127557	saude202204_n_00037_00000006.jpg	0	0	0	0	1	4	1	1	0	0	0	0	-2
tweet_00127569	saude202204_n_00037_00000007.jpg	0	1	-1	0	0	0	0	0	8	0	3	-1	0
tweet_00127587	saude202204_n_00037_00000010.jpg	1	-1	-1	0	0	0	0	0	0	0	0	0	-3
tweet_00127628	saude202204_n_00040_00000001.jpg	0	2	0	-1	0	0	2	2	0	0	0	0	18
tweet_00127652	saude202204_n_00045_00000001.jpg	0	4	0	0	0	0	5	0	0	0	0	-1	8
tweet_00127665	saude202204_n_00051_00000001.jpg	1	0	0	-2	0	3	1	1	0	0	0	0	0
tweet_00127680	saude202204_n_00052_00000001.jpg	0	1	0	-1	0	1	0	0	0	-1	0	-1	0
tweet_00127692	saude202204_n_00053_00000001.jpg	0	-1	0	-1	0	0	0	0	0	2	0	0	0
tweet_00127700	saude202204_n_00056_00000001.jpg	-2	2	0	-2	0	0	5	2	0	0	0	0	3
tweet_00127714	saude202204_n_00058_00000001.jpg	3	-1	0	0	1	0	0	0	0	8	0	0	0
tweet_00127752	saude202204_n_00061_00000001.jpg	0	0	0	-1	0	0	0	0	0	0	0	0	-1
tweet_00127753	saude202204_n_00061_00000002.jpg	5	1	-1	0	1	0	5	0	0	0	0	0	14
tweet_00127763	saude202204_n_00064_00000001.jpg	-1	2	0	-2	0	0	0	0	0	0	0	0	-3
tweet_00127862	saude202204_n_00062_00000002.jpg	1	1	0	-2	0	0	0	0	0	0	0	0	0
tweet_00127892	saude202204_n_00063_00000002.jpg	0	2	0	0	0	0	0	0	0	0	0	0	-3
tweet_00127913	saude202204_n_00063_00000004.jpg	1	-1	0	-1	1	0	17	0	1	-1	0	0	9
tweet_00127918	saude202204_n_00063_00000005.jpg	1	1	0	-2	0	0	0	0	0	0	0	-2	-2
tweet_00127939	saude202204_n_00064_00000003.jpg	0	2	0	-1	0	0	0	-1	6	0	16	11	0
tweet_00127949	saude202204_n_00064_00000006.jpg	1	1	0	0	0	0	-4	0	-3	4	0	0	0
tweet_00127977	saude202204_n_00065_00000001.jpg	0	1	0	-1	0	0	0	0	0	0	0	0	-5
tweet_00127984	saude202204_n_00065_00000002.jpg	0	2	0	-2	0	0	0	0	0	0	0	0	4
tweet_00127991	saude202204_n_00065_00000003.jpg	2	2	0	-2	0	0	-2	-1	0	0	7	10	0
tweet_00127995	saude202204_n_00065_00000004.png	0	2	0	0	0	0	1	0	4	0	5	9	1
tweet_00128010	saude202204_n_00065_00000005.jpg	1	0	0	0	0	0	1	0	0	0	4	0	0
tweet_00128021	saude202204_n_00065_00000006.jpg	-1	2	0	-2	0	0	1	3	0	0	0	0	-1
tweet_00128078	saude202204_n_00066_00000003.png	1	-1	0	-2	1	0	0	0	0	0	3	0	0
tweet_00128098	saude202204_n_00067_00000001.jpg	0	0	0	-2	0	3	0	1	0	0	0	0	4
tweet_00128105	saude202204_n_00067_00000002.jpg	3	1	0	-1	1	0	0	0	0	13	0	0	0
tweet_00128114	saude202204_n_00067_00000003.png	0	2	0	-1	0	0	0	0	0	0	0	0	-1
tweet_00128124	saude202204_n_00067_00000004.jpg	0	1	0	-2	0	0	0	0	0	0	0	0	-1
tweet_00128151	saude202204_n_00067_00000007.jpg	1	1	0	0	0	0	1	0	0	-1	0	-2	-3
tweet_00128173	saude202204_n_00068_00000002.jpg	1	1	1	-1	0	0	8	2	0	0	0	0	10
tweet_00128175	saude202204_n_00068_00000003.jpg	0	2	-1	-1	1	0	0	0	0	0	1	-1	0
tweet_00128179	saude202204_n_00068_00000004.jpg	1	1	0	0	0	0	0	0	0	0	0	0	1
tweet_00128197	saude202204_n_00068_00000005.jpg	2	1	0	-1	0	1	0	12	0	0	0	0	17
tweet_00128209	saude202204_n_00069_00000002.png	-3	3	0	-1	0	0	0	0	0	12	0	0	0
tweet_00128218	saude202204_n_00069_00000004.jpg	-2	2	1	0	0	0	1	1	0	0	0	0	0
tweet_00128273	saude202204_n_00070_00000001.jpg	1	1	0	-2	0	0	0	0	0	0	0	0	-4
tweet_00128287	saude202204_n_00070_00000002.jpg	0	1	0	0	0	1	0	0	0	2	0	0	0
tweet_00128313	saude202204_n_00073_00000001.jpg	0	6	0	-1	0	0	5	0	0	0	0	0	15
tweet_00128344	saude202204_n_00071_00000002.jpg	0	2	0	-1	0	0	0	4	0	0	0	0	0
tweet_00128350	saude202204_n_00071_00000003.jpg	2	-2	0	0	0	1	0	0	0	6	0	0	0
tweet_00128365	saude202204_n_00072_00000001.jpg	1	2	0	-3	0	0	1	0	0	0	0	0	-1
tweet_00128381	saude202204_n_00072_00000002.jpg	-1	1	1	-1	0	0	0	3	0	0	2	-1	-1
tweet_00128403	saude202204_n_00073_00000003.jpg	0	1	0	0	0	0	0	0	0	0	0	0	-3
tweet_00128470	saude202204_n_00075_00000001.jpg	-1	2	0	0	-1	1	0	0	0	0	0	-1	-2
tweet_00128471	saude202204_n_00075_00000002.jpg	3	2	0	0	0	0	1	0	0	1	0	0	-2
tweet_00128477	saude202204_n_00075_00000003.jpg	0	1	0	0	0	0	0	0	0	0	0	0	-5
tweet_00128515	saude202204_n_00076_00000001.jpg	2	-1	0	0	0	1	0	0	0	16	0	0	0
tweet_00128539	saude202204_n_00077_00000001.jpg	0	7	0	0	0	0	0	0	0	0	0	-1	4
tweet_00128609	saude202204_n_00079_00000001.jpg	0	0	0	0	0	1	5	0	0	0	0	0	0
tweet_00128611	saude202204_n_00079_00000002.jpg	2	-1	0	0	0	2	0	0	0	0	0	0	-1
tweet_00128627	saude202204_n_00080_00000001.jpg	0	2	0	0	0	0	1	0	0	0	0	0	-4
tweet_00128676	saude202204_n_00081_00000001.jpg	2	-1	0	0	0	1	0	0	0	14	0	0	0
tweet_00128707	saude202204_n_00082_00000001.png	0	1	-1	0	0	2	0	0	0	0	0	0	-5
tweet_00128708	saude202204_n_00082_00000002.jpg	-1	0	0	0	0	1	0	0	0	0	0	0	-4
tweet_00128722	saude202204_n_00082_00000003.jpg	1	-1	0	0	0	1	0	0	0	12	0	0	0
tweet_00128735	saude202204_n_00083_00000001.jpg	0	-2	1	0	0	1	0	0	0	12	0	0	0
tweet_00128736	saude202204_n_00083_00000002.jpg	1	1	0	0	0	1	0	0	0	0	0	0	-2
tweet_00128756	saude202204_n_00087_00000001.jpg	1	2	0	-1	0	0	0	0	0	0	0	0	-1
tweet_00128763	saude202204_n_00090_00000001.jpg	0	1	0	0	0	0	0	0	0	0	0	0	-3
tweet_00128777	saude202204_n_00101_00000002.jpg	1	2	0	0	-1	0	0	0	0	14	0	0	0
tweet_00128782	saude202204_n_00103_00000001.jpg	1	2	0	0	-1	0	0	8	0	0	0	0	12
tweet_00128786	saude202204_n_00105_00000001.jpg	2	2	0	-1	0	0	0	0	0	9	0	0	0
tweet_00128788	saude202204_n_00109_00000001.jpg	0	2	0	-1	0	0	0	0	0	0	0	0	-2
tweet_00128816	saude202204_n_00110_00000001.jpg	0	1	0	0	0	0	0	1	0	0	-2	-2	0
tweet_00128818	saude202204_n_00110_00000003.jpg	0	1	0	-1	0	0	0	0	0	6	0	-1	0
tweet_00128822	saude202204_n_00110_00000008.jpg	3	0	0	-2	-1	0	0	0	3	0	0	6	0
tweet_00128823	saude202204_n_00110_00000009.jpg	1	4	0	-2	0	0	0	0	0	0	2	0	0
tweet_00128835	saude202204_n_00110_00000010.jpg	1	1	0	0	1	1	0	0	0	21	0	1	1
tweet_00128850	saude202204_n_00110_00000011.jpg	0	2	0	0	0	0	0	0	0	0	0	0	-3
tweet_00128876	saude202204_n_00111_00000001.jpg	1	0	-1	0	0	0	1	0	0	0	0	0	-2
tweet_00128899	saude202204_n_00111_00000003.jpg	-1	1	0	0	0	0	0	0	0	0	0	0	-4
tweet_00128931	saude202204_n_00112_00000002.jpg	0	6	0	-1	0	0	0	11	0	0	0	0	15
tweet_00128962	saude202204_n_00112_00000004.jpg	1	2	0	0	0	0	1	5	0	-1	0	0	21
tweet_00128985	saude202204_n_00113_00000002.jpg	0	2	0	0	0	0	9	0	0	0	0	1	20
tweet_00129016	saude202204_n_00114_00000002.png	1	2	0	-1	0	0	1	7	0	-1	0	0	23
tweet_00129031	saude202204_n_00115_00000001.jpg	1	3	0	0	0	0	0	0	0	1	0	-1	0
tweet_00129036	saude202204_n_00115_00000003.jpg	0	4	-1	0	1	0	0	0	0	0	0	0	-4
tweet_00129060	saude202204_n_00115_00000007.jpg	1	2	0	0	0	0	1	3	0	-1	0	0	22
tweet_00129065	saude202204_n_00115_00000009.png	1	1	0	0	0	0	2	6	0	-1	0	0	26
tweet_00129068	saude202204_n_00115_00000010.jpg	0	1	0	0	0	0	0	0	0	0	0	-5	-1
tweet_00129086	saude202204_n_00117_00000005.png	0	0	2	0	0	0	8	1	0	0	0	0	25
tweet_00129087	saude202204_n_00116_00000001.png	1	0	2	0	0	0	1	-1	0	0	3	0	0
tweet_00129095	saude202204_n_00116_00000002.jpg	3	1	0	0	0	0	0	0	0	0	0	0	-1
tweet_00129096	saude202204_n_00116_00000003.jpg	1	3	0	0	0	0	0	1	0	0	0	1	0
tweet_00129099	saude202204_n_00116_00000004.png	1	1	0	0	1	1	0	0	0	3	0	0	0
tweet_00129100	saude202204_n_00116_00000005.jpg	0	1	-1	0	0	1	3	0	0	0	0	0	-3
tweet_00129107	saude202204_n_00116_00000006.jpg	1	-1	0	-1	0	0	0	0	1	2	0	-2	0
tweet_00129117	saude202204_n_00116_00000007.jpg	1	1	0	0	0	0	0	0	0	0	0	7	1
tweet_00129126	saude202204_n_00116_00000009.jpg	1	0	-1	0	0	2	3	0	0	0	0	0	-6
tweet_00129137	saude202204_n_00117_00000002.jpg	0	0	0	0	1	0	0	0	0	0	0	0	-4
tweet_00129154	saude202204_n_00117_00000006.jpg	0	1	0	0	0	0	0	1	0	8	0	0	0
tweet_00129165	saude202204_n_00118_00000001.jpg	0	2	0	0	0	0	0	0	0	7	0	0	0
tweet_00129199	saude202204_n_00121_00000001.jpg	0	-2	0	-1	0	1	0	0	0	9	0	0	0
tweet_00129209	saude202204_n_00121_00000002.jpg	0	0	0	0	0	2	2	0	0	1	0	0	-1
tweet_00129300	saude202204_n_00122_00000003.jpg	1	1	0	-1	0	0	0	5	0	0	0	0	20
tweet_00129308	saude202204_n_00122_00000004.jpg	0	1	0	0	0	0	2	-2	0	8	1	0	-1
tweet_00129314	saude202204_n_00122_00000005.jpg	1	1	0	0	0	0	0	1	1	0	0	1	0
tweet_00129320	saude202204_n_00122_00000006.jpg	1	-1	0	0	0	0	0	0	0	16	0	0	0
tweet_00129324	saude202204_n_00122_00000007.jpg	1	1	0	0	0	1	0	0	0	17	0	0	0
tweet_00129325	saude202204_n_00122_00000008.jpg	3	-2	0	0	0	0	0	0	0	6	0	0	0
tweet_00129340	saude202204_n_00123_00000001.jpg	1	-1	0	0	0	0	1	-1	0	1	0	0	0
tweet_00129345	saude202204_n_00123_00000002.jpg	0	0	0	0	0	0	0	4	0	4	0	0	0
tweet_00129353	saude202204_n_00123_00000003.jpg	-1	1	0	0	-1	0	5	0	0	0	0	0	-1
tweet_00129372	saude202204_n_00123_00000004.jpg	-1	-3	1	0	1	0	0	0	0	0	0	-1	-2
tweet_00129379	saude202204_n_00124_00000001.jpg	3	1	0	0	0	0	0	0	0	1	0	0	-1
tweet_00129386	saude202204_n_00124_00000002.jpg	0	2	0	0	0	1	0	0	0	6	0	0	0
tweet_00129392	saude202204_n_00124_00000003.jpg	0	2	0	0	0	0	0	0	0	1	0	-2	0
tweet_00129396	saude202204_n_00124_00000007.jpg	0	-1	0	0	0	1	0	0	0	0	0	0	-4
tweet_00129411	saude202204_n_00124_00000009.jpg	2	0	0	-1	0	1	0	2	0	2	0	-1	-2
tweet_00129439	saude202204_n_00125_00000001.jpg	0	-1	0	0	0	0	2	0	0	0	0	0	-2
tweet_00129465	saude202204_n_00127_00000002.jpg	-1	3	0	0	0	1	0	5	0	1	0	0	0
tweet_00129471	saude202204_n_00128_00000001.jpg	0	2	1	0	0	1	0	0	0	0	0	-1	-3
tweet_00129474	saude202204_n_00128_00000004.jpg	-1	0	0	0	0	0	0	0	0	0	0	0	-5
tweet_00129479	saude202204_n_00128_00000005.jpg	2	1	-1	0	0	1	0	0	0	0	0	0	-2
tweet_00129523	saude202204_n_00128_00000006.jpg	1	0	0	1	0	0	0	0	0	0	0	0	-1
tweet_00129545	saude202204_n_00129_00000001.jpg	-1	-2	0	0	0	0	3	0	0	0	0	0	-3
tweet_00129558	saude202204_n_00129_00000002.jpg	4	0	0	0	-1	0	0	0	0	1	0	0	0
tweet_00129561	saude202204_n_00129_00000003.jpg	1	2	0	-1	0	0	0	0	0	1	0	0	0
tweet_00129590	saude202204_n_00129_00000004.jpg	0	2	0	0	0	0	0	0	0	7	0	1	0
tweet_00129594	saude202204_n_00129_00000005.jpg	1	0	0	0	0	0	0	0	0	0	1	1	0
tweet_00129609	saude202204_n_00130_00000001.jpg	-1	5	0	0	0	0	1	2	0	3	0	0	2
tweet_00129614	saude202204_n_00130_00000002.jpg	0	3	0	0	0	0	1	2	0	0	0	0	0
tweet_00129629	saude202204_n_00130_00000003.png	2	3	0	0	0	1	0	0	0	1	0	0	0
tweet_00129647	saude202204_n_00130_00000004.jpg	1	4	0	0	0	0	0	1	0	0	0	-1	0
tweet_00129657	saude202204_n_00130_00000005.jpg	1	-5	0	2	0	1	0	0	0	7	0	0	0
tweet_00129668	saude202204_n_00131_00000001.jpg	1	-4	0	0	0	1	0	0	0	6	0	0	0
tweet_00129670	saude202204_n_00131_00000002.jpg	1	2	0	-2	0	1	0	0	0	-1	1	0	0
tweet_00129673	saude202204_n_00131_00000003.jpg	1	1	0	0	0	0	1	0	2	0	2	0	0
tweet_00129680	saude202204_n_00131_00000004.jpg	0	4	0	0	0	0	0	0	0	1	1	1	0
tweet_00129682	saude202204_n_00131_00000005.jpg	4	2	0	1	0	0	0	0	0	21	0	0	0
tweet_00129684	saude202204_n_00131_00000006.jpg	0	3	0	0	0	0	0	0	0	5	0	0	-1
tweet_00129686	saude202204_n_00131_00000007.png	0	1	1	0	0	0	1	0	0	-1	0	0	0
tweet_00129705	saude202204_n_00131_00000008.jpg	1	0	0	0	0	0	0	0	0	7	0	0	0
tweet_00129740	saude202204_n_00132_00000001.jpg	2	1	0	-1	-1	0	0	0	0	1	0	0	0
tweet_00129768	saude202204_n_00132_00000002.jpg	0	1	0	0	0	1	0	0	0	0	0	0	-6
tweet_00129773	saude202204_n_00132_00000003.jpg	2	1	0	0	-1	0	0	0	0	1	0	0	0
tweet_00129812	saude202204_n_00134_00000001.jpg	0	1	0	0	0	0	0	0	0	0	0	4	0
tweet_00129819	saude202204_n_00134_00000002.jpg	1	1	0	0	0	0	0	0	0	1	0	-1	0
tweet_00129837	saude202204_n_00135_00000001.jpg	-1	1	1	0	1	0	0	0	0	0	0	0	-4
tweet_00129843	saude202204_n_00136_00000001.jpg	1	3	0	-1	0	0	0	0	0	27	0	0	0
tweet_00129854	saude202204_n_00136_00000004.jpg	2	-3	0	0	1	0	0	0	0	2	0	-1	0
tweet_00129872	saude202204_n_00136_00000005.jpg	-1	0	1	-1	0	0	0	0	0	0	0	0	-3
tweet_00129873	saude202204_n_00136_00000006.jpg	1	1	0	0	0	0	0	0	0	22	0	0	0
tweet_00129874	saude202204_n_00136_00000007.jpg	3	-3	0	1	0	0	0	0	0	6	0	0	0
tweet_00129875	saude202204_n_00136_00000008.jpg	3	-2	0	0	0	0	0	0	0	6	0	0	0
tweet_00129884	saude202204_n_00136_00000009.jpg	1	-4	0	0	1	0	0	0	0	8	0	-1	0
tweet_00129909	saude202204_n_00137_00000001.jpg	1	-5	0	1	0	1	0	0	0	13	0	-1	0
tweet_00129916	saude202204_n_00137_00000002.jpg	1	-4	0	1	1	0	0	0	0	7	0	0	0
tweet_00129925	saude202204_n_00137_00000003.png	1	-4	0	0	0	0	0	0	0	5	0	0	0
tweet_00129937	saude202204_n_00137_00000006.jpg	1	-3	-1	0	2	0	0	0	0	0	0	0	-1
tweet_00129967	saude202204_n_00137_00000008.jpg	1	-4	0	0	0	0	0	0	0	1	0	0	0
tweet_00129979	saude202204_n_00138_00000002.jpg	3	-5	0	0	0	0	0	0	0	8	0	0	0
tweet_00129993	saude202204_n_00138_00000004.png	1	-5	0	0	0	2	0	0	0	6	0	0	0
tweet_00130000	saude202204_n_00138_00000005.jpg	1	-4	0	0	0	2	0	0	0	7	0	0	0
tweet_00130013	saude202204_n_00139_00000001.jpg	1	-3	0	0	2	2	0	6	0	0	0	0	1
tweet_00130015	saude202204_n_00139_00000002.jpg	2	0	-1	0	0	0	0	-1	-1	8	0	0	1
tweet_00130017	saude202204_n_00139_00000003.png	-1	3	0	0	1	1	3	0	0	0	0	0	-4
tweet_00130024	saude202204_n_00139_00000005.jpg	1	2	-1	-1	0	0	2	1	0	0	0	0	-1
tweet_00130049	saude202204_n_00141_00000001.jpg	0	2	0	0	0	0	1	0	0	4	0	0	0
tweet_00130051	saude202204_n_00141_00000002.png	1	3	0	0	0	0	0	0	0	6	0	-1	0
tweet_00130052	saude202204_n_00141_00000003.jpg	0	2	0	0	0	0	0	0	0	-1	0	0	-2
tweet_00130064	saude202204_n_00141_00000005.jpg	0	3	0	0	1	0	1	0	0	0	0	0	-4
tweet_00130116	saude202204_n_00142_00000002.jpg	2	1	0	0	0	1	0	4	0	-1	0	0	19
tweet_00130117	saude202204_n_00142_00000003.jpg	0	2	0	0	0	0	0	5	0	0	0	0	9
tweet_00130124	saude202204_n_00142_00000004.jpg	0	2	1	-1	0	0	0	0	0	0	0	-1	-5
tweet_00130147	saude202204_n_00143_00000007.jpg	1	-1	0	0	1	0	-1	0	-3	2	-1	-1	11
tweet_00130155	saude202204_n_00143_00000011.jpg	0	-3	0	0	1	0	0	0	0	1	0	0	0
tweet_00130172	saude202204_n_00143_00000012.jpg	1	-1	0	0	0	1	0	-1	0	0	-14	0	0
tweet_00130175	saude202204_n_00143_00000013.jpg	2	-2	0	0	2	0	0	1	0	3	0	0	0
tweet_00130195	saude202204_n_00144_00000001.jpg	0	-1	0	0	0	1	1	-5	1	0	0	12	0
tweet_00130200	saude202204_n_00144_00000002.jpg	0	2	0	0	0	0	0	0	0	1	0	0	-2
tweet_00130222	saude202204_n_00144_00000003.jpg	0	2	0	0	-1	0	0	0	5	0	0	-1	0
tweet_00130267	saude202204_n_00145_00000001.jpg	-1	0	0	0	0	0	0	1	0	0	0	0	-3
tweet_00130274	saude202204_n_00146_00000001.jpg	0	0	0	0	0	2	0	0	0	0	0	0	-2
tweet_00130276	saude202204_n_00146_00000002.jpg	1	2	0	0	0	0	0	0	0	1	0	0	0
tweet_00130288	saude202204_n_00146_00000003.jpg	1	2	0	-2	0	1	16	0	0	0	0	0	14
tweet_00130290	saude202204_n_00146_00000005.jpg	1	-2	0	0	2	0	0	0	0	1	0	0	0
tweet_00130309	saude202204_n_00146_00000008.jpg	1	0	0	-1	0	1	0	3	0	10	0	0	0
tweet_00130311	saude202204_n_00146_00000009.jpg	1	-3	-4	0	2	0	0	0	0	14	0	-3	-1
tweet_00130321	saude202204_n_00147_00000001.jpg	1	-2	0	0	2	1	0	0	0	1	0	-1	-1
tweet_00130335	saude202204_n_00147_00000003.jpg	1	-2	-1	0	0	0	0	0	0	0	0	0	-3
tweet_00130339	saude202204_n_00147_00000005.jpg	0	0	0	0	0	0	1	5	0	0	0	0	11
tweet_00130348	saude202204_n_00147_00000007.jpg	0	1	0	-1	0	0	1	5	0	0	0	0	20
tweet_00130350	saude202204_n_00147_00000008.jpg	1	-1	-1	0	0	3	0	5	6	0	0	-1	4
tweet_00130352	saude202204_n_00147_00000009.jpg	1	0	0	0	0	0	-1	0	0	0	-12	1	0
tweet_00130382	saude202205_n_00001_00000001.jpg	0	0	0	0	0	0	0	1	0	0	0	0	-3
tweet_00130414	saude202205_n_00001_00000002.jpg	0	2	0	0	0	1	0	0	0	0	0	-1	-2
tweet_00130416	saude202205_n_00002_00000001.jpg	1	5	0	0	0	0	0	0	0	1	0	0	-1
tweet_00130430	saude202205_n_00002_00000003.jpg	0	4	0	1	0	0	0	0	0	0	0	0	-5
tweet_00130452	saude202205_n_00003_00000001.jpg	0	4	0	-1	0	0	0	0	0	2	0	0	-2
tweet_00130456	saude202205_n_00003_00000003.png	0	4	0	-1	0	0	0	0	0	2	0	0	-1
tweet_00130472	saude202205_n_00004_00000003.jpg	0	4	0	0	0	0	0	-1	0	6	0	-1	0
tweet_00130479	saude202205_n_00005_00000002.jpg	1	4	0	-1	0	0	0	0	0	6	0	0	0
tweet_00130488	saude202205_n_00005_00000003.jpg	0	4	0	0	0	0	0	2	0	4	0	-2	-1
tweet_00130495	saude202205_n_00005_00000004.jpg	0	4	0	0	0	0	0	0	0	1	0	0	0
tweet_00130496	saude202205_n_00005_00000005.jpg	0	2	0	0	0	0	0	3	0	2	0	0	0
tweet_00130505	saude202205_n_00006_00000002.jpg	0	6	0	0	0	0	0	1	0	0	0	-2	0
tweet_00130507	saude202205_n_00006_00000003.png	0	5	0	0	0	0	0	0	1	0	0	0	0
tweet_00130529	saude202205_n_00006_00000004.jpg	0	4	0	0	0	0	0	0	0	1	0	-1	0
tweet_00130557	saude202205_n_00009_00000001.jpg	0	2	2	0	0	0	0	0	0	0	0	0	-3
tweet_00130566	saude202205_n_00010_00000001.jpg	-1	0	0	0	0	0	0	0	0	0	0	0	-3
tweet_00130574	saude202205_n_00011_00000001.jpg	0	1	0	0	0	0	0	1	0	0	0	0	11
tweet_00130580	saude202205_n_00011_00000002.jpg	0	-1	1	-1	1	0	0	3	0	0	0	0	-1
tweet_00130584	saude202205_n_00012_00000001.jpg	1	2	1	-2	0	-1	2	0	0	0	0	0	-1
tweet_00130585	saude202205_n_00012_00000002.jpg	0	4	0	0	0	0	1	5	0	0	0	0	23
tweet_00130591	saude202205_n_00012_00000003.jpg	-2	2	1	0	0	0	5	1	0	-1	0	0	8
tweet_00130595	saude202205_n_00013_00000001.jpg	0	2	1	0	0	0	0	0	0	0	0	0	-3
tweet_00130617	saude202205_n_00014_00000001.jpg	0	0	1	0	0	0	0	0	0	0	0	0	-1
tweet_00130655	saude202205_n_00015_00000001.jpg	0	0	1	0	0	0	0	0	0	0	0	0	-5
tweet_00130660	saude202205_n_00015_00000002.jpg	0	3	0	0	0	0	1	5	0	0	0	0	23
tweet_00130684	saude202205_n_00015_00000006.jpg	0	2	0	0	0	0	2	0	0	-1	0	0	14
tweet_00130686	saude202205_n_00015_00000007.jpg	0	2	2	0	0	0	1	4	0	2	0	0	23
tweet_00130711	saude202205_n_00016_00000004.jpg	0	2	0	0	0	0	1	0	0	0	0	0	-4
tweet_00130726	saude202205_n_00016_00000005.jpg	0	0	0	0	0	0	0	1	0	-1	0	0	13
tweet_00130735	saude202205_n_00016_00000007.jpg	1	-2	1	0	1	0	0	0	0	6	0	0	0
tweet_00130741	saude202205_n_00017_00000001.jpg	0	4	0	0	0	0	0	4	0	1	-1	0	0
tweet_00130781	saude202205_n_00019_00000001.jpg	0	0	0	0	0	0	0	0	0	0	0	0	-3
tweet_00130802	saude202205_n_00020_00000001.jpg	-1	0	0	0	0	0	0	1	0	-1	0	0	4
tweet_00130848	saude202205_n_00114_00000003.jpg	0	1	0	-1	0	1	0	0	0	0	0	0	-3
tweet_00130864	saude202205_n_00022_00000004.jpg	0	3	0	0	0	0	0	0	0	0	0	0	-4
tweet_00130865	saude202205_n_00024_00000001.jpg	0	2	0	0	1	0	2	5	0	0	0	-1	-2
tweet_00130868	saude202205_n_00048_00000002.jpg	0	3	0	0	0	1	9	0	0	0	0	0	15
tweet_00130869	saude202205_n_00024_00000003.jpg	1	4	-1	0	0	0	9	0	1	0	0	0	4
tweet_00130870	saude202205_n_00024_00000004.png	1	0	0	0	0	0	0	0	0	0	0	0	-2
tweet_00130871	saude202205_n_00024_00000005.jpg	1	-1	0	0	2	0	0	0	0	1	0	-1	-1
tweet_00130874	saude202205_n_00024_00000006.jpg	0	2	0	0	0	0	1	0	0	0	0	0	-5
tweet_00130875	saude202205_n_00024_00000007.png	0	0	0	0	0	0	0	0	0	0	0	0	-6
tweet_00131006	saude202205_n_00028_00000001.jpg	3	-2	0	-1	2	0	0	0	0	1	0	0	0
tweet_00131015	saude202205_n_00028_00000002.jpg	2	8	0	0	0	0	0	4	0	0	0	0	9
tweet_00131026	saude202205_n_00028_00000003.jpg	0	0	0	0	0	0	4	0	0	-1	0	0	13
tweet_00131033	saude202205_n_00028_00000004.jpg	2	1	0	0	0	0	30	-1	0	0	0	1	11
tweet_00131042	saude202205_n_00028_00000006.jpg	1	1	0	0	0	0	1	0	0	18	0	0	0
tweet_00131061	saude202205_n_00029_00000001.jpg	1	-1	0	0	0	0	0	1	0	1	0	-1	-1
tweet_00131063	saude202205_n_00029_00000002.jpg	1	0	0	0	0	0	2	-1	0	1	12	-1	-2
tweet_00131093	saude202205_n_00030_00000001.jpg	1	-1	0	0	0	0	0	0	0	7	0	0	0
tweet_00131122	saude202205_n_00030_00000005.jpg	-1	0	1	0	0	0	0	2	0	0	0	0	3
tweet_00131131	saude202205_n_00031_00000001.jpg	1	-1	0	0	2	0	0	1	0	1	0	-2	-1
tweet_00131138	saude202205_n_00031_00000002.jpg	-2	-1	0	0	0	1	0	0	0	0	0	0	-2
tweet_00131144	saude202205_n_00031_00000004.jpg	1	-1	0	0	0	0	0	0	0	11	0	0	0
tweet_00131181	saude202205_n_00032_00000001.jpg	0	3	1	0	0	0	0	6	0	0	0	-1	4
tweet_00131183	saude202205_n_00032_00000002.jpg	0	1	0	0	0	0	0	0	0	0	0	0	-5
tweet_00131187	saude202205_n_00032_00000003.jpg	1	1	0	0	0	1	0	1	3	0	0	0	0
tweet_00131188	saude202205_n_00032_00000004.jpg	0	1	0	-1	0	0	0	0	0	0	0	0	-4
tweet_00131189	saude202205_n_00032_00000005.png	1	-1	-1	-2	0	0	0	0	-7	0	1	0	-1
tweet_00131191	saude202205_n_00032_00000006.jpg	0	-1	-1	0	2	0	0	0	0	0	0	-1	0
tweet_00131192	saude202205_n_00032_00000007.jpg	1	-1	0	-2	0	1	0	-1	0	0	-15	0	0
tweet_00131208	saude202205_n_00033_00000002.jpg	0	-1	0	-2	0	0	0	0	0	1	0	0	0
tweet_00131216	saude202205_n_00033_00000003.jpg	0	-2	-1	0	0	0	0	1	0	20	0	-2	0
tweet_00131226	saude202205_n_00033_00000004.jpg	1	-2	0	0	2	1	0	0	0	0	0	0	-4
tweet_00131240	saude202205_n_00034_00000001.jpg	0	3	0	0	1	0	2	1	0	0	0	-1	-5
tweet_00131242	saude202205_n_00034_00000002.jpg	1	1	0	0	0	0	10	0	0	0	0	1	13
tweet_00131244	saude202205_n_00034_00000003.jpg	-2	0	0	0	0	0	0	1	0	0	0	-1	-1
tweet_00131252	saude202205_n_00034_00000004.jpg	-1	0	0	0	0	0	0	0	0	0	0	-4	-1
tweet_00131259	saude202205_n_00034_00000005.jpg	1	-1	0	0	0	0	0	0	0	2	0	0	0
tweet_00131266	saude202205_n_00034_00000006.jpg	1	0	0	-6	0	0	0	0	0	1	0	0	-3
tweet_00131272	saude202205_n_00034_00000008.jpg	-1	-1	-2	0	0	1	3	1	0	0	0	-1	-1
tweet_00131309	saude202205_n_00036_00000001.png	0	0	0	-1	0	3	0	0	0	0	0	0	-6
tweet_00131367	saude202205_n_00038_00000001.jpg	3	0	0	0	0	0	0	0	0	1	0	0	0
tweet_00131372	saude202205_n_00038_00000002.jpg	0	2	0	0	0	0	5	1	0	0	0	0	25
tweet_00131374	saude202205_n_00038_00000003.jpg	0	4	0	0	0	0	0	0	0	1	0	-1	-1
tweet_00131398	saude202205_n_00040_00000001.jpg	1	2	0	-1	0	1	24	0	0	1	0	1	15
tweet_00131407	saude202205_n_00040_00000005.jpg	1	1	0	-7	0	0	1	0	0	1	-1	1	0
tweet_00131413	saude202205_n_00041_00000001.jpg	0	1	0	0	0	0	0	0	0	0	0	0	-3
tweet_00131424	saude202205_n_00041_00000004.jpg	0	3	0	-1	0	1	0	2	0	0	0	-1	-1
tweet_00131435	saude202205_n_00045_00000001.jpg	1	4	0	0	0	0	-2	0	1	0	-1	6	0
tweet_00131461	saude202205_n_00047_00000001.jpg	0	2	0	-1	0	0	2	4	0	-1	0	0	21
tweet_00131494	saude202205_n_00048_00000004.jpg	1	1	0	0	0	0	0	0	0	2	0	-3	0
tweet_00131499	saude202205_n_00048_00000005.jpg	-2	2	0	0	0	0	0	2	1	0	0	1	0
tweet_00131536	saude202205_n_00049_00000002.jpg	0	1	0	0	0	0	0	0	0	0	0	-1	-4
tweet_00131565	saude202205_n_00050_00000001.jpg	0	4	0	-1	0	0	0	0	0	0	0	0	-1
tweet_00131566	saude202205_n_00050_00000002.jpg	3	0	1	0	0	0	0	1	0	-1	0	0	0
tweet_00131599	saude202205_n_00051_00000002.jpg	-1	2	1	-2	0	0	0	0	0	-1	0	0	-2
tweet_00131611	saude202205_n_00051_00000003.jpg	0	-1	-2	1	-1	-3	0	0	0	1	0	-1	0
tweet_00131615	saude202205_n_00052_00000001.jpg	-2	2	0	0	0	0	1	2	0	0	0	0	8
tweet_00131658	saude202205_n_00054_00000001.png	0	2	1	0	0	1	0	2	0	0	-2	-2	-2
tweet_00131659	saude202205_n_00054_00000002.jpg	0	2	0	-1	0	0	2	6	0	0	0	0	16
tweet_00131665	saude202205_n_00054_00000003.jpg	0	2	0	-1	0	0	0	5	0	0	0	0	12
tweet_00131672	saude202205_n_00055_00000001.jpg	2	-1	0	0	0	0	0	0	0	1	0	0	-1
tweet_00131678	saude202205_n_00055_00000002.png	0	1	0	-1	0	0	0	1	0	0	0	0	14
tweet_00131686	saude202205_n_00055_00000003.jpg	1	3	0	0	0	0	0	0	-1	0	0	2	-1
tweet_00131687	saude202205_n_00055_00000004.jpg	0	6	0	0	0	1	0	0	-1	0	0	1	-1
tweet_00131714	saude202205_n_00057_00000001.jpg	1	3	0	0	0	0	2	4	0	0	0	0	28
tweet_00131745	saude202205_n_00061_00000001.jpg	0	3	0	0	0	0	0	2	0	0	0	0	-1
tweet_00131761	saude202205_n_00062_00000001.jpg	0	1	0	-1	0	0	2	0	0	3	0	0	1
tweet_00131766	saude202205_n_00062_00000002.jpg	2	-1	0	0	0	0	0	-3	0	0	0	6	0
tweet_00131771	saude202205_n_00062_00000003.jpg	1	-1	0	-2	0	0	0	0	0	12	0	0	0
tweet_00131773	saude202205_n_00063_00000001.jpg	0	1	1	-1	-1	0	1	5	0	0	0	0	21
tweet_00131814	saude202205_n_00064_00000002.jpg	0	3	0	0	0	0	2	8	0	0	0	0	23
tweet_00131834	saude202205_n_00064_00000003.jpg	1	2	0	0	1	1	0	1	-1	0	0	0	0
tweet_00131839	saude202205_n_00066_00000001.jpg	0	3	0	0	0	0	1	12	0	0	0	0	18
tweet_00131849	saude202205_n_00066_00000002.jpg	1	0	-1	0	0	3	0	0	0	0	0	0	-3
tweet_00131866	saude202205_n_00068_00000002.jpg	1	5	0	0	0	0	2	7	0	0	0	0	23
tweet_00131867	saude202205_n_00068_00000003.png	0	3	0	0	0	0	0	1	0	0	0	0	5
tweet_00131876	saude202205_n_00068_00000004.jpg	0	2	0	-1	0	0	0	0	0	0	-1	0	-1
tweet_00131886	saude202205_n_00069_00000001.jpg	0	1	0	-1	0	0	0	1	0	-1	0	0	0
tweet_00131924	saude202205_n_00076_00000002.jpg	0	2	0	0	0	0	0	0	0	4	0	0	0
tweet_00131928	saude202205_n_00077_00000001.jpg	0	5	0	0	0	0	0	0	0	0	0	-1	0
tweet_00131945	saude202205_n_00077_00000002.jpg	0	3	0	0	0	0	2	3	0	0	0	0	25
tweet_00131948	saude202205_n_00077_00000003.jpg	1	2	0	0	0	0	0	0	6	0	0	1	0
tweet_00131960	saude202205_n_00078_00000001.jpg	1	3	0	0	0	0	15	0	3	-1	0	0	8
tweet_00131961	saude202205_n_00078_00000002.jpg	0	2	1	0	0	0	0	0	1	0	-1	0	-2
tweet_00131994	saude202205_n_00079_00000002.jpg	0	2	0	-1	0	0	0	1	0	0	0	0	0
tweet_00131998	saude202205_n_00079_00000003.png	0	2	0	-1	1	0	0	1	0	-1	0	2	1
tweet_00132019	saude202205_n_00081_00000003.jpg	0	2	0	-1	0	0	0	0	0	0	0	0	-5
tweet_00132024	saude202205_n_00081_00000001.jpg	-1	1	0	0	0	0	0	1	0	0	0	-1	0
tweet_00132050	saude202205_n_00082_00000001.jpg	1	0	0	-1	0	0	0	0	0	22	0	0	0
tweet_00132089	saude202205_n_00087_00000001.jpg	0	2	0	0	0	0	2	0	0	0	0	0	-3
tweet_00132094	saude202205_n_00088_00000001.jpg	0	0	0	0	1	0	0	1	0	0	-12	1	0
tweet_00132118	saude202205_n_00091_00000001.jpg	-2	1	1	0	0	0	0	0	12	0	0	1	1
tweet_00132137	saude202205_n_00092_00000001.jpg	1	4	0	0	0	0	0	0	0	0	1	0	0
tweet_00132138	saude202205_n_00092_00000002.jpg	0	0	0	0	0	2	0	0	0	0	0	0	-5
tweet_00132143	saude202205_n_00093_00000001.jpg	1	-1	0	0	0	1	0	0	0	1	0	0	-2
tweet_00132144	saude202205_n_00093_00000002.jpg	-1	2	0	0	0	0	0	2	0	0	0	0	10
tweet_00132148	saude202205_n_00093_00000003.jpg	-1	2	0	0	0	1	0	1	0	1	0	1	0
tweet_00132164	saude202205_n_00095_00000001.jpg	-2	2	0	0	0	0	1	4	0	0	0	0	-1
tweet_00132171	saude202205_n_00096_00000001.jpg	1	0	0	0	0	2	0	0	0	4	0	0	0
tweet_00132173	saude202205_n_00096_00000003.png	0	1	-1	-1	0	0	1	0	0	0	0	0	-3
tweet_00132189	saude202205_n_00097_00000001.jpg	-1	5	0	0	0	0	2	0	0	-1	0	0	15
tweet_00132216	saude202205_n_00097_00000003.jpg	0	0	0	0	0	-1	0	0	0	1	0	0	-1
tweet_00132232	saude202205_n_00097_00000005.jpg	1	1	0	0	0	0	0	0	1	0	0	-2	0
tweet_00132244	saude202205_n_00098_00000001.jpg	0	6	0	-1	0	0	0	7	1	3	0	1	-1
tweet_00132279	saude202205_n_00099_00000002.jpg	0	3	0	0	0	0	0	0	-1	0	0	0	-1
tweet_00132296	saude202205_n_00100_00000001.png	0	5	0	-1	0	0	0	0	0	0	0	0	-1
tweet_00132299	saude202205_n_00100_00000002.jpg	0	0	0	-4	0	0	0	0	0	0	0	0	-3
tweet_00132300	saude202205_n_00100_00000004.jpg	6	0	-1	0	-1	0	0	0	0	9	0	0	0
tweet_00132330	saude202205_n_00100_00000005.png	0	0	0	0	0	0	0	0	0	3	0	0	0
tweet_00132337	saude202205_n_00100_00000006.jpg	1	1	0	0	0	0	7	1	0	0	0	-1	-2
tweet_00132343	saude202205_n_00101_00000001.jpg	0	2	0	-1	0	0	0	12	4	0	0	1	1
tweet_00132352	saude202205_n_00101_00000002.jpg	-1	5	0	1	0	0	0	2	0	0	0	0	0
tweet_00132361	saude202205_n_00101_00000003.jpg	-1	8	0	0	0	0	1	0	0	0	0	0	7
tweet_00132367	saude202205_n_00101_00000004.jpg	2	1	0	0	0	0	-1	0	0	0	4	6	0
tweet_00132379	saude202205_n_00101_00000005.jpg	1	1	0	0	0	0	1	0	0	0	0	-3	-1
tweet_00132388	saude202205_n_00102_00000001.jpg	1	-1	0	-1	0	0	0	0	0	9	0	0	0
tweet_00132406	saude202205_n_00102_00000003.jpg	0	0	-1	0	0	1	0	0	1	0	0	0	0
tweet_00132407	saude202205_n_00102_00000004.png	2	1	0	0	-2	0	0	0	0	0	0	0	-4
tweet_00132425	saude202205_n_00102_00000005.jpg	1	1	0	0	0	0	-1	0	0	0	4	6	0
tweet_00132452	saude202205_n_00103_00000001.jpg	-1	4	0	0	0	0	0	0	0	0	0	0	-5
tweet_00132453	saude202205_n_00103_00000002.jpg	3	1	-1	0	-1	0	0	0	1	22	0	1	0
tweet_00132462	saude202205_n_00103_00000003.jpg	0	3	0	0	0	0	1	0	0	0	0	0	-4
tweet_00132473	saude202205_n_00103_00000004.jpg	0	5	0	-1	0	0	0	0	0	0	0	0	1
tweet_00132510	saude202205_n_00104_00000001.jpg	1	0	0	0	0	0	0	0	0	21	0	0	0
tweet_00132521	saude202205_n_00104_00000002.jpg	1	3	0	-1	0	0	0	0	0	5	0	0	0
tweet_00132538	saude202205_n_00105_00000001.jpg	0	5	1	0	0	1	0	1	0	0	0	0	5
tweet_00132563	saude202205_n_00106_00000001.jpg	0	0	-1	-1	-1	0	0	0	3	0	0	2	0
tweet_00132569	saude202205_n_00106_00000002.jpg	0	-3	0	0	0	2	0	0	0	6	0	0	0
tweet_00132583	saude202205_n_00107_00000001.jpg	0	1	0	0	0	0	0	7	2	0	0	1	0
tweet_00132586	saude202205_n_00107_00000003.jpg	2	1	0	-3	0	0	0	0	3	1	1	6	1
tweet_00132592	saude202205_n_00107_00000004.jpg	0	3	0	-1	0	0	0	5	0	0	0	0	19
tweet_00132595	saude202205_n_00107_00000005.png	0	0	-1	0	-1	1	1	0	0	5	0	0	0
tweet_00132607	saude202205_n_00107_00000006.jpg	0	2	0	0	0	0	1	1	0	0	0	0	1
tweet_00132614	saude202205_n_00107_00000007.jpg	0	4	0	0	0	0	1	3	0	0	0	0	12
tweet_00132638	saude202205_n_00108_00000001.jpg	1	1	0	0	0	0	0	0	0	13	0	0	0
tweet_00132676	saude202205_n_00108_00000004.jpg	0	3	0	-1	0	0	0	4	0	3	0	0	0
tweet_00132688	saude202205_n_00108_00000005.jpg	0	-1	0	0	0	0	0	0	0	-1	-1	-1	-2
tweet_00132726	saude202205_n_00109_00000004.jpg	0	5	0	0	0	0	0	0	0	28	0	0	0
tweet_00132754	saude202205_n_00110_00000001.jpg	0	1	0	0	0	2	0	3	0	0	0	0	0
tweet_00132775	saude202205_n_00112_00000001.jpg	0	-1	0	0	0	0	1	0	0	0	-10	1	0
tweet_00132780	saude202205_n_00112_00000002.jpg	-1	2	-2	0	0	0	1	16	0	0	0	0	-1
tweet_00132795	saude202205_n_00113_00000001.jpg	-1	-1	0	-1	0	0	1	5	0	0	0	0	0
tweet_00132807	saude202205_n_00113_00000002.jpg	-1	5	1	0	0	0	4	0	0	0	0	0	-5
tweet_00132814	saude202205_n_00114_00000001.jpg	1	1	0	0	0	0	0	0	0	0	0	-1	-4
tweet_00132821	saude202205_n_00114_00000002.jpg	1	1	-1	0	0	1	0	0	0	0	0	0	0
tweet_00132823	saude202205_n_00115_00000001.jpg	1	3	0	-1	0	1	0	0	0	0	0	0	-3
tweet_00132826	saude202205_n_00115_00000003.jpg	1	1	0	0	0	3	0	0	0	0	0	0	-1
tweet_00132828	saude202205_n_00115_00000004.jpg	0	3	0	0	0	0	0	1	0	-1	0	0	0
tweet_00132830	saude202205_n_00115_00000005.jpg	0	1	0	0	0	0	0	0	0	0	0	0	-3
tweet_00132870	saude202205_n_00117_00000001.jpg	0	0	0	-1	0	1	0	0	0	1	0	0	-1
tweet_00132876	saude202205_n_00117_00000002.jpg	-1	2	0	0	0	0	4	0	0	0	0	0	-1
tweet_00132897	saude202205_n_00117_00000003.jpg	0	3	0	0	0	0	0	8	0	0	0	0	6
tweet_00132905	saude202205_n_00118_00000001.jpg	2	-1	0	-1	0	0	19	0	0	0	0	0	-3
tweet_00132906	saude202205_n_00118_00000002.png	0	-3	0	-1	-1	0	0	0	0	0	0	0	-4
tweet_00132908	saude202205_n_00118_00000003.jpg	1	-1	1	0	0	0	0	0	0	1	0	-1	0
tweet_00132910	saude202205_n_00118_00000004.jpg	1	-1	0	0	0	1	5	0	0	2	0	1	0
tweet_00132912	saude202205_n_00118_00000005.jpg	0	1	0	0	0	0	0	-1	0	0	21	0	0
tweet_00132928	saude202205_n_00119_00000002.jpg	0	0	0	0	2	0	0	0	0	0	0	0	6
tweet_00132932	saude202205_n_00119_00000003.jpg	1	1	-1	0	0	0	1	0	0	7	0	2	1
tweet_00132935	saude202205_n_00119_00000004.png	0	4	0	0	0	0	0	4	0	0	0	0	14
tweet_00132949	saude202205_n_00119_00000005.jpg	0	5	0	0	0	0	0	4	0	0	0	0	9
tweet_00132965	saude202205_n_00120_00000001.jpg	-1	0	0	0	0	1	0	3	1	0	0	1	6
tweet_00132970	saude202205_n_00120_00000002.jpg	2	2	0	0	0	1	0	0	-3	3	0	1	15
tweet_00132989	saude202205_n_00121_00000001.jpg	1	1	-1	0	1	1	0	0	0	7	0	0	0
tweet_00132991	saude202205_n_00121_00000002.jpg	-2	3	0	0	0	0	4	0	0	-1	0	0	21
tweet_00133012	saude202205_n_00129_00000007.jpg	7	-2	0	0	0	0	0	0	1	2	0	1	-1
tweet_00133030	saude202205_n_00122_00000001.jpg	0	2	0	0	0	0	0	1	0	0	0	0	-1
tweet_00133031	saude202205_n_00123_00000001.jpg	0	4	0	0	0	0	0	0	0	0	0	-1	-2
tweet_00133044	saude202205_n_00123_00000002.jpg	0	3	0	0	0	0	0	0	0	-1	0	-1	16
tweet_00133057	saude202205_n_00123_00000003.jpg	0	0	0	-1	1	0	0	0	0	0	0	-1	-2
tweet_00133060	saude202205_n_00123_00000004.jpg	0	2	0	0	0	0	0	2	0	0	0	0	5
tweet_00133062	saude202205_n_00123_00000005.jpg	1	1	0	0	0	1	3	0	0	0	0	0	12
tweet_00133096	saude202205_n_00123_00000007.jpg	1	-1	1	0	0	1	0	0	0	6	0	0	0
tweet_00133103	saude202205_n_00124_00000001.jpg	-1	1	0	0	0	1	0	4	1	0	0	0	0
tweet_00133104	saude202205_n_00124_00000002.jpg	-1	2	0	0	0	0	0	2	0	0	0	0	5
tweet_00133108	saude202205_n_00124_00000003.jpg	1	-2	0	-5	0	0	0	-3	0	0	1	11	0
tweet_00133126	saude202205_n_00124_00000004.jpg	0	1	0	0	-1	0	0	8	0	0	0	0	0
tweet_00133139	saude202205_n_00125_00000001.jpg	1	0	0	0	1	1	0	0	0	1	0	0	0
tweet_00133170	saude202205_n_00125_00000002.jpg	0	2	0	0	0	0	0	1	0	0	0	-1	0
tweet_00133173	saude202205_n_00125_00000003.jpg	0	0	0	-1	0	0	0	0	0	1	0	0	-3
tweet_00133176	saude202205_n_00126_00000001.png	0	-2	1	0	0	0	0	0	0	10	0	0	0
tweet_00133185	saude202205_n_00126_00000002.jpg	2	-1	0	-2	0	0	0	0	3	0	0	3	0
tweet_00133194	saude202205_n_00126_00000004.jpg	2	-3	3	0	0	0	13	0	0	0	0	0	5
tweet_00133195	saude202205_n_00126_00000005.jpg	-1	1	-1	0	0	0	0	0	0	0	0	0	-5
tweet_00133197	saude202205_n_00126_00000006.jpg	0	1	0	1	0	1	0	0	0	8	0	0	0
tweet_00133198	saude202205_n_00126_00000007.png	2	-2	0	-1	0	0	0	0	0	6	0	0	0
tweet_00133210	saude202205_n_00126_00000008.jpg	0	-2	0	0	0	2	0	0	0	0	0	0	-4
tweet_00133218	saude202205_n_00126_00000009.jpg	-1	1	0	0	0	1	0	3	0	0	0	1	0
tweet_00133226	saude202205_n_00126_00000010.jpg	0	-2	0	0	0	2	0	0	0	0	0	0	-2
tweet_00133235	saude202205_n_00127_00000002.jpg	0	2	0	0	0	2	0	0	0	1	0	0	0
tweet_00133246	saude202205_n_00127_00000004.jpg	1	-1	0	-1	1	0	0	0	0	1	0	0	-2
tweet_00133249	saude202205_n_00127_00000005.jpg	1	-2	0	-1	0	0	0	0	0	0	0	6	0
tweet_00133251	saude202205_n_00127_00000003.png	1	1	0	0	0	0	0	0	0	0	0	0	-4
tweet_00133252	saude202205_n_00127_00000006.jpg	0	0	0	-3	0	0	1	-6	1	0	0	12	1
tweet_00133255	saude202205_n_00127_00000007.jpg	1	0	0	-1	0	0	0	0	0	10	0	-3	-1
tweet_00133261	saude202205_n_00128_00000001.jpg	0	2	0	0	0	0	0	3	0	0	0	1	0
tweet_00133266	saude202205_n_00128_00000002.jpg	0	-1	0	-4	0	1	0	0	0	0	-23	0	0
tweet_00133276	saude202205_n_00128_00000003.jpg	0	-2	0	0	0	2	0	0	0	0	0	0	-3
tweet_00133279	saude202205_n_00128_00000004.jpg	1	0	0	-1	0	0	0	0	0	0	0	0	-2
tweet_00133302	saude202205_n_00129_00000002.jpg	0	1	0	0	0	0	0	1	0	2	0	0	0
tweet_00133311	saude202205_n_00129_00000005.jpg	2	-2	0	-4	0	0	0	4	0	1	0	0	0
tweet_00133315	saude202205_n_00129_00000006.jpg	0	-2	0	-1	0	0	0	-2	0	-1	-18	5	0
tweet_00133325	saude202205_n_00129_00000008.jpg	1	2	0	-1	0	0	-3	-3	-1	0	-1	5	2
tweet_00133328	saude202205_n_00129_00000009.jpg	0	-1	1	0	0	0	0	0	0	6	0	0	0
tweet_00133334	saude202205_n_00130_00000001.jpg	1	-2	0	-1	0	0	0	0	0	0	-20	0	0
tweet_00133337	saude202205_n_00130_00000003.png	0	-1	0	0	0	0	0	1	0	6	0	-1	0
tweet_00133342	saude202205_n_00130_00000004.jpg	0	-1	0	-5	0	0	0	0	0	0	-20	0	-1
tweet_00133346	saude202205_n_00130_00000005.jpg	2	-3	0	-1	0	0	2	-6	0	0	0	5	0
tweet_00133394	saude202205_n_00132_00000001.jpg	5	0	0	0	0	0	0	0	0	0	1	6	3
tweet_00133409	saude202205_n_00133_00000001.png	1	-3	0	-1	1	0	0	0	0	18	0	0	0
tweet_00133414	saude202205_n_00134_00000002.jpg	0	-2	0	0	0	0	0	0	0	0	2	0	0
tweet_00133416	saude202205_n_00134_00000003.png	-1	-1	0	-1	-1	0	0	0	0	0	0	0	-5
tweet_00133458	saude202205_n_00135_00000002.jpg	0	1	0	-4	0	1	1	-3	2	0	0	14	0
tweet_00133469	saude202205_n_00138_00000004.jpg	0	2	0	-1	0	0	0	1	0	0	0	0	2
tweet_00133476	saude202205_n_00136_00000002.jpg	0	0	-1	0	0	0	0	0	0	15	0	0	1
tweet_00133477	saude202205_n_00136_00000003.jpg	1	2	0	0	-1	2	0	0	0	0	0	-1	-1
tweet_00133493	saude202205_n_00137_00000001.jpg	1	0	-1	0	1	3	0	0	0	0	0	0	0
tweet_00133504	saude202205_n_00137_00000002.jpg	3	1	0	0	0	0	0	0	0	19	0	0	0
tweet_00133513	saude202205_n_00137_00000003.jpg	0	2	0	-1	0	0	23	0	0	0	0	0	10
tweet_00133518	saude202205_n_00137_00000004.jpg	1	1	0	0	0	0	1	0	1	24	0	0	1
tweet_00133522	saude202205_n_00137_00000005.jpg	2	-2	0	0	0	0	0	0	0	6	0	0	0
tweet_00133527	saude202205_n_00138_00000001.jpg	1	2	0	-1	-1	1	0	0	0	1	0	0	-1
tweet_00133540	saude202205_n_00138_00000002.jpg	1	1	0	0	0	0	0	0	0	0	0	-4	0
tweet_00133544	saude202205_n_00138_00000003.jpg	1	-1	0	0	0	2	0	0	0	0	0	0	-6
tweet_00133549	saude202205_n_00138_00000005.png	-1	0	-1	0	-1	2	0	0	0	0	0	0	-5
tweet_00133562	saude202205_n_00138_00000007.png	0	3	0	0	0	0	0	0	0	0	0	0	0
tweet_00133591	saude202205_n_00139_00000001.png	0	1	0	0	0	2	1	3	0	0	0	1	0
tweet_00133607	saude202205_n_00142_00000002.jpg	0	3	0	-1	0	0	0	5	0	-1	0	0	21
tweet_00133609	saude202205_n_00139_00000003.jpg	0	0	0	0	0	0	0	0	0	0	0	0	-1
tweet_00133655	saude202205_n_00140_00000001.jpg	-1	2	0	-1	0	1	0	0	0	0	0	-1	-3
tweet_00133658	saude202205_n_00140_00000002.jpg	1	1	0	0	0	0	0	0	0	1	0	-5	-2
tweet_00133674	saude202205_n_00140_00000004.jpg	0	3	0	-1	0	0	0	0	0	0	0	0	-4
tweet_00133702	saude202205_n_00141_00000001.jpg	1	-1	-1	-1	2	0	0	0	0	1	0	0	0
tweet_00133705	saude202205_n_00141_00000002.jpg	1	-2	-1	1	2	0	0	0	0	0	0	0	-1
tweet_00133711	saude202205_n_00141_00000003.jpg	-3	1	0	0	0	0	0	0	0	0	0	0	-5
tweet_00133728	saude202205_n_00141_00000005.jpg	2	2	0	0	0	0	0	0	0	0	0	-2	0
tweet_00133731	saude202205_n_00141_00000006.jpg	0	2	0	0	0	0	0	0	-1	1	1	1	0
tweet_00133735	saude202205_n_00141_00000007.jpg	1	0	0	0	0	0	0	1	0	-1	0	0	-3
tweet_00133743	saude202205_n_00142_00000001.png	1	0	-1	-1	0	0	0	0	1	0	1	-1	1
tweet_00133762	saude202205_n_00142_00000003.png	0	2	0	0	0	0	0	2	0	0	0	0	3
tweet_00133814	saude202205_n_00143_00000001.jpg	-1	1	0	0	0	0	0	0	-1	0	0	0	0
tweet_00133816	saude202205_n_00143_00000002.png	1	4	0	-1	0	0	0	0	0	0	0	-1	0
tweet_00133819	saude202205_n_00143_00000003.png	2	2	0	0	0	0	0	0	2	0	7	6	0
tweet_00133822	saude202205_n_00143_00000004.jpg	0	2	0	0	0	0	0	12	0	-1	0	0	22
tweet_00133831	saude202205_n_00143_00000006.jpg	0	2	0	0	0	0	0	19	0	0	0	0	14
tweet_00133851	saude202205_n_00144_00000003.jpg	0	2	0	-1	0	0	0	0	0	0	-2	0	-2
tweet_00133902	saude202205_n_00145_00000002.jpg	4	0	0	0	-1	0	1	2	0	0	0	0	9
tweet_00133930	saude202205_n_00146_00000001.jpg	0	1	0	1	-1	2	0	4	0	0	0	0	3
tweet_00133934	saude202205_n_00146_00000003.jpg	0	1	0	0	0	0	0	0	0	0	1	0	-1
tweet_00133950	saude202205_n_00147_00000002.jpg	1	2	0	0	0	0	0	5	0	0	0	0	25
tweet_00133972	saude202205_n_00147_00000003.jpg	0	4	0	0	0	0	0	0	0	0	0	-1	15
tweet_00133975	saude202205_n_00147_00000004.jpg	0	2	0	0	0	0	0	0	1	0	0	0	0
tweet_00134012	saude202205_n_00149_00000002.jpg	0	1	0	0	0	0	1	9	0	0	0	0	17
tweet_00134017	saude202205_n_00149_00000003.jpg	1	1	0	0	-1	1	2	-2	0	0	0	1	0
tweet_00134040	saude202205_n_00152_00000001.jpg	-1	2	0	0	0	0	0	0	0	-1	0	-1	14
tweet_00134052	saude202205_n_00153_00000001.jpg	-1	2	0	-1	0	0	0	2	0	-1	0	-1	-1
tweet_00134056	saude202205_n_00153_00000002.jpg	0	2	0	0	0	0	1	1	0	0	0	0	1
tweet_00134062	saude202205_n_00153_00000003.png	0	1	0	0	0	0	0	0	0	0	0	0	0
tweet_00134066	saude202205_n_00153_00000004.jpg	-1	3	0	0	0	0	0	0	0	-1	0	0	-3
tweet_00134067	saude202205_n_00153_00000005.jpg	0	0	0	1	0	0	0	0	0	0	0	0	-3
tweet_00134079	saude202205_n_00153_00000006.jpg	1	1	0	0	0	2	0	0	0	16	0	0	0
tweet_00134096	saude202205_n_00154_00000001.jpg	-1	2	0	0	0	0	1	2	0	0	0	0	7
tweet_00134098	saude202205_n_00154_00000002.jpg	0	4	0	0	0	0	0	0	0	0	0	-4	0
tweet_00134128	saude202205_n_00155_00000001.jpg	-1	0	0	0	0	0	0	2	0	0	0	-1	3
tweet_00134138	saude202205_n_00156_00000001.jpg	-1	-1	0	0	0	0	0	1	0	0	0	-1	-3
tweet_00134151	saude202205_n_00156_00000002.jpg	0	0	-1	0	0	0	0	1	0	-1	0	0	6
tweet_00134153	saude202205_n_00157_00000001.jpg	0	4	-2	0	0	0	0	0	0	25	0	0	0
tweet_00134171	saude202205_n_00158_00000001.jpg	1	-1	0	0	0	1	0	0	0	1	0	0	0
tweet_00134172	saude202205_n_00157_00000003.jpg	1	3	0	0	0	0	1	3	0	0	0	0	6
tweet_00134177	saude202205_n_00158_00000003.jpg	1	1	0	0	0	0	5	0	1	0	0	1	-2
tweet_00134184	saude202205_n_00158_00000004.jpg	0	1	-1	0	0	0	0	4	0	0	0	1	0
tweet_00134189	saude202205_n_00159_00000001.jpg	-1	3	1	0	0	0	1	1	0	0	0	0	-1
tweet_00134191	saude202205_n_00159_00000003.jpg	1	4	0	0	0	0	2	10	0	1	0	0	18
tweet_00134192	saude202205_n_00159_00000005.jpg	0	-2	0	0	0	2	0	0	0	2	0	0	0
tweet_00134198	saude202205_n_00160_00000001.jpg	0	0	-1	0	0	0	1	2	3	2	0	2	0
tweet_00134203	saude202205_n_00161_00000001.jpg	0	0	0	0	0	0	0	0	0	0	0	0	-3
tweet_00134213	saude202205_n_00162_00000001.jpg	0	2	1	0	0	0	0	0	0	-1	0	0	0
tweet_00134215	saude202205_n_00162_00000002.jpg	0	1	0	0	0	0	0	1	2	1	0	-1	-1
tweet_00134222	saude202203_n_00224_00000001.jpg	0	0	0	0	0	1	4	0	0	0	0	0	-6
tweet_00134225	saude202205_n_00166_00000001.jpg	-1	-3	0	0	0	1	0	0	0	11	0	0	0
tweet_00134231	saude202205_n_00166_00000003.jpg	2	3	0	0	-1	0	0	0	0	0	0	0	-1
tweet_00134237	saude202205_n_00166_00000006.jpg	-3	1	0	0	-1	0	1	4	0	0	0	0	0
tweet_00134250	saude202205_n_00167_00000001.jpg	0	-1	0	0	1	0	0	-1	0	0	10	0	0
tweet_00134264	saude202205_n_00167_00000002.jpg	0	0	-2	0	3	1	0	0	0	9	0	-1	-1
tweet_00134267	saude202205_n_00167_00000003.jpg	2	-2	1	0	0	0	0	1	0	6	0	0	0
tweet_00134288	saude202205_n_00167_00000004.jpg	0	-1	0	0	0	2	4	0	0	0	0	0	-5
tweet_00134289	saude202205_n_00167_00000006.jpg	3	-2	-1	1	-1	0	0	0	0	0	0	0	-3
tweet_00134311	saude202205_n_00168_00000002.jpg	0	-1	0	0	0	1	0	0	0	6	0	0	0
tweet_00134350	saude202205_n_00169_00000001.jpg	0	1	0	0	0	0	1	0	0	0	0	0	-4
tweet_00134387	saude202205_n_00170_00000001.jpg	2	0	0	-2	0	2	0	0	0	0	0	0	-5
tweet_00134399	saude202205_n_00170_00000002.jpg	0	2	0	-1	0	0	1	0	0	0	0	0	-6
tweet_00134432	saude202205_n_00171_00000001.jpg	1	-3	-1	0	0	0	0	0	0	15	0	0	0
tweet_00134447	saude202205_n_00171_00000002.jpg	0	-2	0	0	0	0	0	0	0	6	0	0	0
tweet_00134462	saude202205_n_00171_00000003.jpg	1	0	0	0	0	0	0	0	0	0	0	0	-5
tweet_00134463	saude202205_n_00171_00000004.jpg	1	2	-1	0	1	0	0	0	0	1	0	0	-3
tweet_00134464	saude202205_n_00171_00000005.jpg	1	1	0	0	0	0	0	0	0	-1	0	0	0
tweet_00134480	saude202205_n_00172_00000002.jpg	1	-4	0	0	0	0	0	0	0	0	0	0	-2
tweet_00134481	saude202205_n_00172_00000003.jpg	1	-4	0	0	0	0	0	0	0	0	0	0	-3
tweet_00134487	saude202205_n_00172_00000004.jpg	0	0	0	0	0	0	0	0	0	0	0	0	-3
tweet_00134510	saude202205_n_00173_00000002.jpg	5	1	0	0	0	0	8	1	0	-1	0	0	20
tweet_00134511	saude202205_n_00173_00000003.jpg	-1	0	1	0	0	0	0	3	0	0	0	0	5
tweet_00134522	saude202205_n_00173_00000004.jpg	0	0	0	0	0	4	0	0	0	0	0	0	-4
tweet_00134526	saude202205_n_00173_00000005.png	0	1	-1	-1	0	0	0	0	0	0	0	0	-3
tweet_00134541	saude202205_n_00173_00000006.jpg	4	-2	-1	0	1	0	0	0	0	7	0	-3	-1
tweet_00134574	saude202205_n_00175_00000001.png	0	1	0	0	0	0	0	4	0	0	0	0	1
tweet_00134590	saude202205_n_00175_00000004.jpg	0	1	0	0	0	0	2	-1	0	11	0	0	0
tweet_00134604	saude202205_n_00176_00000002.jpg	0	0	0	1	0	0	0	0	0	1	0	0	-1
tweet_00134608	saude202205_n_00176_00000003.jpg	1	1	0	-1	0	0	0	0	0	2	0	1	1
tweet_00134640	saude202205_n_00192_00000003.jpg	0	3	0	0	0	0	0	0	0	1	0	0	0
tweet_00134648	saude202205_n_00177_00000002.jpg	1	1	1	0	0	0	4	0	0	-1	0	0	11
tweet_00134656	saude202205_n_00177_00000003.jpg	1	2	0	0	0	0	0	6	0	0	0	0	8
tweet_00134665	saude202205_n_00177_00000005.jpg	0	1	0	0	0	1	0	0	0	0	0	0	0
tweet_00134669	saude202205_n_00177_00000006.jpg	-1	1	0	0	0	0	0	0	0	0	0	0	0
tweet_00134670	saude202205_n_00177_00000007.jpg	1	-2	0	0	2	0	0	0	0	0	0	0	-4
tweet_00134691	saude202205_n_00177_00000009.jpg	0	1	0	0	0	0	2	1	0	0	0	0	-1
tweet_00134697	saude202205_n_00177_00000010.jpg	-1	0	0	0	0	2	0	0	0	6	0	0	0
tweet_00134702	saude202205_n_00177_00000011.jpg	1	1	0	0	0	0	0	0	0	12	0	0	1
tweet_00134726	saude202205_n_00178_00000001.jpg	0	-2	-1	0	0	0	0	0	0	8	0	-3	-2
tweet_00134727	saude202205_n_00178_00000002.jpg	0	0	0	0	0	0	2	6	0	1	0	1	3
tweet_00134744	saude202205_n_00179_00000003.jpg	1	1	0	0	0	0	0	26	0	0	0	1	2
tweet_00134758	saude202205_n_00179_00000005.jpg	1	-2	0	0	2	0	0	0	0	0	0	-1	0
tweet_00134765	saude202205_n_00179_00000006.jpg	0	0	0	0	0	1	0	2	0	0	0	1	0
tweet_00134777	saude202205_n_00179_00000007.png	1	1	0	0	0	0	-3	0	-8	1	0	1	0
tweet_00134779	saude202205_n_00180_00000001.jpg	2	3	-1	0	0	1	1	1	0	0	0	0	-4
tweet_00134822	saude202205_n_00180_00000005.jpg	1	1	0	0	0	0	0	0	0	1	0	0	0
tweet_00134825	saude202205_n_00180_00000006.jpg	0	1	0	0	0	0	1	6	0	0	0	0	14
tweet_00134836	saude202205_n_00181_00000001.jpg	1	-2	-1	2	1	0	0	0	0	0	6	-3	0
tweet_00134845	saude202205_n_00181_00000002.jpg	0	0	0	0	0	0	0	1	0	0	0	-2	-1
tweet_00134853	saude202205_n_00181_00000003.jpg	0	1	0	0	0	0	0	1	0	0	0	0	0
tweet_00134863	saude202205_n_00181_00000004.jpg	0	2	0	0	0	0	27	0	0	0	0	1	7
tweet_00134865	saude202205_n_00182_00000001.jpg	1	-2	0	0	1	0	0	0	0	0	0	0	-1
tweet_00134866	saude202205_n_00181_00000008.jpg	1	1	0	0	0	0	0	0	0	0	1	-2	-2
tweet_00134867	saude202205_n_00181_00000009.png	0	2	0	0	0	0	0	0	0	0	2	0	0
tweet_00134871	saude202205_n_00182_00000002.jpg	0	2	0	0	0	0	0	0	0	0	0	-4	-2
tweet_00134877	saude202205_n_00182_00000003.jpg	4	1	0	0	0	0	1	3	0	-1	0	0	28
tweet_00134879	saude202205_n_00182_00000004.jpg	0	1	1	0	1	0	3	1	0	0	0	0	-1
tweet_00134888	saude202205_n_00182_00000006.jpg	1	1	0	0	0	0	0	0	0	-1	1	0	0
tweet_00134894	saude202205_n_00182_00000007.jpg	1	4	0	0	0	0	0	0	0	6	0	0	0
tweet_00134912	saude202205_n_00183_00000002.jpg	1	-2	0	0	2	0	1	-2	0	13	0	0	0
tweet_00134913	saude202205_n_00183_00000003.jpg	1	2	0	0	-1	0	0	0	0	0	0	0	-6
tweet_00134917	saude202205_n_00183_00000004.jpg	-1	3	0	0	0	0	0	0	0	2	0	1	0
tweet_00134947	saude202205_n_00183_00000005.jpg	0	2	0	0	0	1	0	0	0	0	0	0	-2
tweet_00134953	saude202205_n_00184_00000001.png	-1	2	0	0	0	0	0	1	0	0	0	0	0
tweet_00134957	saude202205_n_00184_00000002.jpg	0	1	0	0	0	0	0	0	0	0	0	0	0
tweet_00134960	saude202205_n_00184_00000003.jpg	0	1	0	0	0	0	0	0	0	1	0	0	0
tweet_00134963	saude202205_n_00184_00000004.jpg	1	2	0	0	0	0	0	0	0	0	0	-5	0
tweet_00134973	saude202205_n_00184_00000005.jpg	0	2	0	0	0	0	0	0	0	1	0	0	0
tweet_00134997	saude202205_n_00185_00000002.jpg	1	-2	0	0	1	0	1	0	0	1	2	0	0
tweet_00135005	saude202205_n_00185_00000005.jpg	2	-2	-2	-2	0	0	0	0	0	5	0	0	-1
tweet_00135023	saude202205_n_00186_00000001.jpg	0	1	0	0	0	0	0	0	5	0	1	12	0
tweet_00135054	saude202205_n_00186_00000003.png	1	-3	-2	0	1	0	0	0	0	8	0	-3	-2
tweet_00135056	saude202205_n_00186_00000004.png	1	4	0	0	0	0	0	0	0	23	0	0	1
tweet_00135060	saude202205_n_00186_00000005.png	2	2	0	0	3	0	0	0	0	7	0	-1	-1
tweet_00135063	saude202205_n_00186_00000006.jpg	0	2	0	0	0	0	1	0	0	1	0	-3	-2
tweet_00135075	saude202205_n_00186_00000007.jpg	1	2	0	0	0	0	0	0	0	-1	0	4	0
tweet_00135085	saude202205_n_00187_00000002.jpg	1	-3	-1	0	1	0	0	0	-1	0	0	1	0
tweet_00135086	saude202205_n_00187_00000003.jpg	0	2	0	0	0	0	0	5	1	0	0	0	5
tweet_00135110	saude202205_n_00187_00000005.jpg	0	2	0	0	0	0	0	0	0	8	0	2	1
tweet_00135139	saude202205_n_00188_00000002.jpg	2	3	0	0	0	0	0	0	0	0	0	0	1
tweet_00135145	saude202205_n_00188_00000004.jpg	1	1	0	0	0	0	0	0	-1	0	0	1	0
tweet_00135150	saude202205_n_00188_00000005.png	0	1	0	0	0	0	0	0	0	1	0	-1	0
tweet_00135172	saude202205_n_00189_00000001.jpg	0	1	0	0	0	0	0	-1	-1	15	0	0	0
tweet_00135222	saude202205_n_00189_00000005.jpg	1	-2	0	0	2	0	0	0	0	0	3	0	0
tweet_00135223	saude202205_n_00189_00000006.jpg	0	-2	0	0	0	0	0	0	0	0	2	0	0
tweet_00135224	saude202205_n_00190_00000001.jpg	1	2	0	0	0	0	0	-1	1	5	-1	0	1
tweet_00135248	saude202205_n_00190_00000003.jpg	-1	3	0	-1	0	0	0	0	0	0	0	-1	0
tweet_00135258	saude202205_n_00190_00000005.png	0	-2	0	0	1	0	1	0	0	0	1	0	0
tweet_00135260	saude202205_n_00190_00000006.jpg	1	-2	0	0	1	0	0	0	0	9	0	-2	-1
tweet_00135262	saude202205_n_00190_00000007.jpg	0	-2	0	0	0	0	0	0	0	10	0	-3	-1
tweet_00135289	saude202205_n_00191_00000002.jpg	1	-2	0	0	1	0	0	0	0	1	0	0	-1
tweet_00135329	saude202205_n_00195_00000001.jpg	0	-3	1	0	0	2	0	0	0	9	0	2	0
tweet_00135331	saude202205_n_00192_00000001.jpg	0	0	1	0	0	2	0	0	0	9	0	2	0
tweet_00135345	saude202205_n_00192_00000002.jpg	3	-2	0	0	2	0	0	0	0	0	2	0	0
tweet_00135378	saude202205_n_00193_00000001.jpg	1	-2	0	0	1	0	0	0	0	0	5	0	0
tweet_00135381	saude202205_n_00193_00000002.jpg	1	-2	-1	0	0	0	0	0	0	7	0	-3	-2
tweet_00135395	saude202205_n_00193_00000005.png	1	-2	0	0	2	0	1	0	0	1	2	1	0
tweet_00135403	saude202205_n_00193_00000006.jpg	1	-2	0	0	1	0	0	3	0	0	0	0	4
tweet_00135404	saude202205_n_00193_00000007.jpg	1	3	0	0	0	0	-1	0	0	7	0	1	0
tweet_00135419	saude202205_n_00193_00000009.jpg	1	3	0	-1	-1	0	0	0	0	1	0	0	0
tweet_00135429	saude202205_n_00194_00000001.jpg	1	0	-1	0	-1	0	0	1	1	1	0	8	1
tweet_00135433	saude202205_n_00194_00000002.jpg	1	0	-1	0	0	4	0	0	0	13	0	0	0
tweet_00135441	saude202205_n_00194_00000003.jpg	0	3	0	0	0	0	0	0	0	0	0	0	-3
tweet_00135443	saude202205_n_00194_00000004.jpg	1	4	0	0	0	0	0	0	0	7	0	2	0
tweet_00135444	saude202205_n_00194_00000005.jpg	1	2	0	0	0	0	0	0	0	1	0	0	0
tweet_00135447	saude202205_n_00194_00000006.jpg	1	5	0	0	-1	0	0	0	0	1	0	0	0
tweet_00135450	saude202205_n_00194_00000007.jpg	1	2	-1	0	-1	0	0	0	1	12	0	0	0
tweet_00135453	saude202205_n_00194_00000008.jpg	0	3	0	0	0	1	0	-1	5	0	0	2	0
tweet_00135464	saude202205_n_00194_00000009.jpg	-1	2	0	0	0	0	0	5	0	0	0	0	0
tweet_00135527	saude202205_n_00196_00000003.jpg	0	-2	0	-1	0	3	0	1	0	1	0	1	0
tweet_00135542	saude202205_n_00196_00000002.jpg	0	2	0	0	0	0	0	0	0	0	0	0	-2
tweet_00135545	saude202205_n_00196_00000004.jpg	2	0	0	-2	0	0	0	0	6	0	7	1	0
tweet_00135548	saude202205_n_00197_00000001.jpg	2	3	0	0	0	0	0	0	0	0	4	0	1
tweet_00135552	saude202205_n_00197_00000002.jpg	0	0	0	1	0	1	1	0	0	-1	0	0	-3
tweet_00135556	saude202205_n_00197_00000003.jpg	0	0	0	-1	0	3	0	1	0	0	0	1	0
tweet_00135573	saude202205_n_00197_00000005.jpg	0	1	0	0	0	0	0	3	0	0	0	0	4
tweet_00135575	saude202205_n_00197_00000006.jpg	0	0	0	0	0	2	0	3	0	0	0	1	0
tweet_00135594	saude202205_n_00198_00000003.jpg	0	2	0	0	0	0	0	0	0	0	0	0	4
tweet_00135608	saude202205_n_00198_00000008.jpg	0	-3	1	0	0	0	0	0	0	9	0	0	0
tweet_00135617	saude202205_n_00198_00000011.jpg	0	1	1	0	0	0	0	0	0	0	1	-1	0
tweet_00135624	saude202205_n_00198_00000014.jpg	1	1	0	0	0	0	0	1	4	2	0	0	3
tweet_00135641	saude202205_n_00198_00000022.jpg	1	4	0	0	0	0	0	1	0	1	0	-1	-2
tweet_00135645	saude202205_n_00198_00000024.jpg	0	0	0	0	0	4	0	1	0	0	0	1	0
tweet_00135683	saude202205_n_00199_00000002.png	0	-3	1	0	0	0	0	0	0	12	0	0	0
tweet_00135701	saude202205_n_00199_00000003.jpg	0	2	0	0	0	0	0	2	0	0	0	0	-2
tweet_00135703	saude202205_n_00199_00000004.jpg	0	1	0	0	0	0	1	0	0	0	0	0	-2
tweet_00135729	saude202205_n_00200_00000001.jpg	3	-1	1	0	0	0	0	1	0	13	0	-1	0
tweet_00135731	saude202205_n_00200_00000002.jpg	0	-2	1	0	0	0	0	0	0	4	0	0	0
tweet_00135746	saude202205_n_00200_00000003.jpg	1	-1	0	0	2	0	2	0	0	-1	0	0	-3
tweet_00135757	saude202205_n_00200_00000004.jpg	2	4	0	-1	0	1	0	2	2	4	0	0	0
tweet_00135760	saude202205_n_00200_00000005.jpg	1	1	0	0	0	0	0	0	0	1	0	0	0
tweet_00135763	saude202205_n_00200_00000006.jpg	1	1	0	0	0	3	0	0	0	0	0	0	-3
tweet_00135787	saude202205_n_00201_00000001.jpg	-3	0	0	0	0	0	2	0	0	0	0	0	-3
tweet_00135801	saude202205_n_00201_00000006.jpg	2	1	0	-2	0	0	0	0	0	10	0	0	0
tweet_00135839	saude202205_n_00202_00000003.jpg	0	2	1	0	0	0	0	0	0	-1	0	0	0
tweet_00135858	saude202206_n_00001_00000001.jpg	5	0	0	-2	0	0	1	0	0	2	0	-1	-1
tweet_00135859	saude202206_n_00001_00000002.jpg	4	2	0	-2	0	0	0	0	0	1	0	0	0
tweet_00135878	saude202206_n_00001_00000003.jpg	0	0	0	0	0	1	0	0	0	0	0	0	-3
tweet_00135879	saude202206_n_00001_00000004.jpg	1	-1	0	0	0	0	6	0	0	0	0	0	-1
tweet_00135902	saude202206_n_00001_00000005.jpg	1	0	-2	0	1	0	1	-1	0	1	4	-1	2
tweet_00135971	saude202206_n_00002_00000002.jpg	0	2	0	0	0	0	0	1	0	1	0	0	-1
tweet_00135980	saude202206_n_00002_00000003.jpg	1	-1	0	0	0	2	0	0	0	0	0	-1	-4
tweet_00135988	saude202206_n_00002_00000004.jpg	1	1	0	-1	0	0	1	10	0	0	0	0	21
tweet_00135999	saude202206_n_00003_00000001.jpg	-2	2	0	0	0	1	0	0	0	0	0	0	-1
tweet_00136003	saude202206_n_00003_00000005.jpg	0	2	0	0	0	0	0	1	0	0	0	-2	-6
tweet_00136009	saude202206_n_00003_00000006.png	-1	-2	0	0	0	1	0	0	0	0	0	-1	-4
tweet_00136011	saude202206_n_00003_00000007.jpg	-1	1	0	0	0	0	0	0	0	0	0	0	-1
tweet_00136016	saude202206_n_00003_00000009.jpg	0	1	0	0	0	0	0	2	0	1	0	0	-1
tweet_00136051	saude202206_n_00004_00000004.jpg	0	0	0	0	0	0	0	0	0	0	0	0	-2
tweet_00136099	saude202206_n_00005_00000002.jpg	1	2	0	0	0	2	0	0	0	0	0	0	0
tweet_00136100	saude202206_n_00005_00000003.jpg	1	0	-3	0	1	0	1	1	0	-1	0	0	2
tweet_00136112	saude202206_n_00005_00000004.jpg	0	1	2	0	0	0	0	0	0	0	0	-1	-1
tweet_00136124	saude202206_n_00006_00000001.png	0	2	1	0	0	0	0	0	0	0	-2	-1	-1
tweet_00136131	saude202206_n_00006_00000003.jpg	0	-2	0	-2	0	3	0	0	0	9	0	0	0
tweet_00136165	saude202206_n_00007_00000002.jpg	0	1	0	0	0	1	0	0	0	1	0	0	0
tweet_00136176	saude202206_n_00008_00000001.jpg	4	1	0	-2	0	0	0	1	0	1	0	0	0
tweet_00136197	saude202206_n_00008_00000003.jpg	1	3	0	0	0	0	0	0	0	0	1	-6	0
tweet_00136242	saude202206_n_00009_00000002.jpg	0	1	0	0	0	1	0	0	0	1	0	0	0
tweet_00136244	saude202206_n_00009_00000003.jpg	0	2	0	-3	0	0	0	0	0	0	0	0	-4
tweet_00136255	saude202206_n_00009_00000006.png	0	3	0	0	0	0	0	0	0	0	0	0	-6
tweet_00136260	saude202206_n_00009_00000004.jpg	0	0	0	0	1	1	0	0	0	1	-1	-1	1
tweet_00136302	saude202206_n_00010_00000001.jpg	0	-3	1	0	0	2	0	0	0	5	0	0	0
tweet_00136310	saude202206_n_00010_00000002.jpg	0	-3	1	0	0	2	0	0	0	4	0	0	0
tweet_00136311	saude202206_n_00011_00000001.jpg	-1	0	0	-1	0	0	0	0	0	0	0	-1	-4
tweet_00136321	saude202206_n_00011_00000002.jpg	2	1	0	0	2	0	2	0	0	10	0	-1	0
tweet_00136331	saude202206_n_00011_00000003.jpg	0	0	0	0	1	1	0	0	0	1	0	1	-1
tweet_00136356	saude202206_n_00012_00000001.jpg	0	-2	0	0	0	-2	1	0	0	0	0	0	0
tweet_00136364	saude202206_n_00012_00000002.jpg	3	-2	0	0	0	1	0	0	0	11	0	1	0
tweet_00136384	saude202206_n_00013_00000001.jpg	-2	-1	0	0	0	0	0	0	0	0	0	0	-5
tweet_00136398	saude202206_n_00013_00000002.jpg	1	-1	1	0	0	0	2	0	0	-1	0	0	4
tweet_00136414	saude202206_n_00013_00000003.jpg	1	-3	0	0	0	0	0	2	0	20	0	1	0
tweet_00136415	saude202206_n_00014_00000001.jpg	0	5	0	0	0	0	2	4	0	0	0	0	21
tweet_00136438	saude202206_n_00014_00000003.jpg	0	-3	0	0	0	1	0	4	0	0	0	0	-3
tweet_00136445	saude202206_n_00014_00000004.jpg	1	0	0	0	0	1	0	1	0	-1	0	3	0
tweet_00136468	saude202206_n_00014_00000007.jpg	1	1	-2	0	0	1	17	0	0	0	0	0	10
tweet_00136540	saude202206_n_00016_00000001.jpg	2	-4	0	0	0	2	0	0	0	18	0	2	0
tweet_00136541	saude202206_n_00016_00000002.jpg	-2	1	0	0	0	0	0	0	0	0	-1	0	-4
tweet_00136561	saude202206_n_00017_00000004.jpg	1	-3	0	0	0	3	0	1	0	15	0	1	0
tweet_00136565	saude202206_n_00018_00000001.jpg	0	-3	1	0	0	3	0	0	0	6	0	0	0
tweet_00136575	saude202206_n_00019_00000001.jpg	-2	1	1	0	0	0	0	0	0	0	0	0	-1
tweet_00136578	saude202206_n_00019_00000002.png	0	0	0	0	2	4	0	0	0	0	0	0	-4
tweet_00136592	saude202206_n_00020_00000001.jpg	1	-1	0	0	1	3	0	1	0	1	0	0	0
tweet_00136628	saude202206_n_00020_00000006.jpg	-1	0	0	0	0	0	0	0	8	-1	0	-1	-1
tweet_00136663	saude202206_n_00021_00000001.jpg	1	1	0	0	0	0	0	0	0	1	0	0	0
tweet_00136676	saude202206_n_00021_00000002.jpg	2	-1	-2	0	2	0	0	0	0	1	0	-1	0
tweet_00136679	saude202206_n_00021_00000003.jpg	0	1	0	0	0	0	0	3	0	0	-2	-1	-1
tweet_00136693	saude202206_n_00021_00000004.png	0	0	-1	0	0	3	0	0	2	2	0	-1	0
tweet_00136699	saude202206_n_00021_00000006.jpg	-1	4	0	0	0	0	0	0	0	0	0	0	-2
tweet_00136706	saude202206_n_00022_00000001.jpg	0	3	0	-2	1	0	1	0	0	0	0	0	0
tweet_00136707	saude202206_n_00022_00000002.jpg	0	3	0	0	0	0	0	0	0	24	0	0	0
tweet_00136724	saude202206_n_00022_00000007.jpg	-1	1	0	0	0	0	0	0	0	0	0	0	-3
tweet_00136759	saude202206_n_00022_00000015.jpg	0	0	2	0	0	0	0	5	0	0	0	0	0
tweet_00136762	saude202206_n_00023_00000003.jpg	0	0	0	0	0	2	0	1	0	0	-2	-2	0
tweet_00136764	saude202206_n_00023_00000007.jpg	0	0	0	0	0	3	0	0	0	0	0	0	-4
tweet_00136770	saude202206_n_00023_00000008.jpg	2	0	0	0	0	2	0	0	0	11	0	0	0
tweet_00136775	saude202206_n_00023_00000011.jpg	0	0	0	0	0	0	0	0	0	8	0	0	0
tweet_00136794	saude202206_n_00023_00000014.jpg	-1	1	0	0	0	0	0	0	12	0	0	1	1
tweet_00136821	saude202206_n_00024_00000002.jpg	1	0	0	0	0	2	0	0	0	21	0	0	0
tweet_00136842	saude202206_n_00024_00000005.jpg	2	1	0	-1	0	0	0	1	0	0	0	0	-2
tweet_00136848	saude202206_n_00024_00000006.jpg	1	0	0	0	0	2	0	0	0	18	0	0	0
tweet_00136859	saude202206_n_00025_00000001.jpg	3	-1	0	0	0	4	0	0	0	6	0	0	0
tweet_00136860	saude202206_n_00025_00000002.jpg	-2	1	0	0	0	0	0	2	0	0	0	-1	0
tweet_00136890	saude202206_n_00025_00000004.jpg	0	1	0	0	0	0	0	0	0	0	0	0	-2
tweet_00136927	saude202206_n_00026_00000003.jpg	1	0	-1	0	0	4	0	17	0	2	0	1	2
tweet_00136930	saude202206_n_00026_00000004.png	0	-2	0	0	0	3	0	0	0	17	0	0	0
tweet_00136940	saude202206_n_00026_00000005.jpg	0	-4	1	0	0	3	0	0	0	-1	0	0	-2
tweet_00136966	saude202206_n_00027_00000002.jpg	1	-1	0	0	0	2	0	0	0	6	0	1	0
tweet_00136976	saude202206_n_00027_00000003.jpg	-4	1	0	0	0	0	0	3	3	0	0	1	0
tweet_00136979	saude202206_n_00027_00000005.jpg	-1	1	0	0	0	0	0	1	0	0	0	-2	-1
tweet_00137006	saude202206_n_00028_00000001.jpg	1	1	0	0	0	0	0	0	0	11	0	0	0
tweet_00137008	saude202206_n_00028_00000002.jpg	0	4	0	0	0	0	0	0	0	0	0	1	0
tweet_00137014	saude202206_n_00028_00000003.png	1	-1	0	0	0	0	0	5	0	0	0	-1	3
tweet_00137015	saude202206_n_00028_00000004.jpg	0	-1	0	0	-1	2	5	0	0	0	0	0	-6
tweet_00137023	saude202206_n_00028_00000008.jpg	-3	1	0	0	0	1	14	1	0	0	0	0	-2
tweet_00137047	saude202206_n_00029_00000001.png	0	-3	-1	0	0	3	0	0	0	6	0	0	0
tweet_00137049	saude202206_n_00029_00000002.jpg	1	0	0	0	0	1	0	0	0	0	0	0	-3
tweet_00137057	saude202206_n_00029_00000003.png	0	-2	0	0	0	7	0	1	0	12	0	1	-1
tweet_00137081	saude202206_n_00030_00000001.jpg	0	2	0	0	0	0	1	1	1	0	1	-2	0
tweet_00137088	saude202206_n_00030_00000002.jpg	1	4	0	0	0	1	0	3	1	2	0	0	0
tweet_00137092	saude202206_n_00030_00000003.png	-1	2	0	0	0	0	0	0	0	0	0	0	-5
tweet_00137102	saude202206_n_00030_00000005.png	0	2	0	0	0	0	29	0	0	0	0	0	2
tweet_00137131	saude202206_n_00031_00000001.jpg	1	-2	0	0	0	5	0	1	0	13	0	1	0
tweet_00137160	saude202206_n_00031_00000002.jpg	1	1	0	0	0	0	0	0	0	21	0	1	1
tweet_00137174	saude202206_n_00032_00000001.jpg	1	-2	0	-1	0	2	0	0	0	0	0	0	-2
tweet_00137175	saude202206_n_00032_00000002.jpg	2	0	0	0	0	0	0	1	0	0	0	-1	-1
tweet_00137202	saude202206_n_00033_00000001.jpg	0	1	0	0	0	0	2	2	0	0	0	0	-2
tweet_00137214	saude202206_n_00034_00000001.jpg	0	0	0	0	0	3	0	0	0	1	0	0	0
tweet_00137228	saude202206_n_00034_00000004.jpg	1	-2	0	0	0	0	0	-1	0	0	-1	-12	0
tweet_00137243	saude202206_n_00035_00000001.jpg	1	-1	0	0	0	0	0	-1	0	0	-1	-7	0
tweet_00137247	saude202206_n_00035_00000002.jpg	1	-3	0	0	2	2	0	0	0	0	0	0	-1
tweet_00137251	saude202206_n_00035_00000004.jpg	0	1	0	0	1	2	0	0	0	5	0	0	0
tweet_00137260	saude202206_n_00049_00000006.jpg	1	0	0	0	0	3	0	-1	0	-1	-21	0	0
tweet_00137271	saude202206_n_00035_00000006.jpg	1	1	0	0	0	0	0	0	0	0	0	0	-1
tweet_00137281	saude202206_n_00037_00000001.jpg	0	3	0	0	0	0	0	13	0	0	0	0	20
tweet_00137308	saude202206_n_00038_00000001.jpg	0	2	0	-1	-1	0	0	0	0	0	0	-1	0
tweet_00137320	saude202206_n_00038_00000003.jpg	0	2	0	0	0	0	0	0	0	1	0	-1	-1
tweet_00137332	saude202206_n_00038_00000004.jpg	0	4	0	0	0	0	0	0	0	0	0	0	-1
tweet_00137344	saude202206_n_00039_00000001.jpg	-1	7	0	-1	0	0	0	0	1	1	0	1	0
tweet_00137345	saude202206_n_00039_00000002.jpg	1	0	0	-1	0	0	0	0	0	1	0	-1	0
tweet_00137350	saude202206_n_00039_00000003.jpg	1	1	-1	0	0	1	0	0	0	0	-1	-1	-2
tweet_00137352	saude202206_n_00039_00000004.png	0	-1	-3	0	0	1	0	0	0	10	0	-3	-1
tweet_00137356	saude202206_n_00039_00000005.jpg	2	2	0	0	1	0	0	0	0	2	0	0	0
tweet_00137368	saude202206_n_00040_00000001.jpg	1	3	0	0	0	0	0	0	0	-1	0	0	-1
tweet_00137369	saude202206_n_00040_00000005.jpg	1	5	0	0	0	0	-1	0	0	1	1	2	0
tweet_00137378	saude202206_n_00040_00000006.jpg	-1	0	0	0	-1	3	0	0	0	0	0	0	-1
tweet_00137398	saude202206_n_00040_00000008.jpg	-2	4	0	-1	0	0	0	3	0	1	-1	0	-2
tweet_00137408	saude202206_n_00042_00000001.jpg	-1	-1	0	0	1	0	1	0	0	0	0	0	-6
tweet_00137453	saude202206_n_00045_00000001.jpg	1	0	-1	0	1	3	0	1	0	15	0	0	0
tweet_00137466	saude202206_n_00046_00000001.jpg	0	2	0	0	0	0	0	2	0	0	0	-1	-1
tweet_00137476	saude202206_n_00047_00000001.jpg	0	1	0	0	0	0	0	0	0	0	0	-4	-1
tweet_00137494	saude202206_n_00047_00000004.jpg	1	-2	0	0	0	0	0	0	0	12	0	0	0
tweet_00137495	saude202206_n_00047_00000005.jpg	1	-2	0	0	0	0	0	0	0	17	0	0	0
tweet_00137512	saude202206_n_00048_00000001.jpg	0	2	0	0	0	0	0	0	0	16	0	0	0
tweet_00137558	saude202206_n_00049_00000001.jpg	0	3	0	0	0	0	0	1	1	0	0	0	0
tweet_00137564	saude202206_n_00049_00000002.jpg	1	0	0	-1	0	1	0	0	0	18	0	0	0
tweet_00137591	saude202206_n_00049_00000005.jpg	1	0	0	0	0	2	0	0	0	0	3	-3	1
tweet_00137630	saude202206_n_00050_00000001.jpg	3	3	0	0	0	0	0	0	0	0	0	-1	-2
tweet_00137631	saude202206_n_00050_00000002.jpg	1	2	0	0	0	0	1	0	0	0	0	0	21
tweet_00137639	saude202206_n_00050_00000004.jpg	0	2	-2	0	-1	1	0	0	0	1	0	0	0
tweet_00137669	saude202206_n_00051_00000001.jpg	0	1	0	0	0	0	0	0	0	0	0	-1	0
tweet_00137720	saude202206_n_00054_00000002.jpg	1	6	1	0	0	0	0	0	0	0	0	0	0
tweet_00137738	saude202206_n_00055_00000001.jpg	0	2	0	0	0	0	0	0	0	0	0	0	0
tweet_00137764	saude202206_n_00056_00000001.jpg	2	2	0	0	0	0	0	0	0	1	0	0	0
tweet_00137783	saude202206_n_00056_00000002.jpg	1	2	0	0	0	0	0	0	0	1	0	0	0
tweet_00137788	saude202206_n_00056_00000003.jpg	1	2	0	0	0	0	0	0	2	0	1	6	0
tweet_00137809	saude202206_n_00057_00000003.jpg	1	2	0	0	0	0	0	0	0	-1	1	0	0
tweet_00137823	saude202206_n_00058_00000001.jpg	1	2	0	0	0	0	0	0	0	1	0	0	0
tweet_00137833	saude202206_n_00058_00000002.jpg	1	3	0	0	0	0	0	0	0	0	0	0	22
tweet_00137839	saude202206_n_00059_00000001.jpg	1	3	0	0	0	0	-1	0	0	3	1	2	0
tweet_00137863	saude202206_n_00060_00000001.jpg	1	0	0	0	2	1	7	1	0	0	0	0	13
tweet_00137864	saude202206_n_00060_00000003.jpg	-3	1	0	0	0	0	0	1	0	0	-2	-1	-1
tweet_00137873	saude202206_n_00060_00000007.jpg	1	-1	1	3	1	0	0	0	0	7	0	0	0
tweet_00137892	saude202206_n_00060_00000008.jpg	1	-1	0	0	-2	1	0	0	0	0	0	0	-3
tweet_00137904	saude202206_n_00061_00000001.jpg	0	1	0	0	0	0	0	0	0	-1	0	0	-3
tweet_00137907	saude202206_n_00061_00000002.jpg	2	0	0	-2	0	1	0	27	0	0	0	0	0
tweet_00137952	saude202206_n_00062_00000003.jpg	1	2	0	-1	0	1	0	0	0	0	1	0	0
tweet_00137973	saude202206_n_00062_00000005.jpg	-1	2	0	0	0	0	1	0	0	1	0	-1	0
tweet_00137998	saude202206_n_00063_00000001.jpg	0	2	1	0	0	0	8	3	0	0	0	0	3
tweet_00138025	saude202206_n_00063_00000003.jpg	-1	2	0	-1	0	0	0	0	1	-1	0	3	0
tweet_00138050	saude202206_n_00064_00000001.jpg	0	2	0	0	0	0	0	0	1	0	0	1	0
tweet_00138057	saude202206_n_00064_00000002.png	0	0	0	0	0	0	0	0	0	0	0	0	-3
tweet_00138076	saude202206_n_00064_00000005.png	-1	2	1	0	0	0	0	3	0	0	0	0	5
tweet_00138109	saude202206_n_00064_00000008.jpg	-2	0	0	0	0	0	0	2	0	1	0	1	0
tweet_00138125	saude202206_n_00065_00000001.jpg	0	-1	0	0	1	0	4	0	0	0	0	0	-5
tweet_00138142	saude202206_n_00065_00000002.jpg	1	1	0	-2	1	0	0	0	0	0	0	0	-2
tweet_00138150	saude202206_n_00065_00000003.jpg	0	0	0	2	0	0	0	0	0	1	0	0	0
tweet_00138165	saude202206_n_00066_00000001.jpg	1	1	0	0	1	0	0	0	0	0	0	0	-1
tweet_00138191	saude202206_n_00066_00000005.jpg	-2	0	0	0	0	0	0	1	0	-1	0	-1	-1
tweet_00138199	saude202206_n_00066_00000006.jpg	-3	0	0	0	0	1	0	4	0	0	0	0	-1
tweet_00138207	saude202206_n_00066_00000003.jpg	0	0	0	0	0	0	1	0	0	0	0	0	-7
tweet_00138209	saude202206_n_00067_00000001.jpg	-2	2	0	-1	0	0	0	4	0	1	0	0	0
tweet_00138248	saude202206_n_00070_00000001.jpg	0	1	0	-2	0	1	0	2	0	0	0	0	8
tweet_00138266	saude202206_n_00071_00000001.jpg	0	-1	1	0	0	0	0	0	0	0	0	0	-1
tweet_00138295	saude202206_n_00072_00000001.jpg	4	0	0	-3	0	2	0	0	0	20	0	0	1
tweet_00138303	saude202206_n_00073_00000001.jpg	-1	2	0	0	0	0	0	0	0	0	0	0	-2
tweet_00138308	saude202206_n_00073_00000002.jpg	0	2	2	0	0	0	1	4	0	0	0	0	11
tweet_00138314	saude202206_n_00073_00000003.png	0	2	0	0	0	0	0	0	0	0	0	-1	-1
tweet_00138317	saude202206_n_00073_00000004.jpg	0	1	0	0	0	1	0	0	0	0	0	0	-2
tweet_00138343	saude202206_n_00073_00000005.jpg	1	1	0	-1	-1	0	0	3	3	-1	0	1	0
tweet_00138386	saude202206_n_00074_00000001.jpg	1	0	0	-1	0	0	0	0	0	0	0	0	-3
tweet_00138394	saude202206_n_00074_00000002.jpg	-1	0	0	0	0	0	0	0	0	0	0	-1	0
tweet_00138400	saude202206_n_00075_00000001.jpg	-2	1	0	0	0	0	0	0	0	0	0	0	-6
tweet_00138423	saude202206_n_00076_00000001.jpg	0	1	0	0	0	0	0	0	0	0	0	0	-6
tweet_00138427	saude202206_n_00076_00000002.jpg	1	1	0	0	0	1	2	5	0	0	0	0	27
tweet_00138435	saude202206_n_00077_00000001.jpg	0	4	0	0	0	0	0	0	0	0	0	0	-2
tweet_00138441	saude202206_n_00077_00000002.jpg	0	4	0	0	0	0	0	1	0	0	0	-1	0
tweet_00138447	saude202206_n_00077_00000004.jpg	3	-4	3	0	0	1	0	0	0	6	0	0	0
tweet_00138450	saude202206_n_00078_00000001.png	1	1	0	0	0	1	0	2	0	0	0	0	5
tweet_00138451	saude202206_n_00078_00000002.jpg	3	0	0	0	0	1	0	0	0	1	0	0	-1
tweet_00138456	saude202206_n_00078_00000003.jpg	2	1	0	0	1	0	0	0	0	0	0	0	-4
tweet_00138480	saude202206_n_00079_00000001.jpg	2	-3	0	0	0	1	0	0	0	6	0	0	0
tweet_00138485	saude202206_n_00079_00000002.jpg	-1	2	0	0	0	0	0	1	0	3	0	0	0
tweet_00138489	saude202206_n_00080_00000001.jpg	1	3	0	0	-1	0	0	-2	0	4	0	5	0
tweet_00138490	saude202206_n_00080_00000002.jpg	0	2	0	0	0	0	0	2	0	0	0	0	2
tweet_00138511	saude202206_n_00081_00000001.jpg	1	1	0	0	0	1	0	0	0	4	0	0	0
tweet_00138512	saude202206_n_00081_00000002.jpg	1	-3	-1	0	2	-1	2	1	0	0	0	-1	-5
tweet_00138521	saude202206_n_00081_00000003.jpg	1	1	0	0	0	1	0	0	0	20	0	0	0
tweet_00138526	saude202206_n_00081_00000004.jpg	0	-2	0	0	0	3	0	1	0	0	0	0	-1
tweet_00138528	saude202206_n_00081_00000005.jpg	1	1	0	0	0	1	0	0	0	22	0	0	0
tweet_00138530	saude202206_n_00085_00000001.jpg	1	1	0	0	0	0	0	0	0	0	18	0	0
tweet_00138536	saude202206_n_00085_00000002.jpg	1	3	-2	0	0	0	0	0	1	-1	0	7	0
tweet_00138539	saude202206_n_00085_00000003.jpg	-1	1	0	-1	0	0	1	0	3	0	0	-3	0
tweet_00138552	saude202206_n_00088_00000001.png	-1	0	0	0	0	0	32	0	0	0	0	0	1
tweet_00138580	saude202206_n_00089_00000001.jpg	1	1	-1	-1	-1	0	5	-1	0	8	0	0	-1
tweet_00138585	saude202206_n_00090_00000001.png	0	2	0	0	0	0	0	0	0	15	0	0	0
tweet_00138588	saude202206_n_00090_00000002.jpg	0	1	0	0	0	0	0	0	0	7	0	0	0
tweet_00138605	saude202206_n_00091_00000002.jpg	3	1	0	0	0	0	14	0	0	0	0	2	3
tweet_00138611	saude202206_n_00091_00000003.jpg	0	0	-1	-1	-1	0	0	0	0	19	0	0	0
tweet_00138615	saude202206_n_00091_00000005.jpg	0	3	0	0	-2	0	0	3	0	0	0	0	-2
tweet_00138626	saude202206_n_00092_00000002.jpg	0	0	0	0	0	0	0	0	0	10	0	2	0
tweet_00138638	saude202206_n_00093_00000002.jpg	0	0	-1	0	-1	1	0	0	0	0	0	0	-3
tweet_00138643	saude202206_n_00093_00000003.jpg	0	1	0	0	0	0	0	0	0	0	0	0	-1
tweet_00138645	saude202206_n_00093_00000004.png	0	1	0	-1	0	0	0	7	0	0	0	0	0
tweet_00138647	saude202206_n_00093_00000005.jpg	1	0	0	0	0	3	0	0	0	0	0	0	-5
tweet_00138650	saude202206_n_00093_00000006.jpg	1	1	-1	-1	0	1	0	0	0	15	0	0	0
tweet_00138684	saude202206_n_00095_00000002.png	0	4	0	0	0	0	0	0	0	0	0	0	-6
tweet_00138700	saude202206_n_00096_00000002.jpg	-1	4	0	0	0	0	0	5	0	0	0	-1	0
tweet_00138710	saude202206_n_00096_00000003.jpg	5	1	0	0	-1	0	0	0	0	-1	0	0	-1
tweet_00138743	saude202207_n_00003_00000002.jpg	1	0	0	0	-1	1	3	0	0	0	0	0	-4
tweet_00138746	saude202207_n_00003_00000007.jpg	1	-3	1	0	0	2	1	0	0	0	5	0	0
tweet_00138754	saude202207_n_00005_00000001.jpg	1	-4	1	-1	0	2	0	0	0	0	0	0	-1
tweet_00138760	saude202207_n_00005_00000003.jpg	0	-3	0	0	0	1	0	0	0	14	0	0	0
tweet_00138773	saude202207_n_00005_00000004.jpg	0	-2	0	0	0	0	0	0	0	0	0	0	-1
tweet_00138789	saude202207_n_00005_00000005.jpg	0	-2	1	0	0	2	0	1	0	21	0	1	0
tweet_00138803	saude202207_n_00006_00000001.jpg	1	-2	1	0	0	1	0	0	0	3	0	0	0
tweet_00138807	saude202207_n_00006_00000002.jpg	1	-2	1	0	0	2	0	0	0	16	0	1	0
tweet_00138853	saude202207_n_00007_00000001.jpg	-2	1	0	0	0	0	0	0	13	0	0	1	1
tweet_00138860	saude202207_n_00007_00000002.jpg	0	-2	1	0	0	2	0	-1	0	0	2	0	0
tweet_00138869	saude202207_n_00007_00000005.jpg	0	-3	0	0	0	1	0	0	0	19	0	0	0
tweet_00138875	saude202207_n_00007_00000006.png	1	-4	0	0	0	5	0	0	0	24	0	1	0
tweet_00138887	saude202207_n_00007_00000007.jpg	1	-3	1	0	0	2	0	0	0	0	0	0	-4
tweet_00138902	saude202207_n_00008_00000001.jpg	1	-3	0	0	0	1	1	0	0	-1	0	-1	-3
tweet_00138929	saude202207_n_00008_00000002.jpg	0	0	0	0	0	0	0	3	0	2	0	0	3
tweet_00138938	saude202207_n_00008_00000003.jpg	-1	1	0	-1	0	0	0	0	0	0	0	0	-3
tweet_00138939	saude202207_n_00008_00000004.jpg	-1	0	0	0	0	0	0	0	0	0	0	0	-3
tweet_00138940	saude202207_n_00008_00000007.jpg	0	3	0	0	0	0	0	5	0	0	0	0	6
tweet_00138945	saude202207_n_00008_00000008.jpg	-2	1	0	0	0	1	0	0	0	0	1	0	-6
tweet_00138979	saude202207_n_00009_00000001.png	0	1	0	0	0	0	0	0	0	0	0	0	-3
tweet_00139003	saude202207_n_00009_00000004.jpg	0	1	0	0	0	0	0	0	0	29	0	0	0
tweet_00139078	saude202207_n_00010_00000001.jpg	0	-3	0	0	0	0	0	1	0	4	0	0	0
tweet_00139095	saude202207_n_00010_00000002.jpg	2	4	0	0	0	0	2	1	0	0	0	0	-1
tweet_00139114	saude202207_n_00010_00000003.png	1	1	0	-1	0	0	0	0	0	0	0	0	-3
tweet_00139165	saude202207_n_00012_00000001.jpg	0	4	0	-1	0	0	0	0	0	0	0	0	-5
tweet_00139175	saude202207_n_00012_00000002.jpg	0	-1	0	-1	0	2	0	1	0	17	0	1	0
tweet_00139189	saude202207_n_00012_00000003.jpg	-1	1	0	-1	0	0	0	0	0	1	0	0	0
tweet_00139203	saude202207_n_00013_00000001.jpg	0	2	-2	0	0	0	0	0	0	1	0	0	-1
tweet_00139221	saude202207_n_00013_00000004.jpg	0	2	0	0	0	0	1	0	0	0	0	0	-3
tweet_00139239	saude202207_n_00013_00000005.jpg	0	0	1	0	0	1	10	0	0	-1	0	0	-2
tweet_00139253	saude202207_n_00013_00000006.jpg	0	3	0	0	0	0	0	5	0	0	0	0	6
tweet_00139269	saude202207_n_00014_00000001.jpg	0	1	0	0	0	1	0	0	0	0	0	-1	-5
tweet_00139276	saude202207_n_00014_00000003.jpg	0	3	0	0	-1	0	0	0	0	14	0	0	0
tweet_00139298	saude202207_n_00015_00000001.jpg	0	5	0	0	-1	0	0	0	0	0	0	0	-3
tweet_00139300	saude202207_n_00015_00000002.jpg	0	2	0	0	0	0	0	0	0	-1	0	0	-3
tweet_00139302	saude202207_n_00015_00000003.jpg	1	1	0	-1	0	0	0	0	0	0	0	-1	-3
tweet_00139329	saude202207_n_00015_00000004.jpg	0	3	0	0	0	0	0	3	0	3	0	0	0
tweet_00139354	saude202207_n_00016_00000001.jpg	0	0	-1	0	0	2	0	3	0	0	0	0	7
tweet_00139355	saude202207_n_00016_00000002.jpg	-1	3	0	0	0	0	3	0	0	0	0	0	-5
tweet_00139361	saude202207_n_00016_00000003.jpg	0	6	0	0	0	0	0	0	0	0	1	2	0
tweet_00139415	saude202207_n_00017_00000001.png	1	-2	0	-1	0	-2	0	0	0	1	0	-1	0
tweet_00139433	saude202207_n_00018_00000001.jpg	0	4	0	0	0	0	11	0	0	1	0	0	-2
tweet_00139437	saude202207_n_00018_00000002.jpg	-1	2	1	0	0	0	0	0	0	0	0	0	-3
tweet_00139439	saude202207_n_00018_00000004.jpg	1	1	0	0	-1	1	4	0	0	0	0	-1	-3
tweet_00139453	saude202207_n_00018_00000005.jpg	1	2	2	0	1	0	1	2	0	-1	0	0	7
tweet_00139501	saude202207_n_00019_00000001.png	0	1	0	0	0	0	0	0	0	0	0	0	-2
tweet_00139513	saude202207_n_00019_00000005.jpg	3	-2	0	0	0	0	0	0	0	6	0	-1	0
tweet_00139528	saude202207_n_00021_00000001.png	1	4	0	-1	0	0	0	9	0	2	0	0	0
tweet_00139536	saude202207_n_00023_00000001.png	0	2	0	0	1	0	0	0	0	0	0	0	-5
tweet_00139541	saude202207_n_00025_00000001.jpg	0	3	0	0	0	0	0	4	4	0	0	1	0
tweet_00139544	saude202207_n_00026_00000001.jpg	0	4	0	0	0	0	0	1	0	0	0	0	-1
tweet_00139601	saude202207_n_00032_00000004.jpg	0	3	0	0	0	0	0	0	0	0	0	-1	-2
tweet_00139619	saude202207_n_00033_00000002.jpg	1	3	0	0	0	0	0	0	0	0	0	-1	-4
tweet_00139634	saude202207_n_00033_00000003.jpg	0	2	0	-1	0	0	0	0	0	0	0	0	-2
tweet_00139641	saude202207_n_00035_00000001.jpg	2	1	0	0	0	0	1	4	0	-1	0	0	23
tweet_00139654	saude202207_n_00035_00000002.jpg	0	0	0	0	0	0	0	0	0	0	0	0	-3
tweet_00139672	saude202207_n_00035_00000005.jpg	0	1	0	-3	0	0	0	0	0	0	0	0	-4
tweet_00139677	saude202207_n_00036_00000001.jpg	0	5	0	-2	0	0	0	0	0	1	1	2	0
tweet_00139696	saude202207_n_00037_00000001.jpg	0	1	0	0	0	0	0	-1	1	0	1	1	0
tweet_00139697	saude202207_n_00037_00000002.jpg	1	5	0	-2	0	0	0	4	30	1	0	4	1
tweet_00139704	saude202207_n_00037_00000003.jpg	1	-1	-1	0	1	1	0	0	0	0	0	-1	-3
tweet_00139708	saude202207_n_00037_00000004.jpg	-1	5	0	-2	0	0	0	3	3	-1	0	0	2
tweet_00139714	saude202207_n_00037_00000005.jpg	2	4	0	0	0	0	0	0	0	1	0	0	0
tweet_00139725	saude202207_n_00038_00000001.jpg	0	4	0	-1	0	0	0	0	0	-1	0	0	-2
tweet_00139731	saude202207_n_00038_00000004.jpg	-1	3	0	0	0	0	0	-1	28	0	1	0	0
tweet_00139749	saude202207_n_00039_00000002.jpg	0	2	0	0	0	0	3	0	0	0	0	0	-6
tweet_00139761	saude202207_n_00039_00000003.jpg	0	3	0	-1	0	0	0	0	0	1	0	-1	-3
tweet_00139763	saude202207_n_00039_00000004.jpg	-1	1	0	-2	0	0	3	0	0	0	0	0	-3
tweet_00139773	saude202207_n_00040_00000001.png	0	5	0	-1	0	0	0	0	0	1	0	0	0
tweet_00139799	saude202207_n_00049_00000001.jpg	0	-2	0	1	0	0	0	3	0	0	0	0	0
tweet_00139812	saude202207_n_00050_00000002.jpg	3	-1	1	0	0	0	0	0	0	7	0	0	0
tweet_00139817	saude202207_n_00050_00000005.jpg	1	1	0	0	0	0	0	0	0	7	0	0	0
tweet_00139829	saude202207_n_00051_00000001.jpg	1	4	0	0	0	1	0	1	0	19	0	1	0
tweet_00139832	saude202207_n_00051_00000002.jpg	1	1	0	0	0	0	0	0	0	19	0	0	0
tweet_00139834	saude202207_n_00051_00000003.jpg	1	-2	0	0	0	3	0	0	0	6	0	0	0
tweet_00139848	saude202207_n_00052_00000003.jpg	1	-2	0	0	0	4	0	0	0	0	0	0	-1
tweet_00139854	saude202207_n_00052_00000005.jpg	1	1	0	0	3	0	0	0	-3	0	0	0	8
tweet_00139858	saude202207_n_00052_00000006.jpg	0	1	0	0	-1	0	0	2	1	0	0	2	-1
tweet_00139861	saude202207_n_00052_00000008.jpg	-1	-1	0	0	0	2	1	0	0	0	0	0	-3
tweet_00139866	saude202207_n_00052_00000009.jpg	1	-3	0	0	0	2	0	0	0	0	0	0	0
tweet_00139868	saude202207_n_00052_00000010.jpg	1	-2	0	0	0	4	0	0	0	12	0	2	0
tweet_00139880	saude202207_n_00052_00000012.jpg	1	-2	0	0	0	1	0	0	0	12	0	0	0
tweet_00139881	saude202207_n_00052_00000013.jpg	1	-3	0	0	0	3	0	0	0	0	0	0	-5
tweet_00139887	saude202207_n_00052_00000014.jpg	2	-5	0	0	0	3	0	0	0	11	0	1	0
tweet_00139934	saude202207_n_00053_00000001.jpg	1	1	0	0	0	0	1	2	0	16	0	0	0
tweet_00139959	saude202207_n_00053_00000007.png	1	4	0	-1	0	0	0	0	0	0	0	-1	-1
tweet_00139960	saude202207_n_00053_00000008.jpg	1	2	0	0	0	0	0	0	0	12	0	0	0
tweet_00139962	saude202207_n_00053_00000009.jpg	1	1	0	0	0	0	-3	0	-12	0	5	1	-2
tweet_00139964	saude202207_n_00053_00000010.jpg	1	-3	0	0	0	0	0	0	0	1	2	0	0
tweet_00139965	saude202207_n_00053_00000011.jpg	2	-2	0	0	1	2	0	0	0	4	0	0	0
tweet_00139966	saude202207_n_00053_00000012.jpg	0	1	0	-1	0	0	9	0	0	0	0	1	3
tweet_00139971	saude202207_n_00053_00000013.jpg	0	1	0	0	0	1	0	0	0	0	0	0	-2
tweet_00139972	saude202207_n_00054_00000001.jpg	0	2	0	0	0	0	1	1	0	0	0	0	0
tweet_00139978	saude202207_n_00054_00000002.jpg	1	2	0	0	0	0	0	0	7	0	4	0	0
tweet_00139982	saude202207_n_00054_00000003.jpg	1	2	0	0	0	0	0	0	0	8	0	0	0
tweet_00139988	saude202207_n_00054_00000004.jpg	0	2	0	0	0	0	1	3	0	0	0	0	23
tweet_00139990	saude202207_n_00054_00000005.jpg	1	1	0	0	0	0	0	0	7	0	2	10	1
tweet_00140005	saude202207_n_00054_00000009.jpg	1	-3	0	0	0	2	0	0	0	6	0	0	0
tweet_00140017	saude202207_n_00054_00000010.jpg	1	-2	0	0	1	2	0	1	0	22	0	1	0
tweet_00140022	saude202207_n_00054_00000011.jpg	3	-2	2	0	0	3	0	0	0	3	0	0	0
tweet_00140044	saude202207_n_00055_00000002.jpg	0	1	0	0	0	0	0	0	0	0	0	0	-5
tweet_00140075	saude202207_n_00055_00000003.jpg	3	-3	0	0	0	2	0	0	0	19	0	1	0
tweet_00140083	saude202207_n_00055_00000005.jpg	2	0	0	-1	0	0	0	1	0	0	0	0	21
tweet_00140087	saude202207_n_00055_00000006.jpg	2	-3	0	0	0	1	0	0	0	12	0	0	0
tweet_00140096	saude202207_n_00055_00000009.jpg	1	3	0	-1	0	0	0	1	0	23	0	0	0
tweet_00140110	saude202207_n_00056_00000002.jpg	2	0	0	0	0	0	0	0	0	1	0	0	-1
tweet_00140116	saude202207_n_00056_00000003.png	1	1	0	1	-1	2	0	0	0	0	0	0	-4
tweet_00140118	saude202207_n_00056_00000005.jpg	0	2	0	0	0	0	1	1	0	0	0	0	-1
tweet_00140132	saude202207_n_00056_00000008.jpg	0	1	0	0	0	0	0	0	0	0	0	-1	-1
tweet_00140137	saude202207_n_00056_00000010.jpg	1	1	0	0	0	0	0	0	0	5	0	0	0
tweet_00140152	saude202207_n_00056_00000011.jpg	0	-4	0	0	1	1	0	2	0	15	0	1	0
tweet_00140187	saude202207_n_00057_00000001.jpg	0	1	0	0	0	2	0	0	0	0	0	0	-6
tweet_00140188	saude202207_n_00057_00000002.jpg	0	1	-1	0	0	0	0	6	3	0	0	1	0
tweet_00140189	saude202207_n_00057_00000003.jpg	0	1	0	0	0	0	0	4	0	1	0	1	0
tweet_00140196	saude202207_n_00058_00000001.jpg	1	2	-1	0	0	0	5	0	0	-1	0	1	13
tweet_00140216	saude202207_n_00058_00000004.jpg	-2	1	0	0	0	0	0	0	0	0	0	0	-2
tweet_00140235	saude202207_n_00058_00000005.jpg	1	-2	0	0	0	1	0	0	0	2	0	1	0
tweet_00140245	saude202207_n_00058_00000006.jpg	0	6	0	0	0	0	0	0	0	0	0	-1	-2
tweet_00140254	saude202207_n_00059_00000001.jpg	0	-4	0	0	0	3	0	0	4	12	0	2	0
tweet_00140277	saude202207_n_00060_00000001.jpg	1	3	0	0	0	2	0	0	0	0	0	0	-6
tweet_00140284	saude202207_n_00060_00000003.jpg	1	1	0	0	0	0	0	0	0	16	0	0	0
tweet_00140295	saude202207_n_00061_00000001.png	0	0	0	0	0	-1	0	6	0	1	0	0	0
tweet_00140321	saude202207_n_00061_00000003.jpg	-3	2	1	0	0	0	0	6	0	0	0	0	3
tweet_00140337	saude202207_n_00062_00000001.jpg	0	3	0	0	0	0	0	3	0	0	0	0	-1
tweet_00140343	saude202207_n_00062_00000003.jpg	0	2	0	0	0	1	0	5	1	7	0	1	0
tweet_00140382	saude202207_n_00064_00000001.png	2	-3	0	0	0	2	11	1	0	0	0	0	-2
tweet_00140392	saude202207_n_00064_00000002.jpg	-3	1	0	0	0	0	0	0	7	0	0	-1	1
tweet_00140420	saude202207_n_00065_00000002.jpg	0	-2	0	-1	-1	3	10	0	0	0	0	0	0
tweet_00140423	saude202207_n_00065_00000003.jpg	0	-4	0	0	0	4	0	0	0	2	0	1	0
tweet_00140446	saude202207_n_00065_00000005.jpg	0	0	0	0	0	1	0	0	0	0	0	0	-7
tweet_00140453	saude202207_n_00065_00000006.jpg	0	1	0	0	0	0	0	0	0	18	0	2	0
tweet_00140455	saude202207_n_00065_00000007.jpg	0	3	-1	0	0	1	0	0	0	18	0	2	0
tweet_00140459	saude202207_n_00065_00000008.jpg	2	-3	0	0	0	2	0	0	0	9	0	1	0
tweet_00140469	saude202207_n_00065_00000009.jpg	3	0	0	0	0	1	0	1	0	21	0	1	0
tweet_00140478	saude202207_n_00067_00000003.jpg	1	1	0	0	0	0	2	2	0	-1	0	0	13
tweet_00140484	saude202207_n_00066_00000002.jpg	-1	-1	0	0	0	0	0	0	0	0	0	0	-3
tweet_00140491	saude202207_n_00066_00000003.jpg	1	1	0	0	0	0	0	0	0	8	0	-3	-1
tweet_00140508	saude202207_n_00066_00000005.png	0	3	0	0	0	0	0	0	0	11	0	0	0
tweet_00140522	saude202207_n_00067_00000001.jpg	0	0	-1	0	0	1	0	0	0	1	0	0	-6
tweet_00140537	saude202207_n_00067_00000005.jpg	1	-1	0	0	0	1	0	1	0	16	0	0	0
tweet_00140542	saude202207_n_00067_00000007.jpg	1	4	0	-1	0	0	0	0	0	8	0	0	-1
tweet_00140548	saude202207_n_00067_00000009.jpg	0	1	0	0	1	0	0	0	0	20	0	-2	-1
tweet_00140549	saude202207_n_00067_00000010.jpg	0	1	0	0	1	0	0	0	0	16	0	-3	-1
tweet_00140564	saude202207_n_00067_00000011.jpg	1	-2	0	0	0	4	0	1	0	11	0	1	0
tweet_00140581	saude202207_n_00068_00000001.jpg	2	-2	0	0	0	2	0	1	0	7	0	0	0
tweet_00140585	saude202207_n_00068_00000002.jpg	1	1	0	-1	0	0	0	0	0	1	0	0	-2
tweet_00140594	saude202207_n_00068_00000004.png	1	-3	1	0	0	1	0	0	0	3	0	-1	0
tweet_00140613	saude202207_n_00068_00000008.jpg	1	0	0	0	0	0	1	-1	0	0	4	0	0
tweet_00140639	saude202207_n_00069_00000002.jpg	0	-2	0	-1	0	1	0	0	0	11	0	0	0
tweet_00140654	saude202207_n_00070_00000001.jpg	1	-3	0	0	0	4	0	2	1	3	0	2	0
tweet_00140657	saude202207_n_00070_00000002.jpg	1	-3	0	0	1	2	0	1	0	2	0	1	0
tweet_00140660	saude202207_n_00070_00000003.jpg	1	-5	3	0	0	5	0	0	0	12	0	0	0
tweet_00140662	saude202207_n_00070_00000004.jpg	1	-3	0	0	0	2	0	0	0	0	0	0	-2
tweet_00140664	saude202207_n_00070_00000005.jpg	1	-5	0	0	-1	6	0	1	0	0	0	0	-4
tweet_00140682	saude202207_n_00070_00000006.jpg	1	-3	0	-1	0	1	0	0	0	8	0	0	0
tweet_00140688	saude202207_n_00071_00000001.jpg	1	-3	0	0	0	2	0	2	0	0	0	0	0
tweet_00140692	saude202207_n_00071_00000002.jpg	4	-3	0	0	0	1	0	1	0	3	0	0	0
tweet_00140699	saude202207_n_00071_00000004.jpg	0	-3	-1	0	-1	3	0	0	0	21	0	0	0
tweet_00140700	saude202207_n_00071_00000005.jpg	0	2	0	0	0	1	-4	1	6	2	7	8	0
tweet_00140727	saude202207_n_00072_00000002.jpg	1	-4	0	0	0	4	1	-1	0	0	0	0	0
tweet_00140759	saude202207_n_00074_00000001.jpg	0	0	0	0	0	1	3	2	2	0	0	0	20
tweet_00140774	saude202207_n_00074_00000002.jpg	0	0	0	0	0	0	12	1	0	0	0	0	-1
tweet_00140775	saude202207_n_00074_00000003.jpg	1	-4	0	0	0	2	0	1	0	14	0	1	0
tweet_00140778	saude202207_n_00074_00000004.jpg	1	1	0	-1	0	1	0	0	0	1	0	0	0
tweet_00140814	saude202207_n_00075_00000001.png	1	-3	0	0	0	3	2	0	0	2	0	-1	0
tweet_00140820	saude202207_n_00075_00000002.png	0	-3	0	0	0	3	0	0	0	3	0	0	0
tweet_00140842	saude202207_n_00075_00000003.jpg	2	-3	0	0	0	3	0	0	0	7	0	0	0
tweet_00140848	saude202207_n_00075_00000004.jpg	5	1	-1	-2	0	0	1	5	0	0	0	0	18
tweet_00140849	saude202207_n_00075_00000005.jpg	0	2	-1	0	0	0	0	0	0	0	0	0	-1
tweet_00140850	saude202207_n_00075_00000006.jpg	0	2	0	0	0	0	0	0	0	0	0	0	-3
tweet_00140852	saude202207_n_00075_00000007.jpg	0	1	0	0	-1	1	8	0	0	0	0	0	-2
tweet_00140859	saude202207_n_00076_00000002.jpg	3	-3	0	0	0	2	0	0	0	4	0	0	0
tweet_00140866	saude202207_n_00076_00000005.jpg	1	-3	0	0	0	2	2	3	0	0	0	0	16
tweet_00140886	saude202207_n_00077_00000001.png	0	1	-1	0	2	0	0	0	0	8	0	-2	-1
tweet_00140887	saude202207_n_00077_00000002.jpg	1	5	0	-1	0	0	1	0	0	0	0	0	-3
tweet_00140893	saude202207_n_00077_00000003.jpg	0	-2	-1	0	0	2	0	0	0	0	0	0	-5
tweet_00140894	saude202207_n_00077_00000004.jpg	1	1	0	-1	0	0	0	0	0	0	0	0	-4
tweet_00140903	saude202207_n_00077_00000006.jpg	1	2	0	-1	0	0	1	0	0	0	0	-1	0
tweet_00140904	saude202207_n_00077_00000007.jpg	4	2	0	-1	0	0	0	0	0	-1	0	0	-2
tweet_00140940	saude202207_n_00078_00000001.jpg	1	-2	0	0	0	4	0	7	0	1	0	1	0
tweet_00140969	saude202207_n_00078_00000005.jpg	1	2	0	-1	0	0	2	0	0	0	0	0	0
tweet_00140971	saude202207_n_00078_00000006.jpg	1	2	-1	-2	0	0	0	0	0	0	9	0	0
tweet_00140979	saude202207_n_00078_00000008.jpg	0	2	0	0	0	0	-1	0	-1	7	0	0	0
tweet_00140985	saude202207_n_00078_00000009.jpg	1	2	0	-1	0	0	1	0	0	6	0	1	0
tweet_00140986	saude202207_n_00078_00000010.jpg	0	3	0	-1	-1	0	0	0	0	0	0	0	-7
tweet_00140993	saude202207_n_00078_00000011.jpg	0	1	0	0	0	0	0	0	0	0	0	-1	-2
tweet_00141049	saude202207_n_00079_00000006.jpg	1	8	0	0	-1	0	0	1	0	1	0	0	0
tweet_00141054	saude202207_n_00080_00000001.jpg	0	1	0	-1	0	0	1	6	0	0	0	0	20
tweet_00141055	saude202207_n_00080_00000002.jpg	0	2	0	-1	0	0	0	0	0	0	0	0	-1
tweet_00141070	saude202207_n_00080_00000004.jpg	1	3	0	-1	-1	0	0	3	0	1	0	0	0
tweet_00141112	saude202207_n_00081_00000002.jpg	1	3	-1	0	0	0	0	1	3	0	0	1	0
tweet_00141122	saude202207_n_00081_00000005.jpg	1	2	0	-1	0	0	0	1	0	0	0	0	19
tweet_00141129	saude202207_n_00081_00000007.jpg	1	2	0	0	-1	0	0	-1	0	16	0	1	0
tweet_00141149	saude202207_n_00082_00000001.jpg	0	1	-1	0	0	0	3	0	0	0	0	0	-1
tweet_00141150	saude202207_n_00082_00000003.jpg	1	3	-1	0	0	0	0	1	3	0	0	0	0
tweet_00141151	saude202207_n_00082_00000005.jpg	2	-4	1	-1	0	0	0	0	0	0	0	0	-2
tweet_00141156	saude202207_n_00082_00000006.jpg	1	1	-2	0	0	0	0	0	0	1	0	0	0
tweet_00141161	saude202207_n_00082_00000007.jpg	0	-1	0	0	0	0	0	0	0	2	0	-2	0
tweet_00141164	saude202207_n_00082_00000008.jpg	2	0	0	0	0	1	0	0	0	15	0	0	0
tweet_00141185	saude202207_n_00083_00000002.jpg	1	-4	3	0	0	0	0	0	0	12	0	-1	0
tweet_00141192	saude202207_n_00083_00000003.jpg	1	2	-1	-2	0	1	0	1	0	0	0	0	0
tweet_00141193	saude202207_n_00083_00000004.jpg	-1	2	0	0	1	0	0	5	0	0	0	0	0
tweet_00141194	saude202207_n_00083_00000007.jpg	0	0	0	-1	0	0	0	0	0	1	0	0	0
tweet_00141199	saude202207_n_00083_00000008.jpg	-2	1	0	-1	0	0	0	4	1	0	0	6	3
tweet_00141231	saude202207_n_00084_00000004.jpg	0	1	0	0	-1	0	0	0	0	0	0	0	-1
tweet_00141241	saude202207_n_00084_00000006.jpg	3	-3	1	0	0	0	0	0	-1	0	5	0	0
tweet_00141267	saude202207_n_00085_00000002.jpg	1	2	-2	0	0	0	0	0	2	10	0	0	0
tweet_00141283	saude202207_n_00085_00000003.jpg	1	2	0	-1	0	0	0	2	0	0	0	0	1
tweet_00141335	saude202207_n_00087_00000001.jpg	-1	1	0	0	-1	0	0	2	0	2	0	0	0
tweet_00141337	saude202207_n_00087_00000002.jpg	0	2	0	0	0	0	0	0	0	0	0	0	-2
tweet_00141428	saude202207_n_00088_00000002.jpg	1	1	0	1	0	1	0	0	0	0	0	-1	-1
tweet_00141430	saude202207_n_00088_00000003.jpg	0	1	-1	0	0	0	0	0	0	0	0	0	0
tweet_00141441	saude202207_n_00089_00000001.jpg	1	1	-1	0	0	1	29	0	0	0	0	1	1
tweet_00141477	saude202207_n_00090_00000001.jpg	1	2	0	0	-1	0	0	4	0	0	0	0	0
tweet_00141489	saude202207_n_00090_00000002.jpg	1	1	0	0	0	0	1	0	0	20	0	0	0
tweet_00141498	saude202207_n_00090_00000003.jpg	1	3	0	0	0	0	0	0	0	16	0	0	0
tweet_00141504	saude202207_n_00090_00000004.jpg	1	1	0	0	0	0	0	0	0	2	0	0	0
tweet_00141536	saude202207_n_00091_00000001.jpg	1	1	0	0	-1	2	0	0	0	4	0	0	1
tweet_00141568	saude202207_n_00091_00000004.jpg	1	1	0	0	0	0	0	2	0	1	0	0	0
tweet_00141578	saude202207_n_00091_00000006.jpg	1	1	0	0	-1	0	0	0	0	24	0	1	0
tweet_00141583	saude202207_n_00092_00000001.jpg	-1	-4	1	0	1	0	0	0	0	0	0	0	-2
tweet_00141621	saude202207_n_00092_00000006.jpg	0	-1	1	0	0	1	0	0	0	-1	0	0	13
tweet_00141657	saude202207_n_00094_00000001.jpg	0	2	1	0	0	0	0	0	0	0	0	0	-3
tweet_00141658	saude202207_n_00094_00000005.jpg	1	3	0	-1	0	0	0	0	0	3	0	0	-1
tweet_00141667	saude202207_n_00094_00000007.jpg	3	2	0	-1	0	0	0	0	0	1	0	-3	-1
tweet_00141684	saude202207_n_00095_00000001.jpg	-1	2	0	-2	0	0	0	0	0	0	0	0	-1
tweet_00141694	saude202207_n_00095_00000002.jpg	1	1	0	0	0	0	0	0	0	1	0	0	0
tweet_00141705	saude202207_n_00098_00000002.png	0	1	0	-1	0	0	0	1	0	24	0	0	0
tweet_00141718	saude202207_n_00103_00000002.jpg	1	1	0	0	0	0	0	1	0	0	0	6	2
tweet_00141721	saude202207_n_00104_00000001.jpg	-1	1	0	0	1	0	1	3	0	0	0	0	8
tweet_00141744	saude202208_n_00003_00000001.png	1	-3	0	1	0	0	0	0	0	28	0	0	0
tweet_00141766	saude202208_n_00004_00000001.jpg	1	-1	1	2	0	0	0	0	1	0	0	0	0
tweet_00141774	saude202208_n_00007_00000001.jpg	1	-1	1	4	0	0	0	0	0	5	0	0	0
tweet_00141787	saude202208_n_00009_00000001.png	0	0	0	0	0	0	0	1	0	0	0	0	0
tweet_00141794	saude202208_n_00011_00000002.jpg	1	3	0	0	0	0	0	0	0	10	0	0	0
tweet_00141804	saude202208_n_00011_00000001.jpg	0	1	0	0	1	1	4	0	0	0	0	0	-3
tweet_00141830	saude202208_n_00011_00000003.jpg	-2	0	0	0	0	0	0	0	0	0	0	0	-5
tweet_00141855	saude202208_n_00012_00000002.jpg	0	2	1	0	0	0	0	16	0	2	0	0	0
tweet_00141856	saude202208_n_00012_00000003.jpg	1	1	0	0	0	0	0	2	0	0	-1	0	0
tweet_00141868	saude202208_n_00015_00000001.png	-1	2	1	-1	0	0	0	0	0	0	0	0	-1
tweet_00141897	saude202208_n_00016_00000001.jpg	1	0	0	0	0	1	0	0	2	0	0	0	0
tweet_00141931	saude202208_n_00017_00000001.jpg	0	2	2	-2	0	0	0	0	0	0	0	-1	-3
tweet_00141969	saude202208_n_00019_00000001.jpg	1	-1	0	0	0	2	0	0	0	0	0	0	-3
tweet_00141985	saude202208_n_00019_00000002.jpg	0	5	0	0	0	0	2	0	0	1	-1	-1	-2
tweet_00141987	saude202208_n_00020_00000001.jpg	1	4	0	-1	0	0	10	0	0	3	0	0	-1
tweet_00142019	saude202208_n_00025_00000001.jpg	2	1	0	0	-1	0	0	0	1	26	0	0	1
tweet_00142031	saude202208_n_00027_00000001.jpg	0	3	0	0	-1	2	0	0	0	21	0	0	0
tweet_00142035	saude202208_n_00027_00000002.jpg	1	-2	0	1	1	0	0	2	0	-1	0	0	2
tweet_00142045	saude202208_n_00032_00000001.jpg	-1	1	0	0	0	0	3	-2	0	8	1	1	-1
tweet_00142047	saude202208_n_00033_00000001.jpg	0	1	0	0	1	3	0	0	0	0	0	0	-3
tweet_00142050	saude202208_n_00033_00000002.jpg	-1	2	0	0	0	0	1	-2	0	9	0	0	0
tweet_00142067	saude202208_n_00040_00000001.jpg	0	1	0	0	0	1	0	0	0	0	0	0	-5
tweet_00142070	saude202208_n_00040_00000002.jpg	2	-2	1	1	0	0	0	0	-6	2	0	0	4
tweet_00142073	saude202208_n_00041_00000001.jpg	0	1	0	1	0	0	0	1	0	1	0	1	0
tweet_00142100	saude202208_n_00051_00000001.jpg	1	3	0	0	0	0	0	0	0	14	0	0	0
tweet_00142138	saude202208_n_00064_00000001.jpg	2	2	0	-2	0	1	0	5	5	1	0	2	0
tweet_00142149	saude202208_n_00064_00000002.jpg	-1	1	1	0	0	0	0	0	0	0	0	0	-5
tweet_00142189	saude202208_n_00065_00000002.jpg	-1	2	0	0	0	0	0	3	0	0	0	0	6
tweet_00142275	saude202208_n_00067_00000001.jpg	1	3	0	0	-1	0	0	4	0	1	0	-1	-1
tweet_00142285	saude202208_n_00069_00000001.jpg	0	2	0	0	0	0	0	0	0	0	0	-1	-1
tweet_00142299	saude202208_n_00070_00000001.jpg	2	-2	0	-1	0	0	0	0	0	0	1	0	0
tweet_00142310	saude202208_n_00070_00000003.jpg	0	1	-1	0	0	0	0	0	0	0	0	0	-4
tweet_00142313	saude202208_n_00071_00000001.jpg	-1	3	0	0	0	0	2	0	0	0	0	0	-3
tweet_00142314	saude202208_n_00071_00000002.jpg	0	0	1	0	0	0	3	0	0	0	1	0	-2
tweet_00142321	saude202208_n_00071_00000003.png	-1	-2	0	0	0	0	0	0	0	0	0	0	-4
tweet_00142332	saude202208_n_00075_00000001.jpg	0	-1	0	0	1	0	0	0	0	6	0	0	0
tweet_00142341	saude202208_n_00076_00000001.jpg	4	1	0	0	-1	1	0	0	0	15	0	0	0
tweet_00142371	saude202208_n_00079_00000001.jpg	0	2	1	-2	0	0	0	1	0	0	0	0	12
tweet_00142401	saude202208_n_00083_00000001.jpg	-1	0	0	0	0	2	0	0	0	0	1	0	0
tweet_00142411	saude202208_n_00104_00000001.jpg	1	2	0	-1	-1	0	1	0	0	-1	0	0	12
tweet_00142415	saude202208_n_00117_00000001.jpg	1	3	0	0	0	1	0	0	0	6	0	0	0
tweet_00142416	saude202208_n_00117_00000002.jpg	-1	0	1	0	0	2	0	0	0	0	0	0	-3
tweet_00142422	saude202208_n_00136_00000001.jpg	-1	0	0	0	0	0	0	0	0	0	0	0	-4
tweet_00142428	saude202208_n_00136_00000002.jpg	0	-3	0	0	0	0	0	0	0	1	0	0	0
tweet_00142446	saude202208_n_00136_00000004.jpg	-3	1	0	-1	0	1	0	1	0	0	0	-1	0
tweet_00142448	saude202208_n_00136_00000005.jpg	-1	1	1	0	1	-1	0	0	0	-1	0	0	-1
tweet_00142508	saude202208_n_00137_00000002.jpg	0	1	0	0	0	2	4	1	0	2	0	1	8
tweet_00142591	saude202208_n_00144_00000001.jpg	-1	1	0	0	0	0	1	1	0	0	0	-1	-1
tweet_00142595	saude202208_n_00145_00000001.jpg	0	2	-1	-3	2	0	0	0	1	0	-1	1	0
tweet_00142606	saude202208_n_00146_00000002.jpg	0	1	0	0	0	1	0	0	0	5	0	0	0
tweet_00142617	saude202208_n_00148_00000001.png	0	1	0	0	0	1	0	0	0	19	0	0	0
tweet_00142619	saude202208_n_00149_00000001.jpg	0	2	0	0	0	0	0	0	0	0	0	0	-1
tweet_00142646	saude202208_n_00151_00000001.jpg	0	0	0	0	0	0	6	0	0	0	0	0	-1
tweet_00142668	saude202208_n_00152_00000001.jpg	2	-4	1	0	0	0	2	0	0	0	0	0	-4
tweet_00142674	saude202208_n_00158_00000001.jpg	0	0	0	0	0	0	0	2	0	9	0	0	0
tweet_00142679	saude202208_n_00159_00000001.jpg	-1	1	0	0	0	1	0	1	0	5	0	0	0
tweet_00142686	saude202208_n_00163_00000001.jpg	0	1	0	0	0	1	0	0	0	3	0	0	0
tweet_00142693	saude202208_n_00164_00000001.jpg	0	0	0	-3	-1	0	0	0	0	0	0	0	0
tweet_00142701	saude202208_n_00165_00000001.jpg	2	2	0	0	-1	2	0	0	0	6	0	0	0
tweet_00142702	saude202208_n_00165_00000002.jpg	0	0	0	0	0	0	0	0	0	0	0	0	-2
tweet_00142707	saude202208_n_00165_00000003.jpg	3	1	0	0	0	1	0	0	0	14	0	0	0
tweet_00142740	saude202208_n_00172_00000001.png	0	0	0	-4	0	0	0	0	0	0	0	0	-3
tweet_00142744	saude202208_n_00172_00000002.jpg	1	1	0	0	0	1	0	0	0	13	0	0	0
tweet_00142746	saude202208_n_00172_00000003.jpg	0	1	0	0	0	1	0	0	0	16	0	0	0
tweet_00142755	saude202208_n_00173_00000001.jpg	0	0	0	0	0	0	0	0	0	3	0	0	0
tweet_00142774	saude202208_n_00176_00000001.jpg	0	1	0	0	0	1	0	0	0	11	0	0	0
tweet_00142797	saude202208_n_00178_00000001.jpg	0	1	0	0	0	1	0	0	0	7	0	0	0
tweet_00142817	saude202208_n_00179_00000002.jpg	2	2	0	0	-1	0	0	0	0	4	0	0	0
tweet_00142825	saude202208_n_00179_00000003.jpg	1	1	0	0	0	1	0	3	2	13	0	1	0
tweet_00142856	saude202208_n_00180_00000004.jpg	1	1	0	0	0	1	0	0	0	27	0	0	0
tweet_00142871	saude202208_n_00180_00000005.jpg	1	-2	0	0	0	1	0	0	0	5	0	0	0
tweet_00142880	saude202208_n_00181_00000001.jpg	1	-1	0	-3	1	0	0	-3	1	0	0	5	0
tweet_00142883	saude202208_n_00181_00000002.jpg	1	3	0	0	0	0	0	0	0	10	0	0	0
tweet_00142901	saude202208_n_00181_00000004.jpg	3	-1	0	-4	0	0	0	-1	0	0	0	6	0
tweet_00142908	saude202208_n_00181_00000005.jpg	1	3	0	0	0	2	0	0	0	21	0	0	0
tweet_00142948	saude202208_n_00183_00000001.jpg	1	-2	0	-3	1	0	0	-4	0	0	0	5	0
tweet_00142952	saude202208_n_00184_00000001.jpg	-1	0	1	-2	2	0	0	0	0	0	0	0	-4
tweet_00142978	saude202208_n_00185_00000001.jpg	0	1	0	0	0	1	4	2	0	-1	0	0	10
tweet_00142981	saude202208_n_00185_00000003.jpg	1	0	-1	-1	0	0	0	0	0	0	0	7	0
tweet_00142985	saude202208_n_00185_00000004.jpg	2	-1	1	-1	0	0	1	2	0	0	0	0	16
tweet_00143005	saude202208_n_00185_00000005.jpg	0	-1	0	0	0	0	0	0	0	0	0	0	-3
tweet_00143015	saude202208_n_00185_00000006.jpg	0	0	0	-4	1	0	0	0	0	1	0	0	0
tweet_00143016	saude202208_n_00185_00000007.jpg	1	-1	0	-3	0	0	0	0	0	0	-11	1	0
tweet_00143028	saude202208_n_00185_00000008.jpg	4	-1	0	-2	0	0	0	0	0	1	0	0	0
tweet_00143032	saude202208_n_00185_00000009.jpg	0	-1	0	-3	0	0	0	-4	0	0	0	6	0
tweet_00143068	saude202208_n_00186_00000001.png	1	2	-1	0	1	2	1	0	0	0	2	0	0
tweet_00143084	saude202208_n_00186_00000003.jpg	1	4	0	-1	0	0	0	0	0	0	0	0	-2
tweet_00143117	saude202208_n_00187_00000001.jpg	1	1	0	0	0	0	2	0	0	10	0	6	2
tweet_00143137	saude202208_n_00187_00000002.jpg	0	0	0	0	0	1	0	0	0	0	0	-1	-3
tweet_00143139	saude202208_n_00187_00000003.jpg	-1	3	0	-3	0	0	0	0	0	0	2	4	1
tweet_00143157	saude202208_n_00188_00000001.jpg	0	0	0	0	0	1	0	0	0	0	0	0	0
tweet_00143160	saude202208_n_00188_00000002.jpg	1	1	0	0	0	0	0	1	6	0	0	0	-3
tweet_00143166	saude202208_n_00188_00000004.jpg	-1	-2	0	0	0	0	5	1	0	0	0	-1	-2
tweet_00143184	saude202208_n_00191_00000001.jpg	2	0	0	0	-1	1	0	0	0	2	0	-1	0
tweet_00143201	saude202208_n_00193_00000001.jpg	-2	1	0	0	0	0	0	3	0	-1	0	0	10
tweet_00143204	saude202208_n_00196_00000001.jpg	1	0	0	0	0	1	0	2	0	0	0	0	0
tweet_00143205	saude202208_n_00196_00000002.jpg	0	-1	0	0	0	1	0	-1	0	1	4	0	0
tweet_00143206	saude202208_n_00200_00000001.jpg	0	-1	0	-2	0	0	-1	4	0	0	-6	1	0
tweet_00143237	saude202208_n_00201_00000001.jpg	0	1	0	0	0	0	0	0	0	0	0	0	-3
tweet_00143276	saude202208_n_00203_00000001.jpg	-2	-1	0	-1	0	2	4	0	0	0	0	0	-4
tweet_00143277	saude202208_n_00203_00000002.jpg	2	0	-1	-1	0	2	1	-1	0	0	11	0	0
tweet_00143291	saude202208_n_00203_00000003.jpg	3	0	0	0	0	0	0	1	0	-1	0	0	0
tweet_00143317	saude202208_n_00204_00000001.jpg	0	2	1	0	1	0	0	0	0	0	0	0	-3
tweet_00143331	saude202208_n_00205_00000002.png	0	0	0	0	0	3	0	0	0	0	0	0	-3
tweet_00143360	saude202208_n_00211_00000001.jpg	0	0	0	0	0	0	1	5	0	2	0	0	13
tweet_00143367	saude202208_n_00212_00000001.jpg	-2	0	1	0	0	0	0	1	0	0	0	0	1
tweet_00143384	saude202208_n_00217_00000001.jpg	0	0	-1	-1	0	4	0	0	0	0	0	0	-1
tweet_00143386	saude202208_n_00217_00000002.jpg	1	0	-1	0	0	2	0	0	0	1	0	0	-3
tweet_00143392	saude202208_n_00219_00000001.jpg	0	0	0	0	0	1	0	1	3	-1	0	-1	0
tweet_00143397	saude202208_n_00220_00000001.jpg	0	0	0	-1	0	1	0	0	0	0	0	0	-3
tweet_00143405	saude202208_n_00224_00000001.jpg	-3	0	0	0	0	0	0	2	0	0	0	-1	0
tweet_00143416	saude202208_n_00226_00000001.jpg	0	0	0	-1	0	1	0	0	0	0	0	0	-3
tweet_00143474	saude202208_n_00239_00000001.jpg	-1	1	0	0	0	0	7	0	0	0	0	0	17
tweet_00143475	saude202208_n_00239_00000002.jpg	1	-1	0	0	0	1	0	0	0	1	0	0	0
tweet_00143529	saude202209_n_00001_00000001.png	0	0	1	0	0	0	0	0	0	-1	0	0	-1
tweet_00143534	saude202209_n_00003_00000001.jpg	-1	1	0	0	0	0	0	9	0	0	0	0	0
tweet_00143536	saude202209_n_00003_00000002.jpg	1	1	1	0	0	0	0	2	0	3	0	0	3
tweet_00143563	saude202209_n_00004_00000001.jpg	0	1	2	0	0	0	0	0	0	0	0	-1	-4
tweet_00143592	saude202209_n_00006_00000001.jpg	4	0	0	0	-1	1	1	4	0	7	0	1	0
tweet_00143593	saude202209_n_00006_00000002.jpg	0	2	0	0	0	0	0	0	0	0	0	0	-1
tweet_00143630	saude202209_n_00014_00000001.jpg	0	2	1	0	0	0	1	1	0	0	0	0	23
tweet_00143641	saude202209_n_00014_00000002.jpg	-1	1	1	0	0	0	1	1	0	0	0	0	12
tweet_00143676	saude202209_n_00015_00000001.jpg	1	0	-1	0	-1	0	0	0	1	17	0	0	0
tweet_00143682	saude202209_n_00015_00000002.jpg	1	0	-1	0	-1	0	0	0	0	14	0	1	0
tweet_00143688	saude202209_n_00015_00000003.jpg	1	0	-1	0	-1	0	3	0	0	1	0	0	0
tweet_00143733	saude202209_n_00016_00000003.jpg	1	2	0	0	0	0	0	0	0	1	0	0	-2
tweet_00143739	saude202209_n_00016_00000002.jpg	0	2	0	0	0	0	6	0	0	0	0	0	-5
tweet_00143760	saude202209_n_00017_00000001.jpg	3	2	0	0	0	1	0	0	0	1	0	0	-1
tweet_00143761	saude202209_n_00017_00000002.jpg	-2	0	1	-1	0	1	1	1	0	0	0	0	10
tweet_00143813	saude202209_n_00018_00000001.jpg	0	0	0	0	0	0	0	0	0	0	0	0	-1
tweet_00143830	saude202209_n_00018_00000005.jpg	-4	2	0	-2	0	1	0	4	0	0	0	0	-1
tweet_00143836	saude202209_n_00018_00000006.jpg	-1	-1	0	0	0	0	0	0	0	0	0	0	-1
tweet_00143872	saude202209_n_00020_00000001.jpg	1	3	0	-2	0	1	0	0	1	0	1	4	0
tweet_00143893	saude202209_n_00021_00000001.jpg	0	1	-1	0	0	1	0	0	0	0	-1	-1	-3
tweet_00143898	saude202209_n_00021_00000002.jpg	-1	-1	0	0	0	0	0	5	0	0	0	-1	-1
tweet_00143916	saude202209_n_00021_00000003.png	0	0	0	2	0	0	0	0	0	3	0	0	0
tweet_00144000	saude202209_n_00022_00000001.jpg	2	-3	0	0	0	3	0	0	0	2	0	1	0
tweet_00144007	saude202209_n_00022_00000003.jpg	1	3	0	0	0	0	0	9	0	3	0	0	1
tweet_00144035	saude202209_n_00023_00000002.jpg	-1	2	1	-1	0	0	0	0	0	0	0	0	-3
tweet_00144047	saude202209_n_00024_00000001.jpg	0	2	0	0	0	0	1	9	0	0	0	0	21
tweet_00144051	saude202209_n_00024_00000002.jpg	1	-3	0	0	0	1	0	1	0	11	0	0	0
tweet_00144058	saude202209_n_00025_00000001.jpg	-1	2	0	0	1	0	0	2	0	0	0	-1	0
tweet_00144088	saude202209_n_00032_00000001.jpg	3	-4	0	0	0	1	0	0	1	6	0	0	0
tweet_00144089	saude202209_n_00032_00000002.jpg	1	2	0	0	0	1	0	0	0	1	0	0	0
tweet_00144104	saude202209_n_00033_00000001.jpg	-2	0	0	0	0	0	0	0	0	0	0	0	-1
tweet_00144122	saude202209_n_00033_00000003.jpg	1	0	-1	0	0	5	0	0	0	0	0	0	-4
tweet_00144132	saude202209_n_00035_00000001.jpg	1	1	0	0	0	0	0	13	0	2	0	0	1
tweet_00144153	saude202209_n_00039_00000001.jpg	-2	-1	0	0	0	1	0	0	0	-1	0	0	-1
tweet_00144157	saude202209_n_00040_00000001.jpg	3	-3	0	0	0	2	0	0	0	0	0	0	-3
tweet_00144165	saude202209_n_00040_00000002.jpg	1	-3	0	0	0	1	0	0	0	5	0	0	0
tweet_00144178	saude202209_n_00040_00000003.jpg	1	-3	0	0	0	2	0	1	0	10	0	1	0
tweet_00144182	saude202209_n_00040_00000004.jpg	1	-4	0	0	0	1	0	1	0	0	0	0	-2
tweet_00144203	saude202209_n_00041_00000001.jpg	0	-3	0	0	0	1	0	0	0	3	0	0	0
tweet_00144258	saude202209_n_00041_00000005.jpg	1	-3	0	0	0	1	0	0	0	5	0	1	0
tweet_00144263	saude202209_n_00041_00000006.jpg	0	0	0	0	0	1	0	4	0	0	0	-1	0
tweet_00144284	saude202209_n_00042_00000001.jpg	0	-2	1	0	0	0	0	0	0	0	0	-2	-1
tweet_00144286	saude202209_n_00042_00000002.png	1	-6	0	0	0	2	0	0	0	1	0	-1	0
tweet_00144299	saude202209_n_00042_00000004.jpg	1	-4	0	0	0	2	0	2	0	0	0	1	0
tweet_00144308	saude202209_n_00042_00000005.jpg	0	-3	0	0	0	2	0	0	0	4	0	0	0
tweet_00144316	saude202209_n_00043_00000001.jpg	5	-2	0	0	0	1	0	0	0	11	0	0	0
tweet_00144324	saude202209_n_00044_00000001.png	-1	-3	0	0	0	1	0	0	0	0	0	0	-4
tweet_00144332	saude202209_n_00044_00000002.jpg	0	-2	0	0	0	3	0	0	0	4	0	0	0
tweet_00144367	saude202209_n_00044_00000004.jpg	4	1	0	0	0	0	1	2	0	0	0	0	21
tweet_00144374	saude202209_n_00044_00000005.jpg	2	-3	0	0	0	6	1	0	0	1	3	-1	0
tweet_00144384	saude202209_n_00045_00000002.png	1	-4	0	0	0	2	0	1	0	9	0	0	0
tweet_00144412	saude202209_n_00045_00000004.jpg	1	-3	0	0	0	2	0	0	0	7	0	0	0
tweet_00144444	saude202209_n_00046_00000001.jpg	0	-2	0	0	0	1	0	0	0	12	0	1	0
tweet_00144446	saude202209_n_00046_00000002.jpg	0	1	0	0	0	0	3	6	0	0	0	0	24
tweet_00144453	saude202209_n_00047_00000001.jpg	1	-4	0	0	0	1	0	0	0	4	0	1	0
tweet_00144459	saude202209_n_00047_00000002.jpg	1	-1	0	0	0	5	0	0	0	9	0	1	0
tweet_00144490	saude202209_n_00049_00000001.jpg	1	1	0	0	0	0	0	0	0	6	0	0	0
tweet_00144519	saude202209_n_00051_00000001.jpg	0	-3	0	0	0	1	0	0	0	1	0	0	0
tweet_00144544	saude202209_n_00054_00000004.jpg	2	-3	0	0	0	4	0	1	0	0	0	2	0
tweet_00144550	saude202209_n_00055_00000001.jpg	0	-3	0	0	0	2	0	0	0	0	0	0	-6
tweet_00144588	saude202209_n_00058_00000001.jpg	0	-2	0	0	0	2	2	0	0	0	0	0	-4
tweet_00144616	saude202209_n_00059_00000002.jpg	3	-3	0	0	0	1	0	0	0	0	0	-1	0
tweet_00144627	saude202209_n_00059_00000003.jpg	2	-3	0	0	0	1	0	4	0	12	0	1	0
tweet_00144634	saude202209_n_00060_00000001.jpg	1	-3	0	0	0	1	1	0	0	10	0	0	0
tweet_00144685	saude202209_n_00062_00000002.jpg	1	-3	0	0	0	0	0	0	0	14	0	0	0
tweet_00144691	saude202209_n_00062_00000005.jpg	1	-3	0	0	0	1	0	0	0	11	0	0	0
tweet_00144702	saude202209_n_00063_00000003.jpg	0	-1	0	0	0	1	2	0	0	0	0	0	-4
tweet_00144713	saude202209_n_00064_00000001.png	0	1	0	-1	0	2	0	2	0	0	0	-1	0
tweet_00144722	saude202209_n_00064_00000004.jpg	0	3	0	0	0	0	0	0	0	1	0	0	0
tweet_00144724	saude202209_n_00064_00000005.png	0	0	0	0	0	0	1	13	0	0	0	0	18
tweet_00144780	saude202209_n_00072_00000001.jpg	0	-3	0	0	0	1	0	2	0	10	0	0	0
tweet_00144819	saude202209_n_00075_00000002.jpg	0	-3	0	0	0	1	0	4	0	11	0	1	0
tweet_00144841	saude202209_n_00080_00000002.jpg	0	-3	0	0	0	3	0	0	0	0	2	0	-1
tweet_00144844	saude202209_n_00080_00000003.jpg	1	-3	0	0	0	1	0	0	0	12	0	1	0
tweet_00144864	saude202209_n_00081_00000001.jpg	0	-2	0	0	0	1	0	0	0	0	0	0	-1
tweet_00144867	saude202209_n_00081_00000003.jpg	0	2	0	0	0	0	0	6	0	0	0	0	22
tweet_00144874	saude202209_n_00081_00000004.jpg	1	1	0	0	0	0	0	0	0	1	0	0	-2
tweet_00144878	saude202209_n_00081_00000005.jpg	1	2	0	0	0	0	0	2	0	20	0	0	0
tweet_00144920	saude202209_n_00081_00000006.jpg	1	2	0	0	0	0	1	0	0	11	0	0	0
tweet_00144972	saude202209_n_00083_00000001.jpg	-1	2	0	0	0	0	1	10	0	0	0	0	21
tweet_00144995	saude202209_n_00083_00000002.jpg	0	2	0	-1	0	0	0	2	0	1	0	2	0
tweet_00145043	saude202209_n_00084_00000001.jpg	0	2	0	0	0	0	0	1	0	20	0	0	0
tweet_00145110	saude202209_n_00084_00000005.png	0	2	0	0	0	0	0	0	0	-1	0	0	-2
tweet_00145116	saude202209_n_00084_00000007.jpg	0	2	0	0	0	0	2	5	0	-1	0	0	29
tweet_00145126	saude202209_n_00085_00000002.jpg	2	2	0	-2	0	0	0	2	0	0	0	0	13
tweet_00145130	saude202209_n_00085_00000004.jpg	1	-1	0	0	0	0	0	0	0	0	0	-3	0
tweet_00145136	saude202209_n_00085_00000006.jpg	0	1	0	0	-1	1	3	1	0	0	0	0	3
tweet_00145150	saude202209_n_00085_00000007.jpg	1	3	0	0	0	0	0	0	1	0	0	0	0
tweet_00145159	saude202209_n_00085_00000009.jpg	1	2	0	0	0	0	33	-1	0	0	1	1	1
tweet_00145199	saude202209_n_00086_00000001.jpg	1	8	0	0	0	0	0	0	0	0	0	-2	0
tweet_00145207	saude202209_n_00086_00000003.jpg	1	7	0	0	0	0	0	0	0	15	0	0	-1
tweet_00145214	saude202209_n_00086_00000004.jpg	-2	7	0	0	0	0	0	1	0	1	0	0	3
tweet_00145220	saude202209_n_00086_00000005.jpg	0	2	0	0	0	0	0	0	0	7	0	0	0
tweet_00145234	saude202209_n_00086_00000006.jpg	1	2	0	0	0	0	2	4	0	-1	0	0	26
tweet_00145242	saude202209_n_00086_00000007.jpg	0	7	0	0	0	0	1	8	0	0	0	0	18
tweet_00145255	saude202209_n_00086_00000008.jpg	1	2	0	0	0	0	0	0	0	0	0	0	-3
tweet_00145274	saude202209_n_00086_00000012.jpg	4	3	0	0	0	0	3	4	0	-1	0	0	27
tweet_00145277	saude202209_n_00087_00000001.jpg	0	7	0	-1	0	0	0	0	0	-1	0	0	-4
tweet_00145280	saude202209_n_00087_00000002.jpg	0	2	0	0	0	0	0	0	0	0	0	0	-1
tweet_00145321	saude202209_n_00087_00000005.jpg	0	4	0	0	0	0	0	15	0	0	0	0	19
tweet_00145323	saude202209_n_00087_00000006.jpg	0	8	0	0	0	0	2	10	0	0	0	0	22
tweet_00145332	saude202209_n_00087_00000007.jpg	0	2	0	0	0	0	3	3	0	0	0	0	26
tweet_00145338	saude202209_n_00087_00000008.jpg	4	3	0	0	0	0	1	6	0	0	0	0	18
tweet_00145351	saude202209_n_00088_00000003.jpg	1	4	0	0	0	0	1	3	0	0	0	0	19
tweet_00145356	saude202209_n_00088_00000004.jpg	2	0	0	0	0	1	0	1	0	1	0	1	-2
tweet_00145419	saude202209_n_00089_00000004.jpg	1	2	0	0	0	0	0	7	0	0	0	0	23
tweet_00145435	saude202209_n_00089_00000007.jpg	1	3	0	0	0	0	1	11	0	0	0	0	22
tweet_00145441	saude202209_n_00089_00000008.jpg	1	8	0	0	0	0	0	4	4	1	0	6	2
tweet_00145449	saude202209_n_00089_00000010.jpg	1	2	0	0	0	0	0	0	0	1	0	0	0
tweet_00145476	saude202209_n_00090_00000002.jpg	-1	4	0	-2	0	0	2	-1	0	0	0	0	13
tweet_00145479	saude202209_n_00090_00000003.jpg	0	2	0	0	0	0	1	1	0	0	0	0	14
tweet_00145481	saude202209_n_00090_00000004.jpg	-1	2	0	0	0	0	0	12	0	0	0	1	15
tweet_00145485	saude202209_n_00090_00000005.jpg	1	2	0	0	0	0	0	0	0	17	0	0	0
tweet_00145510	saude202209_n_00090_00000008.png	1	-1	0	-1	0	0	0	0	0	1	0	0	-2
tweet_00145517	saude202209_n_00091_00000001.jpg	3	1	0	-1	0	0	0	3	0	7	0	0	0
tweet_00145560	saude202209_n_00093_00000001.jpg	1	0	-1	0	0	1	0	0	0	0	0	0	-3
tweet_00145585	saude202209_n_00093_00000002.jpg	0	2	0	-1	0	0	0	0	0	0	0	0	-1
tweet_00145602	saude202209_n_00094_00000001.jpg	2	2	0	0	0	0	1	0	0	1	0	-4	-2
tweet_00145607	saude202209_n_00094_00000002.jpg	0	1	0	0	0	0	1	-2	0	11	0	1	0
tweet_00145627	saude202209_n_00094_00000003.jpg	-2	2	0	-1	0	0	1	5	0	0	0	0	8
tweet_00145640	saude202209_n_00094_00000004.jpg	0	-2	0	0	0	5	0	2	0	0	0	-1	3
tweet_00145662	saude202209_n_00095_00000001.jpg	-1	2	0	-1	0	0	0	1	0	0	0	0	-1
tweet_00145670	saude202209_n_00095_00000002.jpg	0	0	0	0	0	1	0	0	0	11	0	0	0
tweet_00145671	saude202209_n_00095_00000003.jpg	1	0	0	0	0	2	0	0	0	17	0	0	0
tweet_00145672	saude202209_n_00095_00000004.png	0	4	0	-1	0	0	0	0	0	0	0	0	2
tweet_00145747	saude202209_n_00100_00000002.jpg	0	1	0	0	1	0	0	0	0	0	0	0	-3
tweet_00145753	saude202209_n_00110_00000001.jpg	0	-1	1	0	0	0	0	0	7	0	0	0	0
tweet_00145755	saude202209_n_00111_00000001.jpg	0	0	0	0	0	0	0	0	0	0	0	0	-2
tweet_00145758	saude202209_n_00115_00000001.jpg	0	0	0	0	0	2	0	0	0	0	0	0	-3
tweet_00145774	saude202209_n_00117_00000003.jpg	0	0	0	0	0	2	0	0	0	2	0	0	0
tweet_00145777	saude202209_n_00119_00000001.png	1	-3	0	0	0	0	0	2	0	0	-2	-1	-4
tweet_00145791	saude202209_n_00119_00000002.jpg	-1	1	0	0	0	0	0	0	0	4	0	0	0
tweet_00145847	saude202209_n_00123_00000001.jpg	-1	2	0	0	0	0	0	0	2	0	1	1	0
tweet_00145851	saude202209_n_00123_00000002.jpg	2	3	0	-1	0	0	-1	1	1	0	0	2	1
tweet_00145878	saude202209_n_00124_00000001.jpg	1	-1	1	0	2	0	0	0	0	0	0	0	-5
tweet_00145898	saude202209_n_00126_00000001.jpg	1	0	0	0	0	1	0	0	0	0	0	0	-4
tweet_00145911	saude202209_n_00127_00000001.jpg	0	2	1	-5	0	0	0	0	7	0	2	0	0
tweet_00145914	saude202209_n_00127_00000003.png	0	1	1	0	2	0	1	1	0	-1	0	0	-1
tweet_00145916	saude202209_n_00129_00000001.jpg	-1	2	1	-1	1	0	0	7	0	0	0	-1	7
tweet_00145921	saude202209_n_00137_00000001.jpg	1	1	1	0	0	0	0	0	0	1	0	0	-2
tweet_00145974	saude202209_n_00164_00000001.jpg	-2	1	0	-1	0	0	0	1	0	0	0	0	-2
tweet_00145987	saude202209_n_00164_00000002.jpg	1	3	0	0	0	0	0	0	0	0	0	-4	-1
tweet_00146003	saude202209_n_00164_00000003.jpg	0	0	0	0	0	3	0	0	0	0	0	0	-4
tweet_00146021	saude202209_n_00165_00000001.jpg	0	4	0	0	0	0	0	0	0	0	0	0	-3
tweet_00146037	saude202209_n_00165_00000007.jpg	0	4	0	0	0	0	0	0	0	0	0	0	-3
tweet_00146042	saude202209_n_00165_00000008.jpg	0	4	0	0	0	0	0	0	0	0	0	0	-3
tweet_00146048	saude202209_n_00165_00000009.jpg	1	4	0	0	0	0	2	0	0	0	0	0	-3
tweet_00146050	saude202209_n_00165_00000010.jpg	0	4	0	-1	0	0	3	0	0	0	0	0	-5
tweet_00146052	saude202209_n_00165_00000011.jpg	-2	1	0	0	0	0	0	1	0	0	0	0	-1
tweet_00146053	saude202209_n_00165_00000012.jpg	0	0	0	0	1	1	0	0	0	0	0	0	-2
tweet_00146058	saude202209_n_00165_00000013.jpg	-4	0	0	0	0	0	0	1	0	0	-1	-1	-2
tweet_00146073	saude202209_n_00166_00000006.jpg	0	4	0	0	0	0	0	0	0	0	0	0	-3
tweet_00146089	saude202209_n_00166_00000008.jpg	0	0	0	-1	0	0	0	0	0	0	0	0	-4
tweet_00146104	saude202209_n_00166_00000009.png	0	0	0	0	0	1	0	0	0	0	0	0	-2
tweet_00146118	saude202209_n_00168_00000001.jpg	1	0	0	0	-1	3	0	0	0	8	0	0	0
tweet_00146119	saude202209_n_00168_00000002.jpg	-2	4	1	0	0	1	0	0	4	0	2	2	0
tweet_00146137	saude202209_n_00169_00000001.jpg	0	2	0	0	0	0	1	0	0	0	0	0	-6
tweet_00146143	saude202209_n_00169_00000002.jpg	0	0	0	0	2	2	0	0	0	0	0	0	-2
tweet_00146176	saude202209_n_00169_00000004.jpg	-2	3	0	0	0	0	0	0	0	0	0	0	-3
tweet_00146181	saude202209_n_00169_00000005.jpg	0	2	1	0	0	0	0	0	0	0	0	0	-1
tweet_00146189	saude202209_n_00169_00000006.jpg	0	4	0	-1	0	0	0	0	0	0	0	0	-5
tweet_00146202	saude202209_n_00170_00000001.jpg	1	-1	0	0	0	0	0	1	0	0	0	0	-3
tweet_00146209	saude202209_n_00170_00000003.jpg	-2	1	1	0	0	0	0	0	0	0	2	3	0
tweet_00146221	saude202209_n_00170_00000004.jpg	0	3	0	0	0	0	12	0	0	-1	0	0	15
tweet_00146225	saude202209_n_00170_00000005.png	0	2	0	0	1	0	0	0	0	0	0	0	-5
tweet_00146227	saude202209_n_00170_00000007.png	-1	1	0	0	0	0	0	0	0	0	0	0	-4
tweet_00146284	saude202210_n_00002_00000001.jpg	-3	0	1	0	0	0	0	2	0	0	0	0	2
tweet_00146288	saude202210_n_00002_00000002.jpg	0	1	0	0	-1	0	1	0	0	0	0	0	-4
tweet_00146350	saude202210_n_00003_00000001.jpg	0	2	0	0	0	0	1	0	0	-1	0	0	0
tweet_00146370	saude202210_n_00004_00000002.jpg	-3	-1	0	0	2	0	0	0	0	2	0	-1	0
tweet_00146439	saude202210_n_00005_00000001.jpg	-1	2	0	0	0	0	3	0	0	0	0	0	-6
tweet_00146482	saude202210_n_00007_00000001.jpg	-1	1	1	0	0	0	0	5	0	11	0	0	0
tweet_00146493	saude202210_n_00007_00000005.jpg	-1	-2	1	0	0	0	2	0	0	0	0	0	-4
tweet_00146532	saude202210_n_00010_00000001.jpg	1	0	1	0	1	0	0	0	0	0	0	0	2
tweet_00146545	saude202210_n_00012_00000001.jpg	3	-2	0	0	0	1	0	0	0	1	0	0	0
tweet_00146571	saude202210_n_00013_00000001.jpg	0	2	0	0	0	0	0	0	0	2	0	0	-1
tweet_00146579	saude202210_n_00014_00000001.jpg	0	1	1	0	0	0	3	0	0	0	0	0	-3
tweet_00146622	saude202210_n_00014_00000003.jpg	-1	1	0	0	0	0	0	3	1	0	0	1	0
tweet_00146650	saude202210_n_00015_00000001.png	1	2	0	-1	0	0	0	0	0	4	0	0	0
tweet_00146657	saude202210_n_00015_00000003.jpg	2	-1	0	0	0	1	0	5	0	0	0	0	5
tweet_00146697	saude202210_n_00015_00000005.jpg	0	3	0	0	0	0	0	4	1	0	0	1	0
tweet_00146706	saude202210_n_00016_00000001.jpg	0	-1	-1	0	0	1	0	3	0	0	0	0	-3
tweet_00146745	saude202210_n_00016_00000002.jpg	-1	0	0	0	0	0	0	4	1	-1	0	2	0
tweet_00146763	saude202210_n_00016_00000003.png	-1	3	1	0	0	0	0	0	0	0	0	0	-1
tweet_00146797	saude202210_n_00016_00000005.jpg	-1	2	0	0	0	1	0	4	0	0	-1	-1	-2
tweet_00146800	saude202210_n_00017_00000004.png	0	2	0	0	-1	0	0	1	0	3	0	0	0
tweet_00146804	saude202210_n_00017_00000002.jpg	1	2	0	0	0	0	0	3	1	7	0	0	0
tweet_00146825	saude202210_n_00017_00000006.jpg	1	2	0	0	0	0	0	0	0	3	0	0	0
tweet_00146847	saude202210_n_00017_00000007.jpg	1	2	0	0	0	0	0	0	0	10	0	0	0
tweet_00146856	saude202210_n_00018_00000001.jpg	2	-2	0	0	0	4	0	1	0	10	0	0	0
tweet_00146866	saude202210_n_00018_00000002.jpg	1	1	0	0	0	0	0	0	2	0	0	2	1
tweet_00146872	saude202210_n_00018_00000003.jpg	0	-2	0	0	2	0	0	1	2	0	0	-2	-1
tweet_00146902	saude202210_n_00018_00000005.jpg	1	-3	0	0	0	2	0	0	0	1	0	0	0
tweet_00146931	saude202210_n_00019_00000001.jpg	1	-1	0	-1	0	1	0	10	0	0	0	0	7
tweet_00146959	saude202210_n_00020_00000001.jpg	-1	2	1	0	0	0	0	0	0	-1	0	0	-1
tweet_00146968	saude202210_n_00020_00000002.jpg	-1	1	0	0	-2	0	0	5	17	0	0	0	0
tweet_00147048	saude202210_n_00021_00000001.jpg	1	-3	0	0	0	1	0	0	0	11	0	0	0
tweet_00147085	saude202210_n_00022_00000001.png	-3	-2	1	-1	1	0	0	1	0	-1	0	0	0
tweet_00147125	saude202210_n_00023_00000001.jpg	0	2	0	0	0	0	3	0	0	0	0	0	9
tweet_00147137	saude202210_n_00026_00000001.jpg	0	1	0	0	0	3	0	7	0	0	0	0	0
tweet_00147152	saude202210_n_00032_00000001.jpg	0	-2	1	0	0	1	0	0	0	0	0	0	-1
tweet_00147179	saude202210_n_00035_00000001.jpg	-1	1	0	-1	-1	0	0	1	0	0	0	0	0
tweet_00147232	saude202210_n_00038_00000003.png	0	0	-1	-1	0	0	0	0	0	0	0	0	-3
tweet_00147243	saude202210_n_00038_00000004.jpg	1	1	0	-1	0	0	1	0	0	1	0	0	0
tweet_00147252	saude202210_n_00038_00000006.jpg	0	0	0	0	2	0	0	0	0	0	1	0	-1
tweet_00147276	saude202210_n_00039_00000001.jpg	-1	-2	0	0	0	1	6	2	0	0	0	0	15
tweet_00147283	saude202210_n_00039_00000005.jpg	0	2	0	0	0	1	0	0	0	0	0	0	-3
tweet_00147305	saude202210_n_00039_00000003.jpg	0	-2	0	0	0	0	1	5	0	0	0	0	16
tweet_00147307	saude202210_n_00039_00000006.jpg	0	-3	0	0	0	0	1	3	0	0	0	-1	14
tweet_00147317	saude202210_n_00039_00000007.jpg	-1	-2	0	0	0	1	0	0	4	-1	0	1	1
tweet_00147318	saude202210_n_00039_00000008.jpg	-1	0	0	0	0	0	0	0	5	0	0	0	0
tweet_00147329	saude202210_n_00040_00000001.jpg	1	3	0	-1	0	0	0	1	0	6	0	0	0
tweet_00147340	saude202210_n_00040_00000002.jpg	0	1	0	0	0	0	0	0	0	0	0	0	0
tweet_00147341	saude202210_n_00040_00000003.jpg	-2	0	1	0	-1	0	3	0	0	0	0	0	-4
tweet_00147365	saude202210_n_00071_00000001.jpg	2	-2	0	0	0	2	0	7	0	0	0	0	10
tweet_00147429	saude202210_n_00041_00000001.jpg	0	0	0	-1	0	2	0	1	0	0	0	0	9
tweet_00147567	saude202210_n_00042_00000002.jpg	-1	1	0	0	0	0	3	0	0	0	0	0	-6
tweet_00147626	saude202210_n_00044_00000001.jpg	0	-2	0	-1	0	3	1	0	0	0	0	0	-5
tweet_00147667	saude202210_n_00045_00000001.jpg	0	0	0	0	0	1	2	2	0	0	0	0	-1
tweet_00147695	saude202210_n_00046_00000001.jpg	0	5	0	-1	0	0	0	1	0	0	0	0	-1
tweet_00147818	saude202210_n_00056_00000001.png	0	2	2	0	0	0	0	0	6	-1	-1	2	0
tweet_00147851	saude202210_n_00058_00000001.jpg	-1	1	0	0	0	0	1	0	0	1	0	1	1
tweet_00147862	saude202210_n_00059_00000001.jpg	1	-2	1	-1	0	1	0	0	0	0	0	0	-1
tweet_00147863	saude202210_n_00059_00000002.png	3	0	0	0	0	1	0	0	2	9	0	0	0
tweet_00147909	saude202210_n_00059_00000004.jpg	1	3	0	0	0	1	0	0	0	2	0	3	0
tweet_00147943	saude202210_n_00060_00000001.jpg	0	-1	1	0	0	0	4	0	0	0	0	0	-5
tweet_00147962	saude202210_n_00060_00000002.jpg	2	2	0	-1	0	0	0	0	3	0	3	10	1
tweet_00147997	saude202210_n_00061_00000002.jpg	2	3	0	-1	0	0	1	0	0	0	8	0	0
tweet_00148028	saude202210_n_00062_00000001.jpg	0	3	0	-1	0	0	0	0	0	0	0	0	-1
tweet_00148097	saude202210_n_00063_00000002.png	1	3	0	-1	0	0	0	0	0	20	0	0	0
tweet_00148104	saude202210_n_00063_00000003.jpg	1	4	0	-1	0	0	0	0	0	0	0	0	-1
tweet_00148115	saude202210_n_00063_00000004.jpg	0	-2	0	0	0	0	2	0	0	0	0	0	-4
tweet_00148124	saude202210_n_00064_00000002.jpg	1	2	0	0	0	0	0	0	0	4	0	0	0
tweet_00148225	saude202210_n_00065_00000003.jpg	-2	2	0	-3	0	0	0	0	0	-1	0	0	-1
tweet_00148263	saude202210_n_00066_00000001.png	0	-1	0	0	0	1	0	0	0	0	0	0	-5
tweet_00148407	saude202210_n_00071_00000002.jpg	2	-2	0	0	0	2	0	16	0	0	0	1	7
tweet_00148422	saude202210_n_00068_00000008.jpg	-1	2	1	0	2	0	0	0	0	0	0	0	-3
tweet_00148427	saude202210_n_00068_00000009.jpg	-1	-1	1	0	0	1	0	0	0	6	0	0	0
tweet_00148433	saude202210_n_00068_00000010.jpg	2	-5	0	0	0	1	0	0	0	12	0	1	0
tweet_00148435	saude202210_n_00068_00000011.jpg	1	0	0	0	0	2	0	1	0	0	0	-1	-2
tweet_00148439	saude202210_n_00068_00000013.png	0	1	0	-1	0	0	1	0	0	0	0	0	-5
tweet_00148484	saude202210_n_00069_00000002.jpg	-1	-2	0	0	0	2	0	0	0	0	0	0	-1
tweet_00148488	saude202210_n_00069_00000003.jpg	0	-1	0	0	-1	1	1	9	0	0	0	0	14
tweet_00148507	saude202210_n_00070_00000002.jpg	1	2	1	-2	0	0	0	0	0	0	0	0	-3
tweet_00148625	saude202210_n_00071_00000004.jpg	0	2	1	0	1	0	9	0	0	0	0	0	-2
tweet_00148636	saude202210_n_00071_00000005.jpg	2	1	-1	-1	0	1	0	1	0	0	0	0	0
tweet_00148656	saude202210_n_00072_00000001.jpg	-1	1	0	0	-1	0	0	0	0	0	0	0	-3
tweet_00148662	saude202210_n_00072_00000003.png	1	3	0	-1	-1	0	0	0	0	7	0	0	0
tweet_00148668	saude202210_n_00072_00000007.jpg	-3	2	2	-1	0	0	0	0	0	0	0	0	-3
tweet_00148674	saude202210_n_00072_00000008.jpg	0	1	0	0	0	1	0	2	0	0	0	1	-1
tweet_00148698	saude202210_n_00072_00000009.jpg	0	-2	1	-1	0	0	2	1	0	0	0	0	-3
tweet_00148715	saude202210_n_00073_00000001.jpg	-2	-1	0	0	0	0	2	3	0	0	0	0	18
tweet_00148814	saude202210_n_00074_00000001.jpg	0	2	1	0	-1	0	3	0	0	0	0	0	-6
tweet_00148820	saude202210_n_00074_00000003.jpg	-1	-1	1	0	0	0	0	0	0	0	0	0	-3
tweet_00148867	saude202210_n_00074_00000004.jpg	-1	1	1	-2	0	0	0	0	0	0	0	0	-1
tweet_00148890	saude202210_n_00075_00000001.jpg	0	3	2	-2	0	0	0	1	0	-1	0	0	-2
tweet_00148943	saude202210_n_00076_00000001.jpg	2	1	0	0	0	0	0	0	0	0	0	0	-3
tweet_00149053	saude202210_n_00079_00000001.jpg	1	0	0	1	0	3	1	0	0	10	0	-2	0
tweet_00149123	saude202210_n_00080_00000001.jpg	0	2	0	-1	-1	0	1	2	0	3	0	-2	1
tweet_00149188	saude202210_n_00081_00000001.jpg	2	-1	0	0	0	1	5	3	0	-1	0	0	0
tweet_00149241	saude202210_n_00081_00000002.jpg	1	3	0	0	0	0	0	1	0	0	-1	0	-2
tweet_00149243	saude202210_n_00081_00000005.jpg	0	-2	0	0	-1	0	0	1	0	0	0	0	-2
tweet_00149244	saude202210_n_00081_00000006.jpg	0	0	0	0	0	0	0	10	6	0	1	1	1
tweet_00149245	saude202210_n_00081_00000008.jpg	0	2	0	0	0	0	6	0	0	0	0	-1	-6
tweet_00149255	saude202210_n_00081_00000009.jpg	0	3	0	0	0	0	0	0	0	0	0	0	-5
tweet_00149267	saude202210_n_00082_00000001.png	0	-2	0	0	0	0	0	0	0	0	0	0	-5
tweet_00149291	saude202210_n_00082_00000003.jpg	0	2	0	0	0	1	3	0	0	0	0	0	-4
tweet_00149349	saude202210_n_00083_00000001.jpg	0	1	0	0	-1	2	0	0	0	0	0	0	-7
tweet_00149433	saude202210_n_00084_00000001.jpg	1	0	1	0	5	0	0	1	0	0	0	0	0
tweet_00149487	saude202210_n_00084_00000002.jpg	0	-2	0	0	0	2	0	0	0	0	0	0	-4
tweet_00149603	saude202210_n_00086_00000002.jpg	2	3	-1	-1	-1	0	0	8	0	5	0	1	-1
tweet_00149628	saude202210_n_00087_00000001.jpg	-1	0	0	0	0	3	0	0	0	0	0	0	-7
tweet_00149646	saude202210_n_00088_00000001.jpg	2	3	-1	-1	0	1	0	0	0	0	0	6	0
tweet_00149680	saude202210_n_00089_00000001.jpg	1	1	0	0	0	0	1	6	0	0	0	0	22
tweet_00149685	saude202210_n_00089_00000002.jpg	1	2	0	-1	0	0	0	0	0	0	0	0	-1
tweet_00149745	saude202210_n_00092_00000001.jpg	0	1	0	0	0	1	0	0	0	0	0	0	-3
tweet_00149780	saude202210_n_00092_00000002.jpg	0	2	0	0	0	0	0	0	0	0	0	0	-3
tweet_00149806	saude202210_n_00093_00000001.png	1	1	0	0	0	1	1	-1	4	0	10	3	1
tweet_00149825	saude202210_n_00093_00000002.jpg	1	1	0	0	1	0	0	0	0	15	0	0	0
tweet_00149838	saude202210_n_00094_00000001.jpg	0	-3	0	0	0	0	0	0	0	3	0	1	0
tweet_00149873	saude202210_n_00095_00000002.jpg	0	1	0	0	0	2	0	0	0	0	0	0	-2
tweet_00149887	saude202210_n_00096_00000002.jpg	1	1	0	0	0	1	0	0	0	12	0	0	0
tweet_00149900	saude202210_n_00096_00000003.jpg	1	-2	0	0	4	0	0	0	-2	0	5	-1	0
tweet_00149939	saude202210_n_00096_00000004.jpg	-1	1	0	-1	0	0	2	3	0	-1	0	0	7
tweet_00149952	saude202210_n_00097_00000001.jpg	0	2	0	0	0	0	0	0	0	0	0	0	-1
tweet_00149968	saude202210_n_00097_00000002.jpg	0	1	0	0	0	1	0	0	0	15	0	0	0
tweet_00149972	saude202210_n_00097_00000003.jpg	0	1	0	0	0	1	0	0	0	16	0	0	0
tweet_00149993	saude202210_n_00097_00000005.jpg	-3	-1	0	0	0	0	0	0	0	0	0	0	-1
tweet_00149999	saude202210_n_00097_00000006.jpg	0	2	0	0	0	0	3	5	0	0	0	0	5
tweet_00150014	saude202210_n_00097_00000007.jpg	0	-2	0	0	0	1	0	-1	0	3	1	-2	0
tweet_00150039	saude202210_n_00098_00000001.jpg	4	-3	0	0	0	1	0	0	0	4	0	0	0
tweet_00150040	saude202210_n_00098_00000002.jpg	3	-2	0	0	0	0	0	0	0	10	0	-1	0
tweet_00150043	saude202210_n_00098_00000003.jpg	2	-1	0	0	0	2	0	0	0	0	0	0	-5
tweet_00150050	saude202210_n_00098_00000005.jpg	-1	-1	0	0	0	1	0	2	0	-1	0	0	6
tweet_00150063	saude202210_n_00098_00000011.png	0	2	0	0	0	0	0	12	0	1	0	0	5
tweet_00150121	saude202210_n_00099_00000001.jpg	1	-2	0	0	0	0	0	0	0	2	0	0	0
tweet_00150134	saude202210_n_00099_00000002.jpg	1	-3	0	0	0	0	0	-1	0	2	1	-2	0
tweet_00150136	saude202210_n_00099_00000003.jpg	0	-3	0	0	0	0	1	0	0	-1	0	0	-2
tweet_00150171	saude202210_n_00100_00000001.jpg	1	1	0	0	0	0	0	0	0	1	0	0	-1
tweet_00150183	saude202210_n_00100_00000002.jpg	1	5	0	-1	0	0	0	0	0	1	0	0	-2
tweet_00150191	saude202210_n_00100_00000003.jpg	0	2	0	0	0	1	0	3	0	0	0	0	0
tweet_00150207	saude202210_n_00103_00000001.jpg	1	2	-1	-3	0	0	0	0	0	0	0	-1	-3
tweet_00150210	saude202210_n_00103_00000002.jpg	0	1	0	0	0	0	2	4	0	0	0	0	28
tweet_00150226	saude202210_n_00103_00000003.jpg	-3	1	0	0	0	1	0	0	0	0	0	0	-3
tweet_00150249	saude202210_n_00104_00000001.jpg	1	4	0	-1	0	0	0	0	0	1	0	0	-2
tweet_00150314	saude202210_n_00105_00000001.jpg	-4	0	0	0	1	0	1	0	0	0	0	0	-1
tweet_00150332	saude202210_n_00106_00000001.jpg	-1	1	-1	0	0	0	0	0	0	0	0	0	-5
tweet_00150352	saude202210_n_00108_00000003.jpg	1	-2	0	0	0	1	0	0	0	0	0	0	-3
tweet_00150353	saude202210_n_00114_00000001.jpg	0	0	0	0	0	0	1	0	0	0	0	0	-3
tweet_00150355	saude202210_n_00114_00000002.jpg	0	-1	0	0	1	3	11	0	0	0	0	0	-4
tweet_00150361	saude202210_n_00114_00000003.jpg	-1	-2	0	0	0	0	0	0	0	0	0	0	-3
tweet_00150381	saude202210_n_00114_00000004.jpg	0	-3	0	0	0	0	0	0	0	0	0	0	-2
tweet_00150406	saude202210_n_00114_00000005.jpg	0	-2	0	0	0	0	0	0	0	0	0	-1	-6
tweet_00150407	saude202210_n_00114_00000008.jpg	0	0	0	0	0	0	2	0	0	0	0	0	-4
tweet_00150469	saude202210_n_00115_00000001.jpg	0	0	0	0	-1	0	0	1	0	0	0	-1	-1
tweet_00150474	saude202210_n_00115_00000002.png	1	-3	0	3	0	0	0	0	0	0	3	0	0
tweet_00150487	saude202210_n_00115_00000003.jpg	0	5	0	0	0	0	0	3	13	0	0	2	0
tweet_00150541	saude202210_n_00116_00000001.jpg	0	-2	0	2	0	0	1	0	0	29	0	1	0
tweet_00150566	saude202210_n_00116_00000002.jpg	1	-1	0	0	0	0	1	0	0	0	2	0	0
tweet_00150627	saude202210_n_00119_00000001.jpg	1	-2	0	1	0	0	0	0	-1	8	0	-2	2
tweet_00150692	saude202210_n_00124_00000001.jpg	-1	-2	0	0	1	0	0	0	0	0	0	0	-4
tweet_00150708	saude202210_n_00124_00000004.jpg	0	-2	0	0	3	0	3	0	0	0	0	0	-5
tweet_00150768	saude202210_n_00125_00000005.png	0	0	0	0	0	1	0	0	0	0	0	0	-4
tweet_00150786	saude202210_n_00125_00000002.jpg	0	1	0	0	0	0	0	0	11	0	0	1	2
tweet_00150796	saude202210_n_00125_00000006.jpg	0	-2	1	0	0	2	0	0	0	0	0	0	-1
tweet_00150797	saude202210_n_00126_00000001.jpg	-2	-1	0	0	0	0	1	0	0	0	0	0	0
tweet_00150807	saude202210_n_00126_00000002.jpg	-3	1	1	0	0	0	0	0	0	0	0	0	-3
tweet_00150826	saude202210_n_00127_00000001.jpg	0	2	0	0	0	0	0	0	0	0	0	0	-3
tweet_00150929	saude202210_n_00129_00000001.jpg	-1	-1	1	0	0	0	2	0	0	0	0	0	-4
tweet_00150949	saude202210_n_00129_00000002.jpg	-1	-2	1	0	0	0	7	2	0	0	0	-1	-1
tweet_00150970	saude202210_n_00129_00000003.jpg	2	-3	0	1	0	1	0	0	0	18	0	0	0
tweet_00151050	saude202210_n_00131_00000001.png	0	1	-1	0	-1	0	0	0	0	16	0	0	0
tweet_00151051	saude202210_n_00131_00000002.jpg	0	-1	0	0	2	0	0	1	5	0	1	0	-2
tweet_00151060	saude202210_n_00131_00000003.png	1	-1	0	0	0	0	0	0	0	0	0	0	-5
tweet_00151099	saude202210_n_00132_00000001.jpg	0	2	0	-1	0	0	0	4	0	2	0	0	0
tweet_00151131	saude202210_n_00132_00000003.jpg	-2	0	0	0	0	0	2	0	0	0	0	0	-4
tweet_00151166	saude202210_n_00133_00000001.jpg	3	-2	1	2	1	0	0	0	0	13	0	0	0
tweet_00151167	saude202210_n_00133_00000002.jpg	3	-2	0	2	0	0	0	0	0	10	0	0	0
tweet_00151197	saude202210_n_00135_00000001.jpg	1	0	0	0	0	1	1	0	0	0	2	0	0
tweet_00151208	saude202210_n_00135_00000002.jpg	-1	-2	1	0	0	2	0	0	0	0	0	0	-1
tweet_00151216	saude202210_n_00135_00000004.jpg	-1	0	0	0	0	1	0	0	0	0	0	0	-3
tweet_00151222	saude202210_n_00135_00000005.jpg	1	-3	0	2	1	3	0	0	0	5	0	0	0
tweet_00151234	saude202210_n_00135_00000006.jpg	-1	0	0	0	0	0	0	0	0	5	0	0	0
tweet_00151289	saude202210_n_00136_00000001.jpg	1	0	0	-1	0	3	1	-1	0	1	6	0	0
tweet_00151311	saude202210_n_00136_00000002.jpg	-4	-3	0	0	0	0	0	0	0	0	0	0	-4
tweet_00151329	saude202210_n_00137_00000001.jpg	1	0	-1	0	0	0	2	0	0	-1	0	0	-5
tweet_00151330	saude202210_n_00137_00000002.jpg	-4	-2	0	0	0	1	0	0	0	0	0	0	-6
tweet_00151383	saude202210_n_00137_00000003.jpg	-1	-1	1	0	1	1	0	0	0	0	0	0	-4
tweet_00151436	saude202210_n_00138_00000002.jpg	1	-2	0	3	0	0	0	0	0	22	0	0	0
tweet_00151448	saude202210_n_00138_00000003.jpg	2	-2	0	3	0	0	0	0	0	16	0	0	0
tweet_00151453	saude202210_n_00138_00000004.jpg	-1	0	0	0	1	1	1	0	0	0	0	2	1
tweet_00151542	saude202210_n_00139_00000003.jpg	-1	2	0	-1	0	0	0	0	0	1	0	0	0
tweet_00151601	saude202210_n_00140_00000001.jpg	0	0	0	0	0	0	0	0	0	0	1	0	-5
tweet_00151651	saude202210_n_00140_00000002.jpg	1	-3	0	2	0	1	12	-1	0	17	0	1	1
tweet_00151661	saude202210_n_00140_00000003.png	1	-2	0	1	0	0	0	0	0	0	0	0	-3
tweet_00151684	saude202210_n_00141_00000001.png	1	-2	0	1	0	0	13	0	0	25	0	1	1
tweet_00151705	saude202210_n_00141_00000003.jpg	1	-2	0	0	0	0	0	0	0	4	0	-1	0
tweet_00151715	saude202210_n_00141_00000004.jpg	1	-2	0	3	0	0	0	0	0	1	0	0	0
tweet_00151732	saude202210_n_00141_00000005.jpg	0	-2	0	2	0	0	0	0	0	30	0	0	0
tweet_00151734	saude202210_n_00141_00000006.jpg	1	2	0	0	0	0	0	19	0	0	0	0	4
tweet_00151747	saude202210_n_00142_00000001.jpg	-3	0	0	0	0	0	3	0	0	0	0	0	-5
tweet_00151768	saude202210_n_00142_00000003.jpg	3	-4	1	0	0	0	0	0	0	6	0	0	0
tweet_00151779	saude202210_n_00142_00000004.jpg	0	2	0	-1	0	0	0	0	0	1	0	0	-1
tweet_00151803	saude202210_n_00142_00000006.jpg	3	-2	0	1	0	1	0	0	0	14	0	0	0
tweet_00151808	saude202210_n_00142_00000008.jpg	1	-3	0	4	0	0	0	0	0	1	0	0	0
tweet_00151822	saude202210_n_00142_00000009.jpg	1	-2	0	1	0	1	0	0	0	3	0	-1	0
tweet_00151832	saude202210_n_00143_00000002.jpg	3	-3	0	3	0	0	0	0	0	2	0	-1	0
tweet_00151860	saude202210_n_00143_00000001.jpg	2	-3	0	2	1	3	0	0	0	4	0	0	0
tweet_00151868	saude202210_n_00143_00000003.jpg	-2	-1	1	0	0	0	0	4	0	0	0	-1	0
tweet_00151923	saude202210_n_00144_00000003.jpg	0	0	0	0	0	0	2	0	0	0	0	0	-3
tweet_00152021	saude202210_n_00145_00000001.jpg	0	2	0	-1	1	0	0	0	0	0	0	0	-4
tweet_00152125	saude202210_n_00145_00000005.jpg	-1	2	0	0	-1	0	0	0	0	0	0	0	-3
tweet_00152140	saude202210_n_00146_00000001.jpg	-1	2	0	0	0	0	0	0	0	0	0	0	-6
tweet_00152149	saude202210_n_00146_00000004.jpg	0	-3	1	0	0	0	0	0	0	3	0	0	0
tweet_00152162	saude202210_n_00146_00000005.jpg	2	-2	1	0	0	0	0	0	0	4	0	0	0
tweet_00152191	saude202210_n_00147_00000001.jpg	1	1	-1	0	-1	0	0	3	0	0	0	0	18
tweet_00152194	saude202210_n_00147_00000002.jpg	-1	2	0	0	-1	0	1	0	0	0	0	0	-4
tweet_00152206	saude202210_n_00147_00000004.jpg	-2	2	0	0	-1	2	0	0	0	0	0	0	-3
tweet_00152224	saude202210_n_00147_00000006.jpg	0	0	0	0	0	0	0	0	0	11	0	0	0
tweet_00152264	saude202210_n_00148_00000001.jpg	1	-1	0	0	0	0	0	0	0	20	0	0	0
tweet_00152283	saude202210_n_00148_00000002.jpg	-2	-2	1	-1	0	0	0	0	0	0	0	0	-2
tweet_00152307	saude202210_n_00149_00000001.jpg	1	-1	0	0	0	0	0	0	0	0	0	-7	0
tweet_00152311	saude202210_n_00149_00000002.jpg	0	2	0	0	0	0	0	-1	0	11	0	1	0
tweet_00152312	saude202210_n_00149_00000003.jpg	0	1	0	0	0	0	0	0	0	2	0	0	0
tweet_00152319	saude202211_n_00044_00000001.jpg	0	-1	0	-2	0	0	0	0	6	0	0	0	0
tweet_00152344	saude202211_n_00012_00000001.jpg	-4	0	0	0	0	0	0	6	7	-1	0	1	1
tweet_00152346	saude202211_n_00012_00000002.jpg	0	0	0	0	0	0	1	0	0	0	0	0	-5
tweet_00152347	saude202211_n_00018_00000001.jpg	0	-2	0	-1	0	1	0	2	0	0	0	0	10
tweet_00152351	saude202211_n_00018_00000002.png	0	1	-1	-1	0	1	0	0	0	0	0	0	-3
tweet_00152353	saude202211_n_00038_00000001.jpg	0	-1	0	-2	0	0	0	0	6	0	0	0	0
tweet_00152357	saude202211_n_00045_00000001.png	2	-4	0	0	0	0	0	0	0	13	0	0	0
tweet_00152364	saude202211_n_00045_00000002.jpg	1	-2	0	0	1	-1	0	0	0	9	0	0	0
tweet_00152365	saude202211_n_00045_00000003.jpg	1	-4	0	0	0	2	0	0	0	3	0	0	0
tweet_00152369	saude202211_n_00045_00000004.jpg	-1	0	-1	0	0	1	0	0	0	0	0	0	-1
tweet_00152376	saude202211_n_00045_00000007.jpg	0	-3	0	0	0	2	0	1	0	20	0	0	0
tweet_00152379	saude202211_n_00045_00000008.jpg	1	0	0	-1	0	2	1	0	2	1	0	2	0
tweet_00152386	saude202211_n_00045_00000012.jpg	-1	0	0	0	0	1	0	0	0	1	0	1	0
tweet_00152415	saude202211_n_00046_00000001.png	1	1	0	0	0	0	2	1	0	0	0	0	0
tweet_00152417	saude202211_n_00046_00000002.png	0	1	0	0	0	0	3	0	0	0	0	0	-5
tweet_00152447	saude202211_n_00047_00000002.png	0	4	0	0	0	0	3	1	0	0	0	0	4
tweet_00152448	saude202211_n_00047_00000004.png	0	1	0	-1	0	0	0	0	0	1	0	-2	-2
tweet_00152468	saude202211_n_00050_00000001.png	-1	-2	2	0	0	1	0	0	0	0	0	0	-2
tweet_00152469	saude202211_n_00050_00000002.jpg	-1	4	1	0	0	1	1	0	0	0	0	0	-1
tweet_00152495	saude202211_n_00050_00000004.jpg	0	4	0	0	0	0	2	1	0	0	0	0	3
tweet_00152500	saude202211_n_00051_00000001.jpg	0	2	0	0	0	0	0	0	0	0	0	0	-3
tweet_00152523	saude202211_n_00052_00000001.jpg	1	-2	0	0	0	0	0	0	0	7	0	0	0
tweet_00152563	saude202211_n_00054_00000001.jpg	0	0	0	0	0	0	0	0	0	0	0	0	-5
tweet_00152625	saude202211_n_00056_00000001.jpg	-1	0	0	-1	0	1	0	2	0	0	0	0	-2
tweet_00152656	saude202211_n_00057_00000001.jpg	0	0	0	0	0	0	0	0	0	0	0	0	-2
tweet_00152661	saude202211_n_00057_00000002.jpg	0	-1	0	-3	0	0	0	-1	0	0	0	11	1
tweet_00152665	saude202211_n_00086_00000001.jpg	1	-1	0	-7	0	0	0	0	0	0	0	0	0
tweet_00152680	saude202211_n_00058_00000002.jpg	0	-1	0	-1	0	0	0	0	0	0	0	0	-6
tweet_00152685	saude202211_n_00058_00000003.jpg	0	-1	0	0	0	0	0	0	0	4	0	0	0
tweet_00152731	saude202211_n_00059_00000001.jpg	0	1	0	0	0	0	0	0	0	0	0	0	-2
tweet_00152741	saude202211_n_00060_00000001.jpg	0	0	2	0	0	0	2	0	0	-1	0	0	22
tweet_00152742	saude202211_n_00060_00000002.jpg	1	-1	0	-6	0	0	2	0	0	0	0	0	1
tweet_00152754	saude202211_n_00061_00000001.jpg	1	-1	0	-4	0	0	0	0	0	2	0	0	0
tweet_00152762	saude202211_n_00061_00000002.jpg	2	-3	0	-6	0	0	1	-3	2	0	0	13	1
tweet_00152777	saude202211_n_00065_00000001.jpg	0	0	0	-1	1	0	0	2	0	0	-2	0	-5
tweet_00152795	saude202211_n_00066_00000001.jpg	1	-2	0	-6	0	0	1	-2	1	0	0	9	0
tweet_00152800	saude202211_n_00066_00000002.jpg	1	-1	0	-4	0	0	1	-3	1	0	0	9	0
tweet_00152808	saude202211_n_00066_00000005.png	3	-2	0	-2	1	0	1	-2	0	-1	0	4	-1
tweet_00152822	saude202211_n_00066_00000006.jpg	1	-1	0	-4	0	0	0	2	0	1	0	0	0
tweet_00152828	saude202211_n_00066_00000007.jpg	1	-2	0	-3	0	0	0	0	0	0	0	0	-3
tweet_00152833	saude202211_n_00066_00000008.jpg	2	-2	0	-3	0	0	1	-2	1	0	0	7	0
tweet_00152856	saude202211_n_00067_00000001.jpg	1	-2	0	-6	0	0	0	0	0	0	0	8	0
tweet_00152904	saude202211_n_00068_00000001.jpg	3	-1	-1	-3	0	0	0	0	0	0	0	7	0
tweet_00152921	saude202211_n_00068_00000002.jpg	4	-2	0	-5	0	0	0	-4	1	0	0	9	0
tweet_00152926	saude202211_n_00068_00000003.jpg	0	5	-1	0	0	3	0	3	0	2	0	-1	-1
tweet_00152929	saude202211_n_00068_00000004.jpg	0	-2	0	0	0	0	0	0	0	0	0	0	-3
tweet_00152960	saude202211_n_00068_00000005.jpg	0	0	0	-2	0	0	0	0	0	0	0	0	-3
tweet_00152978	saude202211_n_00069_00000001.jpg	1	-1	0	-3	0	0	-2	-1	0	0	-22	0	0
tweet_00152979	saude202211_n_00069_00000002.jpg	1	-2	0	-6	0	0	0	1	0	0	0	0	0
tweet_00153003	saude202211_n_00070_00000001.jpg	1	-2	0	-1	0	0	0	5	0	2	0	0	16
tweet_00153007	saude202211_n_00070_00000002.jpg	2	-3	0	0	0	1	0	0	0	20	0	0	0
tweet_00153009	saude202211_n_00070_00000003.jpg	3	-1	0	-4	0	0	2	0	0	0	-12	1	0
tweet_00153010	saude202211_n_00070_00000004.jpg	-1	-4	0	0	0	1	3	0	0	0	0	-1	-4
tweet_00153036	saude202211_n_00070_00000005.png	1	1	-1	0	0	0	0	0	0	1	0	0	0
tweet_00153044	saude202211_n_00071_00000003.jpg	-2	-1	0	-2	0	0	0	1	2	-1	0	0	0
tweet_00153048	saude202211_n_00071_00000005.jpg	0	-1	0	-4	0	0	0	0	0	0	0	0	-1
tweet_00153082	saude202211_n_00073_00000001.jpg	1	-4	1	0	-1	1	0	0	0	6	0	0	-1
tweet_00153084	saude202211_n_00073_00000002.jpg	3	-2	-1	0	2	-1	0	0	0	0	0	0	-3
tweet_00153097	saude202211_n_00073_00000004.jpg	2	-3	0	-3	0	0	0	0	1	0	1	10	0
tweet_00153099	saude202211_n_00073_00000005.jpg	4	-3	0	0	0	2	0	0	0	5	0	1	0
tweet_00153115	saude202211_n_00115_00000001.jpg	1	-1	0	-5	0	0	0	0	0	0	0	1	0
tweet_00153121	saude202211_n_00076_00000001.jpg	1	-1	0	-4	0	0	0	0	0	0	0	0	-1
tweet_00153124	saude202211_n_00077_00000001.jpg	1	-1	0	-3	0	0	1	0	0	0	0	0	-3
tweet_00153151	saude202211_n_00079_00000001.png	0	-4	0	0	0	1	0	0	0	3	0	0	0
tweet_00153158	saude202211_n_00079_00000002.jpg	2	-4	0	0	0	1	0	1	0	19	0	0	0
tweet_00153159	saude202211_n_00079_00000003.jpg	-1	1	0	0	2	0	0	17	0	4	0	0	0
tweet_00153172	saude202211_n_00080_00000001.jpg	2	-3	0	0	-1	0	0	1	0	19	0	0	0
tweet_00153195	saude202211_n_00083_00000001.jpg	1	-1	1	-4	0	0	0	8	0	0	0	0	2
tweet_00153204	saude202211_n_00083_00000002.jpg	1	-3	0	0	0	0	0	0	0	12	0	0	0
tweet_00153211	saude202211_n_00084_00000001.jpg	0	4	0	0	0	1	0	0	0	15	0	1	0
tweet_00153224	saude202211_n_00085_00000001.jpg	-1	-1	0	-4	0	0	0	1	0	1	0	0	0
tweet_00153228	saude202211_n_00085_00000002.jpg	1	-3	0	0	0	1	0	0	0	20	0	0	0
tweet_00153241	saude202211_n_00086_00000002.jpg	1	-3	0	-1	1	0	0	0	0	0	1	0	-1
tweet_00153243	saude202211_n_00086_00000004.jpg	2	-4	0	-1	0	1	3	3	0	0	0	0	26
tweet_00153277	saude202211_n_00087_00000001.jpg	0	0	0	0	1	2	2	0	0	0	0	0	-2
tweet_00153283	saude202211_n_00088_00000001.jpg	1	-1	0	-5	0	0	0	0	-1	12	0	0	1
tweet_00153324	saude202211_n_00090_00000002.png	3	-1	0	-2	0	0	0	-2	0	0	0	8	0
tweet_00153354	saude202211_n_00093_00000001.jpg	2	0	0	0	0	0	21	-1	1	0	0	0	11
tweet_00153398	saude202211_n_00096_00000001.jpg	0	0	0	0	1	0	0	0	0	4	0	0	-1
tweet_00153409	saude202211_n_00096_00000002.jpg	1	-2	0	-3	0	0	1	-2	0	-1	0	3	0
tweet_00153414	saude202211_n_00097_00000001.jpg	1	-2	0	-5	0	0	0	-3	1	0	1	11	0
tweet_00153423	saude202211_n_00098_00000001.jpg	3	-2	0	-2	0	0	0	-4	1	0	0	9	0
tweet_00153425	saude202211_n_00078_00000001.jpg	4	-1	0	-3	0	0	0	-3	0	0	0	8	0
tweet_00153452	saude202211_n_00100_00000001.jpg	1	-2	-1	0	2	-2	0	0	0	8	0	-1	0
tweet_00153459	saude202211_n_00101_00000001.jpg	0	-1	0	0	0	0	15	0	0	0	0	1	11
tweet_00153467	saude202211_n_00101_00000003.jpg	1	-2	0	-5	0	0	0	-1	1	0	0	8	0
tweet_00153474	saude202211_n_00102_00000002.jpg	1	-2	0	-5	0	0	0	0	0	-1	-3	1	0
tweet_00153480	saude202211_n_00102_00000003.jpg	3	-1	0	-4	0	0	0	-1	0	0	-6	0	0
tweet_00153515	saude202211_n_00103_00000002.jpg	2	-4	0	0	0	1	0	0	0	9	0	0	0
tweet_00153522	saude202211_n_00104_00000003.jpg	2	-3	0	0	0	0	2	0	0	14	0	1	3
tweet_00153533	saude202211_n_00104_00000005.jpg	1	-1	0	-4	0	0	0	0	0	6	-9	2	0
tweet_00153536	saude202211_n_00106_00000001.png	0	0	0	0	0	0	0	0	0	0	0	0	-3
tweet_00153537	saude202211_n_00106_00000002.jpg	1	-2	0	-5	0	0	0	-1	0	0	0	7	0
tweet_00153540	saude202211_n_00106_00000003.jpg	3	-1	0	-5	0	0	0	-3	1	0	0	0	0
tweet_00153547	saude202211_n_00106_00000004.jpg	1	-1	0	-4	0	0	0	0	0	2	-4	1	0
tweet_00153556	saude202211_n_00106_00000006.jpg	3	-4	0	0	0	0	0	0	0	8	0	0	0
tweet_00153559	saude202211_n_00107_00000002.jpg	1	-2	0	-3	0	0	-1	-1	0	0	-11	1	0
tweet_00153561	saude202211_n_00107_00000003.jpg	2	-1	0	0	-1	0	0	-1	0	0	17	0	0
tweet_00153572	saude202211_n_00108_00000001.jpg	2	-3	0	-4	0	0	0	1	0	10	0	0	0
tweet_00153589	saude202211_n_00110_00000001.jpg	4	-5	0	0	-1	2	0	0	0	3	0	0	0
tweet_00153596	saude202211_n_00111_00000001.jpg	1	-1	0	-6	0	0	1	-3	0	0	0	11	0
tweet_00153600	saude202211_n_00111_00000003.jpg	1	-1	0	-4	0	0	-1	-1	0	0	-13	1	0
tweet_00153603	saude202211_n_00112_00000001.jpg	4	-4	0	0	0	0	0	0	0	2	0	0	0
tweet_00153621	saude202211_n_00113_00000001.jpg	1	-2	0	-5	0	0	1	0	0	0	0	1	0
tweet_00153632	saude202211_n_00114_00000005.jpg	1	0	0	0	0	0	0	0	-1	0	9	-1	0
tweet_00153663	saude202211_n_00118_00000001.jpg	1	-1	1	-4	0	0	-1	-1	0	-1	-18	0	0
tweet_00153669	saude202211_n_00118_00000002.jpg	0	-1	0	-6	0	0	0	0	0	1	0	0	0
tweet_00153688	saude202211_n_00119_00000002.jpg	1	-3	0	0	0	2	0	0	0	17	0	0	0
tweet_00153710	saude202211_n_00121_00000002.jpg	0	-1	0	-3	0	0	0	0	0	9	0	0	0
tweet_00153727	saude202211_n_00122_00000002.jpg	1	0	0	0	0	1	0	1	3	-1	-1	7	0
tweet_00153771	saude202211_n_00129_00000001.jpg	1	-4	0	0	0	0	0	-1	0	0	15	0	0
tweet_00153790	saude202211_n_00131_00000002.jpg	0	1	0	0	0	0	0	0	0	0	0	0	-3
tweet_00153799	saude202211_n_00132_00000001.jpg	0	-1	0	-4	0	0	0	2	0	1	0	0	0
tweet_00153802	saude202211_n_00132_00000003.jpg	0	-3	0	-3	0	0	4	0	0	0	0	0	-4
tweet_00153814	saude202211_n_00134_00000002.jpg	0	-3	0	-2	0	0	0	0	0	0	0	-1	-5
tweet_00153822	saude202211_n_00135_00000001.jpg	0	-2	0	-6	0	0	1	0	4	0	0	16	3
tweet_00153863	saude202211_n_00138_00000001.jpg	1	-2	0	0	0	0	0	0	0	8	0	0	0
tweet_00153881	saude202211_n_00139_00000001.jpg	2	-3	0	0	0	0	0	1	0	10	0	0	0
tweet_00153909	saude202211_n_00141_00000001.jpg	1	-2	0	0	0	0	0	0	0	22	0	0	0
tweet_00153913	saude202211_n_00142_00000001.jpg	0	-2	0	0	0	1	0	0	0	6	0	0	0
tweet_00153914	saude202211_n_00143_00000001.jpg	2	-4	0	0	0	3	0	0	0	7	0	0	0
tweet_00153915	saude202211_n_00143_00000002.png	1	-5	0	-1	0	3	0	0	0	11	0	0	0
tweet_00153932	saude202211_n_00144_00000001.jpg	1	0	-1	-2	0	0	0	0	0	14	0	0	0
tweet_00153938	saude202211_n_00144_00000002.jpg	0	-2	2	0	0	1	0	3	0	0	0	0	6
tweet_00153944	saude202211_n_00145_00000001.jpg	1	-1	0	0	-1	2	0	4	0	0	0	0	4
tweet_00153955	saude202211_n_00146_00000002.jpg	1	0	0	-3	0	0	-1	-1	1	0	-11	1	0
tweet_00153958	saude202211_n_00148_00000001.jpg	3	-3	-2	0	3	-1	0	0	0	2	0	-1	0
tweet_00153960	saude202211_n_00149_00000001.jpg	0	-3	0	0	2	2	0	0	0	1	0	0	0
tweet_00153966	saude202211_n_00150_00000001.jpg	0	-2	0	0	0	1	0	0	0	0	0	0	1
tweet_00153987	saude202211_n_00166_00000001.jpg	3	-2	-1	0	3	-2	0	0	0	-1	0	-1	-2
tweet_00153989	saude202211_n_00169_00000001.jpg	1	-2	0	0	1	2	0	0	0	11	0	0	0
tweet_00153994	saude202211_n_00171_00000001.jpg	1	-2	-1	0	2	-2	0	0	0	5	0	-1	0
tweet_00153999	saude202211_n_00173_00000001.jpg	1	-4	0	0	0	0	0	0	0	18	0	0	0
tweet_00154003	saude202211_n_00175_00000001.jpg	1	-3	-1	0	2	-2	0	0	0	4	0	-1	0
tweet_00154007	saude202211_n_00176_00000001.jpg	1	-4	0	0	0	0	0	0	0	19	0	0	0
tweet_00154011	saude202211_n_00177_00000001.jpg	0	-3	0	0	0	0	0	0	0	0	0	0	-3
tweet_00154014	saude202211_n_00178_00000002.jpg	1	-2	-1	0	2	-2	1	0	0	4	0	1	3
tweet_00154026	saude202211_n_00179_00000001.jpg	1	-3	1	0	0	0	1	0	0	0	0	0	-2
tweet_00154057	saude202211_n_00180_00000001.jpg	0	-3	0	0	0	0	0	0	0	5	0	0	0
tweet_00154080	saude202211_n_00181_00000001.jpg	1	-1	0	0	0	0	0	0	0	0	0	0	-5
tweet_00154081	saude202211_n_00181_00000002.jpg	1	-4	1	0	0	0	1	0	0	-1	0	0	-1
tweet_00154085	saude202211_n_00181_00000003.jpg	1	3	0	0	0	0	1	-1	0	22	0	1	1
tweet_00154089	saude202211_n_00181_00000004.jpg	2	-4	0	0	-1	0	0	0	0	11	0	0	0
tweet_00154103	saude202211_n_00182_00000001.jpg	0	-3	0	0	0	0	1	0	0	0	0	0	0
tweet_00154106	saude202211_n_00182_00000002.jpg	0	-2	0	0	1	0	0	0	0	6	0	0	0
tweet_00154117	saude202211_n_00182_00000003.png	3	-2	0	0	1	0	0	0	0	2	0	-1	0
tweet_00154119	saude202211_n_00182_00000004.jpg	1	-2	-1	0	1	-2	0	0	0	2	0	-1	0
tweet_00154120	saude202211_n_00182_00000005.jpg	2	-3	0	0	0	0	0	0	0	14	0	-1	0
tweet_00154125	saude202211_n_00183_00000001.jpg	0	-2	0	0	1	-2	0	0	0	9	0	0	0
tweet_00154129	saude202211_n_00183_00000002.jpg	4	-2	-1	0	1	-2	0	0	0	2	0	0	3
tweet_00154131	saude202211_n_00183_00000003.jpg	1	-1	0	-1	0	0	11	0	0	0	0	2	2
tweet_00154137	saude202211_n_00183_00000004.jpg	1	-2	0	0	0	0	0	0	0	0	1	0	0
tweet_00154142	saude202211_n_00184_00000001.jpg	0	-2	0	-2	-1	0	0	2	0	0	0	0	0
tweet_00154197	saude202211_n_00186_00000001.jpg	3	-1	0	0	0	1	0	0	0	2	0	0	0
tweet_00154201	saude202211_n_00186_00000002.jpg	0	-2	0	0	1	-1	0	0	0	8	0	0	0
tweet_00154205	saude202211_n_00187_00000001.jpg	0	0	0	0	1	0	0	0	0	1	2	0	0
tweet_00154237	saude202211_n_00189_00000001.jpg	1	-3	0	0	0	0	0	1	0	0	0	0	0
tweet_00154287	saude202211_n_00191_00000001.jpg	1	-2	0	0	0	2	0	0	0	0	0	0	-5
tweet_00154295	saude202211_n_00191_00000002.jpg	0	-4	0	0	1	1	0	1	3	4	0	1	0
tweet_00154306	saude202211_n_00191_00000003.jpg	1	-3	0	0	2	0	0	0	0	-1	0	0	0
tweet_00154325	saude202211_n_00192_00000001.jpg	1	-2	0	0	1	-2	0	0	0	6	0	-1	0
tweet_00154335	saude202211_n_00192_00000002.jpg	-1	0	0	0	0	0	0	0	0	7	0	0	-1
tweet_00154363	saude202211_n_00194_00000002.jpg	1	-2	-2	0	1	-2	0	0	0	0	0	-1	0
tweet_00154364	saude202211_n_00194_00000003.png	3	-1	0	0	1	-1	0	0	0	1	0	0	0
tweet_00154442	saude202211_n_00198_00000005.jpg	3	-2	-1	0	1	-2	0	0	0	0	0	0	0
tweet_00154448	saude202211_n_00199_00000002.jpg	2	-3	-1	0	1	-1	0	-1	0	0	9	0	0
tweet_00154461	saude202211_n_00199_00000004.jpg	0	2	0	0	0	0	0	0	0	0	1	0	0
tweet_00154493	saude202211_n_00201_00000002.jpg	1	-2	-2	0	1	-1	0	0	0	1	0	0	-4
tweet_00154512	saude202211_n_00202_00000002.jpg	1	-2	-1	0	0	-1	0	0	0	0	2	0	0
tweet_00154524	saude202211_n_00203_00000001.jpg	0	-3	0	0	1	-2	0	0	0	8	0	-1	-1
tweet_00154525	saude202211_n_00203_00000002.jpg	0	-3	0	-1	1	0	0	0	0	2	0	0	0
tweet_00154527	saude202211_n_00203_00000003.png	1	-2	0	0	1	-2	0	0	0	15	0	0	0
tweet_00154547	saude202211_n_00204_00000001.jpg	2	-3	0	0	1	-2	0	0	0	1	0	0	0
tweet_00154550	saude202211_n_00204_00000002.jpg	1	-2	0	0	2	-1	0	0	0	0	5	0	0
tweet_00154566	saude202211_n_00205_00000001.jpg	4	-3	0	0	1	-2	0	0	0	0	4	0	0
tweet_00154574	saude202211_n_00205_00000002.jpg	1	-2	-1	0	1	-2	0	0	0	0	2	0	0
tweet_00154575	saude202211_n_00205_00000003.jpg	1	-2	0	0	0	-1	0	0	0	3	0	1	0
tweet_00154583	saude202211_n_00206_00000001.jpg	1	-3	-2	0	2	-1	0	0	0	7	0	0	0
tweet_00154623	saude202211_n_00206_00000004.jpg	1	-2	0	0	1	-2	0	0	0	1	0	0	0
tweet_00154645	saude202211_n_00207_00000004.jpg	0	-3	0	0	1	-2	0	0	0	0	2	0	0
tweet_00154646	saude202211_n_00207_00000005.jpg	1	-3	-2	0	1	-2	0	0	0	0	0	-1	0
tweet_00154653	saude202211_n_00207_00000006.jpg	1	-2	-1	0	1	-2	0	0	0	0	0	-1	0
tweet_00154656	saude202211_n_00207_00000007.jpg	0	-3	0	0	1	-1	0	0	0	2	0	0	0
tweet_00154720	saude202212_n_00001_00000001.jpg	0	4	0	0	0	0	0	13	0	0	0	0	13
tweet_00154769	saude202212_n_00002_00000001.jpg	0	2	0	0	0	0	3	2	0	0	0	0	7
tweet_00154781	saude202212_n_00003_00000001.png	0	2	0	0	0	0	1	0	0	0	0	0	-5
tweet_00154787	saude202212_n_00003_00000003.png	1	1	0	0	0	2	0	0	0	13	0	0	0
tweet_00154790	saude202212_n_00003_00000004.jpg	1	-2	0	0	2	-2	0	0	0	5	0	0	0
tweet_00154802	saude202212_n_00004_00000001.jpg	1	2	0	0	0	0	2	5	0	0	0	0	7
tweet_00154803	saude202212_n_00004_00000002.jpg	2	2	0	0	0	0	2	0	0	0	0	0	2
tweet_00154807	saude202212_n_00007_00000001.jpg	1	2	0	0	0	0	0	0	1	2	0	11	1
tweet_00154831	saude202212_n_00009_00000001.jpg	0	2	0	0	0	0	1	3	0	-1	0	0	5
tweet_00154834	saude202212_n_00010_00000001.jpg	0	2	0	0	0	0	0	13	0	0	0	1	0
tweet_00154841	saude202212_n_00010_00000002.jpg	0	2	0	0	0	0	2	18	0	3	0	0	7
tweet_00154849	saude202212_n_00021_00000001.jpg	3	1	0	0	0	0	0	0	1	2	0	9	3
tweet_00154854	saude202212_n_00022_00000001.jpg	-3	0	1	0	1	0	0	0	0	0	0	0	-4
tweet_00154863	saude202212_n_00031_00000001.jpg	0	0	0	0	0	2	0	0	0	0	-2	-1	-4
tweet_00154873	saude202212_n_00043_00000001.jpg	-1	2	0	0	0	2	1	0	0	0	0	0	-2
tweet_00154889	saude202212_n_00045_00000001.jpg	1	-2	0	0	1	0	1	0	0	0	4	0	0
tweet_00154896	saude202212_n_00047_00000001.jpg	2	1	0	0	0	1	0	0	0	0	0	0	-6
tweet_00154931	saude202212_n_00053_00000001.jpg	1	-2	0	-3	0	0	0	0	0	-1	0	0	-3
tweet_00154959	saude202212_n_00090_00000001.jpg	0	0	0	0	0	0	2	0	0	0	0	0	-5
tweet_00154962	saude202212_n_00091_00000001.jpg	0	-2	0	0	0	3	1	0	0	0	0	0	-3
tweet_00154967	saude202212_n_00091_00000002.jpg	-1	-1	1	-1	-1	1	0	1	0	0	0	0	0
tweet_00154969	saude202212_n_00099_00000001.jpg	3	-2	0	0	2	-2	0	0	0	7	0	-3	-1
tweet_00154970	saude202212_n_00099_00000002.jpg	-1	-3	0	-1	0	1	0	0	0	0	0	0	-7
tweet_00154974	saude202212_n_00101_00000001.jpg	0	2	1	0	-1	0	0	0	0	0	0	0	-2
tweet_00154977	saude202212_n_00118_00000001.jpg	1	-2	0	0	2	-1	0	0	0	8	0	-3	-1
tweet_00154980	saude202212_n_00122_00000001.jpg	0	1	0	0	-1	0	0	3	0	1	0	0	0
tweet_00154986	saude202212_n_00127_00000001.jpg	1	-2	0	0	2	-1	0	0	0	8	0	-2	-1
tweet_00155001	saude202212_n_00130_00000001.jpg	3	-2	0	-1	2	0	0	0	0	8	0	-3	-1
tweet_00155009	saude202212_n_00131_00000001.jpg	1	-2	0	0	2	-1	0	0	0	5	0	-1	0
tweet_00155038	saude202212_n_00136_00000002.jpg	0	-2	0	0	1	-2	0	0	0	8	0	-3	-2
tweet_00155044	saude202212_n_00138_00000001.jpg	2	-2	0	0	2	-1	0	0	0	3	0	-2	0
tweet_00155047	saude202212_n_00138_00000002.png	0	2	0	0	0	0	0	1	0	0	-2	-1	-1
tweet_00155054	saude202212_n_00138_00000003.jpg	1	-3	-1	0	2	-2	0	0	0	7	0	0	0
tweet_00155066	saude202212_n_00139_00000002.jpg	1	-2	0	0	2	-2	0	0	0	9	0	-3	-2
tweet_00155067	saude202212_n_00139_00000003.jpg	1	-2	0	0	2	-2	0	0	0	8	0	-3	-2
tweet_00155080	saude202212_n_00140_00000001.jpg	0	-2	0	0	2	-1	0	0	0	3	0	-2	0
tweet_00155082	saude202212_n_00140_00000002.png	2	-1	0	0	2	-1	0	0	0	0	0	0	-1
tweet_00155105	saude202212_n_00142_00000002.jpg	1	1	0	0	0	0	3	3	0	-1	0	0	17
tweet_00155128	saude202212_n_00143_00000001.png	0	-2	0	0	3	-2	0	0	0	3	0	-2	0
tweet_00155135	saude202212_n_00144_00000001.jpg	0	2	0	0	0	0	-1	0	-1	2	0	2	0
tweet_00155141	saude202212_n_00144_00000004.jpg	1	-2	0	0	2	-2	0	0	0	2	0	0	0
tweet_00155143	saude202212_n_00144_00000005.jpg	1	-3	-1	0	1	-1	0	0	0	5	0	-1	0
tweet_00155152	saude202212_n_00145_00000002.jpg	3	-2	0	0	2	-2	0	0	0	3	0	-1	0
tweet_00155159	saude202212_n_00148_00000001.jpg	3	-2	0	0	2	-2	0	0	0	7	0	-3	-2
tweet_00155200	saude202212_n_00147_00000001.jpg	0	1	0	0	0	2	2	0	0	0	0	0	-1
tweet_00155201	saude202212_n_00147_00000002.jpg	1	-2	0	0	1	-1	0	0	0	7	0	-1	0
tweet_00155229	saude202212_n_00148_00000002.jpg	0	1	0	-2	0	0	0	2	0	0	0	0	-1
tweet_00155235	saude202212_n_00148_00000004.jpg	0	-2	0	0	1	-2	0	0	0	4	0	0	0
tweet_00155255	saude202212_n_00149_00000004.jpg	3	-3	0	0	2	-2	0	0	0	3	0	0	0
tweet_00155261	saude202212_n_00149_00000006.jpg	1	-2	0	0	2	-1	0	0	0	8	0	-3	-2
tweet_00155265	saude202212_n_00150_00000001.jpg	1	-2	0	0	1	-1	0	0	0	2	0	-1	0
tweet_00155269	saude202212_n_00150_00000002.jpg	1	-2	0	0	1	-2	0	0	0	9	0	-2	-1
tweet_00155290	saude202212_n_00151_00000002.jpg	0	-2	0	0	2	-2	0	0	0	11	0	-1	-1
tweet_00155303	saude202212_n_00151_00000005.jpg	3	-4	0	0	0	1	0	0	0	7	0	0	0
tweet_00155304	saude202212_n_00151_00000006.jpg	-2	1	0	0	-1	0	0	0	2	0	0	0	-1
tweet_00155310	saude202212_n_00153_00000001.jpg	0	-1	0	-3	0	3	3	0	2	1	0	0	4
tweet_00155323	saude202212_n_00159_00000001.jpg	0	2	0	0	0	0	0	0	0	21	0	1	0
tweet_00155333	saude202212_n_00160_00000001.jpg	1	-2	0	0	1	-2	0	0	0	7	0	-3	-2
tweet_00155341	saude202212_n_00165_00000001.jpg	1	-3	0	-2	1	-2	0	0	0	4	0	0	0
tweet_00155350	saude202212_n_00166_00000003.jpg	1	-2	-2	-2	0	-1	0	0	0	3	0	-1	0
tweet_00155354	saude202212_n_00167_00000001.jpg	0	-2	0	0	0	0	9	1	0	0	0	0	8
tweet_00155374	saude202212_n_00172_00000002.jpg	-2	0	0	0	0	0	0	0	0	0	0	0	-1
tweet_00155415	saude202212_n_00174_00000001.png	-3	-1	0	0	0	1	0	2	6	3	0	0	0
tweet_00155418	saude202212_n_00175_00000001.jpg	0	5	0	0	0	0	0	0	1	0	2	1	0
tweet_00155448	saude202212_n_00177_00000001.jpg	0	1	0	-1	0	2	0	0	0	9	0	0	0
tweet_00155452	saude202212_n_00178_00000001.jpg	1	4	0	0	-1	0	-1	0	0	3	0	2	0
tweet_00155475	saude202212_n_00179_00000001.jpg	0	1	0	0	0	1	0	1	3	0	0	1	-1
tweet_00155497	saude202212_n_00180_00000001.jpg	-1	1	0	0	3	0	0	0	0	4	0	-1	0
tweet_00155503	saude202212_n_00180_00000002.jpg	0	4	0	-1	0	0	4	3	0	-1	0	0	25
tweet_00155522	saude202212_n_00180_00000004.jpg	-1	-1	0	0	0	2	1	0	0	0	0	0	-4
tweet_00155526	saude202212_n_00180_00000005.jpg	0	2	0	-2	0	0	0	0	0	3	0	1	1
tweet_00155541	saude202212_n_00181_00000002.jpg	0	2	0	0	0	0	-1	1	0	1	0	2	0
tweet_00155569	saude202212_n_00183_00000001.jpg	1	3	0	0	0	0	1	9	0	0	0	0	21
tweet_00155570	saude202212_n_00183_00000002.jpg	0	0	0	0	0	2	0	0	0	0	0	0	-5
tweet_00155586	saude202212_n_00183_00000004.jpg	1	2	0	-1	0	0	0	0	1	0	0	0	0
tweet_00155598	saude202212_n_00183_00000005.jpg	0	0	0	0	0	0	0	0	0	0	0	0	-4
tweet_00155633	saude202212_n_00184_00000001.jpg	1	4	0	-2	0	0	0	0	0	1	0	-2	-2
tweet_00155658	saude202212_n_00185_00000002.jpg	1	3	0	-2	0	0	0	0	1	-1	0	8	1
tweet_00155664	saude202212_n_00185_00000003.jpg	-1	-1	0	0	0	0	0	0	3	-1	0	-1	-3
tweet_00155665	saude202212_n_00185_00000006.jpg	-1	1	1	0	2	1	1	0	0	0	0	0	-2
tweet_00155686	saude202212_n_00186_00000001.jpg	2	0	-1	0	0	3	0	0	0	23	0	0	0
tweet_00155688	saude202212_n_00186_00000002.jpg	0	4	0	-1	0	1	0	-2	1	0	8	0	0
tweet_00155720	saude202212_n_00187_00000001.jpg	-1	1	0	0	1	0	0	0	0	0	0	0	-3
tweet_00155751	saude202212_n_00187_00000003.jpg	1	1	0	0	0	0	0	1	0	20	0	1	0
tweet_00155762	saude202212_n_00188_00000001.jpg	0	4	0	0	0	0	0	2	0	0	0	0	-1
tweet_00155769	saude202212_n_00188_00000002.png	1	-2	0	0	1	1	0	0	0	0	0	0	-2
tweet_00155780	saude202212_n_00188_00000007.png	0	0	0	0	0	1	0	1	0	1	0	0	-1
tweet_00155836	saude202212_n_00190_00000001.jpg	1	-2	0	0	0	2	0	0	0	5	0	0	0
tweet_00155913	saude202212_n_00191_00000002.jpg	0	-2	0	0	2	1	0	0	0	5	0	0	0
tweet_00155914	saude202212_n_00191_00000003.jpg	1	4	0	0	0	0	0	0	1	18	0	0	0
tweet_00155922	saude202212_n_00192_00000001.jpg	-1	2	-1	0	-1	0	0	0	0	-1	0	0	-1
tweet_00155958	saude202212_n_00193_00000001.jpg	0	-2	0	0	2	1	0	0	0	16	0	0	0
tweet_00155960	saude202212_n_00193_00000002.jpg	1	-2	0	0	1	0	0	0	0	14	0	-2	0
tweet_00155991	saude202212_n_00195_00000001.jpg	1	-2	0	0	2	1	0	0	0	13	0	-2	0
tweet_00155995	saude202212_n_00197_00000001.png	-1	0	1	0	0	0	0	0	0	0	0	0	-4
tweet_00155996	saude202212_n_00197_00000002.jpg	1	-2	0	0	1	0	0	0	0	1	0	0	0
tweet_00156007	saude202212_n_00197_00000003.jpg	0	0	0	0	1	0	0	0	0	4	0	0	-1
tweet_00156018	saude202212_n_00198_00000001.jpg	1	0	0	-4	0	0	1	0	0	1	0	0	2
tweet_00156029	saude202212_n_00199_00000001.jpg	0	0	0	0	0	0	0	0	0	0	0	-1	-3
tweet_00156040	saude202212_n_00199_00000002.jpg	1	4	0	0	0	0	0	0	0	21	0	0	0
tweet_00156047	saude202212_n_00199_00000003.jpg	0	2	0	-1	0	0	0	0	6	0	0	0	0
tweet_00156058	saude202212_n_00199_00000004.jpg	1	-2	0	0	1	0	0	0	0	1	2	0	0
tweet_00156089	saude202212_n_00200_00000001.jpg	1	1	0	-2	0	0	0	0	0	1	0	0	-2
tweet_00156130	saude202212_n_00202_00000001.png	1	-2	0	0	1	1	1	0	0	0	2	0	0
tweet_00156143	saude202212_n_00203_00000002.jpg	0	1	0	0	0	0	0	0	0	29	0	0	0
tweet_00156162	saude202212_n_00204_00000001.jpg	0	4	0	0	0	0	0	1	0	1	0	0	13
tweet_00156166	saude202212_n_00204_00000003.png	0	3	0	-1	0	0	3	0	0	0	0	0	-4
tweet_00156179	saude202212_n_00204_00000004.png	1	3	0	-1	0	0	0	7	0	-1	0	0	10
tweet_00156196	saude202212_n_00204_00000015.jpg	0	2	0	0	0	0	0	0	0	0	0	0	-1
tweet_00156203	saude202212_n_00205_00000001.jpg	0	2	0	-1	0	0	0	6	0	0	0	0	20
tweet_00156204	saude202212_n_00205_00000002.png	0	-3	1	0	0	4	0	0	0	0	1	0	-1
tweet_00156209	saude202212_n_00205_00000003.jpg	1	0	0	-1	0	0	0	6	0	-1	0	0	14
tweet_00156240	saude202212_n_00205_00000005.jpg	0	-2	0	0	0	1	0	0	0	0	2	0	-1
tweet_00156244	saude202212_n_00206_00000001.jpg	0	2	0	0	0	0	0	0	0	0	0	0	-7
tweet_00156255	saude202212_n_00206_00000002.jpg	1	3	0	0	0	0	1	0	0	13	0	0	1
tweet_00156259	saude202212_n_00206_00000003.jpg	0	2	0	0	0	0	2	0	0	0	0	0	-3
tweet_00156289	saude202212_n_00207_00000002.jpg	1	3	0	-1	0	0	0	15	0	0	0	0	19
tweet_00156292	saude202212_n_00207_00000003.jpg	0	2	0	0	0	0	1	5	0	0	0	0	20
tweet_00156301	saude202212_n_00207_00000004.jpg	0	1	0	0	1	0	0	0	0	0	3	-2	0
tweet_00156309	saude202212_n_00207_00000005.jpg	1	0	0	-1	0	1	0	2	0	4	0	0	0
tweet_00156316	saude202212_n_00207_00000006.jpg	1	1	0	-1	0	0	0	2	0	1	0	0	0
tweet_00156317	saude202212_n_00207_00000007.jpg	1	3	0	-1	0	0	0	2	0	16	0	0	0
tweet_00156328	saude202212_n_00208_00000001.jpg	-1	2	0	0	0	0	2	1	0	2	0	0	-1
tweet_00156330	saude202212_n_00208_00000002.jpg	4	1	0	-1	0	1	0	0	0	-1	0	0	-2
tweet_00156344	saude202212_n_00208_00000003.jpg	0	-2	0	0	0	2	0	1	0	10	0	1	0
tweet_00156351	saude202212_n_00209_00000001.jpg	3	-2	0	-1	0	0	0	2	0	10	0	1	0
tweet_00156353	saude202212_n_00211_00000001.jpg	0	-1	0	0	0	2	0	1	0	2	0	1	0
tweet_00156362	saude202212_n_00212_00000001.jpg	0	2	1	0	0	0	0	0	0	0	0	0	-3
tweet_00156392	saude202212_n_00212_00000005.jpg	1	3	0	-1	0	0	0	0	0	0	0	0	-3
tweet_00156428	saude202212_n_00214_00000001.jpg	-1	0	0	-1	0	0	1	0	0	0	0	0	-4
tweet_00156444	saude202212_n_00215_00000001.jpg	1	-1	1	0	0	0	0	0	0	0	0	0	1
tweet_00156453	saude202212_n_00215_00000002.png	1	3	0	0	0	3	5	0	0	0	0	0	11
tweet_00156454	saude202212_n_00215_00000003.jpg	1	0	0	-2	0	0	0	0	0	0	0	0	-1
tweet_00156460	saude202212_n_00217_00000001.jpg	-1	4	0	0	0	2	18	0	4	-1	0	0	18
tweet_00156464	saude202212_n_00217_00000002.jpg	3	-1	2	0	0	0	0	0	0	27	0	0	0
tweet_00156472	saude202212_n_00221_00000001.jpg	0	4	0	0	0	2	2	0	0	0	0	0	-6
tweet_00156570	saude202301_n_00002_00000001.jpg	0	2	0	0	0	0	0	1	0	0	0	0	1
tweet_00156592	saude202301_n_00002_00000004.jpg	1	2	0	-1	0	0	0	0	0	1	0	0	-1
tweet_00156607	saude202301_n_00002_00000006.jpg	1	2	0	-1	0	0	1	6	0	0	0	0	22
tweet_00156621	saude202301_n_00003_00000002.jpg	1	2	0	-1	0	0	0	14	0	0	0	0	18
tweet_00156641	saude202301_n_00004_00000001.png	-1	3	0	-1	0	2	1	4	0	0	0	0	22
tweet_00156674	saude202301_n_00005_00000001.png	1	0	0	-1	0	0	0	0	0	0	0	0	-2
tweet_00156716	saude202301_n_00006_00000003.jpg	1	4	0	-2	0	0	0	3	0	0	0	0	13
tweet_00156774	saude202301_n_00008_00000001.jpg	0	2	0	-1	0	0	0	0	0	3	0	1	0
tweet_00156775	saude202301_n_00008_00000002.jpg	3	-2	0	0	0	2	0	0	0	0	0	0	-6
tweet_00156782	saude202301_n_00008_00000003.jpg	1	4	0	-1	1	0	0	0	0	1	0	0	0
tweet_00156805	saude202301_n_00009_00000001.jpg	1	2	0	-1	0	0	10	0	0	-1	0	0	13
tweet_00156813	saude202301_n_00009_00000002.jpg	1	1	0	-1	0	0	0	13	0	0	0	0	21
tweet_00156821	saude202301_n_00010_00000001.jpg	1	-2	-2	0	1	0	0	0	0	0	0	-1	0
tweet_00156840	saude202301_n_00010_00000003.jpg	0	2	0	-1	0	0	0	0	0	0	6	0	0
tweet_00156856	saude202301_n_00011_00000003.jpg	0	3	0	-1	0	0	0	2	0	-1	0	0	7
tweet_00156891	saude202301_n_00013_00000001.jpg	0	2	0	0	0	0	4	0	0	0	0	0	-4
tweet_00156896	saude202301_n_00013_00000002.jpg	0	1	0	0	0	0	0	13	0	0	0	0	11
tweet_00156901	saude202301_n_00013_00000003.jpg	1	2	0	-1	0	0	0	0	0	14	0	0	0
tweet_00156924	saude202301_n_00014_00000002.jpg	1	5	0	-2	0	0	0	0	0	0	0	0	0
tweet_00156930	saude202301_n_00015_00000001.jpg	1	1	0	-1	0	0	0	0	0	-1	1	0	0
tweet_00156948	saude202301_n_00016_00000001.png	0	2	0	-2	0	0	0	0	0	1	0	0	-3
tweet_00156963	saude202301_n_00017_00000001.jpg	0	3	0	0	0	0	0	1	0	1	0	0	0
tweet_00156992	saude202301_n_00018_00000005.jpg	1	2	0	0	0	0	0	0	0	0	0	1	0
tweet_00156994	saude202301_n_00019_00000001.jpg	1	2	0	0	0	0	0	0	0	21	0	0	0
tweet_00156998	saude202301_n_00019_00000002.jpg	1	4	0	-1	0	0	0	0	0	30	0	0	0
tweet_00157007	saude202301_n_00020_00000001.jpg	-1	1	0	0	0	0	0	2	0	-1	0	0	3
tweet_00157022	saude202301_n_00022_00000002.jpg	0	1	0	0	0	0	0	0	0	0	0	0	-3
tweet_00157034	saude202301_n_00023_00000001.jpg	0	-1	0	0	0	2	0	0	0	5	0	-1	0
tweet_00157035	saude202301_n_00023_00000002.jpg	0	2	0	-1	0	0	0	0	0	0	0	0	-3
tweet_00157054	saude202301_n_00032_00000001.jpg	0	0	0	0	0	1	0	0	0	4	0	0	0
tweet_00157079	saude202301_n_00037_00000001.jpg	1	2	0	0	0	0	0	0	0	-1	0	0	-1
tweet_00157080	saude202301_n_00037_00000002.jpg	1	1	0	-1	0	0	0	0	0	15	0	1	0
tweet_00157081	saude202301_n_00039_00000001.jpg	3	-4	0	-1	0	0	1	2	0	0	0	0	-2
tweet_00157096	saude202301_n_00042_00000003.jpg	0	-2	-1	0	1	1	0	0	0	0	0	0	-5
tweet_00157117	saude202301_n_00042_00000004.jpg	1	2	0	-1	0	0	0	11	0	0	0	0	14
tweet_00157134	saude202301_n_00043_00000001.jpg	1	1	0	0	0	0	0	0	0	0	2	0	0
tweet_00157151	saude202301_n_00043_00000002.jpg	3	0	-1	0	0	0	0	19	0	0	0	0	0
tweet_00157200	saude202301_n_00044_00000002.jpg	0	2	0	-1	0	0	0	5	0	0	0	0	14
tweet_00157201	saude202301_n_00044_00000003.jpg	1	2	0	-1	0	0	5	0	0	-1	0	0	23
tweet_00157217	saude202301_n_00044_00000004.jpg	1	2	0	0	0	0	0	0	0	0	0	0	-3
tweet_00157260	saude202301_n_00045_00000003.jpg	1	2	0	-1	0	0	1	5	0	0	0	0	25
tweet_00157261	saude202301_n_00045_00000004.jpg	1	3	-1	-1	-1	0	0	0	0	-1	0	0	2
tweet_00157262	saude202301_n_00045_00000005.jpg	1	2	0	0	0	0	4	1	0	-1	0	0	19
tweet_00157264	saude202301_n_00045_00000006.jpg	1	2	0	-1	0	0	1	11	0	0	0	0	20
tweet_00157265	saude202301_n_00045_00000007.jpg	1	2	0	-1	0	0	0	7	0	0	0	0	21
tweet_00157280	saude202301_n_00045_00000008.jpg	0	0	0	0	0	0	0	0	0	0	0	0	-3
tweet_00157300	saude202301_n_00046_00000002.jpg	0	-1	0	0	0	2	0	0	0	15	0	-1	0
tweet_00157325	saude202301_n_00046_00000004.png	1	2	0	1	-2	1	0	0	3	0	0	0	-1
tweet_00157386	saude202301_n_00049_00000001.jpg	2	2	0	-1	0	0	1	9	0	0	0	0	22
tweet_00157399	saude202301_n_00051_00000001.jpg	-1	1	0	0	-1	0	0	0	0	0	0	0	-1
tweet_00157435	saude202301_n_00053_00000002.jpg	0	0	0	0	0	1	0	0	0	-1	0	0	-5
tweet_00157439	saude202301_n_00053_00000003.jpg	1	4	0	0	0	0	0	0	0	1	0	-1	0
tweet_00157448	saude202301_n_00055_00000001.jpg	-1	2	0	-1	0	0	0	0	0	1	0	0	0
tweet_00157460	saude202301_n_00056_00000001.jpg	-3	0	0	0	0	0	0	0	0	0	0	0	-2
tweet_00157490	saude202301_n_00058_00000001.jpg	0	0	0	0	0	0	0	2	0	0	0	1	-1
tweet_00157512	saude202301_n_00059_00000002.jpg	0	0	0	0	0	0	2	0	0	0	0	-1	-5
tweet_00157515	saude202301_n_00059_00000003.jpg	2	1	0	0	-1	0	0	1	3	1	0	4	0
tweet_00157562	saude202301_n_00062_00000001.jpg	1	2	0	0	0	0	0	4	1	0	0	-1	2
tweet_00157567	saude202301_n_00062_00000004.jpg	0	-1	0	0	0	0	0	0	0	2	0	0	0
tweet_00157629	saude202301_n_00065_00000001.jpg	1	0	0	0	0	0	1	0	0	0	0	0	-3
tweet_00157633	saude202301_n_00067_00000002.jpg	0	-2	0	0	0	1	3	0	0	0	0	0	-5
tweet_00157637	saude202301_n_00067_00000003.jpg	-1	6	0	1	0	1	0	7	12	0	0	0	0
tweet_00157641	saude202301_n_00067_00000004.jpg	-3	0	1	0	0	1	0	0	0	-1	0	0	6
tweet_00157669	saude202301_n_00070_00000002.jpg	0	0	0	0	0	0	0	2	0	0	0	0	0
tweet_00157670	saude202301_n_00070_00000003.jpg	-3	0	0	0	0	0	1	0	0	0	0	0	-4
tweet_00157681	saude202301_n_00071_00000001.png	1	1	-1	0	0	1	0	0	1	2	0	10	1
tweet_00157682	saude202301_n_00071_00000002.jpg	0	1	-1	-2	0	1	0	1	0	0	0	0	-1
tweet_00157690	saude202301_n_00071_00000003.jpg	0	0	1	0	0	0	0	0	2	0	0	0	0
tweet_00157706	saude202301_n_00073_00000001.jpg	1	2	0	-1	0	0	8	0	0	1	0	0	-1
tweet_00157708	saude202301_n_00073_00000002.jpg	-2	0	0	0	0	0	0	0	0	0	0	0	-1
tweet_00157712	saude202301_n_00075_00000001.jpg	0	2	0	-1	0	0	0	12	0	0	0	0	0
tweet_00157719	saude202301_n_00078_00000001.jpg	-1	3	0	-1	0	0	0	0	0	1	0	0	0
tweet_00157720	saude202301_n_00078_00000002.jpg	-1	0	0	0	0	2	0	1	0	0	0	0	-3
tweet_00157741	saude202301_n_00082_00000001.png	0	-2	0	0	0	4	0	0	0	4	0	0	0
tweet_00157745	saude202301_n_00083_00000001.jpg	0	-2	0	0	0	4	0	0	0	0	0	0	-1
tweet_00157759	saude202301_n_00084_00000001.jpg	-1	0	0	0	0	1	0	0	-1	-1	0	-2	-2
tweet_00157764	saude202301_n_00085_00000001.jpg	2	4	0	-1	0	0	0	0	0	1	0	0	0
tweet_00157765	saude202301_n_00085_00000002.jpg	0	-2	0	0	1	3	0	0	0	4	0	-1	0
tweet_00157766	saude202301_n_00085_00000003.jpg	0	-1	1	0	0	2	0	0	0	2	0	0	0
tweet_00157772	saude202301_n_00085_00000004.jpg	0	-3	0	1	0	1	2	0	0	0	0	0	-3
tweet_00157777	saude202301_n_00086_00000003.png	0	1	0	0	0	0	1	0	0	-1	0	0	12
tweet_00157788	saude202301_n_00094_00000001.jpg	-3	1	1	0	0	0	1	0	0	-1	0	0	1
tweet_00157797	saude202301_n_00094_00000002.jpg	0	2	0	0	0	1	0	5	0	0	0	0	12
tweet_00157811	saude202301_n_00095_00000001.jpg	0	2	0	-2	0	0	0	5	0	0	0	0	3
tweet_00157821	saude202301_n_00096_00000001.jpg	1	2	0	0	0	2	0	1	0	0	0	2	0
tweet_00157823	saude202301_n_00097_00000001.jpg	1	-1	0	0	0	0	6	0	0	0	0	0	6
tweet_00157830	saude202301_n_00098_00000001.jpg	1	1	-1	0	-2	2	4	-1	0	9	0	1	1
tweet_00157858	saude202301_n_00110_00000001.jpg	1	1	0	-1	1	0	0	0	1	0	0	6	0
tweet_00157886	saude202301_n_00116_00000001.jpg	1	2	0	-1	0	0	2	0	0	1	0	0	0
tweet_00157887	saude202301_n_00116_00000002.png	1	-1	-1	0	1	0	0	0	0	0	0	0	0
tweet_00157891	saude202301_n_00117_00000001.jpg	1	-1	-1	2	1	0	0	0	0	1	0	0	0
tweet_00157892	saude202301_n_00117_00000002.jpg	0	3	0	0	0	0	0	0	0	0	0	0	-3
tweet_00157895	saude202301_n_00118_00000001.jpg	0	-1	0	0	0	0	0	0	0	9	0	0	0
tweet_00157901	saude202301_n_00127_00000001.jpg	-1	1	0	0	0	0	2	2	0	0	0	0	-1
tweet_00157905	saude202301_n_00128_00000001.jpg	0	2	0	0	0	0	2	0	0	0	0	-2	-2
tweet_00157911	saude202301_n_00128_00000002.jpg	1	-3	0	0	0	0	0	0	0	8	0	0	0
tweet_00157919	saude202301_n_00129_00000001.jpg	0	2	0	0	0	1	1	0	0	0	0	0	-2
tweet_00157923	saude202301_n_00130_00000002.jpg	0	0	0	0	0	0	0	0	0	0	0	0	-3
tweet_00157927	saude202301_n_00132_00000001.jpg	0	1	0	0	0	3	0	0	0	1	-2	-1	-1
tweet_00157932	saude202301_n_00136_00000001.jpg	1	-4	0	0	0	1	0	0	0	7	0	0	0
tweet_00157940	saude202301_n_00146_00000001.jpg	1	-3	0	0	0	1	1	0	0	7	0	0	0
tweet_00157941	saude202301_n_00156_00000001.png	1	-2	0	0	0	0	0	0	0	0	1	0	-2
tweet_00157946	saude202301_n_00157_00000001.jpg	-1	-1	0	0	1	1	0	0	0	1	0	0	-4
tweet_00157947	saude202301_n_00165_00000001.jpg	1	3	0	0	0	1	0	0	0	0	0	0	8
tweet_00157957	saude202301_n_00173_00000001.jpg	0	0	0	0	0	4	0	0	0	4	0	0	0
tweet_00157968	saude202301_n_00178_00000001.jpg	2	1	0	0	0	0	0	0	0	-1	0	0	0
tweet_00157984	saude202301_n_00182_00000003.jpg	1	1	0	-2	1	0	0	0	0	0	0	0	-4
tweet_00158000	saude202301_n_00185_00000001.jpg	0	2	0	0	0	0	0	0	0	5	0	0	0
tweet_00158009	saude202301_n_00187_00000001.jpg	0	2	0	0	0	0	2	0	0	9	0	3	2
tweet_00158015	saude202301_n_00188_00000001.jpg	1	1	0	0	1	0	0	0	0	8	0	0	0
tweet_00158017	saude202301_n_00188_00000002.png	3	1	0	-1	1	0	0	0	1	0	4	14	2
tweet_00158018	saude202301_n_00191_00000001.jpg	1	-3	0	0	0	3	0	0	0	13	0	-1	0
tweet_00158032	saude202301_n_00195_00000001.jpg	0	0	1	0	0	0	0	0	0	0	0	0	-3
tweet_00158051	saude202301_n_00201_00000001.jpg	1	-1	0	0	0	1	0	0	0	0	0	0	-4
tweet_00158085	saude202301_n_00206_00000001.jpg	0	3	0	0	0	0	0	0	0	0	0	0	-1
tweet_00158118	saude202302_n_00001_00000001.jpg	0	0	0	0	0	1	0	0	0	3	0	0	0
tweet_00158125	saude202302_n_00002_00000001.jpg	-1	0	0	0	0	0	14	2	0	0	0	0	-1
tweet_00158126	saude202302_n_00002_00000003.png	0	2	0	0	0	2	0	0	0	1	0	0	0
tweet_00158174	saude202302_n_00004_00000001.jpg	3	-2	0	-2	0	0	0	0	12	0	0	1	0
tweet_00158194	saude202302_n_00005_00000001.jpg	1	2	0	-1	0	0	0	-1	0	5	0	1	0
tweet_00158195	saude202302_n_00006_00000001.jpg	0	-1	0	-2	0	0	0	4	0	0	-5	1	0
tweet_00158201	saude202302_n_00006_00000002.jpg	-1	2	0	0	0	0	1	-1	0	0	7	0	0
tweet_00158203	saude202302_n_00006_00000003.jpg	0	-1	0	0	0	0	0	0	0	0	0	-1	-2
tweet_00158205	saude202302_n_00007_00000001.jpg	0	1	0	0	0	0	0	0	0	0	0	0	-3
tweet_00158230	saude202302_n_00010_00000001.jpg	0	2	1	0	0	0	0	0	0	0	1	0	0
tweet_00158241	saude202302_n_00011_00000001.jpg	-2	1	0	-1	0	0	1	0	0	0	0	0	-5
tweet_00158264	saude202302_n_00013_00000001.jpg	1	0	0	0	0	1	0	1	0	18	0	0	0
tweet_00158274	saude202302_n_00014_00000001.jpg	1	0	0	0	0	0	0	-1	0	0	-5	1	0
tweet_00158279	saude202302_n_00015_00000001.jpg	-1	2	0	0	0	0	0	0	0	2	0	0	0
tweet_00158296	saude202302_n_00017_00000001.jpg	0	2	0	0	0	0	1	0	0	0	0	0	-4
tweet_00158313	saude202302_n_00018_00000001.jpg	1	0	0	0	0	0	0	0	0	1	0	0	0
tweet_00158316	saude202302_n_00018_00000002.jpg	1	1	0	0	0	1	0	1	0	0	0	-1	1
tweet_00158319	saude202302_n_00018_00000005.jpg	2	-2	0	0	1	0	0	0	0	7	0	0	0
tweet_00158333	saude202302_n_00018_00000006.jpg	0	0	0	-1	0	0	0	0	0	0	0	0	-3
tweet_00158346	saude202302_n_00019_00000001.png	3	-3	1	1	0	1	0	0	0	2	0	0	0
tweet_00158357	saude202302_n_00019_00000002.jpg	0	1	0	0	0	0	0	0	0	1	0	-2	-1
tweet_00158364	saude202302_n_00019_00000003.jpg	1	0	-1	0	0	0	0	0	0	0	0	0	-4
tweet_00158389	saude202302_n_00020_00000001.jpg	0	2	0	0	0	0	0	0	0	2	0	0	0
tweet_00158416	saude202302_n_00020_00000004.jpg	0	-2	0	-3	0	0	0	3	2	0	0	0	0
tweet_00158418	saude202302_n_00020_00000005.jpg	0	-2	1	0	0	0	0	0	0	5	0	0	0
tweet_00158435	saude202302_n_00021_00000001.jpg	0	-1	0	0	0	1	3	3	0	0	0	0	0
tweet_00158436	saude202302_n_00021_00000002.jpg	0	1	-1	-1	0	1	0	3	0	1	0	0	3
tweet_00158450	saude202302_n_00021_00000003.jpg	-1	3	0	0	0	1	0	3	0	0	0	0	5
tweet_00158454	saude202302_n_00022_00000001.jpg	1	2	0	0	0	2	0	0	0	0	1	0	2
tweet_00158466	saude202302_n_00023_00000001.jpg	1	1	0	0	0	0	0	3	0	0	0	0	1
tweet_00158472	saude202302_n_00023_00000002.jpg	0	1	0	0	0	0	0	0	0	3	0	-1	-1
tweet_00158491	saude202302_n_00024_00000001.jpg	0	1	0	0	-1	0	1	4	0	0	0	0	0
tweet_00158525	saude202302_n_00024_00000004.jpg	0	1	0	-1	0	2	9	-2	0	0	0	0	1
tweet_00158532	saude202302_n_00025_00000001.jpg	1	0	0	0	0	0	0	0	0	7	0	0	0
tweet_00158544	saude202302_n_00025_00000002.jpg	0	0	0	0	0	1	0	0	0	0	0	0	-1
tweet_00158555	saude202302_n_00025_00000003.png	1	0	0	-1	0	0	0	0	0	-1	0	0	-5
tweet_00158567	saude202302_n_00025_00000004.jpg	-3	-2	2	0	0	2	0	0	0	0	0	0	-3
tweet_00158573	saude202302_n_00025_00000005.jpg	0	5	0	0	0	1	0	0	0	1	1	0	0
tweet_00158589	saude202302_n_00025_00000006.jpg	1	1	0	0	0	0	0	3	1	-1	0	0	2
tweet_00158597	saude202302_n_00025_00000008.png	1	-1	0	-1	3	0	0	0	0	0	0	0	-1
tweet_00158633	saude202302_n_00026_00000001.jpg	-1	2	0	-1	0	0	1	0	1	0	0	0	0
tweet_00158672	saude202302_n_00027_00000001.jpg	0	0	1	0	0	1	0	0	0	0	0	-2	0
tweet_00158714	saude202302_n_00028_00000001.jpg	-1	0	2	-1	0	0	6	1	0	0	0	0	9
tweet_00158741	saude202302_n_00030_00000002.jpg	0	2	1	-1	0	0	0	0	0	0	0	0	-4
tweet_00158742	saude202302_n_00030_00000003.jpg	0	1	0	0	0	0	0	0	0	0	0	0	-1
tweet_00158756	saude202302_n_00031_00000001.jpg	0	1	0	-1	0	0	-4	-1	-4	0	1	3	0
tweet_00158766	saude202302_n_00032_00000001.png	1	4	0	0	0	0	0	0	0	12	0	0	0
tweet_00158772	saude202302_n_00034_00000001.jpg	0	-2	0	-3	0	0	0	0	13	0	0	1	0
tweet_00158777	saude202302_n_00036_00000001.jpg	1	-2	0	0	-1	1	0	0	-4	0	-1	0	3
tweet_00158778	saude202302_n_00036_00000002.jpg	1	-3	0	-1	0	0	0	0	0	0	3	0	1
tweet_00158790	saude202302_n_00037_00000001.jpg	2	-2	0	0	-1	1	0	0	0	4	0	0	-1
tweet_00158796	saude202302_n_00037_00000002.jpg	0	1	0	0	0	0	0	2	0	15	0	0	0
tweet_00158800	saude202302_n_00037_00000003.jpg	-1	-1	0	-2	0	0	0	2	3	0	0	0	-1
tweet_00158822	saude202302_n_00038_00000001.jpg	-2	0	0	0	0	0	0	0	0	0	0	-1	-2
tweet_00158832	saude202302_n_00038_00000002.jpg	-1	3	0	0	0	1	0	0	0	0	0	0	-1
tweet_00158847	saude202302_n_00039_00000001.jpg	1	0	0	0	0	0	0	5	0	0	0	0	-1
tweet_00158864	saude202302_n_00040_00000001.jpg	-1	2	0	0	0	0	4	5	0	0	0	0	-3
tweet_00158874	saude202302_n_00041_00000001.jpg	0	1	0	0	0	0	0	0	0	0	0	0	-4
tweet_00158884	saude202302_n_00042_00000001.jpg	1	-1	0	0	0	0	0	0	0	4	0	0	0
tweet_00158887	saude202302_n_00044_00000001.jpg	0	0	0	0	0	4	0	0	0	17	0	1	0
tweet_00158893	saude202302_n_00045_00000001.jpg	0	0	0	0	0	1	0	0	0	0	0	0	-7
tweet_00158895	saude202302_n_00045_00000002.jpg	1	0	0	-1	0	0	5	0	0	-1	0	0	-4
tweet_00158896	saude202302_n_00045_00000003.jpg	0	0	0	0	1	-1	1	2	0	0	0	0	-1
tweet_00158914	saude202302_n_00050_00000002.jpg	0	0	0	0	0	0	0	1	0	-1	0	0	1
tweet_00158915	saude202302_n_00050_00000003.jpg	-3	0	1	0	0	1	1	0	0	0	0	0	1
tweet_00158916	saude202302_n_00050_00000005.jpg	1	0	0	-1	0	0	0	0	0	0	0	0	-1
tweet_00158924	saude202302_n_00052_00000001.png	1	0	1	-1	2	0	0	1	3	0	0	0	0
tweet_00158930	saude202302_n_00052_00000003.jpg	1	2	0	0	0	0	0	0	0	1	-1	-3	-1
tweet_00158938	saude202302_n_00054_00000001.jpg	0	-2	1	0	0	0	0	0	0	13	0	0	0
tweet_00158940	saude202302_n_00055_00000001.jpg	0	-1	0	-2	0	0	-1	-1	1	0	-11	1	0
tweet_00158955	saude202302_n_00055_00000005.jpg	1	6	0	-1	0	0	1	0	0	0	0	0	-4
tweet_00158993	saude202302_n_00056_00000002.png	0	-1	1	0	0	0	0	0	0	2	0	0	0
tweet_00158998	saude202302_n_00056_00000003.jpg	1	-1	0	0	0	0	0	0	0	17	0	0	0
tweet_00159005	saude202302_n_00056_00000004.png	1	-2	1	0	0	0	0	0	0	5	0	0	0
tweet_00159015	saude202302_n_00056_00000005.jpg	1	-1	0	0	0	0	1	0	0	0	3	0	1
tweet_00159024	saude202302_n_00056_00000006.jpg	0	-1	1	0	0	0	0	0	0	2	0	-1	0
tweet_00159036	saude202302_n_00056_00000008.jpg	4	-2	0	0	-1	1	0	0	0	0	2	0	1
tweet_00159041	saude202302_n_00057_00000001.png	-3	1	0	0	0	1	0	0	0	0	0	0	-3
tweet_00159043	saude202302_n_00057_00000002.jpg	0	0	0	0	0	2	1	0	0	0	0	0	-8
tweet_00159048	saude202302_n_00057_00000004.jpg	1	-1	1	0	0	0	0	0	0	23	0	0	0
tweet_00159056	saude202302_n_00057_00000005.jpg	-3	1	0	0	0	0	0	0	0	0	0	0	-1
tweet_00159082	saude202302_n_00057_00000006.png	1	-4	1	0	0	0	0	0	0	5	0	0	0
tweet_00159091	saude202302_n_00058_00000001.jpg	0	2	1	-1	0	0	2	2	0	-1	0	0	23
tweet_00159100	saude202302_n_00058_00000002.jpg	0	0	0	0	0	0	0	0	0	0	0	0	-1
tweet_00159108	saude202302_n_00058_00000003.jpg	0	0	-1	0	0	2	0	0	0	0	0	0	-1
tweet_00159123	saude202302_n_00058_00000004.jpg	3	-1	0	0	0	0	-1	-1	0	0	2	8	0
tweet_00159157	saude202302_n_00059_00000001.jpg	1	3	0	0	0	0	0	0	-1	0	0	-1	-3
tweet_00159170	saude202302_n_00059_00000002.jpg	1	4	0	0	0	0	0	0	0	0	0	-1	-2
tweet_00159201	saude202302_n_00060_00000001.jpg	0	2	0	0	0	0	0	0	0	1	0	0	-2
tweet_00159225	saude202302_n_00060_00000002.jpg	0	0	0	0	0	0	1	1	0	-1	0	1	0
tweet_00159271	saude202302_n_00061_00000001.jpg	0	0	1	-2	3	0	-1	-1	0	0	-11	1	0
tweet_00159280	saude202302_n_00061_00000003.jpg	0	0	0	0	0	0	0	0	0	0	0	0	-4
tweet_00159281	saude202302_n_00061_00000004.jpg	2	-1	0	-3	0	0	0	-4	0	0	0	4	0
tweet_00159308	saude202302_n_00062_00000002.jpg	0	0	-1	0	0	1	0	0	1	0	0	0	0
tweet_00159310	saude202302_n_00062_00000003.jpg	-1	0	0	0	0	1	0	0	0	0	0	0	-2
tweet_00159321	saude202302_n_00062_00000004.jpg	0	2	0	0	0	0	0	0	0	1	0	0	-1
tweet_00159327	saude202302_n_00062_00000006.jpg	1	4	0	0	0	0	0	0	0	1	0	0	0
tweet_00159330	saude202302_n_00063_00000001.jpg	0	2	0	-1	0	0	0	0	0	0	0	0	-4
tweet_00159343	saude202302_n_00063_00000003.jpg	0	-1	0	-1	0	0	0	2	0	0	0	0	4
tweet_00159349	saude202302_n_00063_00000007.png	0	1	0	0	0	0	0	0	0	1	0	-2	0
tweet_00159356	saude202302_n_00064_00000001.jpg	1	-2	-1	0	1	0	2	0	0	0	0	0	-2
tweet_00159359	saude202302_n_00064_00000002.png	1	-1	1	-1	3	0	2	0	0	2	0	0	0
tweet_00159374	saude202302_n_00064_00000003.jpg	0	1	0	-1	0	0	0	0	0	16	0	0	0
tweet_00159393	saude202302_n_00065_00000002.png	0	1	1	-1	0	0	0	1	0	0	0	0	10
tweet_00159400	saude202302_n_00066_00000001.jpg	0	3	0	-1	2	0	0	0	0	0	0	0	-5
tweet_00159425	saude202302_n_00066_00000002.jpg	-1	4	0	0	0	0	4	0	0	0	0	0	-5
tweet_00159437	saude202302_n_00067_00000002.jpg	1	-2	0	-2	0	0	0	0	0	0	0	0	-6
tweet_00159456	saude202302_n_00067_00000001.jpg	0	1	-1	-2	0	0	1	1	0	0	0	0	15
tweet_00159467	saude202302_n_00068_00000001.jpg	0	1	0	-1	0	1	0	1	0	18	0	0	0
tweet_00159472	saude202302_n_00068_00000002.jpg	0	1	0	-1	0	0	0	32	0	0	0	1	0
tweet_00159494	saude202302_n_00068_00000005.jpg	1	1	0	1	0	0	0	0	5	0	0	-2	0
tweet_00159517	saude202302_n_00069_00000001.jpg	0	-1	0	-1	0	1	0	0	0	0	0	0	-1
tweet_00159538	saude202302_n_00071_00000001.jpg	1	-1	1	-1	2	0	0	0	0	1	0	0	0
tweet_00159555	saude202302_n_00072_00000001.jpg	0	-1	0	-1	0	0	0	0	0	0	0	0	-2
tweet_00159561	saude202302_n_00072_00000005.jpg	-1	0	0	0	0	0	1	1	0	0	0	0	-1
tweet_00159586	saude202302_n_00073_00000002.png	1	2	0	0	0	0	0	0	0	1	0	0	0
tweet_00159589	saude202302_n_00074_00000001.jpg	0	1	-1	1	1	0	0	0	0	0	0	0	-3
tweet_00159612	saude202302_n_00076_00000001.jpg	-2	3	0	0	0	-1	0	0	0	0	0	0	-1
tweet_00159616	saude202302_n_00076_00000002.jpg	-1	1	1	0	3	0	1	1	0	0	0	0	9
tweet_00159618	saude202302_n_00077_00000001.jpg	-1	1	1	0	0	0	0	3	0	-1	0	-1	0
tweet_00159649	saude202302_n_00081_00000001.jpg	3	-1	1	-1	2	0	0	0	0	0	0	0	-3
tweet_00159657	saude202302_n_00082_00000001.jpg	0	2	0	-1	0	0	0	11	5	0	0	0	0
tweet_00159660	saude202302_n_00083_00000002.png	0	0	0	-2	1	0	0	0	0	0	0	0	-4
tweet_00159694	saude202302_n_00133_00000001.jpg	0	0	0	-3	0	0	0	0	0	4	0	0	-1
tweet_00159703	saude202302_n_00088_00000002.jpg	2	-1	0	-1	0	0	0	0	0	1	0	0	0
tweet_00159714	saude202302_n_00089_00000002.jpg	1	-1	0	-1	0	0	0	0	0	0	0	0	-6
tweet_00159715	saude202302_n_00089_00000003.jpg	0	-1	1	-2	3	0	0	0	0	0	0	0	-5
tweet_00159723	saude202302_n_00090_00000002.jpg	3	-1	0	-1	2	0	1	0	0	0	0	0	-3
tweet_00159749	saude202302_n_00124_00000001.jpg	-1	0	1	-2	3	0	0	0	0	0	0	0	-3
tweet_00159768	saude202302_n_00103_00000002.jpg	-1	0	0	-2	1	0	0	2	0	0	0	0	0
tweet_00159777	saude202302_n_00106_00000002.png	-1	0	0	0	0	4	0	0	0	0	0	0	-1
tweet_00159789	saude202302_n_00110_00000001.jpg	1	-1	1	0	2	0	0	0	0	1	0	0	0
tweet_00159790	saude202302_n_00115_00000001.jpg	1	-1	1	-2	3	0	0	0	0	0	0	0	-5
tweet_00159802	saude202302_n_00129_00000001.png	1	0	1	-2	3	0	0	0	0	0	0	0	-2
tweet_00159805	saude202302_n_00130_00000002.jpg	-1	-1	1	0	0	0	0	0	0	0	0	0	-4
tweet_00159811	saude202302_n_00138_00000001.jpg	1	0	1	-1	1	0	0	0	0	1	0	0	0
tweet_00159817	saude202302_n_00134_00000001.jpg	0	2	0	0	0	0	0	0	0	0	2	-2	0
tweet_00159837	saude202302_n_00139_00000005.jpg	0	-1	1	-1	3	0	0	0	0	1	0	0	0
tweet_00159840	saude202302_n_00139_00000002.jpg	-1	0	0	-2	0	0	0	0	2	0	0	0	0
tweet_00159842	saude202302_n_00139_00000004.jpg	1	-1	1	-1	3	0	0	0	0	1	0	0	0
tweet_00159849	saude202302_n_00140_00000002.jpg	0	0	0	0	0	1	0	0	0	3	0	1	0
tweet_00159858	saude202302_n_00140_00000003.jpg	0	-1	0	-2	0	0	0	0	12	0	0	2	1
tweet_00159864	saude202302_n_00141_00000001.jpg	-1	0	1	-2	0	0	0	7	0	0	0	0	4
tweet_00159894	saude202302_n_00142_00000001.jpg	-1	-1	1	0	0	0	0	0	0	0	0	0	-1
tweet_00159935	saude202302_n_00144_00000001.jpg	1	0	0	0	0	0	0	0	0	0	0	0	-2
tweet_00159937	saude202302_n_00144_00000002.jpg	-1	0	0	-2	0	2	0	0	12	-1	0	3	1
tweet_00159966	saude202302_n_00145_00000001.jpg	2	0	0	-2	0	1	0	5	0	1	0	0	0
tweet_00159983	saude202302_n_00150_00000002.jpg	0	2	0	0	0	0	0	0	0	1	0	0	0
tweet_00159985	saude202302_n_00152_00000001.jpg	-1	1	0	0	0	0	0	5	0	0	0	-1	6
tweet_00159997	saude202302_n_00154_00000001.jpg	1	1	0	0	0	0	0	6	0	0	0	0	10
tweet_00160004	saude202302_n_00156_00000001.jpg	0	0	0	0	0	1	0	3	0	0	0	0	3
tweet_00160012	saude202302_n_00158_00000001.jpg	1	1	1	0	-1	0	2	0	0	0	0	0	-2
tweet_00160014	saude202302_n_00160_00000001.jpg	0	2	0	0	0	0	0	5	0	0	0	0	3
tweet_00160035	saude202302_n_00165_00000002.jpg	-2	-1	0	1	0	2	0	1	0	0	0	0	-2
tweet_00160066	saude202302_n_00171_00000002.png	1	2	0	-1	2	0	0	0	0	0	0	0	-5
tweet_00160088	saude202302_n_00172_00000001.jpg	0	0	1	0	0	2	0	0	0	10	0	1	0
tweet_00160103	saude202302_n_00172_00000002.jpg	1	2	0	0	0	0	0	1	0	0	-1	-2	0
tweet_00160112	saude202302_n_00172_00000003.jpg	0	0	0	0	0	0	0	0	0	0	0	0	-3
tweet_00160118	saude202302_n_00173_00000001.jpg	-1	3	0	0	0	0	0	5	0	0	0	0	3
tweet_00160120	saude202302_n_00173_00000002.jpg	1	3	0	0	1	1	0	0	0	3	0	0	0
tweet_00160123	saude202302_n_00173_00000003.jpg	0	5	0	1	0	0	0	7	0	0	0	0	3
tweet_00160140	saude202302_n_00174_00000001.jpg	0	2	0	0	0	0	0	1	0	0	0	-4	0
tweet_00160151	saude202302_n_00174_00000003.jpg	0	0	0	0	0	2	1	0	0	0	2	0	-1
tweet_00160158	saude202302_n_00175_00000001.jpg	2	2	0	0	0	0	4	2	0	0	0	0	17
tweet_00160160	saude202302_n_00175_00000002.jpg	0	1	1	0	1	0	1	2	0	0	0	0	-1
tweet_00160161	saude202302_n_00175_00000003.jpg	0	2	0	0	0	2	0	0	0	0	0	0	-4
tweet_00160173	saude202302_n_00176_00000001.jpg	0	4	0	0	0	0	0	4	0	0	0	0	2
tweet_00160179	saude202302_n_00177_00000001.jpg	0	3	0	0	0	0	2	5	0	0	0	0	17
tweet_00160180	saude202302_n_00177_00000002.jpg	1	2	0	-1	0	0	0	1	-1	0	0	6	2
tweet_00160187	saude202302_n_00178_00000001.jpg	0	0	0	0	0	2	1	0	0	0	2	0	-1
tweet_00160190	saude202302_n_00178_00000002.jpg	0	0	0	0	0	0	0	0	0	0	0	0	-5
tweet_00160193	saude202302_n_00178_00000003.jpg	1	-1	-1	0	0	1	19	-2	1	0	0	0	1
tweet_00160217	saude202302_n_00179_00000002.jpg	3	-1	0	0	2	0	0	0	0	19	0	1	0
tweet_00160276	saude202302_n_00182_00000001.jpg	-1	1	0	-2	0	0	0	3	0	0	0	0	7
tweet_00160283	saude202302_n_00183_00000001.jpg	1	1	0	0	0	0	0	0	0	7	0	0	0
tweet_00160291	saude202302_n_00183_00000002.jpg	0	2	0	0	-1	0	0	0	0	0	0	0	-1
tweet_00160304	saude202302_n_00183_00000003.jpg	1	2	0	-1	0	0	0	0	0	1	0	0	0
tweet_00160308	saude202302_n_00184_00000001.jpg	1	1	0	0	0	3	0	0	0	0	0	-1	-6
tweet_00160312	saude202302_n_00184_00000003.jpg	-2	0	1	0	0	2	0	0	0	0	0	0	-1
tweet_00160339	saude202302_n_00185_00000001.jpg	2	1	0	-3	-1	1	0	0	4	0	0	7	0
tweet_00160347	saude202302_n_00185_00000002.jpg	-1	0	0	0	0	1	1	0	2	0	0	0	-3
tweet_00160372	saude202302_n_00185_00000003.jpg	1	2	0	0	0	0	0	3	0	1	0	0	0
tweet_00160375	saude202302_n_00185_00000004.jpg	-1	0	0	0	0	0	0	1	0	0	0	0	2
tweet_00160391	saude202302_n_00185_00000005.jpg	-1	2	0	0	0	0	0	0	0	0	0	0	-4
tweet_00160417	saude202302_n_00186_00000002.jpg	0	-1	0	0	0	0	0	0	0	0	0	0	-4
tweet_00160440	saude202302_n_00186_00000003.jpg	0	2	1	0	0	0	0	0	0	0	0	0	-3
tweet_00160469	saude202302_n_00186_00000004.jpg	0	0	0	0	0	0	0	1	0	0	0	-1	-1
tweet_00160473	saude202302_n_00187_00000001.jpg	0	2	0	-1	0	0	0	0	0	1	0	0	0
tweet_00160502	saude202302_n_00187_00000002.png	0	2	0	-2	0	0	0	0	0	0	0	0	-4
tweet_00160507	saude202302_n_00187_00000003.jpg	-2	2	0	-1	0	0	0	7	0	1	0	0	0
tweet_00160518	saude202302_n_00187_00000004.png	-1	2	0	0	0	0	0	0	-2	0	0	0	2
tweet_00160556	saude202302_n_00188_00000001.jpg	1	2	0	-1	0	0	0	8	0	5	0	0	0
tweet_00160577	saude202302_n_00188_00000002.jpg	0	4	0	0	0	0	0	0	0	0	1	0	0
tweet_00160588	saude202302_n_00189_00000001.jpg	-1	4	0	0	0	0	1	0	0	0	0	0	-5
tweet_00160589	saude202302_n_00189_00000002.jpg	0	1	0	-1	0	0	0	0	0	1	1	-2	0
tweet_00160603	saude202302_n_00189_00000003.jpg	0	2	0	0	0	0	0	6	0	0	0	0	0
tweet_00160618	saude202302_n_00190_00000001.jpg	0	2	0	0	0	0	0	13	0	4	0	0	0
tweet_00160630	saude202302_n_00190_00000002.png	1	0	0	0	0	2	0	0	0	5	0	0	0
tweet_00160634	saude202302_n_00190_00000004.jpg	0	1	0	0	0	0	0	1	0	0	0	0	3
tweet_00160648	saude202302_n_00191_00000001.jpg	0	-3	0	0	0	1	0	0	0	4	0	0	0
tweet_00160653	saude202302_n_00191_00000002.jpg	0	1	0	0	0	0	0	0	0	3	0	0	0
tweet_00160656	saude202302_n_00191_00000003.jpg	0	0	0	0	0	0	1	0	0	-1	2	0	0
tweet_00160660	saude202302_n_00191_00000004.jpg	1	2	0	0	0	0	0	0	0	19	0	0	0
tweet_00160674	saude202302_n_00191_00000006.jpg	0	2	0	0	-1	0	0	1	0	0	0	0	0
tweet_00160688	saude202302_n_00191_00000007.jpg	1	5	0	-1	0	0	2	0	0	0	0	0	0
tweet_00160697	saude202302_n_00191_00000009.jpg	1	3	0	-3	0	1	0	8	0	0	0	0	14
tweet_00160699	saude202302_n_00192_00000001.jpg	1	0	0	0	0	1	2	0	0	0	0	0	5
tweet_00160712	saude202302_n_00192_00000002.jpg	0	-3	0	0	0	1	0	0	0	8	0	0	0
tweet_00160725	saude202302_n_00192_00000003.jpg	0	0	0	0	0	3	0	0	0	5	0	0	0
tweet_00160736	saude202302_n_00192_00000006.jpg	0	0	0	0	0	0	0	2	0	0	0	0	-3
tweet_00160737	saude202302_n_00192_00000007.png	0	2	0	-2	0	0	0	0	3	0	0	-1	-2
tweet_00160738	saude202302_n_00192_00000008.png	1	1	0	0	0	2	15	0	0	2	0	0	23
tweet_00160746	saude202302_n_00192_00000010.jpg	0	-3	1	0	1	0	0	0	0	5	0	0	0
tweet_00160749	saude202302_n_00192_00000011.jpg	1	-3	1	0	0	0	0	1	0	6	0	0	0
tweet_00160757	saude202302_n_00193_00000001.jpg	0	0	-1	0	0	5	0	0	0	0	0	0	-6
tweet_00160758	saude202302_n_00193_00000002.jpg	0	1	0	0	0	0	0	1	0	0	0	0	14
tweet_00160787	saude202302_n_00193_00000003.jpg	3	-1	0	0	0	2	0	0	0	4	0	0	0
tweet_00160812	saude202303_n_00004_00000002.jpg	1	2	0	0	0	0	0	1	0	2	0	0	1
tweet_00160813	saude202303_n_00005_00000001.jpg	-2	2	0	-2	0	1	0	0	0	0	0	0	-3
tweet_00160822	saude202303_n_00008_00000001.png	0	1	0	0	0	0	0	0	0	0	0	0	-5
tweet_00160823	saude202303_n_00008_00000002.png	0	0	0	0	0	1	0	0	0	0	0	0	-5
tweet_00160837	saude202303_n_00010_00000001.jpg	1	3	0	-1	0	2	0	0	0	5	0	0	0
tweet_00160845	saude202303_n_00012_00000001.jpg	0	3	-1	-1	0	2	2	3	0	0	0	0	17
tweet_00160854	saude202303_n_00014_00000001.jpg	-3	1	1	0	0	0	1	0	0	0	0	0	-3
tweet_00160871	saude202303_n_00016_00000001.png	1	-1	0	0	0	1	1	0	0	0	0	0	3
tweet_00160881	saude202303_n_00017_00000001.jpg	1	1	0	-1	-1	0	0	0	-1	0	-17	-1	-2
tweet_00160885	saude202303_n_00018_00000001.jpg	0	2	0	0	0	2	0	3	0	0	0	0	13
tweet_00160894	saude202303_n_00020_00000002.jpg	0	-1	0	0	0	0	0	0	0	0	0	0	-4
tweet_00160908	saude202303_n_00024_00000001.jpg	-1	-2	2	-1	0	0	0	0	0	0	-3	-3	-3
tweet_00160921	saude202303_n_00027_00000001.jpg	0	1	0	0	0	3	0	0	0	1	0	0	0
tweet_00160937	saude202303_n_00057_00000001.jpg	0	3	0	0	0	3	0	0	0	4	0	0	0
tweet_00160940	saude202303_n_00032_00000001.jpg	0	3	0	0	0	3	0	0	0	7	0	0	0
tweet_00160955	saude202303_n_00033_00000001.png	0	0	0	0	0	0	0	0	0	0	0	0	-6
tweet_00160963	saude202303_n_00041_00000001.jpg	0	1	0	0	0	0	5	0	0	0	0	0	-5
tweet_00160964	saude202303_n_00041_00000003.jpg	-1	0	0	0	0	1	4	0	0	0	0	0	-5
tweet_00160976	saude202303_n_00043_00000001.jpg	0	0	0	0	0	0	0	3	1	0	0	0	-1
tweet_00160981	saude202303_n_00045_00000001.jpg	1	1	0	0	0	0	0	0	0	11	0	0	0
tweet_00161021	saude202303_n_00052_00000001.jpg	0	1	0	-1	0	2	0	5	1	0	0	0	-1
tweet_00161048	saude202303_n_00057_00000003.jpg	0	1	0	0	0	2	0	0	0	0	0	0	-3
tweet_00161052	saude202303_n_00058_00000001.jpg	0	1	0	-1	0	2	0	0	0	15	0	0	0
tweet_00161066	saude202303_n_00060_00000001.png	-1	1	0	0	0	2	0	0	0	0	0	0	-1
tweet_00161086	saude202303_n_00063_00000001.jpg	1	3	0	0	0	0	0	0	0	2	0	0	0
tweet_00161104	saude202303_n_00064_00000001.jpg	0	1	0	0	0	1	0	3	0	-1	0	0	-1
tweet_00161106	saude202303_n_00065_00000001.jpg	1	1	0	0	0	2	0	0	0	1	0	0	0
tweet_00161123	saude202303_n_00066_00000001.jpg	0	1	-1	0	0	3	0	1	0	0	0	0	-1
tweet_00161133	saude202303_n_00067_00000001.jpg	0	1	0	0	0	3	0	4	1	0	0	0	-1
tweet_00161142	saude202303_n_00068_00000001.jpg	1	1	0	-1	0	2	0	0	0	8	0	0	0
tweet_00161155	saude202303_n_00070_00000001.jpg	1	1	0	0	0	2	0	1	0	3	0	0	0
tweet_00161173	saude202303_n_00075_00000002.jpg	0	1	0	-1	0	1	0	0	0	10	0	0	0
tweet_00161174	saude202303_n_00076_00000001.jpg	0	0	1	-1	0	0	2	0	0	0	0	0	-1
tweet_00161187	saude202303_n_00077_00000001.jpg	0	-1	0	0	0	0	0	0	0	4	0	0	0
tweet_00161192	saude202303_n_00079_00000001.jpg	0	1	0	0	0	0	0	0	0	0	0	0	-4
tweet_00161207	saude202303_n_00084_00000001.png	0	0	0	0	0	0	0	0	0	5	0	0	0
tweet_00161215	saude202303_n_00085_00000001.jpg	0	1	0	0	0	2	0	0	0	2	0	0	0
tweet_00161224	saude202303_n_00090_00000001.jpg	1	1	0	0	0	4	0	0	0	0	0	-1	-1
tweet_00161228	saude202303_n_00090_00000003.jpg	2	1	0	0	0	1	0	0	0	0	0	0	-2
tweet_00161236	saude202303_n_00097_00000001.jpg	1	1	-1	0	0	3	0	0	0	14	0	0	0
tweet_00161237	saude202303_n_00097_00000002.jpg	1	1	0	0	0	1	0	0	0	9	0	0	0
tweet_00161254	saude202303_n_00103_00000003.jpg	0	1	0	0	0	2	0	0	0	14	0	0	0
tweet_00161257	saude202303_n_00105_00000001.jpg	2	1	0	0	1	2	0	0	0	19	0	0	0
tweet_00161273	saude202303_n_00110_00000002.jpg	1	1	0	-1	0	1	0	0	0	11	0	1	0
tweet_00161286	saude202303_n_00113_00000001.jpg	1	1	-1	0	0	3	0	0	0	5	0	0	0
tweet_00161289	saude202303_n_00113_00000003.jpg	1	1	0	0	0	0	1	6	4	0	-1	0	1
tweet_00161313	saude202303_n_00114_00000001.jpg	1	1	0	0	0	1	0	0	0	9	0	0	0
tweet_00161317	saude202303_n_00114_00000002.png	0	1	0	0	0	2	0	0	0	22	0	0	0
tweet_00161328	saude202303_n_00114_00000003.jpg	0	1	0	0	0	0	0	0	0	7	0	0	0
tweet_00161339	saude202303_n_00115_00000001.png	1	3	0	0	0	2	0	0	0	10	0	0	0
tweet_00161366	saude202303_n_00115_00000011.jpg	0	1	0	0	1	0	0	0	0	0	0	0	0
tweet_00161367	saude202303_n_00115_00000014.jpg	1	1	0	0	0	0	0	0	0	0	1	0	0
tweet_00161374	saude202303_n_00115_00000015.jpg	1	3	0	0	0	2	0	0	0	8	0	0	0
tweet_00161385	saude202303_n_00116_00000001.jpg	0	1	0	0	0	2	0	0	0	19	0	0	0
tweet_00161401	saude202303_n_00120_00000001.jpg	1	1	1	0	-1	0	0	2	0	0	0	0	0
tweet_00161413	saude202303_n_00117_00000011.jpg	0	0	0	0	0	0	0	2	0	0	0	0	0
tweet_00161421	saude202303_n_00117_00000015.jpg	2	0	0	0	0	0	0	0	1	0	0	-4	-2
tweet_00161445	saude202303_n_00118_00000001.jpg	1	1	-1	0	0	3	0	3	0	0	0	-1	0
tweet_00161449	saude202303_n_00119_00000008.jpg	3	1	0	0	0	2	0	0	0	21	0	0	0
tweet_00161450	saude202303_n_00119_00000001.jpg	1	3	0	0	0	2	0	0	0	8	0	0	0
tweet_00161456	saude202303_n_00119_00000013.jpg	4	1	0	0	0	3	0	1	0	21	0	0	0
tweet_00161483	saude202303_n_00120_00000002.jpg	2	3	0	0	0	1	0	0	0	22	0	0	0
tweet_00161492	saude202303_n_00120_00000004.jpg	1	2	0	0	0	0	1	0	0	0	1	0	1
tweet_00161495	saude202303_n_00120_00000006.jpg	0	1	0	0	0	2	0	0	1	13	0	0	0
tweet_00161496	saude202303_n_00120_00000007.jpg	0	1	0	0	0	1	0	0	0	21	0	0	0
tweet_00161501	saude202303_n_00121_00000001.jpg	0	1	0	0	0	1	0	0	0	10	0	0	0
tweet_00161508	saude202303_n_00121_00000002.jpg	-1	2	0	0	1	0	0	0	0	0	0	0	-4
tweet_00161509	saude202303_n_00121_00000003.jpg	0	0	0	0	0	0	1	0	0	0	0	0	-6
tweet_00161515	saude202303_n_00121_00000004.jpg	1	1	0	0	0	0	0	0	0	20	0	0	0
tweet_00161547	saude202303_n_00121_00000006.jpg	1	3	0	-1	0	0	0	5	0	1	0	0	0
tweet_00161555	saude202303_n_00121_00000010.jpg	0	5	0	-1	0	0	0	15	0	0	0	0	7
tweet_00161561	saude202303_n_00122_00000001.jpg	0	2	0	-1	0	0	0	1	0	1	-1	0	-2
tweet_00161572	saude202303_n_00122_00000002.jpg	-2	1	0	0	0	0	0	0	0	0	0	0	-3
tweet_00161574	saude202303_n_00122_00000003.jpg	0	2	0	-1	1	0	2	0	0	0	0	0	-4
tweet_00161575	saude202303_n_00122_00000004.jpg	0	2	1	-1	0	0	0	0	0	0	0	0	-4
tweet_00161609	saude202303_n_00122_00000005.png	-3	1	-1	0	0	1	0	4	0	1	0	0	3
tweet_00161610	saude202303_n_00122_00000006.png	-1	0	0	0	0	0	0	0	0	0	0	0	-1
tweet_00161664	saude202303_n_00123_00000002.jpg	1	2	0	0	0	0	0	4	0	1	0	0	0
tweet_00161669	saude202303_n_00123_00000003.jpg	-1	-1	0	0	0	0	1	2	0	0	0	0	1
tweet_00161675	saude202303_n_00124_00000001.jpg	2	2	0	0	1	0	1	0	0	11	0	0	0
tweet_00161676	saude202303_n_00124_00000002.jpg	0	1	1	0	0	0	0	0	0	0	1	0	-7
tweet_00161697	saude202303_n_00126_00000001.jpg	1	1	0	-1	0	0	0	3	0	2	0	0	0
tweet_00161736	saude202303_n_00128_00000001.jpg	5	1	0	0	-2	0	0	0	0	13	0	1	1
tweet_00161775	saude202303_n_00131_00000001.jpg	0	1	0	0	0	0	0	1	0	0	0	0	0
tweet_00161780	saude202303_n_00131_00000002.jpg	0	2	0	-1	0	0	0	2	0	4	0	0	0
tweet_00161803	saude202303_n_00131_00000003.jpg	1	0	0	0	0	-1	0	0	0	1	0	-1	-1
tweet_00161847	saude202303_n_00132_00000001.png	1	5	0	0	0	0	0	4	0	0	0	-1	2
tweet_00161887	saude202303_n_00132_00000002.jpg	2	1	0	-1	-1	0	0	0	0	1	0	0	-1
tweet_00161897	saude202303_n_00132_00000004.jpg	0	3	0	-1	0	0	0	0	0	0	0	0	-2
tweet_00161899	saude202303_n_00133_00000001.jpg	1	1	0	0	0	0	0	1	0	0	0	-1	-2
tweet_00161903	saude202303_n_00133_00000002.png	0	5	0	-1	0	0	0	0	0	1	0	0	-1
tweet_00161914	saude202303_n_00133_00000003.jpg	1	1	0	0	-1	0	0	0	0	1	0	0	0
tweet_00161923	saude202303_n_00133_00000005.jpg	2	1	0	-1	-1	0	0	0	0	1	0	0	0
tweet_00161931	saude202303_n_00133_00000006.jpg	0	4	0	0	0	0	11	0	0	0	-1	0	0
tweet_00161949	saude202303_n_00133_00000007.jpg	0	-1	0	0	0	1	0	0	0	0	0	0	-3
tweet_00161952	saude202303_n_00134_00000001.jpg	1	-3	0	0	0	2	0	0	0	7	0	0	0
tweet_00161956	saude202303_n_00134_00000003.jpg	0	-2	0	0	0	2	0	0	0	31	0	0	0
tweet_00161958	saude202303_n_00134_00000004.jpg	0	3	-1	0	0	1	0	0	0	6	0	0	0
tweet_00161994	saude202303_n_00136_00000001.jpg	1	0	0	0	0	4	2	0	0	0	0	0	-3
tweet_00162072	saude202303_n_00138_00000002.jpg	0	1	0	0	0	0	0	0	0	13	0	1	0
tweet_00162090	saude202303_n_00138_00000003.jpg	0	1	0	0	0	0	1	0	0	15	0	3	2
tweet_00162117	saude202303_n_00139_00000001.png	0	4	0	0	0	0	0	0	0	0	3	0	0
tweet_00162157	saude202303_n_00139_00000004.jpg	1	1	0	0	0	0	5	0	0	1	0	0	0
tweet_00162198	saude202303_n_00140_00000002.jpg	0	4	0	0	0	0	-1	0	0	0	12	2	0
tweet_00162199	saude202303_n_00140_00000003.png	1	0	0	0	4	0	0	2	0	-1	0	0	1
tweet_00162235	saude202303_n_00141_00000001.jpg	0	2	0	-1	0	0	2	0	0	0	0	0	-5
tweet_00162237	saude202303_n_00141_00000002.jpg	1	-2	0	0	0	0	0	0	0	15	0	0	0
tweet_00162238	saude202303_n_00141_00000003.jpg	0	-1	0	0	0	0	0	0	0	0	0	0	-5
tweet_00162273	saude202303_n_00141_00000009.jpg	3	-3	0	0	0	0	1	1	0	0	0	-1	-4
tweet_00162284	saude202303_n_00141_00000010.jpg	1	1	0	0	0	0	0	0	0	1	0	0	-1
tweet_00162298	saude202303_n_00141_00000013.jpg	1	1	0	0	0	0	0	0	2	0	0	13	1
tweet_00162314	saude202303_n_00142_00000002.jpg	1	1	0	0	0	0	1	0	0	7	0	1	1
tweet_00162317	saude202303_n_00142_00000003.jpg	-1	-2	0	0	0	0	2	0	0	0	0	0	-4
tweet_00162327	saude202303_n_00142_00000004.png	1	1	1	0	0	0	3	0	0	1	0	0	0
tweet_00162339	saude202303_n_00142_00000005.jpg	-1	0	0	0	0	2	0	0	0	0	0	0	-4
tweet_00162341	saude202303_n_00142_00000007.jpg	1	-2	0	0	0	2	0	0	0	4	0	0	0
tweet_00162346	saude202303_n_00142_00000009.jpg	1	-2	0	0	0	1	0	0	0	4	0	0	0
tweet_00162347	saude202303_n_00142_00000010.jpg	2	-1	0	0	0	2	0	0	0	5	0	0	0
tweet_00162350	saude202303_n_00142_00000012.jpg	0	3	0	0	0	1	0	1	0	0	0	0	6
tweet_00162354	saude202303_n_00144_00000001.jpg	0	5	0	0	0	1	1	4	0	0	0	0	-1
tweet_00162361	saude202303_n_00144_00000002.jpg	2	1	-1	1	0	0	0	0	0	1	0	0	0
tweet_00162374	saude202303_n_00145_00000002.jpg	1	2	0	-1	0	0	0	0	0	0	0	0	-1
tweet_00162384	saude202303_n_00145_00000003.jpg	-2	1	0	0	0	0	1	0	0	0	0	-1	-2
tweet_00162386	saude202303_n_00145_00000004.jpg	0	2	0	-1	0	0	0	0	0	2	0	0	0
tweet_00162396	saude202303_n_00145_00000005.jpg	1	4	0	-1	0	0	1	7	0	0	0	0	25
tweet_00162414	saude202303_n_00145_00000007.jpg	0	2	0	0	0	0	0	1	0	0	0	0	-1
tweet_00162417	saude202303_n_00145_00000008.png	0	3	0	0	0	1	0	0	0	-1	0	0	-2
tweet_00162434	saude202303_n_00146_00000001.jpg	0	-1	1	0	-1	0	0	3	0	0	-2	0	-1
tweet_00162459	saude202303_n_00146_00000002.jpg	0	2	0	0	0	0	0	17	0	0	0	0	10
tweet_00162490	saude202303_n_00147_00000010.jpg	2	1	0	0	0	0	0	0	0	0	0	0	-2
tweet_00162491	saude202303_n_00146_00000003.png	0	-3	0	0	0	1	0	0	0	0	0	0	-2
tweet_00162495	saude202303_n_00146_00000004.jpg	1	0	0	0	0	1	0	0	0	0	0	0	-5
tweet_00162499	saude202303_n_00147_00000001.jpg	-1	1	0	0	0	0	2	2	0	0	0	-1	-1
tweet_00162506	saude202303_n_00147_00000006.jpg	1	5	0	0	0	0	1	9	0	0	0	0	21
tweet_00162526	saude202303_n_00147_00000011.jpg	3	2	0	0	0	0	0	1	0	1	0	0	5
tweet_00162566	saude202303_n_00150_00000001.jpg	1	3	0	0	0	0	1	14	0	0	0	0	17
tweet_00162584	saude202303_n_00152_00000001.jpg	1	1	0	-1	0	0	4	0	0	0	0	0	-4
tweet_00162591	saude202303_n_00152_00000005.jpg	1	2	0	-1	0	0	0	0	0	7	0	0	1
tweet_00162600	saude202303_n_00152_00000006.jpg	0	2	0	-1	0	0	1	6	0	0	0	0	0
tweet_00162612	saude202303_n_00153_00000001.jpg	0	2	0	-1	0	0	0	1	0	0	0	-1	0
tweet_00162615	saude202303_n_00153_00000003.jpg	2	4	0	-2	-1	0	0	1	0	12	0	0	0
tweet_00162634	saude202303_n_00154_00000002.jpg	0	7	0	0	0	0	0	0	10	0	0	7	1
tweet_00162635	saude202303_n_00154_00000003.jpg	2	3	0	-1	0	0	0	0	0	21	0	1	0
tweet_00162645	saude202303_n_00155_00000001.jpg	0	0	1	0	0	2	0	0	0	0	0	0	-4
tweet_00162648	saude202303_n_00155_00000003.jpg	1	2	0	0	0	0	0	0	1	7	0	1	1
tweet_00162661	saude202303_n_00155_00000005.jpg	4	2	0	-1	0	0	0	0	0	1	0	0	-1
tweet_00162666	saude202303_n_00155_00000006.jpg	5	5	0	-1	0	0	0	0	0	-1	1	0	-2
tweet_00162668	saude202303_n_00155_00000010.jpg	0	-2	0	0	2	0	0	0	0	1	2	0	0
tweet_00162672	saude202303_n_00156_00000001.jpg	1	-4	0	0	0	3	0	0	0	8	0	0	0
tweet_00162675	saude202303_n_00156_00000002.jpg	1	1	0	1	0	0	0	0	0	2	0	0	-1
tweet_00162678	saude202303_n_00156_00000003.jpg	1	2	0	0	0	0	1	0	0	1	0	-5	-1
tweet_00162683	saude202303_n_00156_00000004.jpg	0	5	0	0	0	0	0	0	1	0	1	0	0
tweet_00162688	saude202303_n_00156_00000006.jpg	1	2	0	0	0	0	0	4	0	-1	0	0	24
tweet_00162692	saude202303_n_00156_00000008.jpg	0	3	1	-2	0	0	2	0	0	0	0	0	-1
tweet_00162703	saude202303_n_00156_00000010.jpg	1	1	0	0	0	0	0	-3	4	0	16	2	0
tweet_00162720	saude202303_n_00157_00000002.jpg	0	2	0	-1	0	0	0	10	0	1	0	0	0
tweet_00162738	saude202303_n_00158_00000001.jpg	0	1	0	0	0	1	0	2	0	0	0	0	-2
tweet_00162746	saude202303_n_00158_00000002.jpg	5	2	0	0	0	0	0	0	0	0	3	-1	0
tweet_00162747	saude202303_n_00159_00000001.jpg	0	3	0	0	0	0	0	0	0	0	0	0	-3
tweet_00162749	saude202303_n_00159_00000003.png	1	2	0	-1	0	0	0	0	0	0	0	0	-4
tweet_00162777	saude202303_n_00160_00000002.jpg	-1	1	0	0	0	0	1	0	0	1	0	0	-1
tweet_00162812	saude202303_n_00179_00000001.jpg	2	1	-1	0	-1	0	0	0	0	0	0	0	-2
tweet_00162846	saude202303_n_00183_00000001.jpg	0	-1	0	0	2	0	0	0	0	5	0	0	-1
tweet_00162883	saude202303_n_00189_00000001.jpg	1	0	0	0	0	0	4	10	2	0	0	6	11
tweet_00162884	saude202303_n_00190_00000001.jpg	0	-2	0	1	1	0	0	0	0	0	1	0	-1
tweet_00162886	saude202303_n_00191_00000001.jpg	2	-2	0	0	3	1	0	0	0	3	0	0	0
tweet_00162888	saude202303_n_00191_00000003.jpg	-4	0	0	0	0	0	0	2	0	0	0	0	-1
tweet_00162919	saude202303_n_00195_00000001.jpg	-1	1	0	0	-1	0	0	0	0	0	0	0	-3
tweet_00162947	saude202303_n_00198_00000003.jpg	0	1	2	0	-1	0	2	2	0	0	0	0	9
tweet_00162980	saude202303_n_00200_00000002.jpg	-1	0	0	0	0	0	0	0	0	0	0	0	-7
tweet_00163005	saude202303_n_00201_00000006.jpg	2	-2	0	-1	3	1	0	0	0	2	0	0	0
tweet_00163014	saude202303_n_00202_00000001.jpg	1	-1	0	0	1	0	0	0	0	25	0	0	0
tweet_00163044	saude202303_n_00202_00000005.jpg	0	-2	0	0	2	0	0	0	0	8	0	-1	0
tweet_00163045	saude202303_n_00202_00000006.jpg	1	-2	0	0	2	0	0	-1	0	0	8	0	0
tweet_00163082	saude202303_n_00204_00000001.jpg	1	2	0	0	0	1	0	0	0	2	0	0	-1
tweet_00163086	saude202303_n_00204_00000002.jpg	1	-2	0	0	2	0	0	0	0	1	0	-1	0
tweet_00163110	saude202303_n_00204_00000005.jpg	1	-2	0	0	2	0	0	0	0	0	3	0	0
tweet_00163111	saude202303_n_00204_00000006.jpg	3	-3	0	0	3	0	0	0	0	0	1	0	0
tweet_00163124	saude202303_n_00205_00000001.jpg	2	-2	0	0	2	0	0	0	0	0	3	0	0
tweet_00163169	saude202303_n_00206_00000003.jpg	2	-2	0	0	1	0	0	0	0	3	0	0	0
tweet_00163187	saude202303_n_00206_00000007.jpg	1	-3	0	0	2	0	0	0	0	6	0	0	0
tweet_00163199	saude202303_n_00206_00000009.jpg	0	2	0	0	0	0	0	1	0	0	0	-3	0
tweet_00163210	saude202303_n_00206_00000011.jpg	2	-2	0	0	1	3	0	0	0	0	0	0	-5
tweet_00163212	saude202303_n_00207_00000001.jpg	0	1	0	1	0	2	0	0	0	0	0	0	-4
tweet_00163219	saude202303_n_00207_00000002.jpg	0	0	0	0	0	1	3	0	0	0	0	0	-4
tweet_00163225	saude202303_n_00207_00000003.jpg	0	2	0	0	0	0	0	0	0	0	0	-5	0
tweet_00163233	saude202303_n_00207_00000004.png	0	3	0	-1	0	0	0	8	0	4	0	0	19
tweet_00163250	saude202303_n_00207_00000005.jpg	1	0	0	0	0	0	0	0	0	0	0	1	0
