_NAME_,Factor1,Factor2,Factor3,Factor4,Factor5,Factor6,Factor7,loaded,factor,pole
v000001,-0.218689815,0.4937370611,0.9168429672,0.2155700494,-0.354047062,0.3431123813,-0.019047617,1,fac3,1
v000002,0.5848304999,-0.304930562,-0.034115662,-0.19955426,-0.076300744,-0.040315687,0.3715918158,1,fac1,1
v000003,0.4487262199,-0.351621722,0.0312465426,-0.028913513,0.1316087394,-0.152155861,0.2214294039,1,fac1,1
v000004,-0.143172276,0.4554338826,0.373903229,-0.019697986,-0.206880822,0.208085558,-0.001111547,1,fac2,1
v000005,-0.064209745,-0.324041856,1.1400230402,-0.203354366,-0.243406961,-0.13375953,0.1230212639,1,fac3,1
v000006,-0.039443714,0.390547328,0.8732711341,-0.235697391,-0.30749603,0.1025051553,-0.432580032,1,fac3,1
v000007,0.1991063679,0.0265195552,-0.236990861,-0.24710145,0.0915623932,0.2028199483,-0.251317575,0,,
v000008,-0.182503324,-0.136666548,-0.157368376,-0.181460136,0.717333763,-0.24193417,0.0487897904,1,fac5,1
v000009,-0.507936858,-0.438881335,-0.35124738,-0.268756853,-0.729277278,0.0150880655,-0.042705364,1,fac5,-1
v000010,-0.467542597,-0.409683098,-0.293705686,-0.372123474,-0.659240495,-0.071965189,-0.04819872,1,fac5,-1
v000011,-0.071637415,0.4425384031,-0.025424348,-0.098251136,-0.059804635,-0.077985393,-0.17907341,1,fac2,1
v000012,-0.162077303,-0.149021181,0.1600639161,-0.063784927,0.0648767043,-0.564939255,0.1084072535,1,fac6,-1
v000013,-0.130842687,-0.110084107,0.0775607964,-0.028084608,-0.050983642,-0.426945816,0.0408388487,1,fac6,-1
v000014,-0.221113985,-0.128397248,-0.034236003,0.0516734681,-0.095018494,-0.325869864,0.2211082951,1,fac6,-1
v000015,-0.459194665,-0.408728262,-0.295570838,-0.329588825,-0.73414969,0.1149099133,-0.134609264,1,fac5,-1
v000016,-0.521134867,-0.476185725,-0.192181614,-0.354388752,-0.638793824,-0.231818486,0.0259241181,1,fac5,-1
v000017,-0.464923126,-0.453544943,-0.377943896,-0.267732501,-0.750503951,0.1150548339,-0.138961359,1,fac5,-1
v000018,-0.197761132,-0.187177112,-0.157902369,-0.121332656,-0.418118235,0.0151042424,-0.190571605,1,fac5,-1
v000019,-0.398988007,-0.419528547,-0.263852281,-0.337698166,-0.633445368,0.0355784001,-0.207664073,1,fac5,-1
v000020,-0.404851445,-0.381469362,-0.334099187,-0.340532811,-0.729921601,0.1204900149,-0.199115471,1,fac5,-1
v000021,-0.380070525,-0.361035459,-0.353310642,-0.338916578,-0.72084721,0.1685087187,-0.264998534,1,fac5,-1
v000022,-0.363184906,-0.597955499,-0.205596204,-0.314708574,-0.480755526,0.1997305078,-0.01474456,1,fac2,-1
v000023,-0.505328114,-0.470472634,-0.168795365,-0.300679959,-0.522845813,-0.239899575,0.0625604712,1,fac5,-1
v000024,-0.192435267,-0.452051701,-0.183187819,-0.275783003,-0.335258617,0.3074234911,-0.185969744,1,fac2,-1
v000025,0.0719593914,0.0045561088,-0.070880622,-0.001666655,0.0053090514,-0.121308881,-0.114096058,0,,
v000026,0.1455463847,-0.016567142,0.0054155324,-0.028024627,-0.018552816,-0.008126664,-0.204725722,0,,
v000027,0.0407292761,-0.000163255,-0.058558911,-0.01563471,-0.009729958,-0.093024029,-0.238503187,0,,
v000028,-0.111685536,-0.201591597,0.1838374017,-0.062044538,0.5631757539,0.2499425723,0.1524339867,1,fac5,1
v000029,-0.108994942,-0.291413567,-0.077357528,0.2122427177,0.1106052409,-0.337297568,0.1732407327,1,fac6,-1
v000030,-0.376083698,-0.246226654,-0.29390262,0.1649678357,-0.13047648,-0.036192918,0.0247735549,1,fac1,-1
v000031,0.042724775,0.0263248965,-0.1111219,0.2849699939,0.0042590463,-0.129816034,-0.306949815,1,fac7,-1
v000032,0.0087518234,0.1063117762,0.0661408225,-0.06103836,-0.007492997,0.0166166377,-0.263566846,0,,
v000033,-0.202170711,0.0092727851,0.0276168988,-0.26175316,-0.364340178,-0.396953249,-0.061331825,1,fac6,-1
v000034,0.074572946,0.1122439974,-0.057201811,-0.185232127,-0.435171361,-0.06311521,-0.395520772,1,fac5,-1
v000035,0.0192554025,0.0732416366,-0.044166697,-0.093454022,-0.087586949,-0.081442763,-0.264342981,0,,
v000036,-0.198639938,-0.107986641,0.2818394594,0.3813853559,-0.036555188,-0.037582456,0.1555577093,1,fac4,1
v000037,0.0128594565,-0.035047627,-0.148310044,-0.1858755,0.7724196281,-0.149656627,-0.225667518,1,fac5,1
v000038,-0.096520219,-0.046186783,-0.193886985,-0.087791227,0.8382008239,-0.273264777,0.1037613529,1,fac5,1
v000039,0.0782387056,-0.19020663,0.3768404711,-0.182072136,0.0888255676,-0.207884511,-0.022108842,1,fac3,1
v000040,0.3829171142,-0.218132347,0.5925181718,0.0987959024,-0.107303611,0.5321824175,0.353249456,1,fac3,1
v000041,0.3700514059,-0.127218273,-0.045325549,0.0034818156,-0.096035293,0.1659858942,-0.029978769,1,fac1,1
v000042,-0.241781608,-0.214863151,-0.081958493,0.1783528874,-0.09852111,-0.1905178,0.3169496964,1,fac7,1
v000043,0.1439094302,0.1366625224,-0.166209493,-0.074489543,0.0230032423,0.0393173591,-0.440694314,1,fac7,-1
v000044,0.04855894,0.0548993775,-0.059060407,-0.065218746,-0.038758726,-0.097211332,-0.276765778,0,,
v000045,-0.018853033,-0.184503827,0.3224761889,-0.109645892,0.0085426253,-0.358729385,0.0492568072,1,fac6,-1
v000046,-0.244136442,-0.06624803,-0.244184356,-0.101499992,0.8248974657,-0.123313059,0.1322823364,1,fac5,1
v000047,0.0167627183,-0.017487456,-0.019821944,-0.099768552,0.0689087831,-0.459124424,-0.072870587,1,fac6,-1
v000048,-0.042006382,-0.076142641,0.0410319072,-0.040702628,0.0248848316,-0.442851384,0.0109937064,1,fac6,-1
v000049,-0.02336622,-0.072517518,0.0390007599,-0.04616624,0.0220253546,-0.442921133,-0.008278868,1,fac6,-1
v000050,0.0065197344,0.037257739,-0.197312339,-0.103684222,0.6275644049,-0.165844481,-0.166204467,1,fac5,1
v000051,0.356152313,-0.284442343,0.6067106496,-0.310867254,-0.066278422,0.3552973081,0.4219559397,1,fac3,1
v000052,0.141180593,0.4558633803,-0.417976063,-0.311403875,-0.09118606,0.0630586313,0.7263173154,1,fac7,1
v000053,0.3991296593,-0.271682229,0.0665374593,-0.211807387,-0.057609578,-0.107461391,0.3585699924,1,fac1,1
v000054,-0.056464991,-0.006928528,-0.324497554,-0.085775429,0.081105592,0.1056603391,-0.365065952,1,fac7,-1
v000055,-0.217929684,-0.095861362,-0.473160166,-0.107338225,0.120868115,0.2871901351,-0.374864373,1,fac3,-1
v000056,-0.051781487,-0.065788502,-0.485902326,-0.201477681,0.2139489711,0.3025738548,-0.45295,1,fac3,-1
v000057,-0.089161792,-0.077722312,-0.672275058,-0.168877029,0.3220161124,0.4238574049,-0.511645618,1,fac3,-1
v000058,-0.173661711,-0.060896303,-0.588836307,-0.165544944,0.4050727051,0.3384199341,-0.438974901,1,fac3,-1
v000059,-0.419241897,-0.260978553,-0.442648526,-0.24950115,-0.086342228,0.0892652999,-0.199952557,1,fac3,-1
v000060,-0.459371302,-0.406100517,-0.372267318,-0.329192855,-0.742313694,0.1056078776,-0.147231807,1,fac5,-1
v000061,-0.044294293,0.4544145076,-0.101102631,0.2112642299,-0.072180123,0.2722082952,-0.306641622,1,fac2,1
v000062,-0.044876042,0.0007230833,0.0065988976,-0.054972881,0.0925188463,-0.36273843,-0.055724528,1,fac6,-1
v000063,0.1228011534,-0.633150123,0.2422804106,-0.133500096,0.1397931002,1.0286778801,0.2406228365,1,fac6,1
v000064,-0.347753789,-0.402376161,0.3484693088,-0.14684018,0.0939291208,1.0555841833,0.1842862261,1,fac6,1
v000065,-0.356122232,-0.472342863,0.0473397669,-0.056435832,0.0362626429,0.5142163628,0.1908731401,1,fac6,1
v000066,-0.02017792,-0.013300717,-0.006777094,-0.016140497,-0.014927502,-0.319737281,-0.071881717,1,fac6,-1
v000067,-0.014897466,0.0181165119,0.1540878941,0.1673680697,0.0274872144,0.051886267,-0.23582698,0,,
v000068,-0.038429644,-0.184049097,0.7391441056,-0.182667311,-0.18130304,-0.450024883,5.9523571E-6,1,fac3,1
v000069,0.0444229701,-0.185846866,0.6511437082,-0.139568508,-0.197165897,-0.279498407,-0.103331341,1,fac3,1
v000070,-0.03864512,0.1001995514,-0.075890749,0.2418309178,-0.063438197,0.0501013454,-0.215018597,0,,
v000071,0.0207790228,-0.158569558,0.0663038306,-0.212808782,0.1663969157,0.2155209059,0.1425499379,0,,
v000072,-0.217620155,0.236901311,1.0413082671,-0.206025746,-0.223807364,-0.217339741,0.0354572572,1,fac3,1
v000073,0.0091878163,-0.04350686,0.9224591748,-0.110021616,-0.162933114,-0.000355581,-0.151715731,1,fac3,1
v000074,0.1369737285,-0.032377952,-0.120506415,0.0669450039,0.0132468733,-0.098376661,-0.069666605,0,,
v000075,-0.069390422,-0.044008226,0.5088372114,0.1744346839,-0.376699921,0.6588699803,0.1454560365,1,fac6,1
v000076,-0.084901105,-0.213297985,0.6004507803,-0.198219169,0.0660146968,-0.491564985,0.0402133794,1,fac3,1
v000077,-0.06720627,-0.213813687,0.2940184986,-0.070781721,0.3647461499,0.3323102059,0.1164738126,1,fac5,1
v000078,-0.139240021,-0.214143139,1.0263108804,-0.241772424,-0.109584645,-0.530122897,0.049015201,1,fac3,1
v000079,0.0195298908,0.0330262742,0.0118819388,-0.115183514,-0.080071295,-0.306817805,-0.215067756,1,fac6,-1
v000080,-0.069810197,-0.01187748,0.084558451,0.0457887717,-0.02240689,-0.025260555,-0.031555887,0,,
v000081,0.0551581218,0.5816065342,-0.013577636,-0.196200709,-0.290316551,0.3653155709,0.3773756487,1,fac2,1
v000082,-0.303687262,1.0216653043,0.0592966686,-0.191787772,0.4055337812,-0.074581143,-0.055831412,1,fac2,1
v000083,-0.134846786,-0.051561421,0.0054899181,0.5444026854,-0.130058915,-0.081308176,0.0750601776,1,fac4,1
v000084,0.0100852422,0.1236063532,-0.002801839,0.2236023663,-0.09217434,0.0470987787,-0.25335976,0,,
v000085,0.081448357,0.1143630499,-0.056886017,0.1669878943,-0.082705088,0.1446392419,-0.340711848,1,fac7,-1
v000086,-0.106609767,0.0624441896,0.1022264628,0.1687021433,-0.037760226,-0.252615501,0.0293703642,0,,
v000087,0.025748111,-0.072298831,0.1178265106,0.0111228762,-0.00546769,-0.217463004,0.0321740284,0,,
v000088,-0.305085569,0.0212722036,0.1311127131,0.0098964085,-0.206436791,0.0176629168,0.4818432963,1,fac7,1
v000089,-0.21142645,-0.26879922,1.0618598252,-0.189247683,0.0004506396,0.0569384339,0.2599702556,1,fac3,1
v000090,-0.156255617,-0.067717746,-0.174793944,-0.104908228,0.5944058669,0.6026841799,-0.242808813,1,fac6,1
v000091,-0.269841545,-0.124303753,-0.025526529,-0.056401496,0.5552940997,0.1443594724,0.0679257453,1,fac5,1
v000092,-0.149628149,-0.076628215,-0.155964401,-0.098548758,0.5467941547,0.5712251887,-0.248217179,1,fac6,1
v000093,-0.149628149,-0.076628215,-0.155964401,-0.098548758,0.5467941547,0.5712251887,-0.248217179,1,fac6,1
v000094,-0.159147643,-0.072017906,-0.174917821,-0.092151111,0.5930133192,0.6049029801,-0.238812534,1,fac6,1
v000095,-0.170666783,-0.076713094,-0.179117862,-0.094292883,0.5881163696,0.587334337,-0.209205826,1,fac5,1
v000096,-0.114655036,-0.058452788,-0.050677794,-0.042510762,0.276120632,0.3021345015,-0.206569488,1,fac6,1
v000097,-0.156255617,-0.067717746,-0.174793944,-0.104908228,0.5944058669,0.6026841799,-0.242808813,1,fac6,1
v000098,-0.048999419,-0.046473162,0.9180942849,-0.208440535,-0.188292204,-0.113290663,-0.162334358,1,fac3,1
v000099,0.1290131342,-0.018589591,-0.08595554,-0.153093216,0.253903823,0.1016448376,-0.244640242,0,,
v000100,0.0090028354,0.0226363656,0.009527181,-0.11301951,-0.075501919,-0.242322064,-0.241111739,0,,
v000101,-0.057029508,-0.084753748,-0.093155505,-0.167459036,0.6163909373,-0.212164201,-0.067930472,1,fac5,1
v000102,-0.037279965,0.0218320436,-0.095355763,0.3938926961,-0.064306847,0.0822582868,-0.210248604,1,fac4,1
v000103,-0.330495755,0.0923136681,0.2111503662,-0.146238122,0.1468867715,0.2883513726,0.1675067916,1,fac1,-1
v000104,-0.217925296,0.1634028652,0.2933039059,-0.058878374,0.0703236661,0.1080624108,0.2149443539,0,,
v000105,-0.195319844,1.0526189983,-0.147254272,-0.213119878,-0.116390824,0.4250609886,-0.28633758,1,fac2,1
v000106,0.2693056742,-0.133309756,0.0241594075,-0.045410768,-0.061215989,-0.194887704,-0.049035001,0,,
v000107,-0.006975111,0.3557783568,-0.410064051,-0.308401952,-0.178902613,-0.009635041,1.0333529799,1,fac7,1
v000108,-0.114974383,-0.066341626,0.6244879363,-0.112648552,-0.014667053,0.2668831017,0.1710456717,1,fac3,1
v000109,-0.142559298,0.8420452575,0.1367789397,-0.241123415,-0.108546104,0.246104738,-0.018264538,1,fac2,1
v000110,0.2108713618,0.06700227,-0.128868028,0.0186215905,0.0706373896,-0.26332472,-0.320649458,1,fac7,-1
v000111,-0.224821318,-0.262693408,-0.231176711,0.5538841144,-0.182557482,0.1189055459,-0.014664556,1,fac4,1
v000112,-0.336848125,-0.392974001,-0.193907711,-0.313366474,-0.479930157,0.3918859068,-0.244786383,1,fac5,-1
v000113,-0.154535106,-0.208745996,1.1253220393,-0.199082842,-0.204581038,-0.234999943,0.1359994208,1,fac3,1
v000114,-0.209069058,-0.312015995,0.2790860964,-0.135592309,-0.070463836,-0.527704606,0.0793693891,1,fac6,-1
v000115,-0.241376689,0.7841763399,-0.005248796,-0.061030556,0.0227330709,-0.148747222,-0.066592394,1,fac2,1
v000116,-0.25792403,0.7830289245,-0.051021078,-0.030842984,0.0320927893,-0.123631828,-0.102541122,1,fac2,1
v000117,-0.516667161,-0.478000403,-0.201303392,-0.349053574,-0.640124804,-0.231620138,0.0181355201,1,fac5,-1
v000118,-0.095031689,-0.041320898,0.0424419843,0.0783665727,-0.027755229,-0.379112409,0.0352446477,1,fac6,-1
v000119,0.0870713631,0.0027969085,-0.065355241,-0.118987986,-0.03421237,-0.353463399,0.3998042869,1,fac7,1
v000120,0.0367965824,0.1567476802,-0.108160978,-0.082059551,-0.044104613,-0.064116646,-0.211329642,0,,
v000121,0.225564685,0.0743646967,-0.227559857,-0.122327101,-0.055878232,0.0550320146,0.2073408275,0,,
v000122,-0.299805789,-0.32102825,0.5300623877,0.0327409893,0.0484625083,0.751538093,0.5109141784,1,fac6,1
v000123,0.1174409712,-0.10264196,-0.153234741,0.6018698399,0.003864399,-0.226095579,0.350644084,1,fac4,1
v000124,0.0777619545,-0.099937393,-0.15747722,0.4388813223,0.0218850048,-0.179340617,-0.143391848,1,fac4,1
v000125,0.0278416768,-0.104684519,-0.140787678,0.3528230089,-0.015562155,0.0694263729,-0.128701837,1,fac4,1
v000126,-0.033524464,0.4152570517,0.9395535382,-0.281737003,-0.335624058,0.2522923871,-0.433244892,1,fac3,1
v000127,-0.104984631,-0.116832068,0.0607806196,-0.082373623,0.3671005434,-0.11403288,0.0401005657,1,fac5,1
v000128,-0.127461052,-0.089282611,0.9607430178,-0.159843498,-0.218986957,-0.351449139,0.0248310951,1,fac3,1
v000129,0.4646970749,-0.082508331,-0.137373396,-0.23882349,-0.073701993,-0.138324449,0.2824192104,1,fac1,1
v000130,-0.166730677,1.0829900973,-0.05516898,-0.19239881,-0.06291239,0.1227792905,-0.196203383,1,fac2,1
v000131,-0.094051766,-0.111416565,-0.081838367,-0.021368785,0.4591128294,-0.42692603,0.1927254553,1,fac5,1
v000132,-0.089767513,0.0021944266,-0.552664429,-0.200764435,1.1911117694,0.1139177265,-0.2211053,1,fac5,1
v000133,-0.19708649,-0.265526321,0.2016653022,-0.095816706,-0.067472319,-0.62863271,0.145409802,1,fac6,-1
v000134,-0.17716642,-0.054888114,-0.339105917,-0.104571677,0.1187677882,0.0445515629,-0.245098054,1,fac3,-1
v000135,-0.276078545,-0.117626543,-0.325758933,-0.135326186,0.513645813,0.5729846615,-0.179391191,1,fac6,1
v000136,0.459068667,0.2983778155,-0.462550792,-0.4195419,-0.255502723,0.0953054811,0.7857058273,1,fac7,1
v000137,-0.115266438,0.6504965442,-0.182147882,-0.153500088,-0.054192895,0.2490537125,0.1732927355,1,fac2,1
v000138,-0.274315607,0.4623289698,-0.07314589,-0.135242184,-0.106324398,-0.05492176,0.4001013805,1,fac2,1
v000139,0.5180721,-0.024034036,-0.182068141,-0.194618844,-0.109089618,0.1007090815,-0.270432728,1,fac1,1
v000140,-0.236602023,0.3982201242,-0.125467594,-0.091475623,-0.012184694,-0.203643177,0.3915619361,1,fac2,1
v000141,-0.107512732,-0.200323874,1.08485125,-0.213517744,-0.16039721,-0.018418649,0.0580275927,1,fac3,1
v000142,-0.132068345,-0.06448844,-0.248411388,-0.088851872,0.6590328785,-0.277635384,0.0169404277,1,fac5,1
v000143,0.2611460687,0.0263730877,-0.035727318,-0.096009617,-0.148695309,0.2087165638,-0.00395053,0,,
v000144,0.2497396835,-0.04078961,-0.013772931,-0.098778186,-0.137722448,0.1861948265,0.0002520925,0,,
v000145,0.3481232299,0.0485465129,-0.131979765,-0.146869368,-0.170084777,0.279549822,-0.058997925,1,fac1,1
v000146,-0.087591574,-0.126550587,0.0939637435,0.0681880648,-0.007967134,-0.175539135,0.1005708256,0,,
v000147,0.2993990181,-0.27133162,-0.137989602,-0.096425628,0.5267649912,-0.274414101,0.2160628499,1,fac5,1
v000148,-0.051504733,0.0370099153,0.1137482037,-0.038736743,-0.084160418,-0.231848718,-0.141126492,0,,
v000149,-0.042623564,-0.210874164,0.1868728032,0.0237493866,0.1204882458,0.1093227481,0.0649032952,0,,
v000150,-0.321913604,-0.037787677,0.3444352481,0.3854730667,-0.347828449,0.649116515,0.2423204184,1,fac6,1
v000151,-0.079844995,-0.067085167,-0.007179726,0.3193112902,0.0260781328,-0.40085648,-0.016075785,1,fac6,-1
v000152,-0.333903767,-0.17543257,-0.36176174,-0.108338026,0.1855982491,-0.012324904,-0.060899764,1,fac3,-1
v000153,-0.188333784,-0.063480365,-0.448054835,-0.019179335,0.0560365166,0.2691416292,-0.274175838,1,fac3,-1
v000154,0.1113742316,0.0734822012,-0.301152592,-0.002387159,-0.036787292,0.2661579718,-0.502231066,1,fac7,-1
v000155,-0.117532401,-0.144895209,-0.04248743,0.0830689748,0.0020348056,-0.368472601,0.1302042842,1,fac6,-1
v000156,-0.026097973,-0.148400484,-0.110779896,0.1577110562,0.0031709231,-0.079769025,-0.045476998,0,,
v000157,-0.320082676,-0.418669692,-0.161895396,-0.300425819,-0.467514173,-0.216936568,-0.186999067,1,fac5,-1
v000158,-0.071929969,-0.178839381,0.0716762596,-0.105314589,-0.061420033,-0.357974614,-0.156892941,1,fac6,-1
v000159,0.0269183697,0.094483475,0.4226600618,-0.142339208,-0.209114719,0.2198915368,-0.360384495,1,fac3,1
v000160,0.0253460889,0.1703796034,-0.070603153,-0.063701369,-0.097806719,-0.056500387,-0.304640257,1,fac7,-1
v000161,-0.01382758,0.0335610338,-0.099262303,-0.25569078,-0.39093168,-0.047249894,-0.404714902,1,fac7,-1
v000162,0.5418020112,-0.565519641,-0.160066153,0.0144912715,-0.26821488,0.4823069865,0.0291276808,1,fac2,-1
v000163,-0.131209798,0.2046770814,0.565145005,-0.149158183,-0.277790347,0.1788627448,0.070995536,1,fac3,1
v000164,-0.082663444,-0.073479606,0.0911381095,-0.070126521,0.0860300448,-0.43807596,-0.004203884,1,fac6,-1
v000165,-0.061791809,0.1513142594,0.2776339486,-0.038500749,-0.215366013,0.2855274373,-0.04114047,0,,
v000166,-0.042640116,0.1183364479,0.0338323045,-0.08946433,-0.111274462,-0.228350213,-0.174741058,0,,
v000167,0.957117967,-0.439261817,0.0057778113,-0.037146009,-0.04534787,0.4435404535,0.6320785978,1,fac1,1
v000168,-0.084754651,-0.283965955,0.0771772938,-0.056632053,-0.013681534,-0.005779385,0.1516435906,0,,
v000169,-0.360014425,1.1112471415,-0.216929193,-0.121327454,0.001893939,-0.044638033,0.2249466394,1,fac2,1
v000170,0.0726998399,0.1287191504,0.5014842239,-0.137532741,-0.314154205,0.414733008,-0.208021062,1,fac3,1
v000171,0.008473585,-0.066682269,-0.167687503,0.6149772484,0.0234609339,-0.170210091,-0.181296869,1,fac4,1
v000172,-0.01962892,-0.18459418,-0.216322959,0.8920162492,-0.061453563,0.0639954481,-0.080674458,1,fac4,1
v000173,-0.065291437,-0.22031811,-0.185859294,1.0004892923,-0.061118279,0.01763638,0.0594751808,1,fac4,1
v000174,-0.057179983,-0.272047669,-0.140346836,1.0175268411,-0.044998175,-0.18436212,0.1753753255,1,fac4,1
v000175,-0.077937899,0.3041824653,0.1492051132,0.4771670583,-0.004689638,0.489078287,-0.198833508,1,fac6,1
v000176,0.2506520069,-0.004394535,0.008003194,-0.023132163,-0.059862835,-0.230769045,-0.28901197,0,,
v000177,-0.121225749,1.0110024472,-0.490950785,-0.198728624,-0.044818376,0.2555076555,0.4422264152,1,fac2,1
v000178,-0.055521725,0.0444183203,0.0866846015,-0.055122614,0.1473481644,0.0214626288,-0.064415864,0,,
v000179,-0.142431627,0.230087176,0.0129498138,0.0080888395,0.0274728081,-0.26478243,-0.010333006,0,,
v000180,-0.181047346,-0.219595921,-0.075682566,-0.220385193,1.2977014741,0.3326658274,0.0486983064,1,fac5,1
v000181,-0.236044683,-0.081676197,-0.421831855,-0.190699432,0.5389366754,0.0245361886,-0.158344419,1,fac5,1
v000182,-0.268805262,-0.195181124,-0.006289873,-0.222914677,1.0431664274,-0.333699031,0.2360676857,1,fac5,1
v000183,0.8899159745,-0.376231108,0.1074423223,-0.042834135,-0.099025114,0.0562571956,-0.02319905,1,fac1,1
v000184,-0.13582759,-0.077537728,0.038747823,-0.065834464,0.1946242977,-0.36094948,0.1543595404,1,fac6,-1
v000185,0.8415071273,-0.371814703,0.0937721481,-0.087486645,-0.104629588,0.0425997292,0.0736553676,1,fac1,1
v000186,-0.036848641,-0.666217991,-0.329643988,0.6485957563,0.0291652344,0.8788021521,0.4448707825,1,fac6,1
v000187,-0.138748282,0.1110327744,-0.243723757,1.1972792275,-0.260632062,0.2662799776,0.006837886,1,fac4,1
v000188,0.0173220551,0.030153549,-0.103331571,-0.26285562,-0.340475579,-0.13987513,-0.435712548,1,fac7,-1
v000189,0.1558802185,0.0949655797,-0.106350333,0.0279440955,0.1346786264,0.1112300149,-0.281665462,0,,
v000190,-0.129183954,0.6064248342,-0.161844891,0.0325769576,-0.021358928,-0.096476444,-0.234155556,1,fac2,1
v000191,0.1027219203,-0.13179705,0.1630258671,-0.044293137,-0.025814235,0.7124766662,0.8755854947,1,fac7,1
v000192,-0.111436596,-0.177172207,0.2058911447,-0.122925103,0.1284298901,-0.529742341,0.0267324512,1,fac6,-1
v000193,0.0068366767,0.1029405519,-0.009213263,-0.08522951,-0.069985027,-0.031160009,-0.24326128,0,,
v000194,-0.069615625,-0.261405878,0.9189268408,-0.269513268,-0.024634433,-0.500673004,-0.043894586,1,fac3,1
v000195,-0.098407492,-0.256419047,0.637541087,-0.157623304,-0.110245575,-0.542603173,0.0388722693,1,fac3,1
v000196,0.3028008991,0.1691891067,-0.361547563,-0.319537849,-0.172986217,0.3134518862,0.949162342,1,fac7,1
v000197,-0.058967535,-0.064586186,0.019562761,-0.013415038,-0.006208434,-0.425108221,0.080822444,1,fac6,-1
v000198,0.0385889189,0.0359076335,-0.039826018,-0.088441953,-0.037019223,-0.070947858,-0.231685595,0,,
v000199,0.8386410361,-0.224699091,-0.136061414,-0.134543769,-0.170083544,0.2125257986,0.7598372299,1,fac1,1
v000200,0.062423961,0.4675759525,0.0282368104,-0.179661335,-0.120315355,-0.007102566,-0.188993829,1,fac2,1
v000201,-0.238443097,0.7043752927,-0.381225602,-0.138497202,-0.122119677,0.2275251477,0.6633907609,1,fac2,1
v000202,-0.090718155,0.2633413143,0.0015439564,-0.116247857,-0.116253705,-0.183290498,-0.102503979,0,,
v000203,0.3482436323,0.0957507693,-0.01416797,0.2501526852,-0.285986079,0.5158282099,-0.187124181,1,fac6,1
v000204,0.0048010069,0.0252099591,-0.035447674,-0.095530049,-0.020499055,-0.212194427,-0.005107621,0,,
v000205,0.0416722447,0.0456291606,-0.035777868,-0.106263083,-0.086319945,-0.086766123,-0.295663147,0,,
v000206,-0.068382882,-0.045363242,-0.520778424,-0.140631433,1.2638715348,0.057260902,-0.136629368,1,fac5,1
v000207,-0.508187717,-0.406245686,-0.309265087,-0.12968273,-0.163397166,0.1356211106,-0.010258692,1,fac1,-1
v000208,1.2655722597,-0.178938104,-0.244730478,-0.19696863,-0.044696975,0.3399236503,-0.195852092,1,fac1,1
v000209,0.0193705644,-0.178049485,0.4451712883,-0.072482427,-0.134859425,0.2784519779,0.2012188092,1,fac3,1
v000210,-0.152088297,-0.027682666,-0.489745344,-0.202393867,0.497951788,0.2451502988,-0.348552193,1,fac5,1
v000211,-0.273782055,-0.178128655,-0.302738978,0.0518560312,-0.109591492,0.0183653597,-0.127901931,1,fac3,-1
v000212,0.7250803536,-0.290355812,-0.239806756,-0.159444667,0.2062330285,0.0577153101,0.6837859137,1,fac1,1
v000213,0.0318752612,-0.051008386,-0.337607672,-0.078514752,0.7368269751,-0.026230231,-0.188310568,1,fac5,1
v000214,1.2282573509,-0.342017456,-0.182191209,0.0457142826,-0.172689591,0.1776840699,0.0522631267,1,fac1,1
v000215,1.1466116056,-0.166291183,-0.129015657,-0.17643504,-0.133519534,0.3367601215,-0.612769983,1,fac1,1
v000216,1.1462918464,-0.338084326,-0.144709005,0.0463950871,-0.125237391,0.3106983741,-0.234791718,1,fac1,1
v000217,1.2305343898,-0.133416886,-0.226339919,-0.219140004,-0.164450527,0.318962414,-0.363213335,1,fac1,1
v000218,1.1169682187,-0.201592003,-0.07725354,-0.10193601,-0.124780514,0.1356181918,-0.480737975,1,fac1,1
v000219,0.9980044238,-0.315415603,-0.092761527,0.1295986267,-0.147244542,0.1677191836,-0.178100753,1,fac1,1
v000220,1.0310245398,-0.247240037,-0.06050567,-0.16638081,-0.10719831,0.2498136744,-0.362447201,1,fac1,1
v000221,0.5898588009,-0.070335998,-0.046295513,-0.186508415,-0.043422319,-0.25909008,-0.33552321,1,fac1,1
v000222,0.0241807125,0.1871371807,0.2120043869,-0.126369092,-0.140700467,0.15512286,-0.243814361,0,,
v000223,0.0012049166,-0.065166015,-0.193118123,-0.07211882,0.684663892,0.2265836526,-0.186140327,1,fac5,1
v000224,-0.197367659,-0.12777296,-0.158365748,-0.213405431,1.1901164129,-0.185072091,0.0607671052,1,fac5,1
v000225,0.7597828237,-0.383376384,-0.034987729,-0.265623732,-0.080417623,-0.085869861,0.7296312869,1,fac1,1
v000226,0.7525854743,-0.362882253,-0.123150707,-0.217358715,-0.058159713,0.0000596194,0.4554246124,1,fac1,1
v000227,-0.204835071,-0.223402267,0.1011325197,-0.059292836,-0.042481645,-0.566836604,0.1731128349,1,fac6,-1
v000228,0.0844564876,-0.064623211,-0.111031606,0.166649463,-0.025082469,-0.042280596,-0.193028949,0,,
v000229,0.0340871148,-0.129874878,-0.113846049,0.2776426317,0.0774282819,0.1481865859,-0.164708355,0,,
v000230,0.5634653115,-0.231969961,-0.046060986,-0.281771034,-0.09017045,0.1093842946,0.7283039545,1,fac7,1
v000231,0.3235160145,-0.275111547,0.052824789,-0.156749522,0.2107592215,-0.212571903,0.3827001767,1,fac7,1
v000232,0.4561723927,-0.188594048,0.0613825442,-0.095681,0.0348864318,0.3515324443,0.8636232179,1,fac7,1
v000233,-0.085561017,-0.036902271,0.0682628246,-0.047546366,0.0210138455,-0.444984393,0.0681201581,1,fac6,-1
v000234,-0.125441675,-0.059877389,-0.432976399,-0.132418619,1.0670014544,-0.161986418,0.0199893326,1,fac5,1
v000235,-0.152275883,0.6201816862,-0.23910111,0.3473601371,-0.061701241,0.241574488,-0.247550218,1,fac2,1
v000236,-0.100797647,0.9275978074,-0.131033176,0.3622582179,-0.039918038,0.1098175574,-0.42848397,1,fac2,1
v000237,-0.134165776,0.0480586172,0.1646106996,-0.041385204,-0.058335054,-0.287310751,0.0308153462,0,,
v000238,-0.165600829,0.3298909953,0.2418686604,0.1064009972,-0.224531594,0.4602973517,-0.25113167,1,fac6,1
v000239,-0.014699205,0.2266068968,0.1089097054,-0.107743564,-0.154044917,0.0970779608,-0.316028254,1,fac7,-1
v000240,-0.173521664,0.2010517026,0.1838300434,-0.002655879,-0.159686545,0.000180224,0.026250813,0,,
v000241,0.9528607723,-0.382643732,0.0712631958,-0.063277795,-0.109635334,0.0642927536,0.0082517706,1,fac1,1
v000242,-0.004774701,-0.013987698,-0.003337261,0.0316944877,-0.01621064,-0.207619339,-0.115035429,0,,
v000243,0.0677438789,0.053452019,-0.06675049,-0.025664825,-0.019961308,-0.170330324,-0.269179856,0,,
v000244,-0.405269749,-0.348194004,0.1370453787,0.1620076157,-0.497454035,0.2261862533,0.3568746689,1,fac5,-1
v000245,-0.19292678,0.35013992,-0.171113075,0.0085630983,-0.108076595,0.0757037472,0.2379915349,1,fac2,1
v000246,-0.113787592,0.0665805629,0.1368440753,-0.055325732,-0.13016586,-0.080679505,0.0676672589,0,,
v000247,-0.01150691,-0.016282987,-0.001280012,0.013425446,-0.005118183,-0.244593852,-0.09220447,0,,
v000248,-0.254632149,0.4673738175,-0.177315409,-0.186388196,0.0608427754,-0.236082856,0.2991781165,1,fac2,1
v000249,-0.100590193,-0.060962887,0.0966017688,-0.011095066,0.0675164234,-0.445604004,0.0325194733,1,fac6,-1
v000250,0.0266676902,-0.434507506,0.8224486283,-0.411893767,0.0887395114,0.6981008297,0.4888152361,1,fac3,1
v000251,-0.042317569,-0.122487624,0.0662571502,-0.104431352,-0.045459494,-0.257260845,-0.146891324,0,,
v000252,-0.102175317,-0.147345623,0.0857973439,-0.086402964,-0.022788165,-0.35756614,-0.042061646,1,fac6,-1
v000253,0.0348601824,0.1341048932,-0.062772626,-0.041569049,-0.043038995,-0.028491402,-0.258359999,0,,
v000254,-0.303986222,-0.338594647,0.1691617123,-0.235719501,-0.238280479,-0.627161714,0.1014440092,1,fac6,-1
v000255,0.267191237,-0.237803182,-0.11626351,-0.016661018,-0.097424457,-0.09447747,0.8251680906,1,fac7,1
v000256,-0.233357334,0.8097223781,0.0090071725,-0.173034203,0.014444654,-0.145498087,-0.073633323,1,fac2,1
v000257,0.1423641871,-0.365354307,0.1283916003,0.0810291039,0.2388747644,0.4317357473,0.3016830634,1,fac6,1
v000258,-0.100774643,-0.040799497,0.0933360809,-0.029333532,-0.005658438,-0.363260917,0.0512209543,1,fac6,-1
v000259,-0.297201501,-0.103207942,-0.088559541,-0.081515854,0.5938415963,0.0793191463,0.0791727613,1,fac5,1
v000260,-0.068427753,-0.167681403,-0.078630572,0.5779393793,0.0496023563,-0.422296945,0.0741203927,1,fac4,1
v000261,-0.095912804,0.006955589,0.477818752,-0.04278621,-0.114369171,-0.100226311,0.050093774,1,fac3,1
v000262,-0.056074689,-0.022711254,0.0287209583,-0.042427847,0.0497854774,-0.240780414,-0.045940292,0,,
v000263,0.0078327439,0.4279954826,0.152898692,-0.20147505,-0.087815266,0.3148058174,-0.219384986,1,fac2,1
v000264,0.0696384982,-0.203615198,0.0284828589,0.0174802469,0.2985843367,-0.375912402,0.1871667827,1,fac6,-1
v000265,-0.196898357,-0.18880293,-0.095961324,-0.107477977,1.089863121,-0.252527086,0.2802187281,1,fac5,1
v000266,0.3119116735,-0.058661738,-0.191203712,-0.283924096,-0.116952373,-0.136917975,0.8037585966,1,fac7,1
v000267,0.0249249548,0.0664396393,0.0495487869,-0.084292399,-0.110948966,-0.030441682,-0.285543376,0,,
v000268,-0.067608481,-0.105311256,0.2774566431,-0.068377842,0.0034788307,0.0997801809,0.0716775734,0,,
v000269,-0.24695296,0.1274395564,0.215623423,-0.085659156,0.1809795379,0.4751361816,0.1102579119,1,fac6,1
v000270,-0.039325167,-0.059617885,-0.100642792,0.7902683226,-0.075899311,-0.023697097,0.0375308618,1,fac4,1
v000271,0.0521918958,0.0637844519,-0.215120788,0.7912265326,-0.107954343,0.299663895,-0.259846586,1,fac4,1
v000272,-0.077319483,-0.028851834,-0.112994344,0.8755570322,-0.097799894,0.0222925906,0.0347001106,1,fac4,1
v000273,0.0771124573,0.059568639,-0.201813454,0.7278828488,-0.114143129,0.2937598756,-0.302533262,1,fac4,1
v000274,0.3137880161,0.2330220807,-0.168785034,-0.236471855,0.1003937202,-0.187908087,-0.120076262,1,fac1,1
v000275,1.0947182222,-0.410547832,-0.286281942,0.1374750832,-0.19200006,0.325105897,0.4005548292,1,fac1,1
v000276,1.1156930556,-0.268863522,-0.103020935,-0.147472596,-0.143153489,0.2629080624,-0.378528629,1,fac1,1
v000277,0.0281491531,0.0268703495,-0.045082063,-0.067169436,-0.013950096,-0.155071367,-0.210159547,0,,
v000278,0.273158171,0.1329010626,-0.096346581,-0.118387716,-0.051179266,-0.093757303,-0.485220344,1,fac7,-1
v000279,-0.034894206,-0.021571827,-0.051467273,0.2745624542,0.0342957043,-0.302408046,-0.130723415,1,fac6,-1
v000280,0.5253061987,0.0344840325,-0.134447538,-0.204611047,-0.08237161,-0.035571627,-0.51123439,1,fac1,1
v000281,1.1737952615,-0.296623058,-0.183653086,-0.068690833,-0.229510494,0.3370323299,0.0591591843,1,fac1,1
v000282,0.1127443518,-0.027748683,-0.209189622,-0.159051222,-0.031618251,-0.20346663,0.6277797174,1,fac7,1
v000283,0.4056165672,0.0661335003,-0.13964847,-0.096035421,-0.054416644,-0.080333432,-0.486014473,1,fac7,-1
v000284,-0.048443158,0.0818057851,-0.029617792,-0.004693836,-0.068768966,-0.165070699,-0.159698668,0,,
v000285,-0.169646112,-0.123385486,-0.028377885,-0.068924432,0.4354597205,-0.193514994,0.195445395,1,fac5,1
v000286,0.0834684319,0.1588175788,-0.127440133,-0.137279477,-0.082576207,-0.035083423,-0.397855284,1,fac7,-1
v000287,-0.005962078,0.1964019111,0.250947413,-0.150534889,-0.091474194,0.1978124358,-0.019008935,0,,
v000288,-0.152771013,0.4152799492,-0.434751545,-0.206387756,-0.190451115,0.0053692305,0.9938920465,1,fac7,1
v000289,-0.046770897,-0.018525607,0.1618925096,-0.002411303,-0.001253984,-0.188086682,0.1195698566,0,,
v000290,0.1396272158,-0.046594667,-0.228969964,0.029004359,0.0038163383,-0.310546262,0.771529298,1,fac7,1
v000291,0.2176658211,-0.110748556,-0.078895956,-0.06088975,-0.014241241,-0.302585771,0.6555893795,1,fac7,1
v000292,-0.027132669,-0.046182455,-0.152618218,-0.110477296,0.0320851168,-0.048459603,-0.146642162,0,,
v000293,-0.103843744,-0.021880875,0.0150960976,-0.113939575,0.4767908125,-0.474737132,0.1016288402,1,fac5,1
v000294,-0.293608985,0.7916636603,-0.375830959,0.0331223196,-0.012106634,-0.023161967,0.6446583296,1,fac2,1
v000295,-0.108634132,1.1017538781,-0.136852241,-0.212754074,-0.074831179,0.2666581803,-0.169786072,1,fac2,1
v000296,-0.036065025,-0.080359797,0.0132342121,0.0047970591,0.0085143124,-0.436568318,0.0355678562,1,fac6,-1
v000297,0.0425453141,0.2140751357,-0.018504079,-0.042106389,-0.005700733,0.0370665006,-0.246204399,0,,
v000298,0.0833290704,0.0062659986,-0.198545508,-0.077589845,0.3136576603,-0.071357974,-0.285341953,1,fac5,1
v000299,0.9559752638,-0.386882335,0.1101266211,-0.098326491,-0.101070565,0.0747749823,-0.009926901,1,fac1,1
v000300,-0.244353175,0.2906352375,0.1675095311,0.4018228768,-0.153439676,0.0257884955,0.2543322919,1,fac4,1
v000301,-0.235520913,0.2623763185,-0.203610849,0.0501585197,0.0083469577,-0.17712666,0.3683782964,1,fac7,1
v000302,-0.037359641,-0.07707874,-0.353335527,-0.185661373,0.0444545347,0.1127712299,-0.322116491,1,fac3,-1
v000303,0.2507271381,-0.147599042,-0.281036791,0.324520645,-0.088951673,0.0565919182,0.1871395737,1,fac4,1
v000304,-0.082785627,-0.205768616,0.0321456956,-0.153838476,0.1992037384,0.1780771312,-0.002613634,0,,
v000305,1.0448906003,0.2225476952,-0.47519361,-0.300377736,-0.207598157,0.3797616254,0.3144040828,1,fac1,1
v000306,-0.03219005,-0.183846834,-0.12705276,0.6076324384,-0.043411043,-0.127438809,0.0495206347,1,fac4,1
v000307,0.1926571022,-0.191913139,-0.136431402,-0.174238325,0.1557931008,0.3319570873,-0.278709792,1,fac6,1
v000308,1.1598893964,-0.325017016,-0.27205966,0.3708988743,-0.190648191,0.3328786553,-0.370061293,1,fac1,1
v000309,0.0574034952,-0.020447482,-0.130934442,-0.153471276,0.0518406286,-0.218337595,0.1076372868,0,,
v000310,-0.331817632,-0.27156526,-0.403034862,0.6943794614,-0.264298877,0.3850372804,-0.117001626,1,fac4,1
v000311,-0.341782241,-0.230963621,-0.478889833,0.3051965148,-0.195411698,0.3705965762,-0.225369677,1,fac3,-1
v000312,-0.414316817,-0.291729155,-0.320355545,0.1707963055,-0.112485633,-0.027819405,0.0307500273,1,fac1,-1
v000313,-0.072411535,0.0491842821,0.0143956926,-0.081227508,-0.043501882,-0.278862455,-0.071836299,0,,
v000314,-0.160536153,-0.205522028,-0.15953346,0.552721084,-0.125575739,0.064026187,-0.012219973,1,fac4,1
v000315,0.5699361322,-0.577217055,-0.503110406,0.2948511049,0.494256186,0.2660000209,0.164244172,1,fac2,-1
v000316,0.0528515162,0.3494747067,0.5382239381,-0.251875967,-0.286896718,0.4077162905,-0.201750328,1,fac3,1
v000317,0.0022113581,-0.039131401,-0.201235981,-0.189385028,0.7634239669,-0.009027039,-0.210704619,1,fac5,1
v000318,0.0194115536,0.1223964619,0.4928937362,-0.01993216,-0.185226048,0.3889552637,0.6877242074,1,fac7,1
v000319,0.3279729494,-0.043920651,-0.000250423,0.0026269263,-0.013858302,-0.247181098,-0.178646843,1,fac1,1
v000320,-0.086945816,-0.001968838,-0.515075527,-0.171722372,0.5713760048,0.1474946306,-0.389320741,1,fac5,1
v000321,-0.064479463,-0.046414169,0.2732937857,-0.015299082,0.0422462012,-0.107070314,-0.027382679,0,,
v000322,0.0372623896,-0.25641278,0.0203578631,-0.050538283,-0.004740156,0.1654245656,0.049052584,0,,
v000323,-0.209185239,0.969676266,-0.232864085,-0.167355845,-0.117350508,0.103163461,0.4764322766,1,fac2,1
v000324,-0.239456,0.8493182824,0.0045572196,-0.108985772,0.0206729051,-0.155389249,-0.13156428,1,fac2,1
v000325,-0.160544735,0.8522107742,-0.033243029,-0.113101156,-0.012418399,-0.048340362,-0.290930184,1,fac2,1
v000326,-0.277108867,1.1462076119,-0.311659581,-0.190514591,-0.049374134,0.105804914,0.3272635384,1,fac2,1
v000327,-0.244740504,1.1687723902,-0.129619264,0.023480817,-0.043935936,0.0083462219,-0.150587917,1,fac2,1
v000328,-0.00860259,0.5823483336,-0.130529825,-0.093412876,-0.180804955,0.2416833399,0.7302902267,1,fac7,1
v000329,-0.023760787,-0.017750213,-0.266301668,-0.092508468,0.633846435,-0.034468198,-0.098819933,1,fac5,1
v000330,-0.036338759,0.6675228742,-0.239636524,-0.240040152,-0.06577009,0.0831979002,0.8311172636,1,fac7,1
v000331,-0.251622029,1.0996052067,0.0046550277,-0.23849392,-0.371967124,0.2824674732,-0.01478223,1,fac2,1
v000332,-0.039667103,0.6491310491,-0.212416166,-0.142731068,-0.250123556,0.2449731237,0.4335525342,1,fac2,1
v000333,-0.136278327,-0.262290048,-0.191364067,0.6883634697,-0.05965874,-0.102051298,0.0590528307,1,fac4,1
v000334,-0.108543538,-0.014489235,-0.588248908,-0.227709737,0.5939697684,0.3161748897,-0.440344158,1,fac5,1
v000335,0.0841635699,-0.048922945,0.7642759379,-0.240841873,-0.222114086,0.267371116,0.0194828124,1,fac3,1
v000336,-0.122461682,-0.093377122,0.1338040288,-0.088674044,0.0551800643,-0.477110071,0.0572632257,1,fac6,-1
v000337,-0.071712536,-0.068983196,0.0278796944,0.0122452451,-0.036039163,-0.293463962,-0.037446272,0,,
v000338,-0.346056233,0.6966664898,0.3140485452,-0.166231249,0.0806108565,0.4553066091,-0.006754728,1,fac2,1
v000339,0.027236836,0.4703881229,0.0541738076,-0.192543653,-0.087536931,0.4324165351,-0.233056178,1,fac2,1
v000340,-0.10003219,0.8973481789,0.0303481552,-0.172307211,-0.086123234,0.3014436499,-0.503504773,1,fac2,1
v000341,-0.026417656,-0.027523753,0.0171646743,-0.078810472,0.0187931994,-0.344792867,0.0322026454,1,fac6,-1
v000342,-0.077543995,0.0377960165,0.0164465196,-0.090891258,-0.059327174,-0.326437335,-0.106708458,1,fac6,-1
v000343,-0.289405456,0.6315358862,0.364970662,-0.20850718,0.1032781224,0.738687758,0.1235200172,1,fac6,1
v000344,-0.156038488,0.1271054225,0.3560426603,-0.103112796,-0.270966166,0.1486601952,-0.082733599,1,fac3,1
v000345,0.0548379048,0.0824235595,-0.074847292,-0.123952882,-0.040267414,-0.081769383,-0.280378414,0,,
v000346,0.0548379048,0.0824235595,-0.074847292,-0.123952882,-0.040267414,-0.081769383,-0.280378414,0,,
v000347,-0.07551654,-0.096804725,0.0597139554,-0.104919293,0.2772507262,0.0020292985,-0.127548345,0,,
v000348,0.0947130705,0.0438689003,-0.1114637,0.0762744829,-0.035584902,0.0074180828,-0.34200706,1,fac7,-1
v000349,-0.115403081,0.0688914614,0.587421746,-0.172484831,0.0118711654,0.4195112026,-0.057185379,1,fac3,1
v000350,-0.109753402,0.035314679,-0.025241559,-0.254827282,-0.40806927,-0.24162127,-0.239254839,1,fac5,-1
v000351,-0.150712893,0.1575930969,0.1372134906,-0.082064778,-0.217425723,-0.214607052,-0.100331609,0,,
v000352,-0.079537116,-0.068064561,0.0804822004,-0.080973259,0.0447490909,-0.414251904,-0.027724148,1,fac6,-1
v000353,-0.215300799,0.5320098207,0.3750604198,-0.176578927,-0.180219506,-0.140605651,-0.060572225,1,fac2,1
v000354,-0.35236032,-0.377191247,-0.214085996,-0.310394827,-0.593440615,-0.085673487,-0.230233392,1,fac5,-1
v000355,0.2466640511,0.4759880587,-0.070252754,0.7422212603,-0.193719866,0.2929753522,-0.229801711,1,fac4,1
v000356,0.0237422996,-0.043836333,0.0088303787,-0.1122745,-0.00906714,-0.336453226,0.0306002801,1,fac6,-1
v000357,-0.287074375,-0.154460017,-0.075476993,0.5004702465,-0.114051089,-0.120599162,0.1390827606,1,fac4,1
v000358,-0.422931702,-0.412425221,-0.380733251,-0.318836445,-0.729417426,0.1567403976,-0.252705091,1,fac5,-1
v000359,0.0532867324,-0.018432464,-0.01624,-0.345506946,0.0456425273,0.0928385554,1.0127161109,1,fac7,1
v000360,-0.179317476,-0.011931037,0.0265372313,-0.186765752,0.0936973137,-0.146405828,0.6381184345,1,fac7,1
v000361,-0.113596192,0.1105353349,-0.129974517,-0.259049701,0.1735062913,-0.062517615,0.5839923785,1,fac7,1
v000362,-0.328650977,-0.366276619,-0.278820555,-0.354055872,-0.637679445,-0.011075345,-0.283745942,1,fac5,-1
v000363,1.0471222967,-0.282364988,-0.132363752,-0.19319053,-0.17350388,0.1466873266,0.05046266,1,fac1,1
v000364,-0.140585042,-0.190203175,0.2209089543,-0.0539017,0.3299969726,0.0011177794,0.228153499,1,fac5,1
v000365,-0.327467086,0.7017007803,0.4299127096,0.2843343277,-0.224770116,0.0839650467,-0.082096931,1,fac2,1
v000366,-0.402588281,-0.394951629,-0.114475457,-0.237179847,-0.561173277,-0.253200332,-0.000462447,1,fac5,-1
v000367,-0.075570005,-0.034756906,0.0790444055,-0.072472668,-0.025616522,-0.366774552,-0.001842344,1,fac6,-1
v000368,0.018161527,-0.407093319,0.1372653111,0.1828783523,0.1737666157,0.1152588962,0.3784569298,1,fac2,-1
v000369,0.0492350582,-0.437420096,0.1911424043,0.1686330424,0.1445538309,0.1755413421,0.4198725091,1,fac2,-1
v000370,0.0450510344,0.3315824716,-0.06445139,-0.151764015,-0.026529819,0.0460595672,-0.423306954,1,fac7,-1
v000371,0.0274889856,-0.015515522,0.0202020012,-0.058478666,-0.015653464,-0.103142624,-0.231562789,0,,
v000372,-0.014106135,0.1285212081,0.0143203842,-0.095372113,-0.002908322,-0.092953264,-0.216230235,0,,
v000373,-0.124389935,-0.196108529,-0.066485379,0.8993900148,-0.102546666,-0.248446116,-0.027588174,1,fac4,1
v000374,0.4740223362,0.1312629048,-0.123028453,-0.264690489,-0.077569242,-0.198003863,-0.474190431,1,fac7,-1
v000375,0.0967573321,-0.137520955,0.0562309151,0.137061498,0.0197601878,-0.035518206,0.1219022525,0,,
v000376,-0.035137342,-0.099632284,0.0312588239,-0.033952933,0.0739431,-0.303142194,-0.032777149,1,fac6,-1
v000377,-0.06443697,-0.001873803,0.9211122696,0.0973830876,-0.247013997,0.2446035975,-0.086441623,1,fac3,1
v000378,0.1307042796,-0.133762068,0.6538551568,-0.258759106,-0.253917297,-0.077434755,-0.34540889,1,fac3,1
v000379,0.1529977886,-0.100504266,0.2869310603,-0.152553699,-0.180750213,0.0491740692,-0.326685108,1,fac7,-1
v000380,-0.188576651,-0.312124023,0.4550696101,-0.114549018,0.3303327631,0.455041701,0.0995919748,1,fac3,1
v000381,-0.146818881,0.9771741888,-0.423493347,-0.216413845,-0.069664404,0.1030719734,0.6535963194,1,fac2,1
v000382,-0.08496666,-0.048717195,-0.131037544,0.6205688095,-0.063687657,0.037514268,-0.135885191,1,fac4,1
v000383,-0.100105631,0.4745465408,-0.429155671,-0.29313632,-0.191298887,0.040435543,0.9125212923,1,fac7,1
v000384,0.1145738445,0.0370751842,-0.098171866,-0.053540202,-0.026936203,-0.005259675,-0.38954539,1,fac7,-1
v000385,-0.486335516,-0.533986096,-0.024824631,-0.319329535,-0.495058113,-0.518858896,0.0609306814,1,fac2,-1
v000386,-0.128436784,0.2052167388,0.2118303628,-0.115365451,-0.0868028,-0.014469424,0.2447771695,0,,
v000387,0.0209805847,-0.048786073,-0.035455749,0.006487604,0.0159236158,-0.154607247,-0.203952058,0,,
v000388,-0.194322143,0.1476284343,1.1640330248,-0.237823166,-0.075541378,0.6503235548,0.0609703965,1,fac3,1
v000389,-0.096677137,-0.06058777,0.0441627701,-0.011289038,-0.004365154,-0.349933693,0.040766244,1,fac6,-1
v000390,0.0355597653,0.0256438015,-0.049389541,-0.023289487,-0.007892351,-0.173071935,-0.226908902,0,,
v000391,-0.195228816,-0.017801748,0.1281941251,-0.092206092,0.0785393651,-0.048386976,0.0919358576,0,,
v000392,-0.10349605,0.0900244042,0.1343324196,-0.108191013,0.0444128475,0.4070595043,-0.15146247,1,fac6,1
v000393,0.9870451189,-0.457741814,-0.042525723,0.0311374355,-0.164023706,0.3818191287,0.6158320585,1,fac1,1
v000394,1.0919697311,0.0004232759,-0.238447813,-0.146264567,-0.369555693,0.4736634127,-0.395960459,1,fac1,1
v000395,-0.06903046,0.0286591448,0.0259994302,-0.046029191,0.0513854696,-0.335043757,-0.058408702,1,fac6,-1
v000396,-0.125089237,-0.093408576,0.0465309485,0.0276939503,-0.005495064,-0.387011041,0.07093987,1,fac6,-1
v000397,-0.462845088,-0.430551167,-0.1392932,-0.281560696,-0.529540422,-0.306706519,0.0511359497,1,fac5,-1
v000398,-0.04655058,-0.054371869,0.0163919846,-0.007429753,0.0138322132,-0.259514806,-0.049554678,0,,
v000399,-0.048838878,-0.054794398,0.0441749576,-0.026478384,0.0307022661,-0.421882221,-0.014517519,1,fac6,-1
v000400,-0.193481067,0.8744634447,-0.139845334,-0.01922114,-0.260237444,0.2394634037,0.3683125054,1,fac2,1
v000401,-0.130021067,-0.161252953,-0.308300907,0.1900018309,0.2009608572,-0.235038215,0.0554902937,1,fac3,-1
v000402,0.0197287777,-0.108372099,-0.054023569,0.3255164412,0.054980836,-0.353530506,0.0134237313,1,fac6,-1
v000403,-0.012026305,0.5880741752,-0.418951468,-0.124399064,-0.167075961,0.0642235701,0.7892794749,1,fac7,1
v000404,-0.048560528,-0.087725211,0.0141047239,0.0023904643,0.0095734392,-0.45038835,0.0618438706,1,fac6,-1
v000405,-0.297233949,-0.198438229,-0.175401153,1.3765403219,-0.217115462,0.3276017067,0.1712127043,1,fac4,1
v000406,0.1031607775,0.0218501725,-0.044127752,0.1327858422,-0.026278747,-0.168711102,-0.153856068,0,,
v000407,-0.40438478,0.1719051212,0.5473122946,0.4306191041,-0.350417581,0.2438042721,0.3486391149,1,fac3,1
v000408,0.1314356249,0.0278557677,-0.351288204,-0.29748745,0.1723460903,-0.208535504,1.0996682124,1,fac7,1
v000409,-0.050185267,-0.054393229,-0.481498787,-0.171875907,-0.275332342,0.1372946649,0.9148083424,1,fac7,1
v000410,0.0646794291,0.0431402927,-0.091328568,-0.101415867,0.0862627638,0.2924783729,-0.397325856,1,fac7,-1
v000411,0.22789677,0.1006891508,-0.152068508,-0.158685626,-0.219157361,-0.170288559,-0.402060551,1,fac7,-1
v000412,0.1510021954,0.0757244969,-0.13487778,-0.17551244,-0.321868188,-0.18427694,-0.438402846,1,fac7,-1
v000413,-0.09790723,-0.055562019,0.1030645689,-0.060194233,0.0480164539,-0.427788303,0.0313813917,1,fac6,-1
v000414,0.0098818955,0.0000662355,0.12647993,-0.122026803,-0.026875189,-0.114813632,-0.195177144,0,,
v000415,0.0370680911,0.0006710732,-0.055490213,-0.014533185,-0.007648823,-0.097022007,-0.232321045,0,,
v000416,-0.102649044,0.0182220315,-0.02973584,-0.126987206,-0.053326253,-0.14501523,0.5334930143,1,fac7,1
v000417,-0.113002082,-0.179264414,0.042377679,0.1171734867,0.1296723768,-0.250386892,0.1499674682,0,,
v000418,-0.087564256,-0.072545567,-0.120368437,0.0151721904,-0.085605557,-0.090031739,-0.04779339,0,,
v000419,-0.091273968,0.7903813508,0.0949297733,-0.213095831,-0.064830675,0.5622869204,0.3990323157,1,fac2,1
v000420,-0.10074907,0.9249724067,-0.091273767,0.045919108,-0.064836572,0.1129392117,-0.359815456,1,fac2,1
v000421,-0.070886126,0.7987764808,0.0140378406,-0.173046184,-0.087333549,-0.005369027,-0.276720086,1,fac2,1
v000422,-0.144580648,1.1194155211,-0.206785737,-0.251631408,-0.061981264,0.2658537493,-0.328634228,1,fac2,1
v000423,0.764586569,-0.514477454,0.043086544,-0.164997967,-0.099665578,0.351070823,0.3389383906,1,fac1,1
v000424,0.2095705094,0.2443805805,0.1530946803,0.6434638834,-0.253546467,0.6078102507,0.1403372853,1,fac4,1
v000425,0.0216652245,-0.255091971,-0.010120714,-0.098384629,-0.035167365,0.4273768341,-0.117562513,1,fac6,1
v000426,-0.206389205,-0.20932259,0.4246093633,-0.050116497,0.2110750065,1.0803577469,0.2182234039,1,fac6,1
v000427,-0.103918231,-0.031660535,-0.100746213,-0.100687436,-0.023460805,-0.285123291,0.5609194785,1,fac7,1
v000428,0.594596764,0.0340922017,-0.077083924,-0.125940168,-0.083681097,0.2048708369,-0.545247464,1,fac1,1
v000429,0.0463079858,1.013884655,0.4887672821,-0.358218709,-0.334829642,0.2897657681,-0.202094282,1,fac2,1
v000430,-0.292879387,-0.253129279,-0.1537689,0.3369305425,-0.176143998,0.0616929596,0.1490416529,1,fac4,1
v000431,0.1658868605,0.0297370545,0.1253724834,-0.029823357,-0.044540267,0.0099240327,-0.134242771,0,,
v000432,-0.348596098,-0.052325768,0.6230795843,0.3711122516,-0.425200138,0.6067680229,0.2746923152,1,fac3,1
v000433,-0.183083783,-0.107709049,-0.040662279,-0.070381981,0.6638736911,-0.180265343,0.2040348183,1,fac5,1
v000434,-0.397502358,-0.339809504,-0.128164879,0.7559383073,-0.141798869,-0.059998299,0.2586888283,1,fac4,1
v000435,-0.064911,0.5588434598,-0.226520359,-0.182185224,-0.182688585,0.3353220693,0.7241997816,1,fac7,1
v000436,-0.241033233,-0.149068987,-0.07837777,-0.052332134,-0.211127483,-0.129429921,0.0069322379,0,,
v000437,-0.451020729,0.1319602714,0.1191981353,0.5115226505,-0.20537977,0.4922098532,0.0923869088,1,fac4,1
v000438,-0.035018655,0.0123615543,-0.015405395,0.0583187353,-0.046695431,-0.267413897,0.044633282,0,,
v000439,-0.118420474,0.3581322844,-0.027940067,-0.028628155,-0.009697828,-0.147523895,-0.132232513,1,fac2,1
v000440,-0.152202116,-0.123220149,-0.377263219,-0.106699696,1.0752476514,-0.314614909,0.1531241449,1,fac5,1
v000441,0.0675758318,0.0097839626,-0.047367997,-0.092656418,-0.006999701,-0.098580924,-0.321855293,1,fac7,-1
v000442,-0.144014583,-0.061499333,-0.261116081,1.489298477,-0.265563887,0.3726939759,-0.069980557,1,fac4,1
v000443,-0.269649197,-0.073226632,-0.222961057,1.331415951,-0.319621797,0.2720156346,0.2161667441,1,fac4,1
v000444,0.7937669552,-0.050610611,-0.19913351,-0.07951374,-0.215351678,0.3393457225,0.735108504,1,fac1,1
v000445,0.0249508523,0.0666595078,0.0374193057,0.0726173317,-0.043777391,-0.17214048,-0.199105883,0,,
v000446,-0.097409354,-0.019083419,-0.008308641,-0.033550586,0.3833449935,-0.48062819,0.0801346536,1,fac6,-1
v000447,-0.450640755,-0.292519048,-0.115086312,0.2869905151,0.0603802121,0.0578375123,0.2537086566,1,fac1,-1
v000448,-0.012168866,0.0892768221,-0.020680228,-0.080639784,-0.190339823,0.0375050612,-0.279965655,0,,
v000449,-0.225722935,-0.227948976,0.1151414827,-0.285989088,1.1753149157,-0.2467761,0.1497148645,1,fac5,1
v000450,-0.566361168,-0.522444076,-0.487227786,0.0724986429,-0.314353188,0.3483122385,-0.058125012,1,fac1,-1
v000451,-0.262812144,-0.126689479,-0.241815787,-0.140814567,0.7338318709,-0.177585608,0.1076776659,1,fac5,1
v000452,-0.160842434,-0.056077998,0.8484610599,0.0098870865,-0.14525403,0.1749719278,0.195723735,1,fac3,1
v000453,0.0052282925,-0.008315679,-0.096589478,-0.081036877,0.1358005881,-0.14750523,-0.131209963,0,,
v000454,-0.173474989,-0.013609277,-0.049223033,0.1673340575,-0.035496135,-0.235784319,0.4826891602,1,fac7,1
v000455,-0.234241098,-0.194508314,1.2082459219,-0.345415947,0.2847922558,0.0711899854,0.1864765957,1,fac3,1
v000456,0.7787759284,-0.234788933,-0.0683078,-0.158463715,-0.058292807,-0.155340245,-0.046837803,1,fac1,1
v000457,-0.266476913,-0.103035792,-0.2748134,-0.077635793,0.1996302332,0.2657626786,-0.149601617,0,,
v000458,0.1183498071,-0.255690037,0.0916162334,0.0041819935,0.249698989,0.7591525754,0.0212219974,1,fac6,1
v000459,0.0330856472,0.0151995901,-0.034398937,-0.034797825,-0.146165603,0.031750096,-0.319774373,1,fac7,-1
v000460,-0.133496715,-0.051824005,0.1091910583,0.013341389,-0.101822988,-0.27304346,0.0621339636,0,,
v000461,-0.024738115,0.0014318379,0.0300617919,-0.00909028,-0.126104799,-0.011516649,-0.187707798,0,,
v000462,-0.121929909,-0.149580133,-0.235158477,1.2824034653,-0.196413927,0.3749566858,0.1775125725,1,fac4,1
v000463,-0.201917994,-0.198408815,-0.15384919,0.7488937913,-0.129947544,0.0464611906,0.0743054291,1,fac4,1
v000464,-0.238930187,-0.108455407,-0.024015713,0.7590148218,-0.138709488,-0.025805633,0.1348711945,1,fac4,1
v000465,0.0907581016,-0.083011743,-0.017300208,-0.085614592,0.4486485076,-0.111990721,-0.244907006,1,fac5,1
v000466,-0.073359369,-0.12943328,-0.081237862,0.5067324425,-0.000092711,-0.220985203,0.0359586563,1,fac4,1
v000467,0.5036490291,-0.057202837,-0.028831706,-0.173804801,-0.06642615,0.1170109446,0.0366033022,1,fac1,1
v000468,-0.090952286,-0.003379738,-0.368097667,-0.130593669,0.0887666625,0.1460983295,-0.391074782,1,fac7,-1
v000469,-0.0771734,-0.026140443,0.0162619304,0.0658758173,0.0200901034,-0.371259127,0.0221090081,1,fac6,-1
v000470,-0.197099876,-0.200838513,1.0826299808,0.2343455728,-0.175725167,0.4575888808,0.1971887487,1,fac3,1
v000471,0.4244057384,-0.379377192,0.5982096611,-0.235326095,0.0220868223,0.9929749947,0.0547049008,1,fac6,1
v000472,0.0420366915,0.0561874767,-0.389661335,-0.147934764,0.7628279727,0.0050917422,-0.317160241,1,fac5,1
v000473,-0.218005474,-0.084336733,-0.046868072,-0.075352974,0.5223132058,0.236356743,-0.043813507,1,fac5,1
v000474,-0.072226403,0.0299057933,-0.117056431,0.8621408245,-0.06876282,0.0300260058,-0.183249407,1,fac4,1
v000475,0.1896165348,-0.009135421,0.0217255685,-0.145906815,-0.040462176,-0.338002969,-0.142431875,1,fac6,-1
v000476,-0.054333039,0.1519481252,-0.002854155,-0.133999736,-0.09707047,-0.254782083,-0.180833774,0,,
v000477,-0.102135341,-0.076533939,0.1757055633,0.0199617438,-0.017277365,-0.371682418,0.0597739263,1,fac6,-1
v000478,-0.275928422,-0.352673793,-0.075551049,0.5857987172,-0.103917902,-0.329352687,0.221152669,1,fac4,1
v000479,-0.157018478,0.34841831,-0.003099371,0.456365693,-0.067126413,0.2102557843,-0.136740331,1,fac4,1
v000480,-0.055440862,-0.108453908,0.0514890333,-0.026756932,0.0698003146,-0.368898455,0.0071628453,1,fac6,-1
v000481,0.0917666865,-0.026081998,0.0153976898,-0.008781809,0.0290808382,-0.385205953,-0.133043468,1,fac6,-1
v000482,-0.027596914,-0.019349968,-0.158319099,-0.046299178,0.2150637584,-0.204007145,-0.126114341,0,,
v000483,1.1095384711,-0.274241052,-0.027971179,-0.11975545,-0.127177205,0.0360426151,-0.245031375,1,fac1,1
v000484,-0.03890204,0.0087483748,0.0092390867,0.0145678293,-0.000429786,-0.307223919,-0.083725741,1,fac6,-1
v000485,0.6044271832,-0.113051082,0.2567396276,-0.273113794,-0.07385336,0.8372269979,0.441280649,1,fac6,1
v000486,0.5890016441,-0.419473814,0.050701549,-0.100768759,-0.049292501,0.0841823771,0.4642331737,1,fac1,1
v000487,-0.000859119,0.3169345361,0.0203604613,-0.174145581,-0.232605183,-0.003753129,-0.21559369,1,fac2,1
v000488,-0.14548857,-0.042270845,-0.424567727,-0.157490412,0.8904894387,0.0551952742,-0.122772065,1,fac5,1
v000489,-0.299234693,0.9075801979,-0.136895295,-0.146495125,0.0085834475,-0.064597269,0.153134208,1,fac2,1
v000490,-0.132070114,-0.234809368,-0.006942528,0.0101868217,0.2878164545,0.7691014081,0.3096277389,1,fac6,1
v000491,-0.329045376,1.0765962114,-0.3171854,-0.039857428,-0.059052321,0.0363788835,0.329400278,1,fac2,1
v000492,0.3264488826,-0.578175818,0.478716607,-0.180517145,0.19642237,0.7488384846,0.4066980954,1,fac6,1
v000493,0.1566743626,-0.111595156,0.2882475805,-0.143707735,-0.163766826,0.0419917923,-0.340352945,1,fac7,-1
v000494,-0.511724916,-0.442380227,-0.202169786,-0.3548371,-0.659701934,-0.23601814,0.076496381,1,fac5,-1
v000495,-0.318015826,-0.387771874,-0.29333198,-0.345406083,-0.596834258,0.0831700406,-0.354855036,1,fac5,-1
v000496,-0.085220147,1.0167728097,-0.019185731,-0.208394492,-0.112163138,0.321284663,-0.064190196,1,fac2,1
v000497,-0.036739754,0.6114233085,-0.121353298,-0.150227818,-0.04867273,0.0878318374,-0.364661566,1,fac2,1
v000498,0.4485071064,-0.229637367,-0.462757864,0.3083815665,-0.413773362,0.2821014633,0.9100662961,1,fac7,1
v000499,0.1007435244,-0.016024244,-0.050453324,-0.0908546,-0.028652083,-0.107322438,-0.229711825,0,,
v000500,-0.08482805,-0.019209367,0.2963624231,0.6366774407,-0.196642586,0.3488820513,-0.01558825,1,fac4,1
v000501,0.0440690056,-0.088750694,-0.08332525,0.3670081774,0.03517385,-0.419757525,-0.088425367,1,fac6,-1
v000502,-0.08140201,-0.300691382,-0.131704272,1.0850689842,-0.050184778,-0.14123057,0.2079083062,1,fac4,1
v000503,-0.056596741,-0.225673457,-0.190487628,1.2195697349,-0.046197907,-0.125803902,0.121260121,1,fac4,1
v000504,-0.108929418,0.7213667747,0.0511077637,-0.159344416,-0.038173299,-0.11923144,-0.253867672,1,fac2,1
v000505,-0.437625385,-0.180427716,-0.365904517,-0.145535671,0.4303953116,0.2354194174,-0.062217307,1,fac1,-1
v000506,-0.4155332,-0.395819955,-0.192946052,-0.292709133,-0.579368906,-0.190608796,-0.096856475,1,fac5,-1
v000507,-0.048185822,-0.017639192,-0.170404212,-0.142190684,0.7991993638,-0.079604664,-0.037055398,1,fac5,1
v000508,-0.111688856,-0.037857236,-0.073095097,-0.103885658,0.5773622976,-0.464329942,0.0783186112,1,fac5,1
v000509,-0.235214433,-0.060236557,-0.385596495,-0.131368199,0.8959058339,0.0545217173,-0.038323687,1,fac5,1
v000510,0.5912986117,-0.012451763,0.124669948,0.018811548,-0.166062648,0.3558462667,-0.203210059,1,fac1,1
v000511,1.2720377685,-0.211091878,-0.222649539,-0.296525915,-0.164365927,0.3238780153,-0.225665025,1,fac1,1
v000512,-0.237757961,0.9048139592,0.3281141014,-0.225802521,-0.263152623,0.2547402044,0.1111474005,1,fac2,1
v000513,-0.341402763,-0.184660559,-0.436439419,0.0160126007,-0.153680279,0.3594804184,0.1053942386,1,fac3,-1
v000514,-0.007500452,0.978601954,-0.111505436,-0.22022663,-0.074686457,0.5501707218,-0.044892568,1,fac2,1
v000515,0.6011037215,-0.245855681,-0.096496876,-0.225943516,-0.068456946,-0.152169759,0.2178749447,1,fac1,1
v000516,1.2703633141,-0.363500422,0.0079023579,-0.155399819,-0.161658138,0.3285358616,-0.253709283,1,fac1,1
v000517,0.1128912081,0.0572525304,-0.284662333,-0.253399588,-0.0658194,-0.206333852,0.8413289634,1,fac7,1
v000518,0.5359712788,-0.116799549,-0.162674829,-0.214387061,-0.078256919,0.032930839,0.35163717,1,fac1,1
v000519,0.9052059753,-0.120179022,-0.269895872,-0.235616228,-0.149397628,0.2590711177,-0.164191647,1,fac1,1
v000520,0.1130913083,-0.191285844,-0.008059236,-0.115847923,-0.039260801,-0.035275027,-0.081482949,0,,
v000521,0.0527649716,-0.34649728,0.8187187157,-0.157538081,0.0605891927,0.7663158727,0.1373817914,1,fac3,1
v000522,-0.194210597,-0.062491195,1.1226633312,-0.332738478,0.1785052433,0.5797740529,0.125390281,1,fac3,1
v000523,-0.017013294,-0.031258164,-0.016274285,-0.037118419,0.0182570635,-0.363505578,-0.084810695,1,fac6,-1
v000524,0.2069977188,0.0466180251,-0.099562315,-0.089830131,-0.018653377,-0.039413904,-0.416295175,1,fac7,-1
v000525,0.0932672546,-0.061081656,-0.110264787,-0.074739154,-0.012455677,-0.188744494,0.3350751579,1,fac7,1
v000526,-0.350560711,-0.312091736,-0.346363223,-0.075126183,-0.326482237,0.1771408424,-0.21687055,1,fac1,-1
v000527,0.2589929142,-0.357208818,-0.065833393,-0.09634907,0.4351218893,0.0306834162,0.1765260589,1,fac5,1
v000528,0.1041038421,0.1149410086,-0.074505949,-0.120431768,-0.083306444,-0.091443712,-0.381188979,1,fac7,-1
v000529,0.037654615,0.3058874105,-0.038570133,0.1077527145,-0.10281036,0.1401830352,-0.373962136,1,fac7,-1
v000530,-0.191857607,0.2679198194,0.9278364141,-0.225145639,-0.18620403,-0.247610595,-0.04550395,1,fac3,1
v000531,-0.202448489,1.2381228973,-0.015611671,-0.112092647,-0.098615861,0.2499306835,-0.380143808,1,fac2,1
v000532,-0.20117715,1.0164364865,-0.058541533,-0.135927095,-0.024840344,-0.033757625,-0.078063158,1,fac2,1
v000533,-0.135333263,-0.300656331,0.0149798603,0.7362124969,-0.042028166,-0.577111363,0.1624951022,1,fac4,1
v000534,0.1194518013,-0.022799406,0.0069304419,-0.011438809,-0.033239006,-0.04675269,-0.110045435,0,,
v000535,-0.127260929,-0.023904372,0.1315657296,-0.023394301,-0.165052526,-0.354897479,-0.021858102,1,fac6,-1
v000536,0.0625358455,0.1129867666,0.1120703766,0.0378148047,-0.066659638,-0.044582598,-0.040350678,0,,
v000537,0.1415731267,-0.183186622,-0.225803222,-0.400520682,-0.365550585,0.3271089088,0.2613334579,1,fac4,-1
v000538,-0.088167629,1.1510731887,0.0403973156,-0.277698359,-0.134264793,0.3095847492,-0.315946042,1,fac2,1
v000539,0.0234168883,0.5189081359,0.13993209,-0.029061457,-0.129039524,0.1922958111,-0.300726353,1,fac2,1
v000540,-0.360200152,-0.417272355,0.247178382,-0.12941613,0.1419921501,1.0736890132,0.2172601334,1,fac6,1
v000541,0.060599398,-0.083048123,0.0305903206,-0.056293339,-0.009016047,-0.193834866,0.1636061226,0,,
v000542,-0.264408861,-0.101305093,-0.380807932,-0.163220871,0.4587198211,0.0680369417,-0.140977941,1,fac5,1
v000543,-0.146486797,-0.591181785,-0.249015939,0.5246020604,-0.439855503,-0.194332152,0.0717852394,1,fac2,-1
v000544,0.0306877552,0.0856387587,-0.067602747,0.0518852205,-0.027064304,-0.199442853,-0.315211939,1,fac7,-1
v000545,-0.149818108,0.2290792596,0.0036101826,0.2366611774,-0.013833218,-0.178020424,-0.039144023,0,,
v000546,-0.146958783,1.1420172459,0.0727733687,-0.075048415,-0.159288549,0.2637875099,-0.243904114,1,fac2,1
v000547,0.621535041,0.026400094,-0.313545702,-0.261820455,-0.177951764,0.2540026069,0.9158391826,1,fac7,1
v000548,-0.078327856,-0.037259604,0.0391291647,0.0089200687,-0.100192137,-0.148843738,-0.085101596,0,,
v000549,-0.085637846,-0.059806216,-0.031010748,-0.07062387,0.1720291647,-0.352761962,0.0549664013,1,fac6,-1
v000550,0.1122675943,-0.001486354,-0.041267063,-0.039423497,-0.027007621,-0.27254338,-0.237131433,0,,
v000551,-0.078327856,-0.037259604,0.0391291647,0.0089200687,-0.100192137,-0.148843738,-0.085101596,0,,
v000552,-0.275319576,-0.199721683,-0.045752638,0.1807969283,-0.094288464,-0.26645691,0.3711844095,1,fac7,1
v000553,-0.137599494,-0.248879814,0.2872240275,-0.029475236,0.4293236883,0.1410766641,0.2858749848,1,fac5,1
v000554,-0.399694053,0.2030407733,-0.085085146,0.7349035827,-0.237032152,0.2665511198,0.1268893272,1,fac4,1
v000555,-0.195925158,0.2215999552,0.1271015,-0.03046458,-0.097307702,-0.126318956,0.0539143097,0,,
v000556,-0.021773624,-0.113164019,-0.043168497,0.1063974882,-0.015237114,-0.287769118,-0.032633455,0,,
v000557,0.0537094526,-0.085129692,-0.141669643,0.6891093908,-0.03687302,-0.103341707,-0.076758442,1,fac4,1
v000558,-0.101997703,-0.049112496,0.0781513764,-0.032574477,0.0693182721,-0.405984469,0.0964842437,1,fac6,-1
v000559,-0.104200614,-0.08627547,-0.326335057,1.4931779074,-0.267899594,0.3586019919,-0.067861128,1,fac4,1
v000560,-0.207505384,-0.086521602,-0.231060766,1.3033100381,-0.23647076,0.3477700924,0.0934950897,1,fac4,1
v000561,-0.062014126,-0.11130694,-0.263033598,1.4315543572,-0.240044406,0.282547193,-0.064088225,1,fac4,1
v000562,-0.117433924,-0.124635825,-0.180133591,1.3621628897,-0.179805114,0.1473922761,-0.000144834,1,fac4,1
v000563,0.3683463377,-0.067583509,-0.167533135,0.1874381201,-0.095265343,0.1190741768,-0.436974119,1,fac7,-1
v000564,-0.192308947,-0.071490922,-0.161834986,1.3437898224,-0.268392962,0.196360706,0.0897291608,1,fac4,1
v000565,0.1345217064,0.0762333321,-0.13204338,0.2118281072,-0.04861375,0.1177396185,-0.392916813,1,fac7,-1
v000566,-0.106078619,-0.013818802,-0.133147718,0.9705608858,0.0094816961,-0.220410537,-0.048200108,1,fac4,1
v000567,0.9146015635,-0.247362456,-0.167724582,-0.325240518,-0.154731235,0.2400363027,0.5649924428,1,fac1,1
v000568,-0.068059513,-0.050187745,0.0539305603,-0.053111467,0.045385075,-0.355719913,-0.027663799,1,fac6,-1
v000569,-0.202436659,-0.156939442,-0.104021014,-0.215501932,-0.055329046,-0.423030406,-0.077847409,1,fac6,-1
v000570,-0.12889864,-0.128712469,-0.331395341,-0.254569564,1.2697001496,0.497876444,-0.117691247,1,fac5,1
v000571,-0.239224747,-0.164925498,-0.399550203,-0.268884117,1.3402352948,0.266783934,0.040225252,1,fac5,1
v000572,0.312486083,0.4419558337,-0.446716976,-0.34733154,-0.120357235,0.1532397743,0.7178490163,1,fac7,1
v000573,0.0101827433,0.358547827,-0.339349466,-0.239511795,-0.047076918,-0.052177247,0.6039547393,1,fac7,1
v000574,-0.197672684,-0.050372021,-0.495625704,-0.177260667,0.5536849951,0.0961298518,-0.251147543,1,fac5,1
v000575,0.0881563619,-0.09787788,0.0565912045,-0.193089923,0.3887746623,0.3339183593,-0.16700024,1,fac5,1
v000576,-0.175086764,-0.0879691,-0.304434481,0.0492766394,-0.224556106,0.0802129718,0.1668771332,1,fac3,-1
v000577,-0.140440459,-0.017253979,-0.24730374,-0.047880378,-0.146384866,-0.034968793,0.2722281216,0,,
v000578,-0.297211099,-0.118928116,-0.182301956,0.1331088942,-0.200875404,-0.066612876,0.4190189262,1,fac7,1
v000579,-0.184853726,-0.056896348,-0.283321085,0.0843756744,-0.157637953,0.0461638002,0.3154824985,1,fac7,1
v000580,-0.261344812,-0.129163216,-0.133400361,-0.024184124,-0.100773642,-0.312401645,0.6235852151,1,fac7,1
v000581,-0.126686022,-0.033466125,-0.290607423,0.0451743931,-0.20214848,0.1081418224,0.1945689878,0,,
v000582,0.1490554808,-0.019300505,-0.220957944,-0.064192066,-0.005405622,-0.237334771,0.68769533,1,fac7,1
v000583,-0.12789134,-0.079825718,-0.37907047,-0.169401016,1.230572693,0.1832390127,-0.08365424,1,fac5,1
v000584,-0.066389769,-0.04738763,0.0161469885,0.1206803591,0.0212182667,-0.418097649,-0.014980544,1,fac6,-1
v000585,0.7984499842,0.1084218559,-0.221524769,-0.169708231,-0.112424715,0.2065058695,-0.764068088,1,fac1,1
v000586,0.455867259,0.3492679114,-0.095236105,-0.196448936,-0.114791485,0.1145716172,-0.269111458,1,fac1,1
v000587,-0.617631189,-0.457297633,-0.570726794,-0.34959552,0.010234267,0.4657587674,-0.308163512,1,fac1,-1
v000588,-0.184835021,0.8884513816,0.4783771641,-0.19480608,-0.19331505,0.2566999572,-0.339402391,1,fac2,1
v000589,0.0220848605,0.1217583976,-0.116633407,-0.082429326,0.0140708943,-0.044822892,-0.271889837,0,,
v000590,-0.190391332,-0.0026973,0.3037513838,-0.054890367,0.0884330656,-0.020927089,0.2450003228,1,fac3,1
v000591,-0.196563716,-0.001135623,0.2331000301,-0.034747816,0.1141069397,-0.024635113,0.2369895659,0,,
v000592,-0.344838517,-0.361477,-0.234692572,-0.306836501,-0.57756143,-0.06226821,-0.232563956,1,fac5,-1
v000593,-0.0811453,-0.095487909,0.2874440982,-0.198702287,0.6193291671,-0.431571435,0.0422485383,1,fac5,1
v000594,-0.185338455,-0.261370123,0.1750199784,-0.116548473,-0.081260726,-0.570711104,0.0667236398,1,fac6,-1
v000595,-0.326422261,-0.174986342,-0.539398405,-0.089471102,0.213866781,0.4058686505,-0.295878715,1,fac3,-1
v000596,-0.044170232,0.7346716284,-0.268180892,-0.190928924,-0.297040249,0.3259669478,0.3590161973,1,fac2,1
v000597,-0.185660628,0.9990032339,-0.267725572,-0.212347284,-0.080640012,0.136867976,0.4475001582,1,fac2,1
v000598,-0.095974206,-0.1412271,0.1133010019,-0.080157059,-0.038250999,-0.389401159,-0.012066941,1,fac6,-1
v000599,1.3370589851,-0.127226754,-0.273771201,-0.281794886,-0.183916918,0.2905255998,-0.247844685,1,fac1,1
v000600,0.0544561826,0.0398682643,-0.102755603,-0.115952191,0.0710686066,0.2716627228,-0.380213628,1,fac7,-1
v000601,-0.328246337,0.8891587366,0.1101088348,-0.204047762,-0.167853339,0.0905813906,0.4538751253,1,fac2,1
v000602,0.2873386386,0.5989044643,-0.07094924,0.8305252991,-0.176078482,0.2186317887,-0.413225981,1,fac4,1
v000603,-0.029462446,0.6022412365,-0.197318709,0.3468689198,-0.035008212,0.2436816116,-0.460019494,1,fac2,1
v000604,-0.080736405,0.030819292,0.0005648817,0.1516052106,-0.023446417,-0.239953286,-0.016688347,0,,
v000605,-0.453933002,-0.443334181,-0.251962961,-0.339882779,-0.635081399,-0.066645399,-0.111868564,1,fac5,-1
v000606,-0.001290885,-0.058950564,-0.001571693,0.0302571345,0.0238648956,-0.287262559,-0.120372455,0,,
v000607,-0.152833609,0.5086672917,-0.03970356,-0.043643998,0.0053870829,-0.24774582,-0.118052356,1,fac2,1
v000608,-0.22959361,-0.315318204,0.1909493732,-0.156037343,-0.063871406,-0.499388133,0.067985781,1,fac6,-1
v000609,-0.063311881,0.3143134337,0.3658071156,0.0549332306,-0.228054315,0.1358433308,-0.247316491,1,fac3,1
v000610,-0.371367897,1.1269580585,-0.039590774,0.0413351085,-0.11747128,0.1084257312,0.0892230518,1,fac2,1
v000611,-0.133780281,0.9131662324,-0.001422171,-0.20968229,-0.134414228,0.3539954966,0.1100896403,1,fac2,1
v000612,0.1770758422,0.3123029045,-0.398963167,-0.33095619,-0.232394813,0.0403263699,0.9193361421,1,fac7,1
v000613,-0.115518298,-0.117202946,-0.094584318,-0.101510304,0.9307597728,0.1002267138,0.0531246538,1,fac5,1
v000614,1.0610506404,-0.135748372,-0.13136668,-0.158648479,-0.129981249,0.2896302383,-0.678016067,1,fac1,1
v000615,0.2356297106,0.4361652148,-0.372762587,-0.255459158,-0.176700057,0.1460214148,0.0352480442,1,fac2,1
v000616,0.2009451936,0.3094816463,-0.470980336,-0.300924079,-0.101657336,0.1261989139,0.7407795562,1,fac7,1
v000617,0.1392179544,0.2436651359,-0.170684346,-0.10610224,-0.07417301,0.0231899388,-0.371856977,1,fac7,-1
v000618,-0.009203103,0.1542774099,-0.045192984,-0.037789712,-0.039881797,-0.265407401,-0.086162517,0,,
v000619,-0.093431916,0.0587009276,0.1301111741,-0.263916127,0.2709522575,0.2199632757,0.0244832153,0,,
v000620,-0.235599588,1.0299176965,-0.352532366,-0.122939061,-0.063259805,0.2484898595,0.1140619356,1,fac2,1
v000621,-0.347579823,-0.147494724,-0.165454024,0.1587209469,-0.093682785,-0.282632926,0.6424305876,1,fac7,1
v000622,-0.002105585,1.0287437595,-0.376913139,-0.147871279,-0.163353438,0.3894552836,0.3432024995,1,fac2,1
v000623,0.396731543,0.0655362657,-0.064252868,-0.147711547,-0.043589125,-0.265260048,-0.417227486,1,fac7,-1
v000624,-0.203398911,-0.114431862,-0.17558244,1.1160000752,-0.282431201,0.2956939885,0.064382724,1,fac4,1
v000625,-0.153989706,-0.146303276,-0.049618969,0.6256684708,-0.148561607,0.0308913069,0.0782070448,1,fac4,1
v000626,-0.097170432,-0.004295591,-0.160620238,0.5785801115,-0.119428768,0.088243242,-0.05542822,1,fac4,1
v000627,-0.070516774,-0.04924925,-0.00553335,0.2856212215,0.0401472654,-0.3703609,-0.043064561,1,fac6,-1
v000628,-0.198228107,-0.330479933,0.8473976533,-0.249088217,-0.126061553,-0.714105542,0.1323160939,1,fac3,1
v000629,-0.102175317,-0.147345623,0.0857973439,-0.086402964,-0.022788165,-0.35756614,-0.042061646,1,fac6,-1
v000630,0.9501434002,-0.389891202,-0.048437799,-0.199978517,-0.08977407,0.0492812147,0.1622963219,1,fac1,1
v000631,1.2310045796,-0.356638853,-0.121969046,0.1006817967,-0.154803738,0.1118603457,-0.080979397,1,fac1,1
v000632,0.9947155255,-0.357989311,-0.132687918,0.2450190068,-0.088012613,-0.018157285,0.2269882202,1,fac1,1
v000633,1.1220595046,-0.326877239,-0.145999466,0.2441337471,-0.088359897,0.0336529724,-0.203730892,1,fac1,1
v000634,0.0431694551,0.2620352814,-0.475482635,-0.285753592,-0.211875283,0.1075658839,1.0947463871,1,fac7,1
v000635,-0.046973838,-0.128483362,-0.150346844,-0.104268885,0.5348943648,-0.354202001,0.2447641959,1,fac5,1
v000636,-0.192679742,-0.242417048,0.1964720889,-0.087148106,-0.089893754,-0.61662527,0.138218426,1,fac6,-1
v000637,-0.122976531,0.260927434,0.2545267293,-0.139697884,-0.030197671,-0.089787605,-0.014914459,0,,
v000638,0.4582172086,0.0154050438,-0.089554408,-0.209304964,-0.092701832,-0.016289569,-0.419234238,1,fac1,1
v000639,0.882979673,-0.136994905,-0.120720461,-0.201309718,-0.075584287,0.0022578921,-0.422418527,1,fac1,1
v000640,-0.16041661,-0.124955675,-0.164129105,0.895335244,-0.172776223,0.2340205249,-0.07980854,1,fac4,1
v000641,0.0699606317,-0.134960448,-0.189162391,0.4601414967,-0.089398791,0.0037394659,0.0224723226,1,fac4,1
v000642,-0.314474987,0.3771999283,-0.185050844,0.0610662969,0.0236824522,-0.223966409,0.4058006095,1,fac7,1
v000643,0.1341312714,0.073392941,0.0321816807,-0.032842381,-0.021487141,-0.184008687,-0.333659409,1,fac7,-1
v000644,0.3452020743,-0.096588588,-0.40076637,-0.078465579,-0.20291109,0.3112164327,0.9835772212,1,fac7,1
v000645,-0.055137295,-0.264857321,0.6295565475,-0.164809971,0.1869619483,-0.26430893,0.2098100801,1,fac3,1
v000646,-0.033530337,-0.206161574,0.2600154783,-0.070727021,0.2165568052,-0.132191939,0.2323861488,0,,
v000647,0.0680953201,-0.157252106,-0.231473716,-0.046095848,0.0717151933,0.5834215861,1.0647455605,1,fac7,1
v000648,1.2656421114,-0.196718731,-0.302724834,-0.320830046,-0.155805563,0.3193426114,0.1516301675,1,fac1,1
v000649,-0.26697187,-0.123081064,0.1572544041,-0.041137324,0.1943309911,0.2189095894,0.2025927125,0,,
v000650,-0.229417101,-0.149260821,-0.028131975,0.3942572388,-0.093189403,-0.256403063,0.1320579157,1,fac4,1
v000651,0.0704448991,0.0331749688,-0.004247601,-0.088214398,-0.186006424,-0.02087397,-0.40343242,1,fac7,-1
v000652,-0.073304326,-0.174005375,-0.122039039,0.0505163623,-0.015809734,-0.010180605,-0.0591302,0,,
v000653,-0.056809206,-0.175069281,-0.119780326,0.4421323747,0.0252275148,-0.299630783,0.0421471575,1,fac4,1
v000654,-0.044132367,-0.1217077,-0.104174914,0.0839653065,0.005719027,-0.231806463,-0.033699513,0,,
v000655,-0.094313501,0.0832500676,-0.08716246,0.5550101808,-0.080805465,0.0619663952,-0.191075714,1,fac4,1
v000656,-0.006769342,0.0419881076,0.0053937739,0.0193566424,0.1864294184,-0.02228255,-0.051004879,0,,
v000657,-0.087277421,-0.053271795,-0.103395694,-0.090589268,0.3404061643,-0.186422477,0.0028138268,1,fac5,1
v000658,-0.409486178,-0.301321351,-0.005729902,-0.342678458,0.4814714191,-0.044928407,0.029489093,1,fac5,1
v000659,-0.205425277,-0.224747302,0.1028546894,-0.059028384,-0.042921973,-0.569406672,0.174220871,1,fac6,-1
v000660,0.392363879,0.1074810044,-0.057103028,-0.012905503,-0.067377719,-0.253268139,-0.334030144,1,fac1,1
v000661,0.3634334001,0.0802556384,-0.104859325,0.0250400091,-0.105551175,-0.19120932,-0.319245895,1,fac1,1
v000662,-0.369808476,-0.28349644,-0.1998294,0.4101332382,-0.20027357,-0.032105923,0.0976020162,1,fac4,1
v000663,-0.032770679,-0.010616352,-0.033597974,0.0948120461,0.0144179542,-0.32104551,-0.124076012,1,fac6,-1
v000664,0.0008059518,0.1259556938,0.0709836374,-0.167352551,0.1855870142,-0.022405517,-0.225735764,0,,
v000665,-0.226605,-0.168133969,-0.613817687,-0.317179211,0.353700575,0.2681956658,-0.443175984,1,fac3,-1
v000666,-0.262582919,-0.194648832,-0.261669717,-0.197420539,0.2433140475,-0.343672879,0.026769053,1,fac6,-1
v000667,0.1405223107,-0.125436859,-0.116053758,-0.125837854,-0.021955344,-0.212645721,0.4079540211,1,fac7,1
v000668,-0.007859043,0.1519693218,0.6137676399,-0.185850041,-0.110636916,0.5142289578,-0.089900785,1,fac3,1
v000669,-0.442325164,-0.484280207,-0.127027984,-0.262889623,-0.408970512,0.6081390748,-0.012837623,1,fac6,1
v000670,-0.182111172,-0.199405624,0.0054938252,-0.068356647,-0.067067869,0.0918214387,0.027624848,0,,
v000671,-0.043760073,-0.134963078,-0.04427839,-0.151643154,-0.047777524,-0.141407292,-0.256443485,0,,
v000672,-0.295673522,0.0512867451,-0.214359021,1.1203557641,-0.358386908,0.4340348218,-0.040358975,1,fac4,1
v000673,-0.426422673,-0.384566487,0.0640884269,-0.154333712,0.8607707932,0.94461527,0.2536284186,1,fac6,1
v000674,-0.349609825,-0.19468951,-0.173243296,-0.106497431,0.7048184062,0.0095685243,0.2393213163,1,fac5,1
v000675,-0.035736022,0.1795284094,-0.171233874,0.6062741458,-0.100307242,0.2640673307,-0.309338627,1,fac4,1
v000676,-0.187881011,-0.033419964,0.9835971786,-0.265995329,0.0296168735,0.8425871488,0.1255445529,1,fac3,1
v000677,-0.09352376,0.4113690253,0.6378334084,-0.265613863,-0.132745616,0.0486118001,-0.264397081,1,fac3,1
v000678,0.0398743155,-0.116417084,0.8876323856,-0.262944799,-0.1152686,-0.104536616,-0.301928801,1,fac3,1
v000679,-0.068619584,0.2527527907,0.50846832,-0.235057117,-0.218194442,0.0457799618,0.0677571775,1,fac3,1
v000680,-0.049781399,0.2886468876,0.5560294678,-0.1853596,-0.20275617,0.211551548,-0.183414775,1,fac3,1
v000681,1.1786937953,-0.192385656,-0.262894599,0.0738294191,-0.15690074,0.3949745241,-0.293393147,1,fac1,1
v000682,-0.060038317,0.2218762693,-0.089450925,0.6223908888,-0.001398021,-0.21503888,-0.126911006,1,fac4,1
v000683,1.2127219569,-0.282145638,-0.16502056,0.0498207168,-0.179650663,0.179871091,-0.188650489,1,fac1,1
v000684,-0.002842866,0.3702603038,-0.180843496,0.2983877285,-0.048909168,0.1851136701,-0.4145641,1,fac7,-1
v000685,-0.134542751,-0.041647126,-0.308282891,-0.113095613,0.1256236115,-0.009180356,-0.237444708,1,fac3,-1
v000686,-0.353758591,-0.238998336,-0.288468765,0.9583007142,-0.170426055,0.2713135519,0.0554233643,1,fac4,1
v000687,-0.074213796,-0.004146819,0.0450919137,-0.003986642,0.0049034584,-0.400916989,0.0139687884,1,fac6,-1
v000688,-0.063626498,0.0015691977,-0.029569245,0.059292734,-0.068464025,-0.203637534,-0.148180155,0,,
v000689,-0.106075862,-0.056852063,0.0468273462,-0.02679771,0.0584131687,-0.455370908,0.0725179532,1,fac6,-1
v000690,-0.081256565,-0.004357596,-0.108555561,0.7279689299,0.0201705974,-0.293888049,-0.08076243,1,fac4,1
v000691,-0.030418574,-0.100524414,-0.131267148,0.6551087004,0.0216546644,-0.184005931,-0.091372761,1,fac4,1
v000692,0.0507952062,0.3723445734,0.1967708177,-0.262988392,-0.351933842,-0.083245598,-0.19016643,1,fac2,1
v000693,-0.178048014,0.9048026194,0.4205166181,-0.180676168,-0.139438765,0.1451823314,-0.338459199,1,fac2,1
v000694,-0.075651463,0.1811766625,0.1691544917,-0.120529068,-0.131059646,-0.118494574,0.0774782504,0,,
v000695,-0.034408077,0.0576923377,0.171538792,-0.164955494,0.1581674952,-0.036424046,-0.043193513,0,,
v000696,-0.109182676,0.0611594426,0.1433819873,-0.093145597,-0.064570752,-0.258724335,0.0359609322,0,,
v000697,-0.061532776,-0.025294511,0.4151551849,-0.033381915,-0.091975113,-0.276991202,0.0230803715,1,fac3,1
v000698,-0.197135006,0.1169431685,-0.201222605,1.2396693625,-0.22242264,0.3451405628,0.0957872176,1,fac4,1
v000699,0.5472734392,-0.124994039,-0.251645779,-0.140158896,-0.095322857,0.1204019693,0.0805261168,1,fac1,1
v000700,-0.066081187,-0.027821975,-0.083620922,0.5817631591,0.0109322093,-0.298005882,-0.100660499,1,fac4,1
v000701,-0.082902052,0.0604373107,0.0866383481,0.1252136532,-0.032711117,-0.260386871,0.0301808458,0,,
v000702,-0.189092055,0.6531881435,0.1301485799,0.0282701428,-0.067760747,-0.205338273,-0.238547219,1,fac2,1
v000703,-0.132493362,-0.19111179,-0.03179492,0.1363920614,-0.024035014,-0.286787138,0.0879901515,0,,
v000704,0.0482025312,-0.008715723,-0.050218787,-0.05672446,-0.005947315,-0.276565372,-0.146204597,0,,
v000705,0.0271643942,-0.012210956,-0.071993718,-0.052921087,0.0000629058,-0.065863848,-0.290474255,0,,
v000706,0.1423005861,-0.360687177,-0.120299637,1.0511115847,-0.076220981,-0.103740758,0.0422402951,1,fac4,1
v000707,-0.186534945,-0.180104767,0.0433518805,0.0628407448,0.1080241492,-0.158907418,0.1898135662,0,,
v000708,0.1004911692,-0.030780212,-0.246306105,0.3408871549,-0.009543541,-0.092969453,0.2984473889,1,fac4,1
v000709,0.0543373686,-0.017617434,0.0021050334,-0.03384684,-0.000594702,-0.305626222,0.0579805381,1,fac6,-1
v000710,0.0376502897,-0.242771556,0.7168923279,-0.11433855,-0.111605746,-0.381706487,-0.006343199,1,fac3,1
v000711,-0.019023524,-0.19944319,0.3774850146,-0.101731657,-0.088230388,-0.383809551,0.0530345664,1,fac6,-1
v000712,-0.249609387,1.0978258848,-0.356925105,-0.190797749,-0.129124449,0.2064241794,0.3234859661,1,fac2,1
v000713,0.179670737,0.0411139221,-0.094032653,-0.096324622,-0.036856692,-0.051866132,-0.417493865,1,fac7,-1
v000714,-0.233775425,0.2384511722,-0.21968284,-0.083196777,-0.123756268,0.1451104307,0.5629967315,1,fac7,1
v000715,0.1959637775,0.0787579377,-0.300007943,-0.285878913,-0.06659908,-0.074769831,0.7786560877,1,fac7,1
v000716,-0.009399064,-0.037246711,0.0281769841,-0.167883815,0.2901244439,0.1182907985,-0.09962545,0,,
v000717,-0.217838846,-0.14254494,-0.323260732,0.0650958774,-0.127506531,0.2254660674,-0.027808058,1,fac3,-1
v000718,-0.188864231,-0.115916322,-0.219385767,0.0223289513,-0.124170677,0.1410672732,0.0276785118,0,,
v000719,0.04999952,0.038755756,-0.062443982,-0.037070244,-0.012823265,-0.111077621,-0.275034439,0,,
v000720,-0.170080449,-0.163365288,-0.045493803,0.0682765625,-0.044259431,-0.304180673,0.0395967542,1,fac6,-1
v000721,-0.219131404,-0.253486524,0.0713107297,-0.12734247,0.0027320989,-0.508417082,0.0712093511,1,fac6,-1
v000722,0.9958340226,0.1209373215,-0.228373099,-0.220634565,-0.149902345,0.3025300173,-0.72368622,1,fac1,1
v000723,-0.315534159,1.1687997703,-0.152032842,-0.225221842,-0.050122653,0.0478130938,0.0182947691,1,fac2,1
v000724,-0.35040241,1.2442170718,-0.052353944,-0.166955479,-0.060721745,0.1848889335,0.004806985,1,fac2,1
v000725,-0.10131034,0.1463893524,-0.066341819,-0.129219788,-0.199161205,-0.107678254,0.0986551939,0,,
v000726,-0.03550334,-0.036764162,0.0047511645,0.1377397439,0.0134132622,-0.324774848,-0.026184442,1,fac6,-1
v000727,-0.067430757,-0.080895106,-0.116571612,0.7342080958,0.0182503419,-0.2618431,-0.060700108,1,fac4,1
v000728,0.6870642011,-0.069113183,-0.192778662,-0.308438753,-0.106471046,0.130587915,0.2879770483,1,fac1,1
v000729,-0.042909458,0.0732522285,-0.010596032,-0.053491943,-0.040272894,-0.237503943,-0.10587719,0,,
v000730,0.0399189758,-0.049628255,-0.046591212,-0.016620287,0.0047583913,-0.14558927,-0.243452486,0,,
v000731,0.1956656442,-0.356332917,-0.010536405,0.0139117079,0.110123765,-0.26098331,0.3251784969,1,fac2,-1
v000732,0.7190998761,-0.268568697,-0.092423635,-0.246856819,-0.089383968,0.0676035736,0.1709423146,1,fac1,1
v000733,-0.101726745,-0.078080827,0.2683581583,-0.087612999,0.1022493324,0.4216563158,0.0511888778,1,fac6,1
v000734,0.1430286564,0.2537765084,-0.346997712,-0.297606328,-0.053377747,-0.105916379,0.9467175785,1,fac7,1
v000735,0.0602548892,-0.009297335,0.7700218068,-0.320951068,-0.069102592,0.5357598254,0.1318149879,1,fac3,1
v000736,-0.21783757,-0.293132609,0.2264319025,-0.180008533,1.0498250415,0.4759976696,0.3106380588,1,fac5,1
v000737,-0.52632945,-0.444848241,-0.357461937,-0.376946816,-0.060051846,0.483968395,-0.185151231,1,fac1,-1
v000738,0.1834131748,0.1563449985,-0.080292751,-0.107743043,-0.049329849,-0.314851365,0.1970120297,1,fac6,-1
v000739,0.0296733856,0.069755733,-0.068069358,0.0402478575,-0.021334751,-0.133730801,-0.275562917,0,,
v000740,0.1499160549,-0.133297204,-0.024330572,0.2519003481,-0.046475056,-0.21275853,-0.023397077,0,,
v000741,-0.237177953,-0.250269858,0.0821983944,-0.069201692,-0.030427702,-0.006516181,0.1543865874,0,,
v000742,-0.182111172,-0.199405624,0.0054938252,-0.068356647,-0.067067869,0.0918214387,0.027624848,0,,
v000743,-0.138528075,-0.09909107,-0.051005873,0.1067995333,0.0092904973,-0.081811369,0.0085878617,0,,
v000744,-0.227363194,-0.209720841,0.0485836161,-0.061610053,-0.056425698,0.2721777277,0.0189988709,0,,
v000745,-0.032706502,-0.037971644,-0.538265037,-0.187521584,0.16247275,0.4422970484,-0.539661138,1,fac7,-1
v000746,-0.155655745,-0.14111534,0.2741316788,-0.08225639,0.1346864908,0.2203290053,0.1726029223,0,,
v000747,0.1162393353,0.0846215216,-0.06170588,-0.106892947,-0.051433326,-0.033477282,-0.361803546,1,fac7,-1
v000748,-0.158145499,-0.290948374,1.1040192843,-0.271196486,0.0955322757,0.1562091409,-0.045032761,1,fac3,1
v000749,0.1283792141,0.030127627,0.226393938,-0.009429557,-0.055723093,-0.181868548,-0.337799166,1,fac7,-1
v000750,-0.026093692,-0.021199891,0.0192741282,-0.047359061,0.029645304,-0.284779077,-0.118630037,0,,
v000751,-0.147034442,-0.150135501,-0.266170098,0.2752836771,-0.163899436,0.1850228143,-0.223515033,0,,
v000752,-0.154216658,-0.138138152,-0.265185703,0.2651403629,-0.155511835,0.1813114492,-0.232914814,0,,
v000753,0.1367398116,-0.236745257,-0.26552619,1.1173683478,-0.104099165,0.131194689,-0.06767454,1,fac4,1
v000754,-0.017026925,-0.303307446,-0.256983706,1.1222169918,0.0658888378,-0.010777821,0.1721380502,1,fac4,1
v000755,-0.053256116,-0.279564576,-0.152601074,1.1035303626,-0.087711796,-0.085150591,0.1926270907,1,fac4,1
v000756,-0.029371981,0.0024563199,-0.163414284,-0.082167423,0.655450491,-0.306293979,-0.036542138,1,fac5,1
v000757,-0.110574596,-0.232126797,0.6814290008,-0.174153398,0.0271679619,-0.504802303,0.1046731888,1,fac3,1
v000758,0.1536274846,-0.167395246,0.0773277626,-0.106741716,0.186990251,0.1471564724,0.1017945867,0,,
v000759,0.0237543981,-0.269306714,-0.046217678,0.3481547502,0.3608828767,0.4827262936,-0.005861547,1,fac6,1
v000760,-0.125374992,-0.031891296,0.1631372598,-0.023348202,-0.029639009,-0.296375068,0.0712046494,0,,
v000761,-0.370572954,-0.25717236,-0.153658346,-0.183465355,1.0819178048,0.3905583984,0.2093880461,1,fac5,1
v000762,-0.298326234,-0.195268145,-0.140375123,-0.086190225,0.934756228,0.052326624,0.2407137626,1,fac5,1
v000763,-0.551112267,-0.411688368,-0.335941627,-0.294691067,-0.154473816,0.0656397958,-0.009817344,1,fac1,-1
v000764,-0.208309497,-0.226609818,0.0496424937,-0.080753353,-0.043435104,0.0643274452,0.0810410001,0,,
v000765,0.8442465948,-0.363040345,-0.03005556,0.3940747358,-0.210406176,0.3581862033,-0.025415353,1,fac1,1
v000766,-0.478520045,-0.43994733,-0.156397128,-0.291756444,-0.511360488,-0.300573354,0.0546859258,1,fac5,-1
v000767,-0.195806807,-0.207614303,-0.199029874,1.3266591748,-0.208914739,0.0823868384,0.0801739604,1,fac4,1
v000768,-0.111164731,-0.214827132,0.944907811,-0.156234069,-0.086963337,-0.383860938,0.0099171168,1,fac3,1
v000769,-0.023304436,0.0457973396,0.4550383227,-0.17236437,-0.050078911,0.5036572169,0.0071929878,1,fac6,1
v000770,-0.163937525,0.1363851605,0.0812074351,-0.04684208,0.1928280942,0.6252164793,-0.035180917,1,fac6,1
v000771,0.8120941608,-0.205516093,-0.037987,-0.077830212,-0.084959283,0.2010092017,-0.407450706,1,fac1,1
v000772,0.1279305763,-0.18266663,-0.293084009,1.1852765539,0.0338118848,-0.084666752,0.0332505246,1,fac4,1
v000773,-0.088027912,-0.246328692,-0.116507742,0.8791990042,-0.057221259,-0.165218443,0.1511998215,1,fac4,1
v000774,-0.151095859,-0.174792891,-0.190573204,1.0972060417,-0.087941059,-0.043982944,0.207118669,1,fac4,1
v000775,0.4753978824,0.1277066085,-0.176894427,-0.325156538,-0.21473108,-0.11190377,-0.538920089,1,fac7,-1
v000776,-0.136928611,-0.136907751,-0.172756141,1.1472712005,-0.238195511,0.3292569596,0.1120462568,1,fac4,1
v000777,-0.208569,-0.337197007,0.8698416428,-0.255477436,-0.088944794,-0.680655416,0.1258087955,1,fac3,1
v000778,-0.454646397,-0.361755967,-0.555237305,0.1453667564,-0.359669917,0.2240664476,0.2211068545,1,fac3,-1
v000779,-0.13932804,0.8920469028,0.067225192,-0.105201092,-0.223777984,0.098317437,-0.259550183,1,fac2,1
v000780,0.8209761056,-0.302134467,-0.105472175,-0.271829801,-0.116756568,0.2214712526,0.2662486418,1,fac1,1
v000781,-0.02080998,-0.15127792,0.0111612347,0.0776222231,0.0338443607,-0.484134927,0.2542346537,1,fac6,-1
v000782,-0.09707499,-0.199853238,0.2773276751,-0.109738737,0.4567536841,-0.40302038,0.1480017655,1,fac5,1
v000783,-0.043715252,-0.066871873,0.1177660618,-0.139353805,0.4486851577,0.1828986477,-0.163648489,1,fac5,1
v000784,0.9000181534,-0.276835161,0.1381063301,-0.265160167,-0.17739253,0.3886697042,0.3421712602,1,fac1,1
v000785,0.2480743893,-0.194371713,-0.18189633,0.3807027168,0.0283018291,0.0494025429,0.4350115084,1,fac7,1
v000786,0.4257494398,-0.181339435,-0.1421928,0.2040763146,0.0272310733,-0.03466637,0.3545566068,1,fac1,1
v000787,-0.252258208,-0.324364434,0.1818090923,-0.155097198,-0.01545705,-0.618182058,0.1473364116,1,fac6,-1
v000788,-0.073249396,-0.162898878,-0.089202498,0.0717188096,0.0183142064,-0.126637998,0.0109219512,0,,
v000789,0.775779683,-0.214797026,0.2631563984,-0.17718371,-0.149820712,0.7043688172,0.4035562392,1,fac1,1
v000790,-0.127898835,-0.268733389,0.6416532655,-0.038811498,0.0399954271,0.4807020544,0.1784962202,1,fac3,1
v000791,0.0412463667,-0.147408416,0.0794127934,0.17759675,0.0721159746,0.1118200187,-0.098103163,0,,
v000792,-0.109335231,-0.255813844,0.0815976656,0.0029686522,0.4359136169,0.3065041892,0.1026055703,1,fac5,1
v000793,0.0152041747,-0.206315362,0.8509492399,-0.271035275,-0.11385297,-0.277758976,-0.241467591,1,fac3,1
v000794,-0.137104422,-0.314007531,0.982631679,-0.168224537,-0.007264024,0.2849518864,0.0478077928,1,fac3,1
v000795,-0.352844493,0.8307533554,-0.137954433,-0.095247432,0.3159746863,0.3614121752,0.524224038,1,fac2,1
v000796,-0.298752641,-0.2164952,-0.076441937,-0.157506667,0.9813658919,0.6697473117,0.056142879,1,fac5,1
v000797,0.1854567076,0.0004056712,-0.267271234,-0.182210433,0.3201732233,0.1859010524,-0.409897743,1,fac7,-1
v000798,-0.106956882,-0.056074362,0.0196387977,-0.078173434,0.093188566,-0.327829069,0.0151202729,1,fac6,-1
v000799,0.062806981,-0.110098396,0.0394808384,0.1969002591,0.0108488888,-0.454640908,0.0111918467,1,fac6,-1
v000800,0.083263702,0.373701782,-0.04613057,-0.177757949,-0.089261543,0.0576830559,-0.290687613,1,fac2,1
v000801,0.5702852761,0.0714779564,0.1042292138,-0.123549729,-0.0670386,0.4914899425,0.3641810462,1,fac1,1
v000802,0.110224085,0.1083482505,-0.116424327,-0.114267085,-0.072897631,-0.01384166,-0.438876756,1,fac7,-1
v000803,-0.342237396,1.1287369817,-0.155910674,0.0657768573,-0.038313116,0.0384236618,0.1082723366,1,fac2,1
v000804,-0.112413059,-0.096960309,0.0122877127,-0.185254287,0.880765405,-0.192739542,0.0167494443,1,fac5,1
v000805,-0.220931987,-0.154328071,-0.087463742,-0.23615131,1.1437481619,-0.190405138,0.1256247808,1,fac5,1
v000806,0.0449474033,0.0241396041,0.0042505293,0.0765223372,-0.053459263,-0.269890613,-0.077049946,0,,
v000807,-0.285639863,0.5210875361,0.0453718323,0.1321289424,-0.157235908,0.4014425655,0.2872117035,1,fac2,1
v000808,-0.061530258,0.5806174046,0.642604023,-0.180797105,-0.216473394,0.5739835136,-0.33586731,1,fac3,1
v000809,0.2387655714,0.0569541788,-0.100648912,-0.130130729,-0.032780105,-0.038969969,-0.494037702,1,fac7,-1
v000810,0.3746900463,0.2300698127,-0.17267154,-0.1235157,-0.077331391,0.1187683277,-0.53543543,1,fac7,-1
v000811,-0.183341819,0.8133604082,0.2924632398,-0.243135595,-0.417511753,0.5548955716,0.1055704363,1,fac2,1
v000812,-0.093463123,0.0450089446,0.0359339902,-0.053146819,-0.036715408,-0.320498556,0.0106611409,1,fac6,-1
v000813,-0.254066247,0.0919808208,-0.111815417,0.1006334999,-0.035946828,-0.258187544,-0.002136817,0,,
v000814,-0.115087969,0.2438501477,-0.051087294,-0.0598404,-0.006367248,-0.232989157,-0.133358177,0,,
v000815,-0.216615154,-0.358615487,0.6243485079,-0.008580514,0.0605192424,0.3794455095,0.2922661508,1,fac3,1
v000816,-0.048381328,0.1538009374,-0.003633083,-0.139714461,-0.11108445,-0.255733761,-0.245325457,0,,
v000817,0.0018815762,-0.185676504,0.3361068387,-0.135027547,0.0118588887,-0.288833094,-0.014735497,1,fac3,1
v000818,0.042539598,-0.138967572,0.2967352263,-0.094515009,-0.118470051,-0.269360887,-0.103913218,0,,
v000819,0.0348906382,-0.143860496,0.2937005035,-0.100487483,-0.101556659,-0.214278623,-0.132568574,0,,
v000820,0.4347574295,-0.289441782,0.5558991353,-0.201452618,-0.194997263,0.4896168712,0.5662833053,1,fac7,1
v000821,-0.004887966,-0.137814147,0.3967955877,-0.048015502,-0.122089763,-0.309966,-0.0147166,1,fac3,1
v000822,0.8133995204,-0.038734481,-0.148183581,-0.236541317,-0.08724397,-0.130176027,-0.422877616,1,fac1,1
v000823,1.0989896885,-0.231156003,-0.05281625,-0.218487577,-0.106484229,0.0128500991,-0.372684847,1,fac1,1
v000824,-0.146104131,-0.153464694,0.1294494043,0.0275141367,-0.020184605,-0.266899171,0.0251496328,0,,
v000825,-0.261216008,-0.238958175,-0.048227495,0.1909288163,-0.093548002,-0.252034134,0.3657014605,1,fac7,1
v000826,-0.02572549,-0.144694965,-0.160522231,0.8616030036,0.0039992941,-0.21526975,0.0032067699,1,fac4,1
v000827,-0.037427852,-0.18062037,-0.138345034,0.7858172075,0.0173385406,-0.286295069,0.0912167866,1,fac4,1
v000828,0.1429559,0.4077502594,-0.088650235,-0.209946691,-0.099008643,0.1595395579,-0.455001216,1,fac7,-1
v000829,0.9957620876,-0.081592338,-0.141120057,-0.172135481,-0.10059692,0.1464601413,-0.600492185,1,fac1,1
v000830,0.1078879446,0.461318302,-0.481306602,-0.303484191,-0.087247216,0.120163232,0.8122592538,1,fac7,1
v000831,0.2118300997,0.4851675111,-0.424039709,-0.360832176,-0.123010073,0.0240772429,0.8256042864,1,fac7,1
v000832,0.0859737987,0.0493374323,-0.085390047,0.0053499456,-0.038681352,-0.222478773,-0.281141386,0,,
v000833,-0.26178566,-0.129587033,-0.095497205,-0.057040117,0.3195821907,0.116849242,-0.046687988,1,fac5,1
v000834,0.2887326033,0.4521815761,-0.406275302,-0.374479806,-0.119675843,0.0103548218,0.8906254933,1,fac7,1
v000835,-0.212844997,-0.070692282,-0.627944879,-0.163694495,0.5187004913,0.2830071368,-0.330343718,1,fac3,-1
v000836,0.0817658424,-0.131579594,0.6100944475,-0.199173946,-0.150152803,0.1301155051,-0.385784127,1,fac3,1
v000837,0.1928505783,-0.138689215,0.2934526707,-0.173863103,-0.162142853,0.0538707059,-0.358731057,1,fac7,-1
v000838,0.1389795362,-0.123352378,0.4471008757,-0.22416214,0.152592206,0.0675930754,-0.229650295,1,fac3,1
v000839,0.0234236834,-0.117369718,0.3864667752,-0.10825199,-0.169751467,-0.182594506,-0.078647794,1,fac3,1
v000840,-0.15031237,0.0830389394,0.2370952934,-0.147434972,0.1550719359,-0.152896997,0.0552569705,0,,
v000841,-0.009295627,-0.067388126,1.0129029464,-0.231188634,-0.220951431,-0.058314454,-0.227540069,1,fac3,1
v000842,0.0450446631,-0.159567583,0.4821986438,-0.237724671,0.0666861408,-0.063166544,-0.048707438,1,fac3,1
v000843,0.1697713191,-0.051499044,0.3080372122,-0.229949536,-0.161016684,0.0200330908,0.2506122159,1,fac3,1
v000844,-0.08329374,-0.005443363,0.0451487412,0.0184989481,0.0197458963,-0.353151604,0.0298816664,1,fac6,-1
v000845,-0.152607497,-0.213641314,0.1503293921,-0.012476397,0.1395567872,-0.085310273,0.2252379089,0,,
v000846,-0.107098816,-0.067328526,0.0868532795,-0.002427153,-0.090759158,-0.229752189,-0.001228996,0,,
v000847,-0.354470599,-0.061644743,0.092273966,-0.164999753,0.1642133493,0.6116428342,0.7890234962,1,fac7,1
v000848,-0.080787306,-0.080215983,0.0663279326,-0.048968497,0.0736099085,-0.382701155,0.0555674238,1,fac6,-1
v000849,-0.000786875,0.0159911347,0.0071901375,-0.0898725,0.0064664182,-0.335545044,-0.111875562,1,fac6,-1
v000850,0.4045501028,-0.072391468,0.0039844571,0.1188761521,-0.024218974,-0.266634335,-0.249024349,1,fac1,1
v000851,-0.065870632,-0.296522098,-0.042642764,0.0895711082,0.0962525496,-0.041268857,0.0362365323,0,,
v000852,-0.206032185,1.0034440689,0.0031502016,-0.174003815,-0.039588186,-0.020277918,-0.160331025,1,fac2,1
v000853,-0.155833685,-0.068278138,-0.087490092,0.782937833,-0.050455329,-0.179717257,0.109776868,1,fac4,1
v000854,-0.109059831,-0.139061363,0.0471502443,0.1892962472,0.0864401597,-0.548906407,0.1224464389,1,fac6,-1
v000855,0.0316895524,0.0180792366,-0.12561454,0.3751198377,0.0010252695,-0.127525181,-0.290488845,1,fac4,1
v000856,-0.190181667,0.3682443255,0.8202300068,0.0659834915,-0.326932194,0.2899440501,0.1211261944,1,fac3,1
v000857,0.0005431206,0.0829310163,0.0854674226,0.19559242,-0.078067683,-0.217520864,-0.020169731,0,,
v000858,-0.284744166,-0.242599815,-0.017424402,-0.217543293,1.0618814949,0.7368141876,0.0768032966,1,fac5,1
v000859,0.0596352508,0.0336285949,-0.100312983,-0.110620503,0.0987494803,0.2569385297,-0.404584263,1,fac7,-1
v000860,-0.270035,-0.086419106,-0.308066704,-0.148061772,0.9228298058,-0.197741153,0.1618589718,1,fac5,1
v000861,-0.16959815,-0.259743023,-0.233197202,0.5194982251,-0.176303182,0.3660953666,-0.123128738,1,fac4,1
v000862,0.7934893909,-0.380078137,-0.003961738,0.5280479741,-0.108145526,0.4468860156,-0.078987045,1,fac1,1
v000863,-0.092321511,-0.001200586,-0.498258638,-0.183006629,0.4926047327,0.1262454902,-0.360736866,1,fac3,-1
v000864,0.374553421,0.1700650373,-0.363291939,-0.400782993,-0.211909503,0.0123570339,0.9730483633,1,fac7,1
v000865,0.021251112,-0.043416816,-0.193144649,-0.094882741,-0.123755579,0.0271016258,0.6817070389,1,fac7,1
v000866,-0.117073497,-0.275623247,0.0719295802,-0.067844348,0.0168100409,0.0999064895,0.1138639911,0,,
v000867,-0.17227781,0.0505658841,1.2817536473,-0.277066139,-0.245365278,0.0504725908,0.2110412362,1,fac3,1
v000868,-0.249363578,-0.047972906,0.8424491063,-0.084929911,-0.347131411,0.1368170531,0.187007761,1,fac3,1
v000869,-0.155930381,-0.164858226,0.8777119817,-0.180614716,-0.082841844,-0.414139565,0.1335162195,1,fac3,1
v000870,-0.276574857,0.1406881153,0.6401586468,-0.152232317,-0.272939312,0.9185417802,0.0738066613,1,fac6,1
v000871,-0.049126194,0.0035664296,-0.013954576,-0.11052962,0.4312194358,-0.393617384,-0.016795727,1,fac5,1
v000872,-0.062564523,-0.073844721,0.0507922672,-0.01850771,0.0407884564,-0.384974098,0.0309954285,1,fac6,-1
v000873,-0.120165322,-0.180857605,0.0161504463,0.2337663552,0.1048103257,-0.226051992,0.1579607186,0,,
v000874,-0.231336561,-0.102224842,-0.150835282,1.1061692504,-0.213926376,0.1632998578,0.1131049785,1,fac4,1
v000875,-0.158038684,-0.036162159,-0.150618499,0.8703540252,-0.115101236,0.1511811488,-0.116842438,1,fac4,1
v000876,-0.141772589,-0.076309755,1.1833828204,-0.213492445,-0.2684407,-0.247733958,0.017004119,1,fac3,1
v000877,-0.093855909,-0.071092753,0.9544277439,-0.199785216,-0.214629513,-0.219972465,-0.083023537,1,fac3,1
v000878,-0.159591174,0.2962343048,0.8877956502,-0.243448966,-0.147414397,-0.107619897,-0.163288481,1,fac3,1
v000879,0.0309599239,0.0425818292,-0.060100205,-0.093361191,0.1597347795,-0.388720865,-0.139137788,1,fac6,-1
v000880,-0.015300305,0.2040123778,-0.133175958,-0.096473021,0.3712387351,-0.077318621,-0.174923434,1,fac5,1
v000881,0.5391500266,-0.225355096,0.5354466868,-0.051357823,-0.191367533,0.5980794284,0.1672781812,1,fac6,1
v000882,1.0729248671,-0.448739353,-0.025811195,-0.175954336,-0.03352309,0.0512422302,0.4237512329,1,fac1,1
v000883,0.0378468907,-0.095844807,-0.098431828,-0.085529561,0.0319436817,-0.36929402,0.5206398067,1,fac7,1
v000884,-0.067816557,0.1143966818,0.2166454836,-0.090973404,-0.09439497,-0.170926169,-0.009277551,0,,
v000885,-0.177724664,-0.252360496,0.1696089717,-0.093912883,-0.084680877,-0.569196693,0.0769299667,1,fac6,-1
v000886,-0.169340009,-0.054597084,-0.259304609,-0.074456627,0.6942186244,-0.06791291,0.006001825,1,fac5,1
v000887,0.0026693639,-0.087890848,0.0239636898,0.0300476403,-0.009606495,0.0700994508,-0.122917605,0,,
v000888,-0.165612809,0.4855077135,0.3361449717,-0.082414573,-0.092355107,-0.251967337,-0.096244654,1,fac2,1
v000889,0.4182472216,-0.264150078,0.0796657278,-0.087949594,-0.066504331,-0.193114171,0.1795805518,1,fac1,1
v000890,0.3682598073,-0.343873403,0.223546258,0.1177392253,-0.362409155,0.3474323334,0.0967688518,1,fac1,1
v000891,1.0725225488,-0.064527989,-0.394416028,-0.073521328,-0.176029833,0.2563009219,0.1780138204,1,fac1,1
v000892,0.7763205931,-0.025071164,-0.235951571,-0.213938475,0.0631505769,0.3090354293,-0.576980611,1,fac1,1
v000893,0.5966093926,-0.003843115,-0.130324701,-0.1785921,0.0790986638,0.0969811072,-0.344441113,1,fac1,1
v000894,0.7277490962,-0.283464347,-0.13723853,-0.188746923,-0.116359166,0.0844031855,0.0318119408,1,fac1,1
v000895,0.1792083665,0.1124320433,-0.137317272,-0.234796274,-0.062434969,-0.179289322,0.1372148503,0,,
v000896,0.503407462,-0.123634438,-0.123057816,-0.2012521,-0.072751517,-0.174896259,0.1412376148,1,fac1,1
v000897,0.5611614481,0.1942109612,-0.132748773,-0.362811487,-0.135431509,-0.041515308,0.1888964591,1,fac1,1
v000898,-0.054907364,-0.008878971,-0.025543528,0.411597027,-0.027707458,-0.20391387,-0.019380376,1,fac4,1
v000899,-0.463526628,0.2761642305,0.2665892963,0.0238966224,0.186360035,0.6129393921,0.5578863585,1,fac6,1
v000900,-0.050183704,0.2463081939,0.0817473279,0.0225472994,-0.046934835,-0.191957979,-0.202755317,0,,
v000901,0.0415902905,-0.160163253,0.1013632205,0.0293748487,0.0361441551,0.3261597915,-0.126567872,1,fac6,1
v000902,-0.036321984,0.0682914049,0.0686806104,-0.134242647,-0.108232913,-0.350355798,-0.213953306,1,fac6,-1
v000903,-0.14043675,-0.218555263,-0.076637025,0.7951751032,0.0059598098,-0.287750961,0.1803850726,1,fac4,1
v000904,0.3643791739,0.1063903684,-0.119903194,-0.225804598,-0.065568461,-0.2501782,-0.372468539,1,fac7,-1
v000905,-0.087145274,-0.049830621,0.1351607422,0.0215066467,0.0298096247,0.0610136821,0.074326794,0,,
v000906,-0.084193592,0.1061862107,-0.099096247,0.73970801,-0.083321506,0.1293032477,-0.211489786,1,fac4,1
v000907,-0.006835756,0.0384733293,0.9813388756,-0.181089152,-0.328278249,-0.087503446,-0.122571188,1,fac3,1
v000908,-0.259756147,0.8036669622,0.5090928518,-0.070034854,-0.220257286,0.1034536226,-0.13800986,1,fac2,1
v000909,-0.247478231,-0.08858239,-0.336377173,-0.138218238,0.9761275479,-0.030049133,0.0496138531,1,fac5,1
v000910,-0.308686102,1.1755568868,0.0187488935,-0.002359653,-0.165872977,0.1359325561,0.1335503822,1,fac2,1
v000911,0.1890930411,0.3967344841,-0.001194452,0.6555529894,-0.249172729,0.2578766751,0.0212166616,1,fac4,1
v000912,-0.263387272,-0.096638561,-0.203953199,-0.107002337,0.3307793744,0.2441365951,-0.170602286,1,fac5,1
v000913,-0.114263232,0.1460552975,0.0062835924,0.0378980448,0.0019202368,-0.283088911,0.0011872822,0,,
v000914,-0.031076642,0.3044533591,-0.081100637,-0.008438054,-0.008781834,-0.034548726,-0.273792531,1,fac2,1
v000915,-0.102163099,0.2668922487,0.1463125456,0.4890782763,-0.069977466,0.2591702755,-0.039085266,1,fac4,1
v000916,-0.085999222,-0.026478416,0.2823779393,0.1073757084,-0.009532685,-0.012101114,0.0052080682,0,,
v000917,-0.092022901,0.4008476737,-0.099902674,-0.005393995,-0.033202894,-0.099647108,-0.195700079,1,fac2,1
v000918,-0.309266018,1.0778119523,-0.18944897,0.4612402692,-0.172480309,0.2021511318,-0.109801006,1,fac2,1
v000919,-0.225399258,0.4250182517,0.9849285257,-0.166791338,-0.289134459,0.2454138145,0.0079516086,1,fac3,1
v000920,0.7895150095,-0.166936388,-0.033917484,-0.145867117,-0.050245208,-0.118051598,-0.241753037,1,fac1,1
v000921,-0.226311527,-0.108448556,-0.337123807,-0.159598883,0.5600959677,0.3478816713,-0.194709945,1,fac5,1
v000922,-0.14366156,-0.140267699,0.147259421,-0.092318474,0.2670838513,-0.339888909,0.1432737798,1,fac6,-1
v000923,-0.11957519,-0.068636454,-0.115398119,-0.169215148,0.965986202,0.0020097024,-0.073048659,1,fac5,1
v000924,-0.047000308,-0.123160781,-0.17541412,-0.152973562,0.9888480119,0.4416925549,-0.122776593,1,fac5,1
v000925,-0.065860569,-0.154205929,-0.064572312,-0.136963955,0.796598558,0.3426003109,0.0234129733,1,fac5,1
v000926,0.0500939456,0.0945494051,-0.126415196,0.146033674,-0.078084407,0.0367871527,-0.261627036,0,,
v000927,-0.216022746,-0.189387115,-0.12182503,0.3197323341,-0.117852106,-0.083574928,0.0178941725,1,fac4,1
v000928,-0.210947488,0.3095586311,0.3708313229,-0.091881175,-0.132923422,-0.045530691,0.0469670262,1,fac3,1
v000929,-0.449935764,-0.222448554,-0.489992088,-0.204489895,0.9107571985,0.2854107665,0.0315708304,1,fac5,1
v000930,-0.094222804,-0.140390078,-0.020732359,-0.083308984,-0.096734709,0.4110161449,-0.206485032,1,fac6,1
v000931,1.0436588099,-0.511314704,0.2750506409,-0.180797125,-0.281542917,0.3934538291,0.0036684747,1,fac1,1
v000932,0.0815570774,-0.063033078,-0.154365337,0.2739775096,-0.005992988,-0.059447973,-0.233802588,0,,
v000933,-0.755596196,-0.533940636,-0.51714065,-0.308771113,0.2012587514,0.0026236774,0.0967233236,1,fac1,-1
v000934,-0.389533221,-0.470389306,-0.303571957,-0.352266263,-0.203140435,0.3334442377,-0.134889682,1,fac2,-1
v000935,-0.570800646,-0.624539512,0.4044390054,-0.577546999,0.2499103522,0.6085352465,0.0552077943,1,fac2,-1
v000936,0.1424499761,0.0100618095,-0.06236429,-0.086684273,0.013918307,0.010779942,-0.39389045,1,fac7,-1
v000937,-0.085422864,0.4351633981,0.2204510276,-0.080786597,-0.095583574,0.109284267,-0.245374674,1,fac2,1
v000938,0.0007811296,-0.207993468,0.7581259292,-0.252499223,-0.138156897,-0.335622746,-0.232417882,1,fac3,1
v000939,-0.256506734,-0.42062024,0.1924101262,-0.046408793,0.1256592144,0.6661285637,0.6303945627,1,fac6,1
v000940,-0.510313357,-0.374376305,-0.682476969,-0.281510102,0.2432986944,0.2050169764,-0.188947498,1,fac3,-1
v000941,0.0252045586,-0.120774257,1.1214495603,-0.244246113,-0.321068747,0.0655817995,-0.224813633,1,fac3,1
v000942,-0.493496283,-0.455676767,-0.161815357,-0.29621736,-0.554569008,-0.291663837,0.0563039895,1,fac5,-1
v000943,-0.38605187,-0.408149882,-0.262363119,-0.33862274,-0.613900191,0.0212069098,-0.235491893,1,fac5,-1
v000944,-0.109822108,-0.301395859,0.7945693343,-0.182852583,0.2590862088,0.2662292292,0.2091787348,1,fac3,1
v000945,-0.158798715,0.3355293971,1.0449053954,-0.201648816,-0.29916507,-0.098790586,-0.153822802,1,fac3,1
v000946,-0.120909227,-0.028629852,0.8939187211,-0.143165535,-0.234318456,-0.312681717,-0.005520855,1,fac3,1
v000947,-0.408786703,-0.283835598,-0.156555271,0.8984358818,-0.280355934,0.133780101,0.5776680923,1,fac4,1
v000948,-0.030059634,-0.050069839,-0.003443411,-0.059566846,0.0080792195,-0.37979706,-0.005626613,1,fac6,-1
v000949,-0.048207994,-0.090676212,-0.040763583,0.0040463186,0.2143079993,-0.313652649,0.1044628675,1,fac6,-1
v000950,-0.186407077,-0.208389304,-0.228407209,-0.255847393,1.3271563905,0.5727240778,0.0202809779,1,fac5,1
v000951,-0.13587806,-0.068223293,-0.349955959,-0.165615429,1.0088645209,-0.235128964,-0.037212135,1,fac5,1
v000952,-0.306454022,-0.033710349,1.169358124,-0.309876888,0.3412046577,0.2318135377,0.2583033471,1,fac3,1
v000953,-0.471375359,-0.236451336,-0.522199212,0.0401664116,0.4603712663,0.0216121273,0.0352236037,1,fac3,-1
v000954,0.7191806517,-0.176954323,-0.086792369,-0.209224811,-0.111249816,0.1286447154,0.5599920093,1,fac1,1
v000955,-0.572597709,-0.420733729,-0.455884873,-0.331051863,-0.15006718,0.1970373917,-0.28591349,1,fac1,-1
v000956,-0.036106902,0.3915323511,-0.1960385,0.2849234589,-0.052687028,0.1663815894,-0.37358811,1,fac2,1
v000957,-0.031154265,0.129623466,-0.016869743,-0.116137408,-0.11183298,-0.128617138,-0.288879065,0,,
v000958,-0.200035586,0.0659458747,0.5302501966,0.0024782044,-0.354576745,0.5787786409,-0.01266851,1,fac6,1
v000959,-0.19975753,0.0106664049,0.1202381706,-0.177359978,0.0327424501,-0.191737417,0.4893798117,1,fac7,1
v000960,0.1726406786,-0.039917767,0.0121918431,-0.107708254,-0.111485316,-0.010211366,0.2340930439,0,,
v000961,0.0040637555,-0.045312051,0.0321577036,-0.11276468,-0.061962691,-0.391712675,-0.025094818,1,fac6,-1
v000962,0.0089501886,0.5860849476,-0.143702964,-0.104059938,-0.192639159,0.2116725062,0.7338160214,1,fac7,1
v000963,0.0517595049,0.130086905,-0.138419088,-0.125652597,0.0804537324,0.1974588224,-0.418408195,1,fac7,-1
v000964,-0.210943477,0.3441089042,0.9079582785,-0.156900888,-0.095347293,0.5584180885,0.170216913,1,fac3,1
v000965,-0.322653018,-0.351808002,0.5445916097,-0.284032132,0.804651772,0.7560946496,0.173114525,1,fac5,1
v000966,-0.175974369,-0.159862232,0.227818429,-0.02290582,0.1900636958,-0.088119274,0.2008091052,0,,
v000967,-0.194758176,-0.13551752,0.0673858577,-0.092880758,0.7935649379,-0.113667211,0.1755457903,1,fac5,1
v000968,0.0678838857,0.4781343559,-0.090089877,0.0952008836,-0.195367738,0.2707517365,0.3596650385,1,fac2,1
v000969,0.5772927368,0.0033677342,-0.34173141,-0.038873771,-0.067539039,0.0981419335,0.3564073841,1,fac1,1
v000970,-0.215535486,-0.270590873,0.1934739497,-0.130130472,-0.078933996,-0.625899638,0.1092036378,1,fac6,-1
v000971,-0.224565991,-0.324176431,0.3028099963,-0.136696782,-0.066047356,-0.569178863,0.1100701889,1,fac6,-1
v000972,-0.023622003,-0.227337015,0.8816059494,-0.259654511,-0.059260263,-0.483382691,-0.100929725,1,fac3,1
v000973,0.5439664955,0.0391531359,-0.073498633,-0.205424063,-0.058415374,-0.200098047,-0.35848386,1,fac1,1
v000974,0.5956121872,0.0688032307,-0.103929139,-0.2959922,-0.223508439,-0.031440622,-0.512396715,1,fac1,1
v000975,-0.250980371,-0.107095191,-0.135610254,-0.086495031,0.3313375003,0.1948035632,-0.107521138,1,fac5,1
v000976,-0.081007056,-0.190205637,0.084585725,0.1364478264,-0.013342157,-0.017286821,0.1878412682,0,,
v000977,-0.016101436,0.1181537159,-0.047020391,-0.110470788,-0.04538404,-0.206182549,-0.190581665,0,,
v000978,0.0051015368,0.0527673213,0.1385823694,-0.069160604,0.0247168525,-0.141682934,-0.139048206,0,,
v000979,0.3011422727,0.2946101509,-0.45067097,-0.339883284,-0.295833726,0.1291328557,0.845323807,1,fac7,1
v000980,-0.218466227,-0.107074551,-0.198550401,1.1233649028,-0.070558118,0.0070986917,0.3323874194,1,fac4,1
v000981,-0.386234805,-0.427393181,-0.258144008,-0.348027523,-0.689618588,0.0133981889,-0.211951069,1,fac5,-1
v000982,0.0607677369,0.0991209794,-0.035731755,-0.15201231,-0.076158419,-0.110216694,-0.380200199,1,fac7,-1
v000983,-0.147097929,-0.029265057,0.2839957543,-0.17254277,0.1017997866,-0.489449135,0.0721644432,1,fac6,-1
v000984,0.0353281975,-0.203448509,0.8329658489,-0.268301711,-0.131956726,-0.282124009,-0.260721632,1,fac3,1
v000985,-0.258667044,-0.129378933,-0.322282393,-0.120652197,0.1974295891,-0.057665409,-0.111302237,1,fac3,-1
v000986,-0.164608945,-0.132084929,-0.531004224,-0.156338357,0.1496906177,0.4029042306,-0.38165891,1,fac3,-1
v000987,-0.324887569,-0.308821357,-0.22186463,-0.340962001,-0.591936418,-0.116455521,-0.300297879,1,fac5,-1
v000988,-0.255183693,-0.008967647,-0.151756539,-0.111080281,0.4488560174,0.8125926641,-0.16227864,1,fac6,1
v000989,0.0550515986,-0.01277159,-0.306496121,0.4211134556,-0.058681494,0.1357802219,-0.02148112,1,fac4,1
v000990,0.0802687969,-0.107167646,-0.031626781,-0.025106138,0.0207206794,-0.348241747,0.4931329377,1,fac7,1
v000991,-0.086397808,0.023584756,0.1317654742,-0.08600842,-0.19358989,-0.294858799,-0.118414858,0,,
v000992,-0.529601061,-0.579420079,-0.390086773,0.9916118489,-0.494617176,0.3043019252,0.172359522,1,fac4,1
v000993,-0.196222829,0.4686687138,-0.167278137,-0.078775953,-0.03982167,-0.046571674,0.1395595786,1,fac2,1
v000994,-0.227792247,0.8071675672,-0.360462165,-0.107643912,-0.12580846,0.0507062692,0.7995585041,1,fac2,1
v000995,0.1430020413,0.33115533,0.0394766159,0.7406562116,-0.25853074,0.3886287647,0.1202814286,1,fac4,1
v000996,0.7959500645,-0.067907627,-0.108189557,-0.085717104,-0.10101026,0.1494435794,-0.598131973,1,fac1,1
v000997,0.6114977509,-0.103716348,-0.041936302,0.0781895727,-0.036259337,-0.209325833,-0.284877511,1,fac1,1
v000998,-0.152008512,0.1762538463,0.1466384872,-0.021161711,0.0820407844,-0.296708434,-0.02134182,0,,
v000999,-0.083391434,-0.179637571,0.6893324712,-0.095716404,-0.14924589,0.4899941133,0.2787476306,1,fac3,1
v001000,-0.27679934,-0.129209821,-0.281051822,-0.103487529,0.665560751,0.0818836667,0.053476135,1,fac5,1
