This is LuaHBTeX, Version 1.24.0 (TeX Live 2026)  (format=lualatex 2026.7.11)  28 SEP 2026 12:48
 restricted system commands enabled.
**examples.tex
(./examples.tex
LaTeX2e <2026-06-01>
L3 programming layer <2026-06-18>
Lua module: luaotfload 2024-12-03 v3.29 Lua based OpenType font support
Lua module: lualibs 2023-07-13 v2.76 ConTeXt Lua standard libraries.
Lua module: lualibs-extended 2023-07-13 v2.76 ConTeXt Lua libraries -- extended 
collection.
luaotfload | conf : Root cache directory is "/home/eyamrog/.texlive2026/texmf-va
r/luatex-cache/generic/names".
luaotfload | init : Loading fontloader "fontloader-2023-12-28.lua" from kpse-res
olved path "/usr/local/texlive/2026/texmf-dist/tex/luatex/luaotfload/fontloader-
2023-12-28.lua".
Lua-only attribute luaotfload@noligature = 1
luaotfload | init : Context OpenType loader version 3.134
Inserting `luaotfload.node_processor' in `pre_linebreak_filter'.
Inserting `luaotfload.node_processor' in `hpack_filter'.
Inserting `luaotfload.glyph_stream' in `glyph_stream_provider'.
Inserting `luaotfload.define_font' in `define_font'.
Lua-only attribute luaotfload_color_attribute = 2
luaotfload | conf : Root cache directory is "/home/eyamrog/.texlive2026/texmf-va
r/luatex-cache/generic/names".
Inserting `luaotfload.harf.strip_prefix' in `find_opentype_file'.
Inserting `luaotfload.harf.strip_prefix' in `find_truetype_file'.
Removing  `luaotfload.glyph_stream' from `glyph_stream_provider'.
Inserting `luaotfload.harf.glyphstream' in `glyph_stream_provider'.
Inserting `luaotfload.harf.finalize_vlist' in `post_linebreak_filter'.
Inserting `luaotfload.harf.finalize_hlist' in `hpack_filter'.
Inserting `luaotfload.cleanup_files' in `wrapup_run'.
Inserting `luaotfload.harf.finalize_unicode' in `finish_pdffile'.
Inserting `luaotfload.glyphinfo' in `glyph_info'.
Lua-only attribute luaotfload.letterspace_done = 3
Inserting `luaotfload.aux.set_sscale_dimens' in `luaotfload.patch_font'.
Inserting `luaotfload.aux.set_font_index' in `luaotfload.patch_font'.
Inserting `luaotfload.aux.patch_cambria_domh' in `luaotfload.patch_font'.
Inserting `luaotfload.aux.fixup_fontdata' in `luaotfload.patch_font_unsafe'.
Inserting `luaotfload.aux.set_capheight' in `luaotfload.patch_font'.
Inserting `luaotfload.aux.set_xheight' in `luaotfload.patch_font'.
Inserting `luaotfload.rewrite_fontname' in `luaotfload.patch_font'.
Inserting `tracingstacklevels' in `input_level_string'. (/usr/local/texlive/202
6/texmf-dist/tex/latex/base/article.cls
Document Class: article 2025/01/22 v1.4n Standard LaTeX document class
(/usr/local/texlive/2026/texmf-dist/tex/latex/base/size10.clo
File: size10.clo 2025/01/22 v1.4n Standard LaTeX file (size option)
luaotfload | db : Font names database loaded from /home/eyamrog/.texlive2026/tex
mf-var/luatex-cache/generic/names/luaotfload-names.luc.gz)
\c@part=\count274
\c@section=\count275
\c@subsection=\count276
\c@subsubsection=\count277
\c@paragraph=\count278
\c@subparagraph=\count279
\c@figure=\count280
\c@table=\count281
\abovecaptionskip=\skip49
\belowcaptionskip=\skip50
\bibindent=\dimen149
)
(/usr/local/texlive/2026/texmf-dist/tex/generic/babel/babel.sty
Package: babel 2026/06/14 v26.9 The multilingual framework for LuaLaTeX, pdfLaT
eX and XeLaTeX

(/usr/local/texlive/2026/texmf-dist/tex/generic/babel/luababel.def
\bbl@readstream=\read2
\l@dumylang=\language2
Package babel Info: Non-standard hyphenation setup on input line 118.
\l@nohyphenation=\language3
\l@german-x-2024-02-28=\language4
\l@ngerman-x-2024-02-28=\language5
\l@afrikaans=\language6
\l@albanian=\language7
\l@ancientgreek=\language8
\l@ibycus=\language9
\l@arabic=\language10
\l@armenian=\language11
\l@basque=\language12
\l@belarusian=\language13
\l@bulgarian=\language14
\l@catalan=\language15
\l@pinyin=\language16
\l@churchslavonic=\language17
\l@coptic=\language18
\l@croatian=\language19
\l@czech=\language20
\l@danish=\language21
\l@dutch=\language22
\l@ukenglish=\language23
\l@usenglishmax=\language24
\l@esperanto=\language25
\l@estonian=\language26
\l@ethiopic=\language27
\l@farsi=\language28
\l@finnish=\language29
\l@schoolfinnish=\language30
\l@french=\language31
\l@friulan=\language32
\l@galician=\language33
\l@georgian=\language34
\l@german=\language35
\l@ngerman=\language36
\l@swissgerman=\language37
\l@greek=\language38
\l@monogreek=\language39
\l@hebrew=\language40
\l@hungarian=\language41
\l@icelandic=\language42
\l@assamese=\language43
\l@bengali=\language44
\l@gujarati=\language45
\l@hindi=\language46
\l@kannada=\language47
\l@malayalam=\language48
\l@marathi=\language49
\l@oriya=\language50
\l@pali=\language51
\l@panjabi=\language52
\l@tamil=\language53
\l@telugu=\language54
\l@indonesian=\language55
\l@interlingua=\language56
\l@irish=\language57
\l@italian=\language58
\l@kazakh=\language59
\l@kurmanji=\language60
\l@classiclatin=\language61
\l@latin=\language62
\l@liturgicallatin=\language63
\l@latvian=\language64
\l@lithuanian=\language65
\l@macedonian=\language66
\l@mongolian=\language67
\l@mongolianlmc=\language68
\l@bokmal=\language69
\l@nynorsk=\language70
\l@occitan=\language71
\l@piedmontese=\language72
\l@polish=\language73
\l@portuguese=\language74
\l@romanian=\language75
\l@romansh=\language76
\l@russian=\language77
\l@sanskrit=\language78
\l@serbian=\language79
\l@serbianc=\language80
\l@slovak=\language81
\l@slovenian=\language82
\l@spanish=\language83
\l@swedish=\language84
\l@thai=\language85
\l@turkish=\language86
\l@turkmen=\language87
\l@ukrainian=\language88
\l@uppersorbian=\language89
\l@vietnamese=\language90
\l@welsh=\language91
\babelcatcodetablenum=\catcodetable14
\bbl@pattcodes=\catcodetable15
)
\babel@savecnt=\count282
LaTeX Encoding Info:    Redeclaring text command \ij (encoding OT1) on input li
ne 2084.
LaTeX Encoding Info:    Redeclaring text command \IJ (encoding OT1) on input li
ne 2086.
LaTeX Encoding Info:    Redeclaring text command \ij (encoding T1) on input lin
e 2088.
LaTeX Encoding Info:    Redeclaring text command \IJ (encoding T1) on input lin
e 2089.
LaTeX Encoding Info:    Ignoring declaration for text command \ij (encoding ?) 
on input line 2090.
LaTeX Encoding Info:    Ignoring declaration for text command \IJ (encoding ?) 
on input line 2092.
LaTeX Encoding Info:    Ignoring declaration for text command \SS (encoding ?) 
on input line 2117.
\U@D=\dimen150
\l@unhyphenated=\language92

(/usr/local/texlive/2026/texmf-dist/tex/generic/babel/luababel.def
\bbl@attr@locale=\attribute4
)
(/usr/local/texlive/2026/texmf-dist/tex/generic/babel/locale/en/babel-american.
tex)
Package babel Info: Importing font and identification data for 'american'
(babel)             from babel-en-US.ini. Reported on input line 4380.
 (/usr/local/texlive/2026/texmf-dist/tex/generic/babel-english/american.ldf
Language: american 2017/06/06 v3.3r English support from the babel system
(/usr/local/texlive/2026/texmf-dist/tex/generic/babel-english/english.ldf
Language: english 2017/06/06 v3.3r English support from the babel system
Package babel Info: Hyphen rules for 'canadian' set to \l@english
(babel)             (\language0). Reported on input line 102.
Package babel Info: Hyphen rules for 'australian' set to \l@ukenglish
(babel)             (\language23). Reported on input line 105.
Package babel Info: Hyphen rules for 'newzealand' set to \l@ukenglish
(babel)             (\language23). Reported on input line 108.
)))
(/usr/local/texlive/2026/texmf-dist/tex/latex/datetime2/datetime2.sty
Package: datetime2 2021/03/21 v1.5.7 (NLCT) date and time formats

(/usr/local/texlive/2026/texmf-dist/tex/latex/tracklang/tracklang.sty
Package: tracklang 2026/05/24 v1.6.8 (NLCT) Track Languages

(/usr/local/texlive/2026/texmf-dist/tex/generic/tracklang/tracklang.tex)
Package tracklang Info: Tracking dialect `american' (language `english') on inp
ut line 264.
Package tracklang Info: Tracking dialect `american' (language `english') on inp
ut line 264.
)
(/usr/local/texlive/2026/texmf-dist/tex/latex/etoolbox/etoolbox.sty
Package: etoolbox 2025/10/02 v2.5m e-TeX tools for LaTeX (JAW)
\etb@tempcnta=\count283
)
(/usr/local/texlive/2026/texmf-dist/tex/latex/xkeyval/xkeyval.sty
Package: xkeyval 2025/11/04 v2.10 package option processing (HA)

(/usr/local/texlive/2026/texmf-dist/tex/generic/xkeyval/xkeyval.tex
(/usr/local/texlive/2026/texmf-dist/tex/generic/xkeyval/xkvutils.tex
\XKV@toks=\toks17
\XKV@tempa@toks=\toks18
\XKV@tempb@toks=\toks19

(/usr/local/texlive/2026/texmf-dist/tex/generic/xkeyval/keyval.tex))
\XKV@depth=\count284
File: xkeyval.tex 2014/12/03 v2.7a key=value parser (HA)
))
(/usr/local/texlive/2026/texmf-dist/tex/latex/datetime2-english/datetime2-en-US
.ldf
File: datetime2-en-US.ldf 2019/10/21 v1.05 (NLCT)

(/usr/local/texlive/2026/texmf-dist/tex/latex/datetime2-english/datetime2-engli
sh-base.ldf
File: datetime2-english-base.ldf 2019/10/21 v1.05 (NLCT)
)))
(/usr/local/texlive/2026/texmf-dist/tex/latex/fontspec/fontspec.sty
(/usr/local/texlive/2026/texmf-dist/tex/latex/l3packages/xparse/xparse.sty
(/usr/local/texlive/2026/texmf-dist/tex/latex/l3kernel/expl3.sty
Package: expl3 2026-06-18 L3 programming layer (loader) 

(/usr/local/texlive/2026/texmf-dist/tex/latex/l3backend/l3backend-luatex.def
File: l3backend-luatex.def 2026-02-18 L3 backend support: PDF output (LuaTeX)
\l__color_backend_stack_int=\count285
Inserting `l3color' in `luaotfload.parse_color'.))
Package: xparse 2025-10-09 L3 Experimental document command parser
)
Package: fontspec 2025/09/29 v2.9g Font selection for XeLaTeX and LuaLaTeX
Lua module: fontspec 2025/09/29 v2.9g Font selection for XeLaTeX and LuaLaTeX (/usr/local/texlive/2026/texmf-dist/tex/latex/fontspec/fontspec-luatex.sty
Package: fontspec-luatex 2025/09/29 v2.9g Font selection for XeLaTeX and LuaLaT
eX
\l__fontspec_script_int=\count286
\l__fontspec_language_int=\count287
\l__fontspec_strnum_int=\count288
\l__fontspec_tmp_int=\count289
\l__fontspec_tmpa_int=\count290
\l__fontspec_tmpb_int=\count291
\l__fontspec_tmpc_int=\count292
\l__fontspec_em_int=\count293
\l__fontspec_emdef_int=\count294
\l__fontspec_strong_int=\count295
\l__fontspec_strongdef_int=\count296
\l__fontspec_tmpa_dim=\dimen151
\l__fontspec_tmpb_dim=\dimen152
\l__fontspec_tmpc_dim=\dimen153

(/usr/local/texlive/2026/texmf-dist/tex/latex/base/fontenc.sty
Package: fontenc 2025/07/18 v2.1d Standard LaTeX package
)
(/usr/local/texlive/2026/texmf-dist/tex/latex/fontspec/fontspec.cfg)))
luaotfload | cache : Lookup cache loaded from /home/eyamrog/.texlive2026/texmf-v
ar/luatex-cache/generic/names/luaotfload-lookup-cache.luc.

Package fontspec Info: 
(fontspec)             Font family 'DejaVuSerif(0)' created for font 'DejaVu
(fontspec)             Serif' with options [Ligatures=TeX].
(fontspec)              
(fontspec)              This font family consists of the following NFSS
(fontspec)             series/shapes:
(fontspec)              
(fontspec)             - 'normal' (m/n) with NFSS spec.: <->"name:DejaVu
(fontspec)             Serif:mode=node;script=latn;language=dflt;+tlig;"
(fontspec)             - 'bold' (b/n) with NFSS spec.: <->"name:DejaVu
(fontspec)             Serif/B:mode=node;script=latn;language=dflt;+tlig;"
(fontspec)             - 'italic' (m/it) with NFSS spec.: <->"name:DejaVu
(fontspec)             Serif/I:mode=node;script=latn;language=dflt;+tlig;"
(fontspec)             - 'bold italic' (b/it) with NFSS spec.: <->"name:DejaVu
(fontspec)             Serif/BI:mode=node;script=latn;language=dflt;+tlig;"


Package fontspec Info: 
(fontspec)             Could not resolve font "Noto Color Emoji/BI" (it
(fontspec)             probably doesn't exist).


Package fontspec Info: 
(fontspec)             Could not resolve font "Noto Color Emoji/B" (it
(fontspec)             probably doesn't exist).


Package fontspec Info: 
(fontspec)             Could not resolve font "Noto Color Emoji/I" (it
(fontspec)             probably doesn't exist).


Package fontspec Info: 
(fontspec)             Font family 'NotoColorEmoji(0)' created for font 'Noto
(fontspec)             Color Emoji' with options [Renderer=Harfbuzz].
(fontspec)              
(fontspec)              This font family consists of the following NFSS
(fontspec)             series/shapes:
(fontspec)              
(fontspec)             - 'normal' (m/n) with NFSS spec.: <->"name:Noto Color
(fontspec)             Emoji:mode=harf;script=DFLT;language=dflt;"


(/usr/local/texlive/2026/texmf-dist/tex/latex/geometry/geometry.sty
Package: geometry 2026/03/07 v6.0 Page Geometry

(/usr/local/texlive/2026/texmf-dist/tex/generic/iftex/ifvtex.sty
Package: ifvtex 2019/10/25 v1.7 ifvtex legacy package. Use iftex instead.

(/usr/local/texlive/2026/texmf-dist/tex/generic/iftex/iftex.sty
Package: iftex 2024/12/12 v1.0g TeX engine tests
))
\Gm@cnth=\count297
\Gm@cntv=\count298
\c@Gm@tempcnt=\count299
\Gm@bindingoffset=\dimen154
\Gm@wd@mp=\dimen155
\Gm@odd@mp=\dimen156
\Gm@even@mp=\dimen157
\Gm@layoutwidth=\dimen158
\Gm@layoutheight=\dimen159
\Gm@layouthoffset=\dimen160
\Gm@layoutvoffset=\dimen161
\Gm@dimlist=\toks20
)
(/usr/local/texlive/2026/texmf-dist/tex/latex/tools/multicol.sty
Package: multicol 2025/10/21 v2.0b multicolumn formatting (FMi)
\c@tracingmulticols=\count300
\mult@box=\box53
\multicol@leftmargin=\dimen162
\c@unbalance=\count301
\c@collectmore=\count302
\doublecol@number=\count303
\multicoltolerance=\count304
\multicolpretolerance=\count305
\full@width=\dimen163
\page@free=\dimen164
\premulticols=\dimen165
\postmulticols=\dimen166
\multicolsep=\skip51
\multicolbaselineskip=\skip52
\partial@page=\box54
\last@line=\box55
\mc@boxedresult=\box56
\maxbalancingoverflow=\dimen167
\mult@rightbox=\box57
\mult@grightbox=\box58
\mult@firstbox=\box59
\mult@gfirstbox=\box60
\@tempa=\box61
\@tempa=\box62
\@tempa=\box63
\@tempa=\box64
\@tempa=\box65
\@tempa=\box66
\@tempa=\box67
\@tempa=\box68
\@tempa=\box69
\@tempa=\box70
\@tempa=\box71
\@tempa=\box72
\@tempa=\box73
\@tempa=\box74
\@tempa=\box75
\@tempa=\box76
\@tempa=\box77
\@tempa=\box78
\@tempa=\box79
\@tempa=\box80
\@tempa=\box81
\@tempa=\box82
\@tempa=\box83
\@tempa=\box84
\@tempa=\box85
\@tempa=\box86
\@tempa=\box87
\@tempa=\box88
\@tempa=\box89
\@tempa=\box90
\@tempa=\box91
\@tempa=\box92
\@tempa=\box93
\@tempa=\box94
\@tempa=\box95
\@tempa=\box96
\c@minrows=\count306
\c@columnbadness=\count307
\c@finalcolumnbadness=\count308
\last@try=\dimen168
\multicolovershoot=\dimen169
\multicolundershoot=\dimen170
\mult@nat@firstbox=\box97
\colbreak@box=\box98
\mc@col@check@num=\count309
\g__mc_curr_col_int=\count310
)
(/usr/local/texlive/2026/texmf-dist/tex/latex/float/float.sty
Package: float 2001/11/08 v1.3d Float enhancements (AL)
\c@float@type=\count311
\float@exts=\toks21
\float@box=\box99
\@float@everytoks=\toks22
\@floatcapt=\box100
)
(/usr/local/texlive/2026/texmf-dist/tex/latex/tools/longtable.sty
Package: longtable 2026-01-28 v4.27 Multi-page Table package (DPC)
\LTleft=\skip53
\LTright=\skip54
\LTpre=\skip55
\LTpost=\skip56
\LTchunksize=\count312
\LTcapwidth=\dimen171
\LT@head=\box101
\LT@firsthead=\box102
\LT@foot=\box103
\LT@lastfoot=\box104
\LT@gbox=\box105
\LT@cols=\count313
\LT@rows=\count314
\c@LT@tables=\count315
\c@LT@chunks=\count316
\LT@p@ftn=\toks23
)
(/usr/local/texlive/2026/texmf-dist/tex/latex/tools/tabularx.sty
Package: tabularx 2023/12/11 v2.12a `tabularx' package (DPC)

(/usr/local/texlive/2026/texmf-dist/tex/latex/tools/array.sty
Package: array 2026/02/24 v2.7b Tabular extension package (FMi)
\col@sep=\dimen172
\ar@mcellbox=\box106
\extrarowheight=\dimen173
\NC@list=\toks24
\extratabsurround=\skip57
\backup@length=\skip58
\ar@cellbox=\box107
)
\TX@col@width=\dimen174
\TX@old@table=\dimen175
\TX@old@col=\dimen176
\TX@target=\dimen177
\TX@delta=\dimen178
\TX@cols=\count317
\TX@ftn=\toks25
)
(/usr/local/texlive/2026/texmf-dist/tex/latex/booktabs/booktabs.sty
Package: booktabs 2020/01/12 v1.61803398 Publication quality tables
\heavyrulewidth=\dimen179
\lightrulewidth=\dimen180
\cmidrulewidth=\dimen181
\belowrulesep=\dimen182
\belowbottomsep=\dimen183
\aboverulesep=\dimen184
\abovetopsep=\dimen185
\cmidrulesep=\dimen186
\cmidrulekern=\dimen187
\defaultaddspace=\dimen188
\@cmidla=\count318
\@cmidlb=\count319
\@aboverulesep=\dimen189
\@belowrulesep=\dimen190
\@thisruleclass=\count320
\@lastruleclass=\count321
\@thisrulewidth=\dimen191
)
(/usr/local/texlive/2026/texmf-dist/tex/latex/multirow/multirow.sty
Package: multirow 2024/11/12 v2.9 Span multiple rows of a table
\multirow@colwidth=\skip59
\multirow@cntb=\count322
\multirow@dima=\skip60
\bigstrutjot=\dimen192
)
(/usr/local/texlive/2026/texmf-dist/tex/latex/adjustbox/adjustbox.sty
Package: adjustbox 2025/02/26 v1.3c Adjusting TeX boxes (trim, clip, ...)

(/usr/local/texlive/2026/texmf-dist/tex/latex/adjustbox/adjcalc.sty
Package: adjcalc 2012/05/16 v1.1 Provides advanced setlength with multiple back
-ends (calc, etex, pgfmath)
)
(/usr/local/texlive/2026/texmf-dist/tex/latex/adjustbox/trimclip.sty
Package: trimclip 2025/02/21 v1.2a Trim and clip general TeX material

(/usr/local/texlive/2026/texmf-dist/tex/latex/graphics/graphicx.sty
Package: graphicx 2026-05-17 v1.2e Enhanced LaTeX Graphics (DPC,SPQR)

(/usr/local/texlive/2026/texmf-dist/tex/latex/graphics/graphics.sty
Package: graphics 2026-05-17 v1.4h Standard LaTeX Graphics (DPC,SPQR)

(/usr/local/texlive/2026/texmf-dist/tex/latex/graphics/trig.sty
Package: trig 2023/12/02 v1.11 sin cos tan (DPC)
)
(/usr/local/texlive/2026/texmf-dist/tex/latex/graphics-cfg/graphics.cfg
File: graphics.cfg 2016/06/04 v1.11 sample graphics configuration
)
Package graphics Info: Driver file: luatex.def on input line 106.

(/usr/local/texlive/2026/texmf-dist/tex/latex/graphics-def/luatex.def
File: luatex.def 2025/09/29 v1.2f Graphics/color driver for luatex
))
\Gin@req@height=\dimen193
\Gin@req@width=\dimen194
)
(/usr/local/texlive/2026/texmf-dist/tex/latex/collectbox/collectbox.sty
Package: collectbox 2022/10/17 v0.4c Collect macro arguments as boxes
\collectedbox=\box108
)
\tc@llx=\dimen195
\tc@lly=\dimen196
\tc@urx=\dimen197
\tc@ury=\dimen198
Package trimclip Info: Using driver 'tc-luatex.def'.

(/usr/local/texlive/2026/texmf-dist/tex/latex/adjustbox/tc-luatex.def
File: tc-luatex.def 2025/02/26 v1.1 Clipping driver for luatex

(/usr/local/texlive/2026/texmf-dist/tex/latex/adjustbox/tc-pdftex.def
File: tc-pdftex.def 2025/02/26 v2.3 Clipping driver for pdftex
)))
\adjbox@Width=\dimen199
\adjbox@Height=\dimen256
\adjbox@Depth=\dimen257
\adjbox@Totalheight=\dimen258
\adjbox@pwidth=\dimen259
\adjbox@pheight=\dimen260
\adjbox@pdepth=\dimen261
\adjbox@ptotalheight=\dimen262

(/usr/local/texlive/2026/texmf-dist/tex/latex/ifoddpage/ifoddpage.sty
Package: ifoddpage 2022/10/18 v1.2 Conditionals for odd/even page detection
\c@checkoddpage=\count323
)
(/usr/local/texlive/2026/texmf-dist/tex/latex/varwidth/varwidth.sty
Package: varwidth 2009/03/30 ver 0.92;  Variable-width minipages
\@vwid@box=\box109
\sift@deathcycles=\count324
\@vwid@loff=\dimen263
\@vwid@roff=\dimen264
)
==> First Aid for varwidth.sty applied!
) (/usr/local/texlive/2026/texmf-dist/tex/latex/tools/hhline.sty
Package: hhline 2026/05/02 v2.05 Table rule package (DPC)
)
(/usr/local/texlive/2026/texmf-dist/tex/latex/xcolor/xcolor.sty
Package: xcolor 2024/09/29 v3.02 LaTeX color extensions (UK)

(/usr/local/texlive/2026/texmf-dist/tex/latex/graphics-cfg/color.cfg
File: color.cfg 2016/01/02 v1.6 sample color configuration
)
Package xcolor Info: Driver file: luatex.def on input line 274.

(/usr/local/texlive/2026/texmf-dist/tex/latex/graphics/mathcolor.ltx)
Package xcolor Info: Model `cmy' substituted by `cmy0' on input line 1349.
Package xcolor Info: Model `hsb' substituted by `rgb' on input line 1353.
Package xcolor Info: Model `RGB' extended on input line 1365.
Package xcolor Info: Model `HTML' substituted by `rgb' on input line 1367.
Package xcolor Info: Model `Hsb' substituted by `hsb' on input line 1368.
Package xcolor Info: Model `tHsb' substituted by `hsb' on input line 1369.
Package xcolor Info: Model `HSB' substituted by `hsb' on input line 1370.
Package xcolor Info: Model `Gray' substituted by `gray' on input line 1371.
Package xcolor Info: Model `wave' substituted by `hsb' on input line 1372.
)
(/usr/local/texlive/2026/texmf-dist/tex/latex/pgf/frontendlayer/tikz.sty
(/usr/local/texlive/2026/texmf-dist/tex/latex/pgf/basiclayer/pgf.sty
(/usr/local/texlive/2026/texmf-dist/tex/latex/pgf/utilities/pgfrcs.sty
(/usr/local/texlive/2026/texmf-dist/tex/generic/pgf/utilities/pgfutil-common.te
x
\pgfutil@everybye=\toks26
\pgfutil@tempdima=\dimen265
\pgfutil@tempdimb=\dimen266
)
(/usr/local/texlive/2026/texmf-dist/tex/generic/pgf/utilities/pgfutil-latex.def
\pgfutil@abb=\box110
) (/usr/local/texlive/2026/texmf-dist/tex/generic/pgf/utilities/pgfrcs.code.tex
(/usr/local/texlive/2026/texmf-dist/tex/generic/pgf/pgf.revision.tex)
Package: pgfrcs 2025-08-29 v3.1.11a (3.1.11a)
))
Package: pgf 2025-08-29 v3.1.11a (3.1.11a)

(/usr/local/texlive/2026/texmf-dist/tex/latex/pgf/basiclayer/pgfcore.sty
(/usr/local/texlive/2026/texmf-dist/tex/latex/pgf/systemlayer/pgfsys.sty
(/usr/local/texlive/2026/texmf-dist/tex/generic/pgf/systemlayer/pgfsys.code.tex
Package: pgfsys 2025-08-29 v3.1.11a (3.1.11a)
(/usr/local/texlive/2026/texmf-dist/tex/generic/pgf/utilities/pgfkeys.code.tex
\pgfkeys@pathtoks=\toks27
\pgfkeys@temptoks=\toks28

(/usr/local/texlive/2026/texmf-dist/tex/generic/pgf/utilities/pgfkeyslibraryfil
tered.code.tex
\pgfkeys@tmptoks=\toks29
))
\pgf@x=\dimen267
\pgf@y=\dimen268
\pgf@xa=\dimen269
\pgf@ya=\dimen270
\pgf@xb=\dimen271
\pgf@yb=\dimen272
\pgf@xc=\dimen273
\pgf@yc=\dimen274
\pgf@xd=\dimen275
\pgf@yd=\dimen276
\w@pgf@writea=\write3
\r@pgf@reada=\read3
\c@pgf@counta=\count325
\c@pgf@countb=\count326
\c@pgf@countc=\count327
\c@pgf@countd=\count328
\t@pgf@toka=\toks30
\t@pgf@tokb=\toks31
\t@pgf@tokc=\toks32
\pgf@sys@id@count=\count329

(/usr/local/texlive/2026/texmf-dist/tex/generic/pgf/systemlayer/pgf.cfg
File: pgf.cfg 2025-08-29 v3.1.11a (3.1.11a)
)
Driver file for pgf: pgfsys-luatex.def

(/usr/local/texlive/2026/texmf-dist/tex/generic/pgf/systemlayer/pgfsys-luatex.d
ef
File: pgfsys-luatex.def 2025-08-29 v3.1.11a (3.1.11a)

(/usr/local/texlive/2026/texmf-dist/tex/generic/pgf/systemlayer/pgfsys-common-p
df.def
File: pgfsys-common-pdf.def 2025-08-29 v3.1.11a (3.1.11a)
)))
(/usr/local/texlive/2026/texmf-dist/tex/generic/pgf/systemlayer/pgfsyssoftpath.
code.tex
File: pgfsyssoftpath.code.tex 2025-08-29 v3.1.11a (3.1.11a)
\pgfsyssoftpath@smallbuffer@items=\count330
\pgfsyssoftpath@bigbuffer@items=\count331
)
(/usr/local/texlive/2026/texmf-dist/tex/generic/pgf/systemlayer/pgfsysprotocol.
code.tex
File: pgfsysprotocol.code.tex 2025-08-29 v3.1.11a (3.1.11a)
))
(/usr/local/texlive/2026/texmf-dist/tex/generic/pgf/basiclayer/pgfcore.code.tex
Package: pgfcore 2025-08-29 v3.1.11a (3.1.11a)
(/usr/local/texlive/2026/texmf-dist/tex/generic/pgf/math/pgfmath.code.tex
(/usr/local/texlive/2026/texmf-dist/tex/generic/pgf/math/pgfmathutil.code.tex)
(/usr/local/texlive/2026/texmf-dist/tex/generic/pgf/math/pgfmathparser.code.tex
\pgfmath@dimen=\dimen277
\pgfmath@count=\count332
\pgfmath@box=\box111
\pgfmath@toks=\toks33
\pgfmath@stack@operand=\toks34
\pgfmath@stack@operation=\toks35
)
(/usr/local/texlive/2026/texmf-dist/tex/generic/pgf/math/pgfmathfunctions.code.
tex)
(/usr/local/texlive/2026/texmf-dist/tex/generic/pgf/math/pgfmathfunctions.basic
.code.tex)
(/usr/local/texlive/2026/texmf-dist/tex/generic/pgf/math/pgfmathfunctions.trigo
nometric.code.tex)
(/usr/local/texlive/2026/texmf-dist/tex/generic/pgf/math/pgfmathfunctions.rando
m.code.tex)
(/usr/local/texlive/2026/texmf-dist/tex/generic/pgf/math/pgfmathfunctions.compa
rison.code.tex)
(/usr/local/texlive/2026/texmf-dist/tex/generic/pgf/math/pgfmathfunctions.base.
code.tex)
(/usr/local/texlive/2026/texmf-dist/tex/generic/pgf/math/pgfmathfunctions.round
.code.tex)
(/usr/local/texlive/2026/texmf-dist/tex/generic/pgf/math/pgfmathfunctions.misc.
code.tex)
(/usr/local/texlive/2026/texmf-dist/tex/generic/pgf/math/pgfmathfunctions.integ
erarithmetics.code.tex)
(/usr/local/texlive/2026/texmf-dist/tex/generic/pgf/math/pgfmathcalc.code.tex)
(/usr/local/texlive/2026/texmf-dist/tex/generic/pgf/math/pgfmathfloat.code.tex
\c@pgfmathroundto@lastzeros=\count333
)) (/usr/local/texlive/2026/texmf-dist/tex/generic/pgf/math/pgfint.code.tex)
(/usr/local/texlive/2026/texmf-dist/tex/generic/pgf/basiclayer/pgfcorepoints.co
de.tex
File: pgfcorepoints.code.tex 2025-08-29 v3.1.11a (3.1.11a)
\pgf@picminx=\dimen278
\pgf@picmaxx=\dimen279
\pgf@picminy=\dimen280
\pgf@picmaxy=\dimen281
\pgf@pathminx=\dimen282
\pgf@pathmaxx=\dimen283
\pgf@pathminy=\dimen284
\pgf@pathmaxy=\dimen285
\pgf@xx=\dimen286
\pgf@xy=\dimen287
\pgf@yx=\dimen288
\pgf@yy=\dimen289
\pgf@zx=\dimen290
\pgf@zy=\dimen291
)
(/usr/local/texlive/2026/texmf-dist/tex/generic/pgf/basiclayer/pgfcorepathconst
ruct.code.tex
File: pgfcorepathconstruct.code.tex 2025-08-29 v3.1.11a (3.1.11a)
\pgf@path@lastx=\dimen292
\pgf@path@lasty=\dimen293
)
(/usr/local/texlive/2026/texmf-dist/tex/generic/pgf/basiclayer/pgfcorepathusage
.code.tex
File: pgfcorepathusage.code.tex 2025-08-29 v3.1.11a (3.1.11a)
\pgf@shorten@end@additional=\dimen294
\pgf@shorten@start@additional=\dimen295
)
(/usr/local/texlive/2026/texmf-dist/tex/generic/pgf/basiclayer/pgfcorescopes.co
de.tex
File: pgfcorescopes.code.tex 2025-08-29 v3.1.11a (3.1.11a)
\pgfpic=\box112
\pgf@hbox=\box113
\pgf@layerbox@main=\box114
\pgf@picture@serial@count=\count334
)
(/usr/local/texlive/2026/texmf-dist/tex/generic/pgf/basiclayer/pgfcoregraphicst
ate.code.tex
File: pgfcoregraphicstate.code.tex 2025-08-29 v3.1.11a (3.1.11a)
\pgflinewidth=\dimen296
)
(/usr/local/texlive/2026/texmf-dist/tex/generic/pgf/basiclayer/pgfcoretransform
ations.code.tex
File: pgfcoretransformations.code.tex 2025-08-29 v3.1.11a (3.1.11a)
\pgf@pt@x=\dimen297
\pgf@pt@y=\dimen298
\pgf@pt@temp=\dimen299
)
(/usr/local/texlive/2026/texmf-dist/tex/generic/pgf/basiclayer/pgfcorequick.cod
e.tex
File: pgfcorequick.code.tex 2025-08-29 v3.1.11a (3.1.11a)
)
(/usr/local/texlive/2026/texmf-dist/tex/generic/pgf/basiclayer/pgfcoreobjects.c
ode.tex
File: pgfcoreobjects.code.tex 2025-08-29 v3.1.11a (3.1.11a)
)
(/usr/local/texlive/2026/texmf-dist/tex/generic/pgf/basiclayer/pgfcorepathproce
ssing.code.tex
File: pgfcorepathprocessing.code.tex 2025-08-29 v3.1.11a (3.1.11a)
)
(/usr/local/texlive/2026/texmf-dist/tex/generic/pgf/basiclayer/pgfcorearrows.co
de.tex
File: pgfcorearrows.code.tex 2025-08-29 v3.1.11a (3.1.11a)
\pgfarrowsep=\dimen300
)
(/usr/local/texlive/2026/texmf-dist/tex/generic/pgf/basiclayer/pgfcoreshade.cod
e.tex
File: pgfcoreshade.code.tex 2025-08-29 v3.1.11a (3.1.11a)
\pgf@max=\dimen301
\pgf@sys@shading@range@num=\count335
\pgf@shadingcount=\count336
)
(/usr/local/texlive/2026/texmf-dist/tex/generic/pgf/basiclayer/pgfcoreimage.cod
e.tex
File: pgfcoreimage.code.tex 2025-08-29 v3.1.11a (3.1.11a)
)
(/usr/local/texlive/2026/texmf-dist/tex/generic/pgf/basiclayer/pgfcoreexternal.
code.tex
File: pgfcoreexternal.code.tex 2025-08-29 v3.1.11a (3.1.11a)
\pgfexternal@startupbox=\box115
)
(/usr/local/texlive/2026/texmf-dist/tex/generic/pgf/basiclayer/pgfcorelayers.co
de.tex
File: pgfcorelayers.code.tex 2025-08-29 v3.1.11a (3.1.11a)
)
(/usr/local/texlive/2026/texmf-dist/tex/generic/pgf/basiclayer/pgfcoretranspare
ncy.code.tex
File: pgfcoretransparency.code.tex 2025-08-29 v3.1.11a (3.1.11a)
)
(/usr/local/texlive/2026/texmf-dist/tex/generic/pgf/basiclayer/pgfcorepatterns.
code.tex
File: pgfcorepatterns.code.tex 2025-08-29 v3.1.11a (3.1.11a)
)
(/usr/local/texlive/2026/texmf-dist/tex/generic/pgf/basiclayer/pgfcorerdf.code.
tex
File: pgfcorerdf.code.tex 2025-08-29 v3.1.11a (3.1.11a)
)))
(/usr/local/texlive/2026/texmf-dist/tex/generic/pgf/modules/pgfmoduleshapes.cod
e.tex
File: pgfmoduleshapes.code.tex 2025-08-29 v3.1.11a (3.1.11a)
\pgfnodeparttextbox=\box116
)
(/usr/local/texlive/2026/texmf-dist/tex/generic/pgf/modules/pgfmoduleplot.code.
tex
File: pgfmoduleplot.code.tex 2025-08-29 v3.1.11a (3.1.11a)
)
(/usr/local/texlive/2026/texmf-dist/tex/latex/pgf/compatibility/pgfcomp-version
-0-65.sty
Package: pgfcomp-version-0-65 2025-08-29 v3.1.11a (3.1.11a)
\pgf@nodesepstart=\dimen302
\pgf@nodesepend=\dimen303
)
(/usr/local/texlive/2026/texmf-dist/tex/latex/pgf/compatibility/pgfcomp-version
-1-18.sty
Package: pgfcomp-version-1-18 2025-08-29 v3.1.11a (3.1.11a)
))
(/usr/local/texlive/2026/texmf-dist/tex/latex/pgf/utilities/pgffor.sty
(/usr/local/texlive/2026/texmf-dist/tex/latex/pgf/utilities/pgfkeys.sty
(/usr/local/texlive/2026/texmf-dist/tex/generic/pgf/utilities/pgfkeys.code.tex))
 (/usr/local/texlive/2026/texmf-dist/tex/latex/pgf/math/pgfmath.sty
(/usr/local/texlive/2026/texmf-dist/tex/generic/pgf/math/pgfmath.code.tex))
(/usr/local/texlive/2026/texmf-dist/tex/generic/pgf/utilities/pgffor.code.tex
Package: pgffor 2025-08-29 v3.1.11a (3.1.11a)
\pgffor@iter=\dimen304
\pgffor@skip=\dimen305
\pgffor@stack=\toks36
\pgffor@toks=\toks37
))
(/usr/local/texlive/2026/texmf-dist/tex/generic/pgf/frontendlayer/tikz/tikz.cod
e.tex
Package: tikz 2025-08-29 v3.1.11a (3.1.11a)

(/usr/local/texlive/2026/texmf-dist/tex/generic/pgf/libraries/pgflibraryplothan
dlers.code.tex
File: pgflibraryplothandlers.code.tex 2025-08-29 v3.1.11a (3.1.11a)
\pgf@plot@mark@count=\count337
\pgfplotmarksize=\dimen306
)
\tikz@lastx=\dimen307
\tikz@lasty=\dimen308
\tikz@lastxsaved=\dimen309
\tikz@lastysaved=\dimen310
\tikz@lastmovetox=\dimen311
\tikz@lastmovetoy=\dimen312
\tikzleveldistance=\dimen313
\tikzsiblingdistance=\dimen314
\tikz@figbox=\box117
\tikz@figbox@bg=\box118
\tikz@tempbox=\box119
\tikz@tempbox@bg=\box120
\tikztreelevel=\count338
\tikznumberofchildren=\count339
\tikznumberofcurrentchild=\count340
\tikz@fig@count=\count341

(/usr/local/texlive/2026/texmf-dist/tex/generic/pgf/modules/pgfmodulematrix.cod
e.tex
File: pgfmodulematrix.code.tex 2025-08-29 v3.1.11a (3.1.11a)
\pgfmatrixcurrentrow=\count342
\pgfmatrixcurrentcolumn=\count343
\pgf@matrix@numberofcolumns=\count344
)
\tikz@expandcount=\count345

(/usr/local/texlive/2026/texmf-dist/tex/generic/pgf/frontendlayer/tikz/librarie
s/tikzlibrarytopaths.code.tex
File: tikzlibrarytopaths.code.tex 2025-08-29 v3.1.11a (3.1.11a)
)))
(/usr/local/texlive/2026/texmf-dist/tex/generic/pgf/frontendlayer/tikz/librarie
s/tikzlibrarypositioning.code.tex
File: tikzlibrarypositioning.code.tex 2025-08-29 v3.1.11a (3.1.11a)
)
(/usr/local/texlive/2026/texmf-dist/tex/generic/pgf/frontendlayer/tikz/librarie
s/tikzlibrarydecorations.pathmorphing.code.tex
(/usr/local/texlive/2026/texmf-dist/tex/generic/pgf/frontendlayer/tikz/librarie
s/tikzlibrarydecorations.code.tex
(/usr/local/texlive/2026/texmf-dist/tex/generic/pgf/modules/pgfmoduledecoration
s.code.tex
\pgfdecoratedcompleteddistance=\dimen315
\pgfdecoratedremainingdistance=\dimen316
\pgfdecoratedinputsegmentcompleteddistance=\dimen317
\pgfdecoratedinputsegmentremainingdistance=\dimen318
\pgf@decorate@distancetomove=\dimen319
\pgf@decorate@repeatstate=\count346
\pgfdecorationsegmentamplitude=\dimen320
\pgfdecorationsegmentlength=\dimen321
)
\tikz@lib@dec@box=\box121
)
(/usr/local/texlive/2026/texmf-dist/tex/generic/pgf/libraries/decorations/pgfli
brarydecorations.pathmorphing.code.tex))
(/usr/local/texlive/2026/texmf-dist/tex/latex/pgfplots/pgfplots.sty
(/usr/local/texlive/2026/texmf-dist/tex/generic/pgfplots/pgfplots.revision.tex)
Package: pgfplots 2025/08/14 v1.18.2 Data Visualization (1.18.2)
(/usr/local/texlive/2026/texmf-dist/tex/generic/pgfplots/pgfplots.code.tex
(/usr/local/texlive/2026/texmf-dist/tex/generic/pgfplots/pgfplotscore.code.tex
Package pgfplots info on input line 124: Initializing with LUA version Lua 5.3
\pgfplots@luabackend@table=\catcodetable16
\t@pgfplots@toka=\toks38
\t@pgfplots@tokb=\toks39
\t@pgfplots@tokc=\toks40
\pgfplots@tmpa=\dimen322
\c@pgfplots@coordindex=\count347
\c@pgfplots@scanlineindex=\count348

(/usr/local/texlive/2026/texmf-dist/tex/generic/pgfplots/sys/pgfplotssysgeneric
.code.tex))
(/usr/local/texlive/2026/texmf-dist/tex/generic/pgfplots/libs/pgfplotslibrary.c
ode.tex)
(/usr/local/texlive/2026/texmf-dist/tex/generic/pgfplots/oldpgfcompatib/pgfplot
soldpgfsupp_loader.code.tex
(/usr/local/texlive/2026/texmf-dist/tex/generic/pgf/libraries/pgflibraryfpu.cod
e.tex)
(/usr/local/texlive/2026/texmf-dist/tex/generic/pgfplots/oldpgfcompatib/pgfplot
soldpgfsupp_pgfutil-common-lists.tex)
(/usr/local/texlive/2026/texmf-dist/tex/generic/pgf/libraries/luamath/pgflibrar
yluamath.code.tex)
Package pgfplots info on input line 292: luamath library shipped with pgf 3.1.1
1a is up-to-date
)
(/usr/local/texlive/2026/texmf-dist/tex/generic/pgfplots/util/pgfplotsutil.code
.tex
Package pgfplots info on input line 82: Found new luatex: initializing lua comm
ands instead of write18 (shell-escape)

(/usr/local/texlive/2026/texmf-dist/tex/generic/pgfplots/liststructure/pgfplots
liststructure.code.tex)
(/usr/local/texlive/2026/texmf-dist/tex/generic/pgfplots/liststructure/pgfplots
liststructureext.code.tex)
(/usr/local/texlive/2026/texmf-dist/tex/generic/pgfplots/liststructure/pgfplots
array.code.tex
\c@pgfplotsarray@tmp=\count349
)
(/usr/local/texlive/2026/texmf-dist/tex/generic/pgfplots/liststructure/pgfplots
matrix.code.tex)
(/usr/local/texlive/2026/texmf-dist/tex/generic/pgfplots/numtable/pgfplotstable
shared.code.tex
\c@pgfplotstable@counta=\count350
\t@pgfplotstable@a=\toks41
)
(/usr/local/texlive/2026/texmf-dist/tex/generic/pgfplots/liststructure/pgfplots
deque.code.tex)
(/usr/local/texlive/2026/texmf-dist/tex/generic/pgfplots/util/pgfplotsbinary.co
de.tex
(/usr/local/texlive/2026/texmf-dist/tex/generic/pgfplots/util/pgfplotsbinary.da
ta.code.tex))
(/usr/local/texlive/2026/texmf-dist/tex/generic/pgfplots/util/pgfplotsutil.verb
.code.tex)
(/usr/local/texlive/2026/texmf-dist/tex/generic/pgfplots/libs/pgflibrarypgfplot
s.surfshading.code.tex
\c@pgfplotslibrarysurf@no=\count351

(/usr/local/texlive/2026/texmf-dist/tex/generic/pgfplots/sys/pgflibrarypgfplots
.surfshading.pgfsys-luatex.def)))
(/usr/local/texlive/2026/texmf-dist/tex/generic/pgfplots/util/pgfplotscolormap.
code.tex
(/usr/local/texlive/2026/texmf-dist/tex/generic/pgfplots/util/pgfplotscolor.cod
e.tex))
(/usr/local/texlive/2026/texmf-dist/tex/generic/pgfplots/pgfplotsstackedplots.c
ode.tex)
(/usr/local/texlive/2026/texmf-dist/tex/generic/pgfplots/pgfplotsplothandlers.c
ode.tex
(/usr/local/texlive/2026/texmf-dist/tex/generic/pgfplots/pgfplotsmeshplothandle
r.code.tex
(/usr/local/texlive/2026/texmf-dist/tex/generic/pgfplots/pgfplotsmeshplotimage.
code.tex)))
(/usr/local/texlive/2026/texmf-dist/tex/generic/pgfplots/pgfplots.scaling.code.
tex)
(/usr/local/texlive/2026/texmf-dist/tex/generic/pgfplots/pgfplotscoordprocessin
g.code.tex)
(/usr/local/texlive/2026/texmf-dist/tex/generic/pgfplots/pgfplots.errorbars.cod
e.tex)
(/usr/local/texlive/2026/texmf-dist/tex/generic/pgfplots/pgfplots.markers.code.
tex)
(/usr/local/texlive/2026/texmf-dist/tex/generic/pgfplots/pgfplotsticks.code.tex
)
(/usr/local/texlive/2026/texmf-dist/tex/generic/pgfplots/pgfplots.paths.code.te
x)
(/usr/local/texlive/2026/texmf-dist/tex/generic/pgf/frontendlayer/tikz/librarie
s/tikzlibrarydecorations.pathreplacing.code.tex
(/usr/local/texlive/2026/texmf-dist/tex/generic/pgf/libraries/decorations/pgfli
brarydecorations.pathreplacing.code.tex))
(/usr/local/texlive/2026/texmf-dist/tex/generic/pgfplots/libs/tikzlibrarypgfplo
ts.contourlua.code.tex)
\pgfplots@numplots=\count352
\pgfplots@xmin@reg=\dimen323
\pgfplots@xmax@reg=\dimen324
\pgfplots@ymin@reg=\dimen325
\pgfplots@ymax@reg=\dimen326
\pgfplots@zmin@reg=\dimen327
\pgfplots@zmax@reg=\dimen328
)
(/usr/local/texlive/2026/texmf-dist/tex/generic/pgf/frontendlayer/tikz/librarie
s/tikzlibraryplotmarks.code.tex
File: tikzlibraryplotmarks.code.tex 2025-08-29 v3.1.11a (3.1.11a)

(/usr/local/texlive/2026/texmf-dist/tex/generic/pgf/libraries/pgflibraryplotmar
ks.code.tex
File: pgflibraryplotmarks.code.tex 2025-08-29 v3.1.11a (3.1.11a)
)))
(/usr/local/texlive/2026/texmf-dist/tex/generic/pgfplots/libs/tikzlibrarypgfplo
ts.statistics.code.tex)
(/usr/local/texlive/2026/texmf-dist/tex/latex/amsmath/amsmath.sty
Package: amsmath 2026/05/19 v2.18d AMS math features
\@mathmargin=\skip61

For additional information on amsmath, use the `?' option.
(/usr/local/texlive/2026/texmf-dist/tex/latex/amsmath/amstext.sty
Package: amstext 2024/11/17 v2.01 AMS text

(/usr/local/texlive/2026/texmf-dist/tex/latex/amsmath/amsgen.sty
File: amsgen.sty 1999/11/30 v2.0 generic functions
\@emptytoks=\toks42
\ex@=\dimen329
))
(/usr/local/texlive/2026/texmf-dist/tex/latex/amsmath/amsbsy.sty
Package: amsbsy 1999/11/29 v1.2d Bold Symbols
\pmbraise@=\dimen330
)
(/usr/local/texlive/2026/texmf-dist/tex/latex/amsmath/amsopn.sty
Package: amsopn 2022/04/08 v2.04 operator names
)
\inf@bad=\count353
LaTeX Info: Redefining \frac on input line 235.
\uproot@=\count354
\leftroot@=\count355
LaTeX Info: Redefining \overline on input line 398.
LaTeX Info: Redefining \colon on input line 409.
\classnum@=\count356
\DOTSCASE@=\count357
LaTeX Info: Redefining \ldots on input line 495.
LaTeX Info: Redefining \dots on input line 498.
LaTeX Info: Redefining \cdots on input line 619.
\Mathstrutbox@=\box122
\strutbox@=\box123
LaTeX Info: Redefining \big on input line 721.
LaTeX Info: Redefining \Big on input line 722.
LaTeX Info: Redefining \bigg on input line 723.
LaTeX Info: Redefining \Bigg on input line 724.
\big@size=\dimen331
LaTeX Font Info:    Redeclaring font encoding OML on input line 742.
LaTeX Font Info:    Redeclaring font encoding OMS on input line 743.
\macc@depth=\count358
LaTeX Info: Redefining \bmod on input line 904.
LaTeX Info: Redefining \pmod on input line 909.
LaTeX Info: Redefining \smash on input line 939.
LaTeX Info: Redefining \relbar on input line 969.
LaTeX Info: Redefining \Relbar on input line 970.
\c@MaxMatrixCols=\count359
\dotsspace@=\muskip17
\c@parentequation=\count360
\dspbrk@lvl=\count361
\tag@help=\toks43
\row@=\count362
\column@=\count363
\maxfields@=\count364
\andhelp@=\toks44
\eqnshift@=\dimen332
\alignsep@=\dimen333
\tagshift@=\dimen334
\tagwidth@=\dimen335
\totwidth@=\dimen336
\lineht@=\dimen337
\@envbody=\toks45
\multlinegap=\skip62
\multlinetaggap=\skip63
\mathdisplay@stack=\toks46
LaTeX Info: Redefining \[ on input line 2965.
LaTeX Info: Redefining \] on input line 2966.
)
(/usr/local/texlive/2026/texmf-dist/tex/latex/enumitem/enumitem.sty
Package: enumitem 2025/02/06 v3.11 Customized lists
\enitkv@toks@=\toks47
\labelindent=\skip64
\enit@outerparindent=\dimen338
\enit@toks=\toks48
\enit@inbox=\box124
\enit@count@id=\count365
\enitdp@description=\count366
)
(/usr/local/texlive/2026/texmf-dist/tex/latex/fancybox/fancybox.sty
Package: fancybox 2010/05/15 1.4

Style option: `fancybox' v1.4 <2010/05/15> (tvz)
\@fancybox=\box125
\shadowsize=\dimen339
\@Sbox=\box126
\do@VerbBox=\toks49
\the@fancyput=\toks50
\this@fancyput=\toks51
\EndVerbatimTokens=\toks52
\Verbatim@Outfile=\write4
\Verbatim@Infile=\read4
) (/usr/local/texlive/2026/texmf-dist/tex/latex/apacite/apacite.sty
Package: apacite 2013/07/21 v6.03 APA citation
\c@BibCnt=\count367
\bibleftmargin=\skip65
\bibindent=\skip66
\bibparsep=\skip67
\bibitemsep=\skip68
\biblabelsep=\skip69
)
(/usr/local/texlive/2026/texmf-dist/tex/latex/natbib/natbib.sty
Package: natbib 2010/09/13 8.31b (PWD, AO)
\bibhang=\skip70
\bibsep=\skip71
LaTeX Info: Redefining \cite on input line 694.
\c@NAT@ctr=\count368
)
LaTeX Info: Redefining \BBA on input line 59.

(/usr/local/texlive/2026/texmf-dist/tex/latex/fancyvrb/fancyvrb.sty
Package: fancyvrb 2026/04/16 4.6a verbatim text (tvz,hv)
\FV@CodeLineNo=\count369
\FV@InFile=\read5
\FV@TabBox=\box127
\c@FancyVerbLine=\count370
\FV@StepNumber=\count371
\FV@OutFile=\write5
LaTeX Info: Redefining \UseVerb on input line 1230.
)
(/usr/local/texlive/2026/texmf-dist/tex/latex/caption/caption.sty
Package: caption 2023/08/05 v3.6o Customizing captions (AR)

(/usr/local/texlive/2026/texmf-dist/tex/latex/caption/caption3.sty
Package: caption3 2023/07/31 v2.4d caption3 kernel (AR)
\caption@tempdima=\dimen340
\captionmargin=\dimen341
\caption@leftmargin=\dimen342
\caption@rightmargin=\dimen343
\caption@width=\dimen344
\caption@indent=\dimen345
\caption@parindent=\dimen346
\caption@hangindent=\dimen347
Package caption Info: Standard document class detected.
)
\c@caption@flags=\count372
\c@continuedfloat=\count373
Package caption Info: float package is loaded.
Package caption Info: longtable package is loaded.

(/usr/local/texlive/2026/texmf-dist/tex/latex/caption/ltcaption.sty
Package: ltcaption 2021/01/08 v1.4c longtable captions (AR)
))
(/usr/local/texlive/2026/texmf-dist/tex/latex/changepage/changepage.sty
Package: changepage 2009/10/20 v1.0c check page and change page layout
\c@cp@cntr=\count374
\cp@tempcnt=\count375
LaTeX Info: Redefining \checkoddpage on input line 59.
)
\c@textsample=\count376

(/usr/local/texlive/2026/texmf-dist/tex/latex/hyperref/hyperref.sty
Package: hyperref 2026-06-17 v7.01r Hypertext links for LaTeX

(/usr/local/texlive/2026/texmf-dist/tex/latex/kvsetkeys/kvsetkeys.sty
Package: kvsetkeys 2022-10-05 v1.19 Key value parser (HO)
)
(/usr/local/texlive/2026/texmf-dist/tex/generic/kvdefinekeys/kvdefinekeys.sty
Package: kvdefinekeys 2019-12-19 v1.6 Define keys (HO)
)
(/usr/local/texlive/2026/texmf-dist/tex/generic/pdfescape/pdfescape.sty
Package: pdfescape 2019/12/09 v1.15 Implements pdfTeX's escape features (HO)

(/usr/local/texlive/2026/texmf-dist/tex/generic/ltxcmds/ltxcmds.sty
Package: ltxcmds 2023-12-04 v1.26 LaTeX kernel commands for general use (HO)
)
(/usr/local/texlive/2026/texmf-dist/tex/generic/pdftexcmds/pdftexcmds.sty
Package: pdftexcmds 2020-06-27 v0.33 Utility functions of pdfTeX for LuaTeX (HO
)

(/usr/local/texlive/2026/texmf-dist/tex/generic/infwarerr/infwarerr.sty
Package: infwarerr 2019/12/03 v1.5 Providing info/warning/error messages (HO)
)
Package pdftexcmds Info: \pdf@primitive is available.
Package pdftexcmds Info: \pdf@ifprimitive is available.
Package pdftexcmds Info: \pdfdraftmode found.
\pdftexcmds@toks=\toks53
))
(/usr/local/texlive/2026/texmf-dist/tex/latex/hycolor/hycolor.sty
Package: hycolor 2020-01-27 v1.10 Color options for hyperref/bookmark (HO)
)
(/usr/local/texlive/2026/texmf-dist/tex/latex/hyperref/nameref.sty
Package: nameref 2026-01-29 v2.58 Cross-referencing by name of section

(/usr/local/texlive/2026/texmf-dist/tex/latex/refcount/refcount.sty
Package: refcount 2019/12/15 v3.6 Data extraction from label references (HO)
)
(/usr/local/texlive/2026/texmf-dist/tex/generic/gettitlestring/gettitlestring.s
ty
Package: gettitlestring 2019/12/15 v1.6 Cleanup title references (HO)
 (/usr/local/texlive/2026/texmf-dist/tex/latex/kvoptions/kvoptions.sty
Package: kvoptions 2022-06-15 v3.15 Key value format for package options (HO)
))
\c@section@level=\count377
)
(/usr/local/texlive/2026/texmf-dist/tex/generic/stringenc/stringenc.sty
Package: stringenc 2019/11/29 v1.12 Convert strings between diff. encodings (HO
)
)
\@linkdim=\dimen348
\Hy@linkcounter=\count378
\Hy@pagecounter=\count379

(/usr/local/texlive/2026/texmf-dist/tex/latex/hyperref/pd1enc.def
File: pd1enc.def 2026-06-17 v7.01r Hyperref: PDFDocEncoding definition (HO)
)
(/usr/local/texlive/2026/texmf-dist/tex/generic/intcalc/intcalc.sty
Package: intcalc 2019/12/15 v1.3 Expandable calculations with integers (HO)
)
\Hy@SavedSpaceFactor=\count380

(/usr/local/texlive/2026/texmf-dist/tex/latex/hyperref/puenc.def
File: puenc.def 2026-06-17 v7.01r Hyperref: PDF Unicode definition (HO)
)
Package hyperref Info: Option `colorlinks' set `true' on input line 4070.
Package hyperref Info: Hyper figures OFF on input line 4199.
Package hyperref Info: Link nesting OFF on input line 4204.
Package hyperref Info: Hyper index ON on input line 4207.
Package hyperref Info: Plain pages OFF on input line 4214.
Package hyperref Info: Backreferencing OFF on input line 4219.
Package hyperref Info: Implicit mode ON; LaTeX internals redefined.
Package hyperref Info: Bookmarks ON on input line 4466.
\c@Hy@tempcnt=\count381

(/usr/local/texlive/2026/texmf-dist/tex/latex/url/url.sty
\Urlmuskip=\muskip18
Package: url 2013/09/16  ver 3.4  Verb mode for urls, etc.
)
LaTeX Info: Redefining \url on input line 4805.
\XeTeXLinkMargin=\dimen349

(/usr/local/texlive/2026/texmf-dist/tex/generic/bitset/bitset.sty
Package: bitset 2019/12/09 v1.3 Handle bit-vector datatype (HO)

(/usr/local/texlive/2026/texmf-dist/tex/generic/bigintcalc/bigintcalc.sty
Package: bigintcalc 2019/12/15 v1.5 Expandable calculations on big integers (HO
)
))
\Fld@menulength=\count382
\Field@Width=\dimen350
\Fld@charsize=\dimen351
Package hyperref Info: Hyper figures OFF on input line 6091.
Package hyperref Info: Link nesting OFF on input line 6096.
Package hyperref Info: Hyper index ON on input line 6099.
Package hyperref Info: backreferencing OFF on input line 6106.
Package hyperref Info: Link coloring ON on input line 6109.
Package hyperref Info: Link coloring with OCG OFF on input line 6116.
Package hyperref Info: PDF/A mode OFF on input line 6121.
\Hy@abspage=\count383
\c@Item=\count384
\c@Hfootnote=\count385
)
Package hyperref Info: Driver (autodetected): hluatex.

(/usr/local/texlive/2026/texmf-dist/tex/latex/hyperref/hluatex.def
File: hluatex.def 2026-06-17 v7.01r Hyperref driver for luaTeX
\Fld@listcount=\count386
\c@bookmark@seq@number=\count387

(/usr/local/texlive/2026/texmf-dist/tex/latex/rerunfilecheck/rerunfilecheck.sty
Package: rerunfilecheck 2025-06-21 v1.11 Rerun checks for auxiliary files (HO)

(/usr/local/texlive/2026/texmf-dist/tex/generic/uniquecounter/uniquecounter.sty
Package: uniquecounter 2019/12/15 v1.4 Provide unlimited unique counter (HO)
)
Package uniquecounter Info: New unique counter `rerunfilecheck' on input line 2
84.
)
\Hy@SectionHShift=\skip72
) (./examples.aux)
\openout1 = examples.aux

LaTeX Font Info:    Checking defaults for OML/cmm/m/it on input line 91.
LaTeX Font Info:    ... okay on input line 91.
LaTeX Font Info:    Checking defaults for OMS/cmsy/m/n on input line 91.
LaTeX Font Info:    ... okay on input line 91.
LaTeX Font Info:    Checking defaults for OT1/cmr/m/n on input line 91.
LaTeX Font Info:    ... okay on input line 91.
LaTeX Font Info:    Checking defaults for T1/cmr/m/n on input line 91.
LaTeX Font Info:    ... okay on input line 91.
LaTeX Font Info:    Checking defaults for TS1/cmr/m/n on input line 91.
LaTeX Font Info:    ... okay on input line 91.
LaTeX Font Info:    Checking defaults for TU/lmr/m/n on input line 91.
LaTeX Font Info:    ... okay on input line 91.
LaTeX Font Info:    Checking defaults for OMX/cmex/m/n on input line 91.
LaTeX Font Info:    ... okay on input line 91.
LaTeX Font Info:    Checking defaults for U/cmr/m/n on input line 91.
LaTeX Font Info:    ... okay on input line 91.
LaTeX Font Info:    Checking defaults for PD1/pdf/m/n on input line 91.
LaTeX Font Info:    ... okay on input line 91.
LaTeX Font Info:    Checking defaults for PU/pdf/m/n on input line 91.
LaTeX Font Info:    ... okay on input line 91.

Package fontspec Info: 
(fontspec)             Adjusting the maths setup (use [no-math] to avoid
(fontspec)             this).

\symlegacymaths=\mathgroup4
LaTeX Font Info:    Overwriting symbol font `legacymaths' in version `bold'
(Font)                  OT1/cmr/m/n --> OT1/cmr/bx/n on input line 91.
LaTeX Font Info:    Redeclaring math accent \acute on input line 91.
LaTeX Font Info:    Redeclaring math accent \grave on input line 91.
LaTeX Font Info:    Redeclaring math accent \ddot on input line 91.
LaTeX Font Info:    Redeclaring math accent \tilde on input line 91.
LaTeX Font Info:    Redeclaring math accent \bar on input line 91.
LaTeX Font Info:    Redeclaring math accent \breve on input line 91.
LaTeX Font Info:    Redeclaring math accent \check on input line 91.
LaTeX Font Info:    Redeclaring math accent \hat on input line 91.
LaTeX Font Info:    Redeclaring math accent \dot on input line 91.
LaTeX Font Info:    Redeclaring math accent \mathring on input line 91.
LaTeX Font Info:    Redeclaring math symbol \Gamma on input line 91.
LaTeX Font Info:    Redeclaring math symbol \Delta on input line 91.
LaTeX Font Info:    Redeclaring math symbol \Theta on input line 91.
LaTeX Font Info:    Redeclaring math symbol \Lambda on input line 91.
LaTeX Font Info:    Redeclaring math symbol \Xi on input line 91.
LaTeX Font Info:    Redeclaring math symbol \Pi on input line 91.
LaTeX Font Info:    Redeclaring math symbol \Sigma on input line 91.
LaTeX Font Info:    Redeclaring math symbol \Upsilon on input line 91.
LaTeX Font Info:    Redeclaring math symbol \Phi on input line 91.
LaTeX Font Info:    Redeclaring math symbol \Psi on input line 91.
LaTeX Font Info:    Redeclaring math symbol \Omega on input line 91.
LaTeX Font Info:    Redeclaring math symbol \mathdollar on input line 91.
LaTeX Font Info:    Redeclaring symbol font `operators' on input line 91.
LaTeX Font Info:    Encoding `OT1' has changed to `TU' for symbol font
(Font)              `operators' in the math version `normal' on input line 91.
LaTeX Font Info:    Overwriting symbol font `operators' in version `normal'
(Font)                  OT1/cmr/m/n --> TU/DejaVuSerif(0)/m/n on input line 91.

LaTeX Font Info:    Encoding `OT1' has changed to `TU' for symbol font
(Font)              `operators' in the math version `bold' on input line 91.
LaTeX Font Info:    Overwriting symbol font `operators' in version `bold'
(Font)                  OT1/cmr/bx/n --> TU/DejaVuSerif(0)/m/n on input line 91
.
LaTeX Font Info:    Overwriting symbol font `operators' in version `normal'
(Font)                  TU/DejaVuSerif(0)/m/n --> TU/DejaVuSerif(0)/m/n on inpu
t line 91.
LaTeX Font Info:    Overwriting math alphabet `\mathit' in version `normal'
(Font)                  OT1/cmr/m/it --> TU/DejaVuSerif(0)/m/it on input line 9
1.
LaTeX Font Info:    Overwriting math alphabet `\mathbf' in version `normal'
(Font)                  OT1/cmr/bx/n --> TU/DejaVuSerif(0)/b/n on input line 91
.
LaTeX Font Info:    Overwriting math alphabet `\mathsf' in version `normal'
(Font)                  OT1/cmss/m/n --> TU/lmss/m/n on input line 91.
LaTeX Font Info:    Overwriting math alphabet `\mathtt' in version `normal'
(Font)                  OT1/cmtt/m/n --> TU/lmtt/m/n on input line 91.
LaTeX Font Info:    Overwriting symbol font `operators' in version `bold'
(Font)                  TU/DejaVuSerif(0)/m/n --> TU/DejaVuSerif(0)/b/n on inpu
t line 91.
LaTeX Font Info:    Overwriting math alphabet `\mathit' in version `bold'
(Font)                  OT1/cmr/bx/it --> TU/DejaVuSerif(0)/b/it on input line 
91.
LaTeX Font Info:    Overwriting math alphabet `\mathsf' in version `bold'
(Font)                  OT1/cmss/bx/n --> TU/lmss/b/n on input line 91.
LaTeX Font Info:    Overwriting math alphabet `\mathtt' in version `bold'
(Font)                  OT1/cmtt/m/n --> TU/lmtt/b/n on input line 91.

*geometry* driver: auto-detecting
*geometry* detected driver: luatex
*geometry* verbose mode - [ preamble ] result:
* driver: luatex
* paper: letterpaper
* layout: <same size as paper>
* layoutoffset:(h,v)=(0.0pt,0.0pt)
* modes: 
* h-part:(L,W,R)=(72.26999pt, 469.75502pt, 72.26999pt)
* v-part:(T,H,B)=(72.26999pt, 650.43001pt, 72.26999pt)
* \paperwidth=614.295pt
* \paperheight=794.96999pt
* \textwidth=469.75502pt
* \textheight=650.43001pt
* \oddsidemargin=0.0pt
* \evensidemargin=0.0pt
* \topmargin=-37.0pt
* \headheight=12.0pt
* \headsep=25.0pt
* \topskip=10.0pt
* \footskip=30.0pt
* \marginparwidth=65.0pt
* \marginparsep=11.0pt
* \columnsep=0.0pt
* \skip\footins=9.0pt plus 4.0pt minus 2.0pt
* \hoffset=0.0pt
* \voffset=0.0pt
* \mag=1000
* \@twocolumnfalse
* \@twosidefalse
* \@mparswitchfalse
* \@reversemarginfalse
* (1in=72.27pt=25.4mm, 1cm=28.453pt)

(/usr/local/texlive/2026/texmf-dist/tex/context/base/mkii/supp-pdf.mkii
[Loading MPS to PDF converter (version 2006.09.02).]
\scratchcounter=\count388
\scratchdimen=\dimen352
\scratchbox=\box128
\nofMPsegments=\count389
\nofMParguments=\count390
\everyMPshowfont=\toks54
\MPscratchCnt=\count391
\MPscratchDim=\dimen353
\MPnumerator=\count392
\makeMPintoPDFobject=\count393
\everyMPtoPDFconversion=\toks55
) (/usr/local/texlive/2026/texmf-dist/tex/latex/epstopdf-pkg/epstopdf-base.sty
Package: epstopdf-base 2020-01-24 v2.11 Base part for package epstopdf
Package epstopdf-base Info: Redefining graphics rule for `.eps' on input line 4
85.

(/usr/local/texlive/2026/texmf-dist/tex/latex/latexconfig/epstopdf-sys.cfg
File: epstopdf-sys.cfg 2010/07/13 v1.3 Configuration of (r)epstopdf for TeX Liv
e
))
Package pgfplots notification 'compat/show suggested version=true': document ha
s been generated with the most recent feature set (\pgfplotsset{compat=1.18}).

\c@maskedRefs=\count394
(/usr/local/texlive/2026/texmf-dist/tex/latex/apacite/english.apc
File: english.apc 2013/07/21 v6.03 apacite language file
LaTeX Info: Redefining \BPBI on input line 129.
LaTeX Info: Redefining \BHBI on input line 130.
)
Package caption Info: Begin \AtBeginDocument code.
Package caption Info: changepage package is loaded.
\caption@adjustwidth@hsize=\dimen354
\caption@adjustwidth@linewidth=\dimen355
Package caption Info: hyperref package is loaded.
Package caption Info: End \AtBeginDocument code.
Package hyperref Info: Link coloring ON on input line 91.

(./examples.out) (./examples.out)
\@outlinefile=\write6

\openout6 = examples.out
Package babel Info: Main language set to 'american'.
 (./examples.toc)
\tf@toc=\write7

\openout7 = examples.toc
 (./f1_pos/f1_pos_001.tex
Overfull \hbox (10.99837pt too wide) in paragraph at lines 1--3
\TU/DejaVuSerif(0)/b/n/10 sonal_com-puter\TU/DejaVuSerif(0)/m/n/10 , \TU/DejaVu
Serif(0)/b/n/10 shar-ing\TU/DejaVuSerif(0)/m/n/10 , \TU/DejaVuSerif(0)/b/n/10 te
ch-nol-ogy\TU/DejaVuSerif(0)/m/n/10 , \TU/DejaVuSerif(0)/b/n/10 room\TU/DejaVuS
erif(0)/m/n/10 , \TU/DejaVuSerif(0)/b/n/10 job\TU/DejaVuSerif(0)/m/n/10 , back-p
ack, \TU/DejaVuSerif(0)/b/n/10 com-puter_desk\TU/DejaVuSerif(0)/m/n/10 ,
 []


Overfull \hbox (1.69661pt too wide) in paragraph at lines 1--3
\TU/DejaVuSerif(0)/b/n/10 ra-tion\TU/DejaVuSerif(0)/m/n/10 , \TU/DejaVuSerif(0)
/b/n/10 in-put_de-vice\TU/DejaVuSerif(0)/m/n/10 , \TU/DejaVuSerif(0)/b/n/10 of-f
ice_sup-plies\TU/DejaVuSerif(0)/m/n/10 , \TU/DejaVuSerif(0)/b/n/10 mul-ti-me-dia
\TU/DejaVuSerif(0)/m/n/10 , \TU/DejaVuSerif(0)/b/n/10 ed-u-ca-tion\TU/DejaVuSer
if(0)/m/n/10 , \TU/DejaVuSerif(0)/b/n/10 class\TU/DejaVuSerif(0)/m/n/10 , \TU/D
ejaVuSerif(0)/b/n/10 train-
 []


Overfull \hbox (24.94856pt too wide) in paragraph at lines 1--3
\TU/DejaVuSerif(0)/b/n/10 ing\TU/DejaVuSerif(0)/m/n/10 , \TU/DejaVuSerif(0)/b/n
/10 meet-ing\TU/DejaVuSerif(0)/m/n/10 , \TU/DejaVuSerif(0)/b/n/10 class-room\TU
/DejaVuSerif(0)/m/n/10 , \TU/DejaVuSerif(0)/b/n/10 hear-ing\TU/DejaVuSerif(0)/m
/n/10 , \TU/DejaVuSerif(0)/b/n/10 elec-tron-ics\TU/DejaVuSerif(0)/m/n/10 , \TU/
DejaVuSerif(0)/b/n/10 com-puter_net-work-ing\TU/DejaVuSerif(0)/m/n/10 , \TU/Dej
aVuSerif(0)/b/n/10 course\TU/DejaVuSerif(0)/m/n/10 ,
 []


Overfull \hbox (28.81184pt too wide) in paragraph at lines 1--3
\TU/DejaVuSerif(0)/b/n/10 desk-top_com-puter\TU/DejaVuSerif(0)/m/n/10 , \TU/Dej
aVuSerif(0)/b/n/10 stu-dent\TU/DejaVuSerif(0)/m/n/10 , \TU/DejaVuSerif(0)/b/n/1
0 man-age-ment\TU/DejaVuSerif(0)/m/n/10 , \TU/DejaVuSerif(0)/b/n/10 flat-panel_d
is-play\TU/DejaVuSerif(0)/m/n/10 , \TU/DejaVuSerif(0)/b/n/10 com-puter_mon-
 []

[1

{/usr/local/texlive/2026/texmf-var/fonts/map/pdftex/updmap/pdftex.map}])
(./f1_pos/f1_pos_002.tex
Overfull \hbox (11.52864pt too wide) in paragraph at lines 1--3
\TU/DejaVuSerif(0)/b/n/10 train-ing\TU/DejaVuSerif(0)/m/n/10 , \TU/DejaVuSerif(
0)/b/n/10 stu-dent\TU/DejaVuSerif(0)/m/n/10 , \TU/DejaVuSerif(0)/b/n/10 course\
TU/DejaVuSerif(0)/m/n/10 , \TU/DejaVuSerif(0)/b/n/10 com-puter_com-po-nent\TU/D
ejaVuSerif(0)/m/n/10 , \TU/DejaVuSerif(0)/b/n/10 com-puter_mon-i-tor\TU/DejaVuS
erif(0)/m/n/10 , \TU/DejaVuSerif(0)/b/n/10 class\TU/DejaVuSerif(0)/m/n/10 ,
 []

) (./f1_pos/f1_pos_003.tex
Overfull \hbox (3.92805pt too wide) in paragraph at lines 1--3
\TU/DejaVuSerif(0)/b/n/10 com-puter\TU/DejaVuSerif(0)/m/n/10 , \TU/DejaVuSerif(
0)/b/n/10 fur-ni-ture\TU/DejaVuSerif(0)/m/n/10 , \TU/DejaVuSerif(0)/b/n/10 pe-ri
ph-eral\TU/DejaVuSerif(0)/m/n/10 , \TU/DejaVuSerif(0)/b/n/10 desk\TU/DejaVuSeri
f(0)/m/n/10 , \TU/DejaVuSerif(0)/b/n/10 com-mu-ni-ca-tion_de-vice\TU/DejaVuSeri
f(0)/m/n/10 , \TU/DejaVuSerif(0)/b/n/10 ta-ble\TU/DejaVuSerif(0)/m/n/10 , \TU/D
ejaVuSerif(0)/b/n/10 out-
 []


Overfull \hbox (9.8929pt too wide) in paragraph at lines 1--3
\TU/DejaVuSerif(0)/b/n/10 put_de-vice\TU/DejaVuSerif(0)/m/n/10 , \TU/DejaVuSeri
f(0)/b/n/10 dis-play_de-vice\TU/DejaVuSerif(0)/m/n/10 , \TU/DejaVuSerif(0)/b/n/
10 of-fice_sup-plies\TU/DejaVuSerif(0)/m/n/10 , \TU/DejaVuSerif(0)/b/n/10 gad-ge
t\TU/DejaVuSerif(0)/m/n/10 , \TU/DejaVuSerif(0)/b/n/10 com-puter_desk\TU/DejaVu
Serif(0)/m/n/10 , \TU/DejaVuSerif(0)/b/n/10 white-
 []


Overfull \hbox (5.96028pt too wide) in paragraph at lines 1--3
\TU/DejaVuSerif(0)/b/n/10 flat-panel_dis-play\TU/DejaVuSerif(0)/m/n/10 , \TU/De
jaVuSerif(0)/b/n/10 suit\TU/DejaVuSerif(0)/m/n/10 , \TU/DejaVuSerif(0)/b/n/10 mu
l-ti-me-dia\TU/DejaVuSerif(0)/m/n/10 , \TU/DejaVuSerif(0)/b/n/10 com-puter_key-b
oard\TU/DejaVuSerif(0)/m/n/10 , \TU/DejaVuSerif(0)/b/n/10 com-puter_mon-
 []


Overfull \hbox (31.17024pt too wide) in paragraph at lines 1--3
\TU/DejaVuSerif(0)/b/n/10 ment\TU/DejaVuSerif(0)/m/n/10 , \TU/DejaVuSerif(0)/b/
n/10 portable_com-mu-ni-ca-tions_de-vice\TU/DejaVuSerif(0)/m/n/10 , \TU/DejaVuS
erif(0)/b/n/10 busi-nessper-son\TU/DejaVuSerif(0)/m/n/10 , \TU/DejaVuSerif(0)/b
/n/10 chair\TU/DejaVuSerif(0)/m/n/10 , \TU/DejaVuSerif(0)/b/n/10 desk-top_com-
 []


Overfull \hbox (16.78743pt too wide) in paragraph at lines 1--3
\TU/DejaVuSerif(0)/b/n/10 puter\TU/DejaVuSerif(0)/m/n/10 , \TU/DejaVuSerif(0)/b
/n/10 space_bar\TU/DejaVuSerif(0)/m/n/10 , com-puter_mouse, \TU/DejaVuSerif(0)/
b/n/10 hear-ing\TU/DejaVuSerif(0)/m/n/10 , \TU/DejaVuSerif(0)/b/n/10 home_ap-pli
-ance\TU/DejaVuSerif(0)/m/n/10 , \TU/DejaVuSerif(0)/b/n/10 op-er-at-ing_sys-
 []


Overfull \hbox (7.097pt too wide) in paragraph at lines 1--3
\TU/DejaVuSerif(0)/b/n/10 ra-tion\TU/DejaVuSerif(0)/m/n/10 , \TU/DejaVuSerif(0)
/b/n/10 tele-phony\TU/DejaVuSerif(0)/m/n/10 , \TU/DejaVuSerif(0)/b/n/10 soft-war
e\TU/DejaVuSerif(0)/m/n/10 , nu-meric_key-pad, \TU/DejaVuSerif(0)/b/n/10 com-pan
y\TU/DejaVuSerif(0)/m/n/10 , writ-ing_desk, \TU/DejaVuSerif(0)/b/n/10 touch-
 []

) (./f1_pos/f1_pos_004.tex
Overfull \hbox (2.3636pt too wide) in paragraph at lines 1--3
\TU/DejaVuSerif(0)/b/n/10 sonal_com-puter\TU/DejaVuSerif(0)/m/n/10 , \TU/DejaVu
Serif(0)/b/n/10 out-put_de-vice\TU/DejaVuSerif(0)/m/n/10 , \TU/DejaVuSerif(0)/b
/n/10 job\TU/DejaVuSerif(0)/m/n/10 , \TU/DejaVuSerif(0)/b/n/10 com-puter_desk\T
U/DejaVuSerif(0)/m/n/10 , \TU/DejaVuSerif(0)/b/n/10 in-put_de-vice\TU/DejaVuSer
if(0)/m/n/10 , \TU/DejaVuSerif(0)/b/n/10 learn-
 []


Overfull \hbox (6.48958pt too wide) in paragraph at lines 1--3
\TU/DejaVuSerif(0)/b/n/10 ing\TU/DejaVuSerif(0)/m/n/10 , \TU/DejaVuSerif(0)/b/n
/10 com-puter_hard-ware\TU/DejaVuSerif(0)/m/n/10 , \TU/DejaVuSerif(0)/b/n/10 dis
-play_de-vice\TU/DejaVuSerif(0)/m/n/10 , \TU/DejaVuSerif(0)/b/n/10 of-fice_chair
\TU/DejaVuSerif(0)/m/n/10 , \TU/DejaVuSerif(0)/b/n/10 col-lab-o-ra-tion\TU/Deja
VuSerif(0)/m/n/10 , back-
 []


Overfull \hbox (24.52669pt too wide) in paragraph at lines 1--3
\TU/DejaVuSerif(0)/m/n/10 pack, \TU/DejaVuSerif(0)/b/n/10 of-fice_in-stru-ment\
TU/DejaVuSerif(0)/m/n/10 , \TU/DejaVuSerif(0)/b/n/10 lap-top\TU/DejaVuSerif(0)/
m/n/10 , \TU/DejaVuSerif(0)/b/n/10 desk-top_com-puter\TU/DejaVuSerif(0)/m/n/10 
, \TU/DejaVuSerif(0)/b/n/10 train-ing\TU/DejaVuSerif(0)/m/n/10 , \TU/DejaVuSeri
f(0)/b/n/10 com-puter_mon-
 []


Overfull \hbox (30.41536pt too wide) in paragraph at lines 1--3
\TU/DejaVuSerif(0)/b/n/10 ed-u-ca-tion\TU/DejaVuSerif(0)/m/n/10 , \TU/DejaVuSer
if(0)/b/n/10 of-fice_sup-plies\TU/DejaVuSerif(0)/m/n/10 , \TU/DejaVuSerif(0)/b/
n/10 man-age-ment\TU/DejaVuSerif(0)/m/n/10 , \TU/DejaVuSerif(0)/b/n/10 elec-tron
-ics\TU/DejaVuSerif(0)/m/n/10 , \TU/DejaVuSerif(0)/b/n/10 meet-ing\TU/DejaVuSer
if(0)/m/n/10 , \TU/DejaVuSerif(0)/b/n/10 com-puter_net-
 []

) (./f1_pos/f1_pos_005.tex
Overfull \hbox (3.91927pt too wide) in paragraph at lines 1--3
[]  \TU/DejaVuSerif(0)/b/n/10 elec-tronic_de-vice\TU/DejaVuSerif(0)/m/n/10 , \T
U/DejaVuSerif(0)/b/n/10 fur-ni-ture\TU/DejaVuSerif(0)/m/n/10 , \TU/DejaVuSerif(
0)/b/n/10 per-sonal_com-puter\TU/DejaVuSerif(0)/m/n/10 , \TU/DejaVuSerif(0)/b/n
/10 of-fice_equip-ment\TU/DejaVuSerif(0)/m/n/10 , \TU/DejaVuSerif(0)/b/n/10 com-

 []


Overfull \hbox (16.45247pt too wide) in paragraph at lines 1--3
\TU/DejaVuSerif(0)/b/n/10 puter\TU/DejaVuSerif(0)/m/n/10 , \TU/DejaVuSerif(0)/b
/n/10 shirt\TU/DejaVuSerif(0)/m/n/10 , \TU/DejaVuSerif(0)/b/n/10 lap-top\TU/Dej
aVuSerif(0)/m/n/10 , \TU/DejaVuSerif(0)/b/n/10 in-put_de-vice\TU/DejaVuSerif(0)
/m/n/10 , \TU/DejaVuSerif(0)/b/n/10 dis-play_de-vice\TU/DejaVuSerif(0)/m/n/10 , \TU/DejaVuSerif(0)/b/n/10 ta-ble\TU/DejaVuSerif(0)/m/n/10 , \TU/DejaVuSerif(0)/b/n/10 com-mu-ni-ca-tion_de-
 []


Overfull \hbox (24.4056pt too wide) in paragraph at lines 1--3
\TU/DejaVuSerif(0)/b/n/10 board\TU/DejaVuSerif(0)/m/n/10 , \TU/DejaVuSerif(0)/b
/n/10 soft-ware_en-gi-neer-ing\TU/DejaVuSerif(0)/m/n/10 , \TU/DejaVuSerif(0)/b/
n/10 com-puter_desk\TU/DejaVuSerif(0)/m/n/10 , \TU/DejaVuSerif(0)/b/n/10 portabl
e_com-mu-ni-ca-tions_de-
 []


Overfull \hbox (8.93587pt too wide) in paragraph at lines 1--3
\TU/DejaVuSerif(0)/b/n/10 vice\TU/DejaVuSerif(0)/m/n/10 , \TU/DejaVuSerif(0)/b/
n/10 net-book\TU/DejaVuSerif(0)/m/n/10 , \TU/DejaVuSerif(0)/b/n/10 en-gi-neer-in
g\TU/DejaVuSerif(0)/m/n/10 , \TU/DejaVuSerif(0)/b/n/10 col-lab-o-ra-tion\TU/Dej
aVuSerif(0)/m/n/10 , \TU/DejaVuSerif(0)/b/n/10 of-fice_sup-plies\TU/DejaVuSerif
(0)/m/n/10 , \TU/DejaVuSerif(0)/b/n/10 com-puter_com-
 []


Overfull \hbox (14.41438pt too wide) in paragraph at lines 1--3
\TU/DejaVuSerif(0)/b/n/10 po-nent\TU/DejaVuSerif(0)/m/n/10 , \TU/DejaVuSerif(0)
/b/n/10 flat-panel_dis-play\TU/DejaVuSerif(0)/m/n/10 , \TU/DejaVuSerif(0)/b/n/1
0 learn-ing\TU/DejaVuSerif(0)/m/n/10 , \TU/DejaVuSerif(0)/b/n/10 hear-ing\TU/De
jaVuSerif(0)/m/n/10 , \TU/DejaVuSerif(0)/b/n/10 op-er-at-ing_sys-tem\TU/DejaVuS
erif(0)/m/n/10 , \TU/DejaVuSerif(0)/b/n/10 space_bar\TU/DejaVuSerif(0)/m/n/10 ,
 []


Overfull \hbox (2.72298pt too wide) in paragraph at lines 1--3
\TU/DejaVuSerif(0)/b/n/10 com-puter_net-work-ing\TU/DejaVuSerif(0)/m/n/10 , \TU
/DejaVuSerif(0)/b/n/10 of-fice_in-stru-ment\TU/DejaVuSerif(0)/m/n/10 , back-pack
, \TU/DejaVuSerif(0)/b/n/10 com-pany\TU/DejaVuSerif(0)/m/n/10 , \TU/DejaVuSerif
(0)/b/n/10 wa-ter_bot-
 []

[2]) (./f1_pos/f1_pos_006.tex
Overfull \hbox (10.46028pt too wide) in paragraph at lines 1--3
\TU/DejaVuSerif(0)/b/n/10 fice_sup-plies\TU/DejaVuSerif(0)/m/n/10 , \TU/DejaVuS
erif(0)/b/n/10 out-put_de-vice\TU/DejaVuSerif(0)/m/n/10 , \TU/DejaVuSerif(0)/b/
n/10 com-puter_hard-ware\TU/DejaVuSerif(0)/m/n/10 , \TU/DejaVuSerif(0)/b/n/10 co
m-mu-ni-ca-tion_de-vice\TU/DejaVuSerif(0)/m/n/10 ,
 []


Overfull \hbox (26.48958pt too wide) in paragraph at lines 1--3
\TU/DejaVuSerif(0)/b/n/10 stru-ment\TU/DejaVuSerif(0)/m/n/10 , \TU/DejaVuSerif(
0)/b/n/10 op-er-at-ing_sys-tem\TU/DejaVuSerif(0)/m/n/10 , nu-meric_key-pad, \TU
/DejaVuSerif(0)/b/n/10 soft-ware\TU/DejaVuSerif(0)/m/n/10 , \TU/DejaVuSerif(0)/
b/n/10 learn-ing\TU/DejaVuSerif(0)/m/n/10 , writ-ing_desk,
 []


Overfull \hbox (58.80403pt too wide) in paragraph at lines 1--3
\TU/DejaVuSerif(0)/m/n/10 com-puter_mouse, \TU/DejaVuSerif(0)/b/n/10 led-backlit
_lcd\TU/DejaVuSerif(0)/m/n/10 , \TU/DejaVuSerif(0)/b/n/10 hear-ing\TU/DejaVuSer
if(0)/m/n/10 , \TU/DejaVuSerif(0)/b/n/10 shelv-ing\TU/DejaVuSerif(0)/m/n/10 , \
TU/DejaVuSerif(0)/b/n/10 home_ap-pli-ance\TU/DejaVuSerif(0)/m/n/10 , \TU/DejaVu
Serif(0)/b/n/10 portable_com-
 []

) (./f1_pos/f1_pos_007.tex
Overfull \hbox (3.59407pt too wide) in paragraph at lines 1--3
[]  \TU/DejaVuSerif(0)/b/n/10 fur-ni-ture\TU/DejaVuSerif(0)/m/n/10 , \TU/DejaVu
Serif(0)/b/n/10 elec-tronic_de-vice\TU/DejaVuSerif(0)/m/n/10 , \TU/DejaVuSerif(
0)/b/n/10 dis-play_de-vice\TU/DejaVuSerif(0)/m/n/10 , \TU/DejaVuSerif(0)/b/n/10
 in-te-rior_de-sign\TU/DejaVuSerif(0)/m/n/10 , \TU/DejaVuSerif(0)/b/n/10 ta-ble\TU/DejaVuSerif(0)/m/n/10 , \TU/DejaVuSerif(0)/b/n/10 chair\TU/DejaVuSerif(0)/m/n/10 ,
 []


Overfull \hbox (6.5306pt too wide) in paragraph at lines 1--3
\TU/DejaVuSerif(0)/b/n/10 desk\TU/DejaVuSerif(0)/m/n/10 , light-ing, \TU/DejaVu
Serif(0)/b/n/10 tele-vi-sion\TU/DejaVuSerif(0)/m/n/10 , \TU/DejaVuSerif(0)/b/n/
10 tech-nol-ogy\TU/DejaVuSerif(0)/m/n/10 , \TU/DejaVuSerif(0)/b/n/10 led-backlit
_lcd\TU/DejaVuSerif(0)/m/n/10 , \TU/DejaVuSerif(0)/b/n/10 room\TU/DejaVuSerif(0
)/m/n/10 , \TU/DejaVuSerif(0)/b/n/10 flat-panel_dis-
 []


Overfull \hbox (18.1136pt too wide) in paragraph at lines 1--3
\TU/DejaVuSerif(0)/b/n/10 of-fice_sup-plies\TU/DejaVuSerif(0)/m/n/10 , \TU/Deja
VuSerif(0)/b/n/10 con-fer-ence_hall\TU/DejaVuSerif(0)/m/n/10 , \TU/DejaVuSerif(
0)/b/n/10 gad-get\TU/DejaVuSerif(0)/m/n/10 , video-con-fer-enc-ing, \TU/DejaVuS
erif(0)/b/n/10 tele-vi-sion_show\TU/DejaVuSerif(0)/m/n/10 ,
 []


Overfull \hbox (1.09895pt too wide) in paragraph at lines 1--3
\TU/DejaVuSerif(0)/m/n/10 clean-li-ness, \TU/DejaVuSerif(0)/b/n/10 var-nish\TU/
DejaVuSerif(0)/m/n/10 , \TU/DejaVuSerif(0)/b/n/10 col-lab-o-ra-tion\TU/DejaVuSe
rif(0)/m/n/10 , \TU/DejaVuSerif(0)/b/n/10 of-fice_equip-ment\TU/DejaVuSerif(0)/
m/n/10 , \TU/DejaVuSerif(0)/b/n/10 of-fice_chair\TU/DejaVuSerif(0)/m/n/10 , \TU
/DejaVuSerif(0)/b/n/10 house-
 []

) (./f1_pos/f1_pos_008.tex
Overfull \hbox (24.5511pt too wide) in paragraph at lines 1--3
\TU/DejaVuSerif(0)/b/n/10 ca-tion_de-vice\TU/DejaVuSerif(0)/m/n/10 , \TU/DejaVu
Serif(0)/b/n/10 gad-get\TU/DejaVuSerif(0)/m/n/10 , \TU/DejaVuSerif(0)/b/n/10 com
-puter\TU/DejaVuSerif(0)/m/n/10 , \TU/DejaVuSerif(0)/b/n/10 com-puter_mon-i-tor\TU/DejaVuSerif(0)/m/n/10 , \TU/DejaVuSerif(0)/b/n/10 fur-ni-ture\TU/DejaVuSerif(0)/m/n/10 , \TU/DejaVuSerif(0)/b/n/10 of-fice_equip-
 []


Overfull \hbox (25.57649pt too wide) in paragraph at lines 1--3
\TU/DejaVuSerif(0)/b/n/10 ment\TU/DejaVuSerif(0)/m/n/10 , \TU/DejaVuSerif(0)/b/
n/10 tech-nol-ogy\TU/DejaVuSerif(0)/m/n/10 , \TU/DejaVuSerif(0)/b/n/10 flat-pane
l_dis-play\TU/DejaVuSerif(0)/m/n/10 , \TU/DejaVuSerif(0)/b/n/10 elec-tron-ics\T
U/DejaVuSerif(0)/m/n/10 , \TU/DejaVuSerif(0)/b/n/10 mul-ti-me-dia\TU/DejaVuSeri
f(0)/m/n/10 , \TU/DejaVuSerif(0)/b/n/10 per-sonal_com-
 []


Overfull \hbox (21.63704pt too wide) in paragraph at lines 1--3
\TU/DejaVuSerif(0)/m/n/10 con-fer-enc-ing, \TU/DejaVuSerif(0)/b/n/10 soft-ware_e
n-gi-neer-ing\TU/DejaVuSerif(0)/m/n/10 , \TU/DejaVuSerif(0)/b/n/10 soft-ware\TU
/DejaVuSerif(0)/m/n/10 , \TU/DejaVuSerif(0)/b/n/10 portable_com-mu-ni-ca-tions_d
e-
 []

) (./f1_pos/f1_pos_009.tex
Overfull \hbox (16.18977pt too wide) in paragraph at lines 1--3
[]  \TU/DejaVuSerif(0)/b/n/10 elec-tronic_de-vice\TU/DejaVuSerif(0)/m/n/10 , \T
U/DejaVuSerif(0)/b/n/10 dis-play_de-vice\TU/DejaVuSerif(0)/m/n/10 , \TU/DejaVuS
erif(0)/b/n/10 com-puter\TU/DejaVuSerif(0)/m/n/10 , \TU/DejaVuSerif(0)/b/n/10 fu
r-ni-ture\TU/DejaVuSerif(0)/m/n/10 , \TU/DejaVuSerif(0)/b/n/10 com-mu-ni-ca-tion
_de-
 []


Overfull \hbox (12.03157pt too wide) in paragraph at lines 1--3
\TU/DejaVuSerif(0)/b/n/10 vice\TU/DejaVuSerif(0)/m/n/10 , \TU/DejaVuSerif(0)/b/
n/10 pe-riph-eral\TU/DejaVuSerif(0)/m/n/10 , \TU/DejaVuSerif(0)/b/n/10 flat-pane
l_dis-play\TU/DejaVuSerif(0)/m/n/10 , \TU/DejaVuSerif(0)/b/n/10 tech-nol-ogy\TU
/DejaVuSerif(0)/m/n/10 , \TU/DejaVuSerif(0)/b/n/10 led-backlit_lcd\TU/DejaVuSer
if(0)/m/n/10 , \TU/DejaVuSerif(0)/b/n/10 out-put_de-
 []


Overfull \hbox (32.47298pt too wide) in paragraph at lines 1--3
\TU/DejaVuSerif(0)/b/n/10 vice\TU/DejaVuSerif(0)/m/n/10 , \TU/DejaVuSerif(0)/b/
n/10 of-fice_equip-ment\TU/DejaVuSerif(0)/m/n/10 , \TU/DejaVuSerif(0)/b/n/10 sui
t\TU/DejaVuSerif(0)/m/n/10 , \TU/DejaVuSerif(0)/b/n/10 per-sonal_com-puter\TU/D
ejaVuSerif(0)/m/n/10 , \TU/DejaVuSerif(0)/b/n/10 gad-get\TU/DejaVuSerif(0)/m/n/
10 , \TU/DejaVuSerif(0)/b/n/10 coat\TU/DejaVuSerif(0)/m/n/10 , \TU/DejaVuSerif(
0)/b/n/10 com-puter_mon-
 []


Overfull \hbox (6.53548pt too wide) in paragraph at lines 1--3
\TU/DejaVuSerif(0)/b/n/10 i-tor\TU/DejaVuSerif(0)/m/n/10 , \TU/DejaVuSerif(0)/b
/n/10 mi-cro-phone\TU/DejaVuSerif(0)/m/n/10 , \TU/DejaVuSerif(0)/b/n/10 white-co
llar_worker\TU/DejaVuSerif(0)/m/n/10 , \TU/DejaVuSerif(0)/b/n/10 mul-ti-me-dia\
TU/DejaVuSerif(0)/m/n/10 , \TU/DejaVuSerif(0)/b/n/10 elec-tron-ics\TU/DejaVuSer
if(0)/m/n/10 , \TU/DejaVuSerif(0)/b/n/10 job\TU/DejaVuSerif(0)/m/n/10 , \TU/Dej
aVuSerif(0)/b/n/10 desk\TU/DejaVuSerif(0)/m/n/10 ,
 []


Overfull \hbox (2.89778pt too wide) in paragraph at lines 1--3
\TU/DejaVuSerif(0)/b/n/10 sion\TU/DejaVuSerif(0)/m/n/10 , \TU/DejaVuSerif(0)/b/
n/10 lap-top\TU/DejaVuSerif(0)/m/n/10 , \TU/DejaVuSerif(0)/b/n/10 desk-top_com-p
uter\TU/DejaVuSerif(0)/m/n/10 , neck-tie, \TU/DejaVuSerif(0)/b/n/10 hear-ing\TU
/DejaVuSerif(0)/m/n/10 , of-fi-cial, \TU/DejaVuSerif(0)/b/n/10 tele-vi-sion_show
\TU/DejaVuSerif(0)/m/n/10 ,
 []


Overfull \hbox (6.05305pt too wide) in paragraph at lines 1--3
\TU/DejaVuSerif(0)/m/n/10 spokesper-son, \TU/DejaVuSerif(0)/b/n/10 chair\TU/Dej
aVuSerif(0)/m/n/10 , \TU/DejaVuSerif(0)/b/n/10 col-lab-o-ra-tion\TU/DejaVuSerif
(0)/m/n/10 , \TU/DejaVuSerif(0)/b/n/10 soft-ware_en-gi-neer-ing\TU/DejaVuSerif(
0)/m/n/10 , \TU/DejaVuSerif(0)/b/n/10 com-puter_desk\TU/DejaVuSerif(0)/m/n/10 ,
 []

) (./f1_pos/f1_pos_010.tex [3]) (./f1_pos/f1_pos_011.tex
Overfull \hbox (23.97981pt too wide) in paragraph at lines 1--3
[]  \TU/DejaVuSerif(0)/b/n/10 elec-tronic_de-vice\TU/DejaVuSerif(0)/m/n/10 , \T
U/DejaVuSerif(0)/b/n/10 gad-get\TU/DejaVuSerif(0)/m/n/10 , \TU/DejaVuSerif(0)/b
/n/10 per-sonal_com-puter\TU/DejaVuSerif(0)/m/n/10 , \TU/DejaVuSerif(0)/b/n/10 
lap-top\TU/DejaVuSerif(0)/m/n/10 , \TU/DejaVuSerif(0)/b/n/10 com-puter\TU/DejaV
uSerif(0)/m/n/10 , \TU/DejaVuSerif(0)/b/n/10 dis-play_de-
 []


Overfull \hbox (20.63313pt too wide) in paragraph at lines 1--3
\TU/DejaVuSerif(0)/b/n/10 vice\TU/DejaVuSerif(0)/m/n/10 , \TU/DejaVuSerif(0)/b/
n/10 of-fice_equip-ment\TU/DejaVuSerif(0)/m/n/10 , \TU/DejaVuSerif(0)/b/n/10 in-
put_de-vice\TU/DejaVuSerif(0)/m/n/10 , \TU/DejaVuSerif(0)/b/n/10 com-mu-ni-ca-ti
on_de-vice\TU/DejaVuSerif(0)/m/n/10 , \TU/DejaVuSerif(0)/b/n/10 portable_com-
 []


Overfull \hbox (8.38216pt too wide) in paragraph at lines 1--3
\TU/DejaVuSerif(0)/b/n/10 mu-ni-ca-tions_de-vice\TU/DejaVuSerif(0)/m/n/10 , \TU
/DejaVuSerif(0)/b/n/10 out-put_de-vice\TU/DejaVuSerif(0)/m/n/10 , \TU/DejaVuSer
if(0)/b/n/10 tech-nol-ogy\TU/DejaVuSerif(0)/m/n/10 , \TU/DejaVuSerif(0)/b/n/10 
net-book\TU/DejaVuSerif(0)/m/n/10 , \TU/DejaVuSerif(0)/b/n/10 com-puter_hard-
 []


Overfull \hbox (15.69075pt too wide) in paragraph at lines 1--3
\TU/DejaVuSerif(0)/b/n/10 ware\TU/DejaVuSerif(0)/m/n/10 , \TU/DejaVuSerif(0)/b/
n/10 learn-ing\TU/DejaVuSerif(0)/m/n/10 , \TU/DejaVuSerif(0)/b/n/10 web-site\TU
/DejaVuSerif(0)/m/n/10 , \TU/DejaVuSerif(0)/b/n/10 touch-pad\TU/DejaVuSerif(0)/
m/n/10 , \TU/DejaVuSerif(0)/b/n/10 web_page\TU/DejaVuSerif(0)/m/n/10 , \TU/Deja
VuSerif(0)/b/n/10 mo-bile_de-vice\TU/DejaVuSerif(0)/m/n/10 , \TU/DejaVuSerif(0)
/b/n/10 flat-panel_dis-
 []

) (./f1_pos/f1_pos_012.tex
Overfull \hbox (4.18001pt too wide) in paragraph at lines 1--3
\TU/DejaVuSerif(0)/m/n/10 jacket, \TU/DejaVuSerif(0)/b/n/10 of-fice_equip-ment\
TU/DejaVuSerif(0)/m/n/10 , \TU/DejaVuSerif(0)/b/n/10 tech-nol-ogy\TU/DejaVuSeri
f(0)/m/n/10 , \TU/DejaVuSerif(0)/b/n/10 shar-ing\TU/DejaVuSerif(0)/m/n/10 , \TU
/DejaVuSerif(0)/b/n/10 of-fice_chair\TU/DejaVuSerif(0)/m/n/10 , \TU/DejaVuSerif
(0)/b/n/10 col-lab-o-ra-tion\TU/DejaVuSerif(0)/m/n/10 ,
 []


Overfull \hbox (1.55013pt too wide) in paragraph at lines 1--3
\TU/DejaVuSerif(0)/b/n/10 stru-ment\TU/DejaVuSerif(0)/m/n/10 , \TU/DejaVuSerif(
0)/b/n/10 out-put_de-vice\TU/DejaVuSerif(0)/m/n/10 , \TU/DejaVuSerif(0)/b/n/10 
man-age-ment\TU/DejaVuSerif(0)/m/n/10 , \TU/DejaVuSerif(0)/b/n/10 meet-ing\TU/D
ejaVuSerif(0)/m/n/10 , \TU/DejaVuSerif(0)/b/n/10 hear-ing\TU/DejaVuSerif(0)/m/n
/10 , \TU/DejaVuSerif(0)/b/n/10 com-pany\TU/DejaVuSerif(0)/m/n/10 , \TU/DejaVuS
erif(0)/b/n/10 con-
 []

) (./f1_pos/f1_pos_013.tex
Overfull \hbox (16.63997pt too wide) in paragraph at lines 1--3
[]  \TU/DejaVuSerif(0)/b/n/10 fur-ni-ture\TU/DejaVuSerif(0)/m/n/10 , \TU/DejaVu
Serif(0)/b/n/10 elec-tronic_de-vice\TU/DejaVuSerif(0)/m/n/10 , \TU/DejaVuSerif(
0)/b/n/10 ta-ble\TU/DejaVuSerif(0)/m/n/10 , \TU/DejaVuSerif(0)/b/n/10 desk\TU/D
ejaVuSerif(0)/m/n/10 , \TU/DejaVuSerif(0)/b/n/10 chair\TU/DejaVuSerif(0)/m/n/10
 , \TU/DejaVuSerif(0)/b/n/10 suit\TU/DejaVuSerif(0)/m/n/10 , out-er-wear, \TU/D
ejaVuSerif(0)/b/n/10 of-fice_equip-
 []


Overfull \hbox (0.36165pt too wide) in paragraph at lines 1--3
\TU/DejaVuSerif(0)/b/n/10 ment\TU/DejaVuSerif(0)/m/n/10 , \TU/DejaVuSerif(0)/b/
n/10 in-te-rior_de-sign\TU/DejaVuSerif(0)/m/n/10 , \TU/DejaVuSerif(0)/b/n/10 mee
t-ing\TU/DejaVuSerif(0)/m/n/10 , \TU/DejaVuSerif(0)/b/n/10 con-fer-ence_room_ta-
ble\TU/DejaVuSerif(0)/m/n/10 , \TU/DejaVuSerif(0)/b/n/10 com-puter\TU/DejaVuSer
if(0)/m/n/10 , \TU/DejaVuSerif(0)/b/n/10 coat\TU/DejaVuSerif(0)/m/n/10 ,
 []


Overfull \hbox (7.4056pt too wide) in paragraph at lines 1--3
\TU/DejaVuSerif(0)/b/n/10 tech-nol-ogy\TU/DejaVuSerif(0)/m/n/10 , \TU/DejaVuSer
if(0)/b/n/10 lap-top\TU/DejaVuSerif(0)/m/n/10 , \TU/DejaVuSerif(0)/b/n/10 white-
collar_worker\TU/DejaVuSerif(0)/m/n/10 , \TU/DejaVuSerif(0)/b/n/10 of-fice_chair
\TU/DejaVuSerif(0)/m/n/10 , \TU/DejaVuSerif(0)/b/n/10 com-mu-ni-ca-tion_de-
 []


Overfull \hbox (3.18587pt too wide) in paragraph at lines 1--3
\TU/DejaVuSerif(0)/b/n/10 vice\TU/DejaVuSerif(0)/m/n/10 , \TU/DejaVuSerif(0)/b/
n/10 col-lab-o-ra-tion\TU/DejaVuSerif(0)/m/n/10 , \TU/DejaVuSerif(0)/b/n/10 en-g
i-neer-ing\TU/DejaVuSerif(0)/m/n/10 , \TU/DejaVuSerif(0)/b/n/10 con-fer-ence_hal
l\TU/DejaVuSerif(0)/m/n/10 , \TU/DejaVuSerif(0)/b/n/10 hall\TU/DejaVuSerif(0)/m
/n/10 , \TU/DejaVuSerif(0)/b/n/10 man-age-ment\TU/DejaVuSerif(0)/m/n/10 , \TU/D
ejaVuSerif(0)/b/n/10 job\TU/DejaVuSerif(0)/m/n/10 ,
 []


Overfull \hbox (8.11555pt too wide) in paragraph at lines 1--3
\TU/DejaVuSerif(0)/b/n/10 or-ga-ni-za-tion\TU/DejaVuSerif(0)/m/n/10 , \TU/DejaV
uSerif(0)/b/n/10 com-puter_hard-ware\TU/DejaVuSerif(0)/m/n/10 , \TU/DejaVuSerif
(0)/b/n/10 var-nish\TU/DejaVuSerif(0)/m/n/10 , \TU/DejaVuSerif(0)/b/n/10 of-fice
_sup-plies\TU/DejaVuSerif(0)/m/n/10 , \TU/DejaVuSerif(0)/b/n/10 com-pany\TU/Dej
aVuSerif(0)/m/n/10 , gov-
 []

) (./f1_pos/f1_pos_014.tex
Overfull \hbox (1.46907pt too wide) in paragraph at lines 1--3
\TU/DejaVuSerif(0)/b/n/10 age-ment\TU/DejaVuSerif(0)/m/n/10 , \TU/DejaVuSerif(0
)/b/n/10 lec-ture\TU/DejaVuSerif(0)/m/n/10 , \TU/DejaVuSerif(0)/b/n/10 desk\TU/
DejaVuSerif(0)/m/n/10 , crowd, \TU/DejaVuSerif(0)/b/n/10 en-gi-neer-ing\TU/Deja
VuSerif(0)/m/n/10 , \TU/DejaVuSerif(0)/b/n/10 course\TU/DejaVuSerif(0)/m/n/10 , \TU/DejaVuSerif(0)/b/n/10 out-put_de-vice\TU/DejaVuSerif(0)/m/n/10 , \TU/DejaVuSerif(0)/b/n/10 class-
 []


Overfull \hbox (7.75227pt too wide) in paragraph at lines 1--3
\TU/DejaVuSerif(0)/b/n/10 me-dia\TU/DejaVuSerif(0)/m/n/10 , \TU/DejaVuSerif(0)/
b/n/10 col-lab-o-ra-tion\TU/DejaVuSerif(0)/m/n/10 , \TU/DejaVuSerif(0)/b/n/10 he
ar-ing\TU/DejaVuSerif(0)/m/n/10 , mul-ti-me-dia_pro-jec-tor, \TU/DejaVuSerif(0)
/b/n/10 aca-demic_con-fer-ence\TU/DejaVuSerif(0)/m/n/10 ,
 []


Overfull \hbox (9.36555pt too wide) in paragraph at lines 1--3
\TU/DejaVuSerif(0)/b/n/10 aca-demic_in-sti-tu-tion\TU/DejaVuSerif(0)/m/n/10 , \
TU/DejaVuSerif(0)/b/n/10 com-puter\TU/DejaVuSerif(0)/m/n/10 , \TU/DejaVuSerif(0
)/b/n/10 com-pany\TU/DejaVuSerif(0)/m/n/10 , over-head_pro-jec-tor, cam-pus, \T
U/DejaVuSerif(0)/b/n/10 stu-
 []

) (./f1_pos/f1_pos_015.tex [4]
Overfull \hbox (8.47005pt too wide) in paragraph at lines 1--3
\TU/DejaVuSerif(0)/b/n/10 put_de-vice\TU/DejaVuSerif(0)/m/n/10 , \TU/DejaVuSeri
f(0)/b/n/10 com-mu-ni-ca-tion_de-vice\TU/DejaVuSerif(0)/m/n/10 , \TU/DejaVuSeri
f(0)/b/n/10 soft-ware\TU/DejaVuSerif(0)/m/n/10 , \TU/DejaVuSerif(0)/b/n/10 tech-
nol-ogy\TU/DejaVuSerif(0)/m/n/10 , \TU/DejaVuSerif(0)/b/n/10 com-puter_mon-
 []


Overfull \hbox (2.87923pt too wide) in paragraph at lines 1--3
\TU/DejaVuSerif(0)/b/n/10 top_com-puter\TU/DejaVuSerif(0)/m/n/10 , \TU/DejaVuSe
rif(0)/b/n/10 portable_com-mu-ni-ca-tions_de-vice\TU/DejaVuSerif(0)/m/n/10 , \T
U/DejaVuSerif(0)/b/n/10 web-site\TU/DejaVuSerif(0)/m/n/10 , \TU/DejaVuSerif(0)/
b/n/10 space_bar\TU/DejaVuSerif(0)/m/n/10 , dis-
 []

) (./f1_pos/f1_pos_016.tex
Overfull \hbox (42.68098pt too wide) in paragraph at lines 1--3
\TU/DejaVuSerif(0)/b/n/10 ni-ca-tion_de-vice\TU/DejaVuSerif(0)/m/n/10 , \TU/Dej
aVuSerif(0)/b/n/10 dis-play_de-vice\TU/DejaVuSerif(0)/m/n/10 , \TU/DejaVuSerif(
0)/b/n/10 meet-ing\TU/DejaVuSerif(0)/m/n/10 , \TU/DejaVuSerif(0)/b/n/10 coat\TU
/DejaVuSerif(0)/m/n/10 , \TU/DejaVuSerif(0)/b/n/10 in-ter-ac-tion\TU/DejaVuSeri
f(0)/m/n/10 , \TU/DejaVuSerif(0)/b/n/10 white-collar_worker\TU/DejaVuSerif(0)/m
/n/10 ,
 []


Overfull \hbox (26.51692pt too wide) in paragraph at lines 1--3
\TU/DejaVuSerif(0)/b/n/10 out-put_de-vice\TU/DejaVuSerif(0)/m/n/10 , \TU/DejaVu
Serif(0)/b/n/10 tech-nol-ogy\TU/DejaVuSerif(0)/m/n/10 , \TU/DejaVuSerif(0)/b/n/
10 of-fice_equip-ment\TU/DejaVuSerif(0)/m/n/10 , \TU/DejaVuSerif(0)/b/n/10 col-l
ab-o-ra-tion\TU/DejaVuSerif(0)/m/n/10 , \TU/DejaVuSerif(0)/b/n/10 con-fer-ence_h
all\TU/DejaVuSerif(0)/m/n/10 ,
 []


Overfull \hbox (16.83821pt too wide) in paragraph at lines 1--3
\TU/DejaVuSerif(0)/b/n/10 za-tion\TU/DejaVuSerif(0)/m/n/10 , \TU/DejaVuSerif(0)
/b/n/10 of-fice_in-stru-ment\TU/DejaVuSerif(0)/m/n/10 , \TU/DejaVuSerif(0)/b/n/
10 com-pany\TU/DejaVuSerif(0)/m/n/10 , \TU/DejaVuSerif(0)/b/n/10 lap-top\TU/Dej
aVuSerif(0)/m/n/10 , \TU/DejaVuSerif(0)/b/n/10 learn-ing\TU/DejaVuSerif(0)/m/n/
10 , of-fi-cial, \TU/DejaVuSerif(0)/b/n/10 per-sonal_com-
 []

) (./f1_pos/f1_pos_017.tex) (./f1_pos/f1_pos_018.tex
Overfull \hbox (4.6097pt too wide) in paragraph at lines 1--3
\TU/DejaVuSerif(0)/b/n/10 com-puter_hard-ware\TU/DejaVuSerif(0)/m/n/10 , \TU/De
jaVuSerif(0)/b/n/10 job\TU/DejaVuSerif(0)/m/n/10 , \TU/DejaVuSerif(0)/b/n/10 lap
-top\TU/DejaVuSerif(0)/m/n/10 , \TU/DejaVuSerif(0)/b/n/10 pe-riph-eral\TU/DejaV
uSerif(0)/m/n/10 , \TU/DejaVuSerif(0)/b/n/10 com-mu-ni-ca-tion_de-vice\TU/DejaV
uSerif(0)/m/n/10 , writ-
 []


Overfull \hbox (14.09993pt too wide) in paragraph at lines 1--3
\TU/DejaVuSerif(0)/m/n/10 home-work, \TU/DejaVuSerif(0)/b/n/10 dis-play_de-vice\TU/DejaVuSerif(0)/m/n/10 , \TU/DejaVuSerif(0)/b/n/10 portable_com-mu-ni-ca-tions_de-vice\TU/DejaVuSerif(0)/m/n/10 , \TU/DejaVuSerif(0)/b/n/10 hear-ing\TU/DejaVuSerif(0)/m/n/10 , \TU/DejaVuSerif(0)/b/n/10 com-
 []

) (./f1_pos/f1_pos_019.tex
Overfull \hbox (0.61067pt too wide) in paragraph at lines 1--3
[]  \TU/DejaVuSerif(0)/b/n/10 elec-tronic_de-vice\TU/DejaVuSerif(0)/m/n/10 , \T
U/DejaVuSerif(0)/b/n/10 of-fice_equip-ment\TU/DejaVuSerif(0)/m/n/10 , \TU/DejaV
uSerif(0)/b/n/10 desk\TU/DejaVuSerif(0)/m/n/10 , \TU/DejaVuSerif(0)/b/n/10 com-p
uter\TU/DejaVuSerif(0)/m/n/10 , \TU/DejaVuSerif(0)/b/n/10 fur-ni-ture\TU/DejaVu
Serif(0)/m/n/10 , \TU/DejaVuSerif(0)/b/n/10 tech-nol-
 []


Overfull \hbox (13.45442pt too wide) in paragraph at lines 1--3
\TU/DejaVuSerif(0)/b/n/10 ware\TU/DejaVuSerif(0)/m/n/10 , \TU/DejaVuSerif(0)/b/
n/10 learn-ing\TU/DejaVuSerif(0)/m/n/10 , \TU/DejaVuSerif(0)/b/n/10 pe-riph-eral
\TU/DejaVuSerif(0)/m/n/10 , \TU/DejaVuSerif(0)/b/n/10 dis-play_de-vice\TU/DejaV
uSerif(0)/m/n/10 , \TU/DejaVuSerif(0)/b/n/10 gad-get\TU/DejaVuSerif(0)/m/n/10 , \TU/DejaVuSerif(0)/b/n/10 job\TU/DejaVuSerif(0)/m/n/10 , \TU/DejaVuSerif(0)/b/n/10 com-mu-ni-ca-tion_de-
 []


Overfull \hbox (13.57747pt too wide) in paragraph at lines 1--3
\TU/DejaVuSerif(0)/b/n/10 ics\TU/DejaVuSerif(0)/m/n/10 , \TU/DejaVuSerif(0)/b/n
/10 soft-ware_en-gi-neer-ing\TU/DejaVuSerif(0)/m/n/10 , \TU/DejaVuSerif(0)/b/n/
10 lap-top\TU/DejaVuSerif(0)/m/n/10 , \TU/DejaVuSerif(0)/b/n/10 com-puter_mon-i-
tor\TU/DejaVuSerif(0)/m/n/10 , \TU/DejaVuSerif(0)/b/n/10 com-puter_key-board\TU
/DejaVuSerif(0)/m/n/10 ,
 []


Overfull \hbox (2.80598pt too wide) in paragraph at lines 1--3
\TU/DejaVuSerif(0)/b/n/10 flat-panel_dis-play\TU/DejaVuSerif(0)/m/n/10 , \TU/De
jaVuSerif(0)/b/n/10 com-puter_com-po-nent\TU/DejaVuSerif(0)/m/n/10 , back-pack, \TU/DejaVuSerif(0)/b/n/10 hear-ing\TU/DejaVuSerif(0)/m/n/10 , \TU/DejaVuSerif(0)/b/n/10 mul-ti-me-dia\TU/DejaVuSerif(0)/m/n/10 ,
 []

) (./f1_pos/f1_pos_020.tex [5]
Overfull \hbox (4.2386pt too wide) in paragraph at lines 1--3
[]  \TU/DejaVuSerif(0)/b/n/10 elec-tronic_de-vice\TU/DejaVuSerif(0)/m/n/10 , \T
U/DejaVuSerif(0)/b/n/10 lap-top\TU/DejaVuSerif(0)/m/n/10 , \TU/DejaVuSerif(0)/b
/n/10 com-puter\TU/DejaVuSerif(0)/m/n/10 , \TU/DejaVuSerif(0)/b/n/10 net-book\T
U/DejaVuSerif(0)/m/n/10 , \TU/DejaVuSerif(0)/b/n/10 tech-nol-ogy\TU/DejaVuSerif
(0)/m/n/10 , \TU/DejaVuSerif(0)/b/n/10 per-sonal_com-
 []


Overfull \hbox (22.9593pt too wide) in paragraph at lines 1--3
\TU/DejaVuSerif(0)/b/n/10 puter\TU/DejaVuSerif(0)/m/n/10 , \TU/DejaVuSerif(0)/b
/n/10 of-fice_equip-ment\TU/DejaVuSerif(0)/m/n/10 , \TU/DejaVuSerif(0)/b/n/10 co
m-puter_hard-ware\TU/DejaVuSerif(0)/m/n/10 , \TU/DejaVuSerif(0)/b/n/10 gad-get\
TU/DejaVuSerif(0)/m/n/10 , \TU/DejaVuSerif(0)/b/n/10 dis-play_de-vice\TU/DejaVu
Serif(0)/m/n/10 , \TU/DejaVuSerif(0)/b/n/10 touch-
 []


Overfull \hbox (40.16438pt too wide) in paragraph at lines 1--3
\TU/DejaVuSerif(0)/b/n/10 ca-tions_de-vice\TU/DejaVuSerif(0)/m/n/10 , \TU/DejaV
uSerif(0)/b/n/10 out-put_de-vice\TU/DejaVuSerif(0)/m/n/10 , \TU/DejaVuSerif(0)/
b/n/10 soft-ware_en-gi-neer-ing\TU/DejaVuSerif(0)/m/n/10 , ad-ver-tis-ing, \TU/
DejaVuSerif(0)/b/n/10 flat-panel_dis-
 []

) (./f1_pos/f1_pos_021.tex
Overfull \hbox (33.66731pt too wide) in paragraph at lines 1--3
[]  \TU/DejaVuSerif(0)/b/n/10 elec-tronic_de-vice\TU/DejaVuSerif(0)/m/n/10 , \T
U/DejaVuSerif(0)/b/n/10 lap-top\TU/DejaVuSerif(0)/m/n/10 , \TU/DejaVuSerif(0)/b
/n/10 per-sonal_com-puter\TU/DejaVuSerif(0)/m/n/10 , \TU/DejaVuSerif(0)/b/n/10 
com-puter\TU/DejaVuSerif(0)/m/n/10 , \TU/DejaVuSerif(0)/b/n/10 gad-get\TU/DejaV
uSerif(0)/m/n/10 , \TU/DejaVuSerif(0)/b/n/10 of-fice_equip-
 []


Overfull \hbox (18.36458pt too wide) in paragraph at lines 1--3
\TU/DejaVuSerif(0)/b/n/10 ment\TU/DejaVuSerif(0)/m/n/10 , \TU/DejaVuSerif(0)/b/
n/10 in-put_de-vice\TU/DejaVuSerif(0)/m/n/10 , \TU/DejaVuSerif(0)/b/n/10 dis-pla
y_de-vice\TU/DejaVuSerif(0)/m/n/10 , \TU/DejaVuSerif(0)/b/n/10 net-book\TU/Deja
VuSerif(0)/m/n/10 , \TU/DejaVuSerif(0)/b/n/10 com-mu-ni-ca-tion_de-vice\TU/Deja
VuSerif(0)/m/n/10 , \TU/DejaVuSerif(0)/b/n/10 touch-
 []


Overfull \hbox (2.75423pt too wide) in paragraph at lines 1--3
\TU/DejaVuSerif(0)/b/n/10 ca-tions_de-vice\TU/DejaVuSerif(0)/m/n/10 , \TU/DejaV
uSerif(0)/b/n/10 learn-ing\TU/DejaVuSerif(0)/m/n/10 , \TU/DejaVuSerif(0)/b/n/10
 mo-bile_de-vice\TU/DejaVuSerif(0)/m/n/10 , \TU/DejaVuSerif(0)/b/n/10 job\TU/De
jaVuSerif(0)/m/n/10 , \TU/DejaVuSerif(0)/b/n/10 out-put_de-vice\TU/DejaVuSerif(
0)/m/n/10 , \TU/DejaVuSerif(0)/b/n/10 soft-ware_en-
 []


Overfull \hbox (9.44856pt too wide) in paragraph at lines 1--3
\TU/DejaVuSerif(0)/b/n/10 gi-neer-ing\TU/DejaVuSerif(0)/m/n/10 , \TU/DejaVuSeri
f(0)/b/n/10 elec-tron-ics\TU/DejaVuSerif(0)/m/n/10 , \TU/DejaVuSerif(0)/b/n/10 
flat-panel_dis-play\TU/DejaVuSerif(0)/m/n/10 , \TU/DejaVuSerif(0)/b/n/10 of-fice
_sup-plies\TU/DejaVuSerif(0)/m/n/10 , \TU/DejaVuSerif(0)/b/n/10 space_bar\TU/De
jaVuSerif(0)/m/n/10 , \TU/DejaVuSerif(0)/b/n/10 com-
 []

) (./f1_pos/f1_pos_022.tex
Overfull \hbox (9.89485pt too wide) in paragraph at lines 1--3
[]  \TU/DejaVuSerif(0)/b/n/10 elec-tronic_de-vice\TU/DejaVuSerif(0)/m/n/10 , \T
U/DejaVuSerif(0)/b/n/10 fur-ni-ture\TU/DejaVuSerif(0)/m/n/10 , \TU/DejaVuSerif(
0)/b/n/10 shirt\TU/DejaVuSerif(0)/m/n/10 , \TU/DejaVuSerif(0)/b/n/10 chair\TU/D
ejaVuSerif(0)/m/n/10 , \TU/DejaVuSerif(0)/b/n/10 dis-play_de-vice\TU/DejaVuSeri
f(0)/m/n/10 , \TU/DejaVuSerif(0)/b/n/10 in-ter-ac-tion\TU/DejaVuSerif(0)/m/n/10
 , \TU/DejaVuSerif(0)/b/n/10 tech-
 []


Overfull \hbox (26.80208pt too wide) in paragraph at lines 1--3
\TU/DejaVuSerif(0)/b/n/10 son\TU/DejaVuSerif(0)/m/n/10 , \TU/DejaVuSerif(0)/b/n
/10 hear-ing\TU/DejaVuSerif(0)/m/n/10 , \TU/DejaVuSerif(0)/b/n/10 con-fer-ence_h
all\TU/DejaVuSerif(0)/m/n/10 , \TU/DejaVuSerif(0)/b/n/10 pro-jec-tion_screen\TU
/DejaVuSerif(0)/m/n/10 , \TU/DejaVuSerif(0)/b/n/10 of-fice_in-stru-ment\TU/Deja
VuSerif(0)/m/n/10 , \TU/DejaVuSerif(0)/b/n/10 lcd_tele-
 []

) (./f1_pos/f1_pos_023.tex
Overfull \hbox (20.0677pt too wide) in paragraph at lines 1--3
[]  \TU/DejaVuSerif(0)/b/n/10 fur-ni-ture\TU/DejaVuSerif(0)/m/n/10 , \TU/DejaVu
Serif(0)/b/n/10 chair\TU/DejaVuSerif(0)/m/n/10 , \TU/DejaVuSerif(0)/b/n/10 ta-bl
e\TU/DejaVuSerif(0)/m/n/10 , \TU/DejaVuSerif(0)/b/n/10 desk\TU/DejaVuSerif(0)/m
/n/10 , \TU/DejaVuSerif(0)/b/n/10 elec-tronic_de-vice\TU/DejaVuSerif(0)/m/n/10 
, \TU/DejaVuSerif(0)/b/n/10 in-ter-ac-tion\TU/DejaVuSerif(0)/m/n/10 , \TU/DejaV
uSerif(0)/b/n/10 job\TU/DejaVuSerif(0)/m/n/10 , \TU/DejaVuSerif(0)/b/n/10 of-fic
e_chair\TU/DejaVuSerif(0)/m/n/10 ,
 []


Overfull \hbox (5.1634pt too wide) in paragraph at lines 1--3
\TU/DejaVuSerif(0)/b/n/10 shar-ing\TU/DejaVuSerif(0)/m/n/10 , \TU/DejaVuSerif(0
)/b/n/10 tech-nol-ogy\TU/DejaVuSerif(0)/m/n/10 , \TU/DejaVuSerif(0)/b/n/10 meet-
ing\TU/DejaVuSerif(0)/m/n/10 , \TU/DejaVuSerif(0)/b/n/10 suit\TU/DejaVuSerif(0)
/m/n/10 , \TU/DejaVuSerif(0)/b/n/10 col-lab-o-ra-tion\TU/DejaVuSerif(0)/m/n/10 
, \TU/DejaVuSerif(0)/b/n/10 learn-ing\TU/DejaVuSerif(0)/m/n/10 , \TU/DejaVuSeri
f(0)/b/n/10 man-age-ment\TU/DejaVuSerif(0)/m/n/10 ,
 []


Overfull \hbox (35.29915pt too wide) in paragraph at lines 1--3
\TU/DejaVuSerif(0)/b/n/10 con-fer-ence_room_ta-ble\TU/DejaVuSerif(0)/m/n/10 , \
TU/DejaVuSerif(0)/b/n/10 of-fice_in-stru-ment\TU/DejaVuSerif(0)/m/n/10 , \TU/De
jaVuSerif(0)/b/n/10 of-fice_equip-ment\TU/DejaVuSerif(0)/m/n/10 , \TU/DejaVuSer
if(0)/b/n/10 con-fer-ence_hall\TU/DejaVuSerif(0)/m/n/10 ,
 []

) (./f1_pos/f1_pos_024.tex
Overfull \hbox (27.74055pt too wide) in paragraph at lines 1--3
\TU/DejaVuSerif(0)/b/n/10 plies\TU/DejaVuSerif(0)/m/n/10 , \TU/DejaVuSerif(0)/b
/n/10 portable_com-mu-ni-ca-tions_de-vice\TU/DejaVuSerif(0)/m/n/10 , \TU/DejaVu
Serif(0)/b/n/10 com-puter_key-board\TU/DejaVuSerif(0)/m/n/10 , \TU/DejaVuSerif(
0)/b/n/10 com-puter_com-
 []

) (./f1_pos/f1_pos_025.tex
Overfull \hbox (8.18196pt too wide) in paragraph at lines 1--3
\TU/DejaVuSerif(0)/b/n/10 put_de-vice\TU/DejaVuSerif(0)/m/n/10 , \TU/DejaVuSeri
f(0)/b/n/10 gad-get\TU/DejaVuSerif(0)/m/n/10 , \TU/DejaVuSerif(0)/b/n/10 com-mu-
ni-ca-tion_de-vice\TU/DejaVuSerif(0)/m/n/10 , \TU/DejaVuSerif(0)/b/n/10 mo-bile_
de-vice\TU/DejaVuSerif(0)/m/n/10 , \TU/DejaVuSerif(0)/b/n/10 portable_com-
 []

[6]) (./f1_pos/f1_pos_026.tex
Overfull \hbox (11.27766pt too wide) in paragraph at lines 1--3
\TU/DejaVuSerif(0)/b/n/10 vice\TU/DejaVuSerif(0)/m/n/10 , \TU/DejaVuSerif(0)/b/
n/10 of-fice_in-stru-ment\TU/DejaVuSerif(0)/m/n/10 , \TU/DejaVuSerif(0)/b/n/10 
portable_com-mu-ni-ca-tions_de-vice\TU/DejaVuSerif(0)/m/n/10 , \TU/DejaVuSerif(
0)/b/n/10 sta-tionery\TU/DejaVuSerif(0)/m/n/10 , \TU/DejaVuSerif(0)/b/n/10 doc-
 []


Overfull \hbox (6.1136pt too wide) in paragraph at lines 1--3
\TU/DejaVuSerif(0)/b/n/10 u-ment\TU/DejaVuSerif(0)/m/n/10 , \TU/DejaVuSerif(0)/
b/n/10 pe-riph-eral\TU/DejaVuSerif(0)/m/n/10 , cal-cu-la-tor, \TU/DejaVuSerif(0
)/b/n/10 com-puter\TU/DejaVuSerif(0)/m/n/10 , \TU/DejaVuSerif(0)/b/n/10 mul-ti-m
e-dia\TU/DejaVuSerif(0)/m/n/10 , \TU/DejaVuSerif(0)/b/n/10 com-puter_key-board\
TU/DejaVuSerif(0)/m/n/10 ,
 []


Overfull \hbox (18.47005pt too wide) in paragraph at lines 1--3
\TU/DejaVuSerif(0)/b/n/10 writ-ing_im-ple-ment\TU/DejaVuSerif(0)/m/n/10 , \TU/D
ejaVuSerif(0)/b/n/10 com-puter_hard-ware\TU/DejaVuSerif(0)/m/n/10 , \TU/DejaVuS
erif(0)/b/n/10 writ-ing\TU/DejaVuSerif(0)/m/n/10 , \TU/DejaVuSerif(0)/b/n/10 spa
ce_bar\TU/DejaVuSerif(0)/m/n/10 , \TU/DejaVuSerif(0)/b/n/10 per-sonal_com-
 []

) (./f1_pos/f1_pos_027.tex
Overfull \hbox (2.61165pt too wide) in paragraph at lines 1--3
[]  \TU/DejaVuSerif(0)/b/n/10 fur-ni-ture\TU/DejaVuSerif(0)/m/n/10 , \TU/DejaVu
Serif(0)/b/n/10 elec-tronic_de-vice\TU/DejaVuSerif(0)/m/n/10 , \TU/DejaVuSerif(
0)/b/n/10 ta-ble\TU/DejaVuSerif(0)/m/n/10 , \TU/DejaVuSerif(0)/b/n/10 desk\TU/D
ejaVuSerif(0)/m/n/10 , \TU/DejaVuSerif(0)/b/n/10 chair\TU/DejaVuSerif(0)/m/n/10
 , \TU/DejaVuSerif(0)/b/n/10 suit\TU/DejaVuSerif(0)/m/n/10 , \TU/DejaVuSerif(0)
/b/n/10 con-fer-ence_hall\TU/DejaVuSerif(0)/m/n/10 , \TU/DejaVuSerif(0)/b/n/10 
dis-
 []


Overfull \hbox (55.22981pt too wide) in paragraph at lines 1--3
\TU/DejaVuSerif(0)/b/n/10 play_de-vice\TU/DejaVuSerif(0)/m/n/10 , \TU/DejaVuSer
if(0)/b/n/10 meet-ing\TU/DejaVuSerif(0)/m/n/10 , \TU/DejaVuSerif(0)/b/n/10 hall\TU/DejaVuSerif(0)/m/n/10 , \TU/DejaVuSerif(0)/b/n/10 tech-nol-ogy\TU/DejaVuSerif(0)/m/n/10 , pub-lic_ad-dress_sys-tem, \TU/DejaVuSerif(0)/b/n/10 con-fer-ence_room_ta-
 []


Overfull \hbox (1.33333pt too wide) in paragraph at lines 1--3
\TU/DejaVuSerif(0)/b/n/10 ing\TU/DejaVuSerif(0)/m/n/10 , gov-ern-ment, \TU/Deja
VuSerif(0)/b/n/10 busi-nessper-son\TU/DejaVuSerif(0)/m/n/10 , spokesper-son, \T
U/DejaVuSerif(0)/b/n/10 or-ga-ni-za-tion\TU/DejaVuSerif(0)/m/n/10 , \TU/DejaVuS
erif(0)/b/n/10 con-ven-tion\TU/DejaVuSerif(0)/m/n/10 ,
 []


Overfull \hbox (5.75227pt too wide) in paragraph at lines 1--3
\TU/DejaVuSerif(0)/b/n/10 com-pany\TU/DejaVuSerif(0)/m/n/10 , speaker, \TU/Deja
VuSerif(0)/b/n/10 com-puter\TU/DejaVuSerif(0)/m/n/10 , \TU/DejaVuSerif(0)/b/n/1
0 com-mu-ni-ca-tion_de-vice\TU/DejaVuSerif(0)/m/n/10 , \TU/DejaVuSerif(0)/b/n/1
0 mul-ti-me-dia\TU/DejaVuSerif(0)/m/n/10 , \TU/DejaVuSerif(0)/b/n/10 de-bate\TU
/DejaVuSerif(0)/m/n/10 ,
 []

) (./f1_pos/f1_pos_028.tex) (./f1_pos/f1_pos_029.tex
Overfull \hbox (18.57454pt too wide) in paragraph at lines 1--3
\TU/DejaVuSerif(0)/b/n/10 in-put_de-vice\TU/DejaVuSerif(0)/m/n/10 , wrist, \TU/
DejaVuSerif(0)/b/n/10 of-fice_equip-ment\TU/DejaVuSerif(0)/m/n/10 , \TU/DejaVuS
erif(0)/b/n/10 net-book\TU/DejaVuSerif(0)/m/n/10 , \TU/DejaVuSerif(0)/b/n/10 tec
h-nol-ogy\TU/DejaVuSerif(0)/m/n/10 , \TU/DejaVuSerif(0)/b/n/10 com-puter_hard-
 []


Overfull \hbox (11.67024pt too wide) in paragraph at lines 1--3
\TU/DejaVuSerif(0)/b/n/10 ware\TU/DejaVuSerif(0)/m/n/10 , typ-ing, nail, \TU/De
jaVuSerif(0)/b/n/10 of-fice_sup-plies\TU/DejaVuSerif(0)/m/n/10 , \TU/DejaVuSeri
f(0)/b/n/10 portable_com-mu-ni-ca-tions_de-vice\TU/DejaVuSerif(0)/m/n/10 , thumb
,
 []


Overfull \hbox (6.83919pt too wide) in paragraph at lines 1--3
\TU/DejaVuSerif(0)/b/n/10 pe-riph-eral\TU/DejaVuSerif(0)/m/n/10 , \TU/DejaVuSer
if(0)/b/n/10 dis-play_de-vice\TU/DejaVuSerif(0)/m/n/10 , \TU/DejaVuSerif(0)/b/n
/10 touch-pad\TU/DejaVuSerif(0)/m/n/10 , \TU/DejaVuSerif(0)/b/n/10 out-put_de-vi
ce\TU/DejaVuSerif(0)/m/n/10 , \TU/DejaVuSerif(0)/b/n/10 com-puter_key-board\TU/
DejaVuSerif(0)/m/n/10 ,
 []

) (./f1_pos/f1_pos_030.tex
Overfull \hbox (13.80891pt too wide) in paragraph at lines 1--3
\TU/DejaVuSerif(0)/b/n/10 en-gi-neer-ing\TU/DejaVuSerif(0)/m/n/10 , \TU/DejaVuS
erif(0)/b/n/10 con-ver-sa-tion\TU/DejaVuSerif(0)/m/n/10 , \TU/DejaVuSerif(0)/b/
n/10 busi-nessper-son\TU/DejaVuSerif(0)/m/n/10 , \TU/DejaVuSerif(0)/b/n/10 out-p
ut_de-vice\TU/DejaVuSerif(0)/m/n/10 , \TU/DejaVuSerif(0)/b/n/10 com-pany\TU/Dej
aVuSerif(0)/m/n/10 , \TU/DejaVuSerif(0)/b/n/10 hear-
 []

[7]) (./f1_pos/f1_pos_031.tex
Overfull \hbox (20.13411pt too wide) in paragraph at lines 1--3
[]  \TU/DejaVuSerif(0)/b/n/10 fur-ni-ture\TU/DejaVuSerif(0)/m/n/10 , \TU/DejaVu
Serif(0)/b/n/10 desk\TU/DejaVuSerif(0)/m/n/10 , \TU/DejaVuSerif(0)/b/n/10 ta-ble
\TU/DejaVuSerif(0)/m/n/10 , \TU/DejaVuSerif(0)/b/n/10 elec-tronic_de-vice\TU/De
jaVuSerif(0)/m/n/10 , \TU/DejaVuSerif(0)/b/n/10 chair\TU/DejaVuSerif(0)/m/n/10 
, \TU/DejaVuSerif(0)/b/n/10 in-te-rior_de-sign\TU/DejaVuSerif(0)/m/n/10 , \TU/D
ejaVuSerif(0)/b/n/10 of-fice_chair\TU/DejaVuSerif(0)/m/n/10 ,
 []


Overfull \hbox (1.15755pt too wide) in paragraph at lines 1--3
\TU/DejaVuSerif(0)/b/n/10 ing\TU/DejaVuSerif(0)/m/n/10 , \TU/DejaVuSerif(0)/b/n
/10 com-pany\TU/DejaVuSerif(0)/m/n/10 , \TU/DejaVuSerif(0)/b/n/10 dis-play_de-vi
ce\TU/DejaVuSerif(0)/m/n/10 , \TU/DejaVuSerif(0)/b/n/10 mul-ti-me-dia\TU/DejaVu
Serif(0)/m/n/10 , \TU/DejaVuSerif(0)/b/n/10 or-ga-ni-za-tion\TU/DejaVuSerif(0)/
m/n/10 , \TU/DejaVuSerif(0)/b/n/10 com-puter_desk\TU/DejaVuSerif(0)/m/n/10 ,
 []

) (./f1_pos/f1_pos_032.tex
Overfull \hbox (6.89778pt too wide) in paragraph at lines 1--3
\TU/DejaVuSerif(0)/b/n/10 ter-ac-tion\TU/DejaVuSerif(0)/m/n/10 , \TU/DejaVuSeri
f(0)/b/n/10 white-collar_worker\TU/DejaVuSerif(0)/m/n/10 , \TU/DejaVuSerif(0)/b
/n/10 meet-ing\TU/DejaVuSerif(0)/m/n/10 , \TU/DejaVuSerif(0)/b/n/10 of-fice_equi
p-ment\TU/DejaVuSerif(0)/m/n/10 , \TU/DejaVuSerif(0)/b/n/10 col-lab-o-ra-tion\T
U/DejaVuSerif(0)/m/n/10 ,
 []


Overfull \hbox (17.41048pt too wide) in paragraph at lines 1--3
\TU/DejaVuSerif(0)/b/n/10 ence_room_ta-ble\TU/DejaVuSerif(0)/m/n/10 , \TU/DejaV
uSerif(0)/b/n/10 con-fer-ence_hall\TU/DejaVuSerif(0)/m/n/10 , \TU/DejaVuSerif(0
)/b/n/10 man-age-ment\TU/DejaVuSerif(0)/m/n/10 , drink-ing_wa-ter, min-eral_wa-
 []


Overfull \hbox (8.06282pt too wide) in paragraph at lines 1--3
\TU/DejaVuSerif(0)/b/n/10 dis-play_de-vice\TU/DejaVuSerif(0)/m/n/10 , \TU/DejaV
uSerif(0)/b/n/10 per-sonal_com-puter\TU/DejaVuSerif(0)/m/n/10 , \TU/DejaVuSerif
(0)/b/n/10 or-ga-ni-za-tion\TU/DejaVuSerif(0)/m/n/10 , \TU/DejaVuSerif(0)/b/n/1
0 com-mu-ni-ca-tion_de-vice\TU/DejaVuSerif(0)/m/n/10 ,
 []

) (./f1_pos/f1_pos_033.tex
Overfull \hbox (18.57454pt too wide) in paragraph at lines 1--3
\TU/DejaVuSerif(0)/b/n/10 in-put_de-vice\TU/DejaVuSerif(0)/m/n/10 , wrist, \TU/
DejaVuSerif(0)/b/n/10 of-fice_equip-ment\TU/DejaVuSerif(0)/m/n/10 , \TU/DejaVuS
erif(0)/b/n/10 tech-nol-ogy\TU/DejaVuSerif(0)/m/n/10 , \TU/DejaVuSerif(0)/b/n/1
0 net-book\TU/DejaVuSerif(0)/m/n/10 , \TU/DejaVuSerif(0)/b/n/10 com-puter_hard-
 []


Overfull \hbox (13.32063pt too wide) in paragraph at lines 1--3
\TU/DejaVuSerif(0)/b/n/10 vice\TU/DejaVuSerif(0)/m/n/10 , \TU/DejaVuSerif(0)/b/
n/10 pe-riph-eral\TU/DejaVuSerif(0)/m/n/10 , \TU/DejaVuSerif(0)/b/n/10 dis-play_
de-vice\TU/DejaVuSerif(0)/m/n/10 , \TU/DejaVuSerif(0)/b/n/10 touch-pad\TU/DejaV
uSerif(0)/m/n/10 , \TU/DejaVuSerif(0)/b/n/10 com-puter_key-board\TU/DejaVuSerif
(0)/m/n/10 , \TU/DejaVuSerif(0)/b/n/10 out-put_de-
 []

) (./f1_pos/f1_pos_034.tex
Overfull \hbox (22.38606pt too wide) in paragraph at lines 1--3
\TU/DejaVuSerif(0)/b/n/10 fice_equip-ment\TU/DejaVuSerif(0)/m/n/10 , \TU/DejaVu
Serif(0)/b/n/10 flat-panel_dis-play\TU/DejaVuSerif(0)/m/n/10 , \TU/DejaVuSerif(
0)/b/n/10 elec-tron-ics\TU/DejaVuSerif(0)/m/n/10 , \TU/DejaVuSerif(0)/b/n/10 com
-puter_desk\TU/DejaVuSerif(0)/m/n/10 , \TU/DejaVuSerif(0)/b/n/10 of-fice_chair\
TU/DejaVuSerif(0)/m/n/10 ,
 []

) (./f1_pos/f1_pos_035.tex
Overfull \hbox (9.23567pt too wide) in paragraph at lines 1--3
\TU/DejaVuSerif(0)/b/n/10 lec-ture\TU/DejaVuSerif(0)/m/n/10 , \TU/DejaVuSerif(0
)/b/n/10 com-pany\TU/DejaVuSerif(0)/m/n/10 , cur-tain, \TU/DejaVuSerif(0)/b/n/1
0 class-room\TU/DejaVuSerif(0)/m/n/10 , \TU/DejaVuSerif(0)/b/n/10 au-di-to-rium\TU/DejaVuSerif(0)/m/n/10 , \TU/DejaVuSerif(0)/b/n/10 course\TU/DejaVuSerif(0)/m/n/10 , \TU/DejaVuSerif(0)/b/n/10 con-ven-tion_cen-
 []

) (./f1_pos/f1_pos_036.tex
Overfull \hbox (1.04329pt too wide) in paragraph at lines 1--3
\TU/DejaVuSerif(0)/b/n/10 ni-ca-tion_de-vice\TU/DejaVuSerif(0)/m/n/10 , \TU/Dej
aVuSerif(0)/b/n/10 com-puter\TU/DejaVuSerif(0)/m/n/10 , spokesper-son, \TU/Deja
VuSerif(0)/b/n/10 out-put_de-vice\TU/DejaVuSerif(0)/m/n/10 , \TU/DejaVuSerif(0)
/b/n/10 com-puter_hard-
 []


Overfull \hbox (46.7093pt too wide) in paragraph at lines 1--3
\TU/DejaVuSerif(0)/b/n/10 ware\TU/DejaVuSerif(0)/m/n/10 , of-fi-cial, \TU/DejaV
uSerif(0)/b/n/10 con-fer-ence_hall\TU/DejaVuSerif(0)/m/n/10 , \TU/DejaVuSerif(0
)/b/n/10 hear-ing\TU/DejaVuSerif(0)/m/n/10 , \TU/DejaVuSerif(0)/b/n/10 per-sonal
_com-puter\TU/DejaVuSerif(0)/m/n/10 , \TU/DejaVuSerif(0)/b/n/10 con-fer-ence_roo
m_ta-
 []

[8]) (./f1_pos/f1_pos_037.tex
Overfull \hbox (2.7718pt too wide) in paragraph at lines 1--3
\TU/DejaVuSerif(0)/b/n/10 com-puter_hard-ware\TU/DejaVuSerif(0)/m/n/10 , \TU/De
jaVuSerif(0)/b/n/10 com-puter\TU/DejaVuSerif(0)/m/n/10 , \TU/DejaVuSerif(0)/b/n
/10 net-book\TU/DejaVuSerif(0)/m/n/10 , \TU/DejaVuSerif(0)/b/n/10 per-sonal_com-
puter\TU/DejaVuSerif(0)/m/n/10 , \TU/DejaVuSerif(0)/b/n/10 out-put_de-
 []

) (./f1_pos/f1_pos_038.tex
Overfull \hbox (0.65462pt too wide) in paragraph at lines 1--3
[]  \TU/DejaVuSerif(0)/b/n/10 fur-ni-ture\TU/DejaVuSerif(0)/m/n/10 , \TU/DejaVu
Serif(0)/b/n/10 elec-tronic_de-vice\TU/DejaVuSerif(0)/m/n/10 , \TU/DejaVuSerif(
0)/b/n/10 dis-play_de-vice\TU/DejaVuSerif(0)/m/n/10 , \TU/DejaVuSerif(0)/b/n/10
 in-te-rior_de-sign\TU/DejaVuSerif(0)/m/n/10 , \TU/DejaVuSerif(0)/b/n/10 chair\
TU/DejaVuSerif(0)/m/n/10 , \TU/DejaVuSerif(0)/b/n/10 tech-
 []


Overfull \hbox (3.86751pt too wide) in paragraph at lines 1--3
\TU/DejaVuSerif(0)/b/n/10 col-lab-o-ra-tion\TU/DejaVuSerif(0)/m/n/10 , \TU/Deja
VuSerif(0)/b/n/10 out-put_de-vice\TU/DejaVuSerif(0)/m/n/10 , podium, \TU/DejaVu
Serif(0)/b/n/10 sem-i-nar\TU/DejaVuSerif(0)/m/n/10 , \TU/DejaVuSerif(0)/b/n/10 
man-age-ment\TU/DejaVuSerif(0)/m/n/10 , \TU/DejaVuSerif(0)/b/n/10 con-ven-tion\
TU/DejaVuSerif(0)/m/n/10 ,
 []


Overfull \hbox (4.93391pt too wide) in paragraph at lines 1--3
\TU/DejaVuSerif(0)/b/n/10 hall\TU/DejaVuSerif(0)/m/n/10 , \TU/DejaVuSerif(0)/b/
n/10 com-pany\TU/DejaVuSerif(0)/m/n/10 , \TU/DejaVuSerif(0)/b/n/10 pro-jec-tion_
screen\TU/DejaVuSerif(0)/m/n/10 , lectern, clean-li-ness, speech, \TU/DejaVuSer
if(0)/b/n/10 busi-nessper-
 []

) (./f1_pos/f1_pos_039.tex) (./f1_pos/f1_pos_040.tex
Overfull \hbox (33.77473pt too wide) in paragraph at lines 1--3
[]  \TU/DejaVuSerif(0)/b/n/10 elec-tronic_de-vice\TU/DejaVuSerif(0)/m/n/10 , han
d, \TU/DejaVuSerif(0)/b/n/10 pre-sen-ta-tion\TU/DejaVuSerif(0)/m/n/10 , event, 
\TU/DejaVuSerif(0)/b/n/10 dis-play_de-vice\TU/DejaVuSerif(0)/m/n/10 , \TU/DejaV
uSerif(0)/b/n/10 pro-jec-tion_screen\TU/DejaVuSerif(0)/m/n/10 ,
 []

) (./f1_neg/f1_neg_001.tex [9]) (./f1_neg/f1_neg_002.tex
Overfull \hbox (4.39192pt too wide) in paragraph at lines 1--3
[]  \TU/DejaVuSerif(0)/b/n/10 land_ve-hi-cle\TU/DejaVuSerif(0)/m/n/10 , \TU/Dej
aVuSerif(0)/b/n/10 mode_of_trans-port\TU/DejaVuSerif(0)/m/n/10 , \TU/DejaVuSeri
f(0)/b/n/10 ve-hi-cle\TU/DejaVuSerif(0)/m/n/10 , wheel, tire, \TU/DejaVuSerif(0
)/b/n/10 trans-port\TU/DejaVuSerif(0)/m/n/10 , \TU/DejaVuSerif(0)/b/n/10 mo-tor_
ve-
 []


Overfull \hbox (10.83821pt too wide) in paragraph at lines 1--3
\TU/DejaVuSerif(0)/b/n/10 hi-cle\TU/DejaVuSerif(0)/m/n/10 , footwear, trousers, mo-tor-cy-cle, \TU/DejaVuSerif(0)/b/n/10 road\TU/DejaVuSerif(0)/m/n/10 , scooter, street, \TU/DejaVuSerif(0)/b/n/10 black\TU/DejaVuSerif(0)/m/n/10 , jacket, \TU/DejaVuSerif(0)/b/n/10 pedes-
 []

) (./f1_neg/f1_neg_003.tex
Overfull \hbox (37.61751pt too wide) in paragraph at lines 1--3
\TU/DejaVuSerif(0)/b/n/10 port\TU/DejaVuSerif(0)/m/n/10 , tour_bus_ser-vice, \T
U/DejaVuSerif(0)/b/n/10 mo-tor_ve-hi-cle\TU/DejaVuSerif(0)/m/n/10 , ur-ban_area,
 \TU/DejaVuSerif(0)/b/n/10 com-mer-cial_ve-hi-cle\TU/DejaVuSerif(0)/m/n/10 , met
ropoli-
 []


Overfull \hbox (16.51399pt too wide) in paragraph at lines 1--3
\TU/DejaVuSerif(0)/m/n/10 lis, wind-screen_wiper, \TU/DejaVuSerif(0)/b/n/10 trav
el\TU/DejaVuSerif(0)/m/n/10 , pub-lic_util-ity, au-to-mo-tive_side-view_mir-ror,
 \TU/DejaVuSerif(0)/b/n/10 rolling\TU/DejaVuSerif(0)/m/n/10 ,
 []


Overfull \hbox (13.51399pt too wide) in paragraph at lines 1--3
\TU/DejaVuSerif(0)/m/n/10 rear-view_mir-ror, au-to-mo-tive_fog_light, ad-ver-tis
-ing, air-port_bus, \TU/DejaVuSerif(0)/b/n/10 trans-port_hub\TU/DejaVuSerif(0)/
m/n/10 ,
 []

) (./f1_neg/f1_neg_004.tex
Overfull \hbox (4.7679pt too wide) in paragraph at lines 1--3
[]  \TU/DejaVuSerif(0)/b/n/10 ve-hi-cle\TU/DejaVuSerif(0)/m/n/10 , \TU/DejaVuSe
rif(0)/b/n/10 trans-port\TU/DejaVuSerif(0)/m/n/10 , \TU/DejaVuSerif(0)/b/n/10 ai
r-craft\TU/DejaVuSerif(0)/m/n/10 , \TU/DejaVuSerif(0)/b/n/10 am-bu-lance\TU/Dej
aVuSerif(0)/m/n/10 , \TU/DejaVuSerif(0)/b/n/10 avi-a-tion\TU/DejaVuSerif(0)/m/n
/10 , \TU/DejaVuSerif(0)/b/n/10 emer-gency_ve-hi-cle\TU/DejaVuSerif(0)/m/n/10 , \TU/DejaVuSerif(0)/b/n/10 van\TU/DejaVuSerif(0)/m/n/10 ,
 []


Overfull \hbox (5.56966pt too wide) in paragraph at lines 1--3
\TU/DejaVuSerif(0)/b/n/10 aerospace_en-gi-neer-ing\TU/DejaVuSerif(0)/m/n/10 , \
TU/DejaVuSerif(0)/b/n/10 air_travel\TU/DejaVuSerif(0)/m/n/10 , \TU/DejaVuSerif(
0)/b/n/10 emer-gency_ser-vice\TU/DejaVuSerif(0)/m/n/10 , com-pact_van, \TU/Deja
VuSerif(0)/b/n/10 com-
 []

) (./f1_neg/f1_neg_005.tex
Overfull \hbox (10.02962pt too wide) in paragraph at lines 1--3
[]  \TU/DejaVuSerif(0)/b/n/10 mode_of_trans-port\TU/DejaVuSerif(0)/m/n/10 , \TU
/DejaVuSerif(0)/b/n/10 mo-tor_ve-hi-cle\TU/DejaVuSerif(0)/m/n/10 , au-to-mo-tive
_ex-te-rior, \TU/DejaVuSerif(0)/b/n/10 car\TU/DejaVuSerif(0)/m/n/10 , \TU/DejaV
uSerif(0)/b/n/10 van\TU/DejaVuSerif(0)/m/n/10 , \TU/DejaVuSerif(0)/b/n/10 light_
com-
 []


Overfull \hbox (1.11165pt too wide) in paragraph at lines 1--3
\TU/DejaVuSerif(0)/b/n/10 mer-cial_ve-hi-cle\TU/DejaVuSerif(0)/m/n/10 , \TU/Dej
aVuSerif(0)/b/n/10 emer-gency_ve-hi-cle\TU/DejaVuSerif(0)/m/n/10 , \TU/DejaVuSe
rif(0)/b/n/10 emer-gency_ser-vice\TU/DejaVuSerif(0)/m/n/10 , \TU/DejaVuSerif(0)
/b/n/10 work-wear\TU/DejaVuSerif(0)/m/n/10 , com-
 []


Overfull \hbox (71.72493pt too wide) in paragraph at lines 1--3
\TU/DejaVuSerif(0)/m/n/10 mo-tive_side-view_mir-ror, \TU/DejaVuSerif(0)/b/n/10 
am-bu-lance\TU/DejaVuSerif(0)/m/n/10 , \TU/DejaVuSerif(0)/b/n/10 com-mer-cial_ve
-hi-cle\TU/DejaVuSerif(0)/m/n/10 , au-to-mo-tive_tail_&_brake_light,
 []

) (./f1_neg/f1_neg_006.tex) (./f1_neg/f1_neg_007.tex
Overfull \hbox (10.75032pt too wide) in paragraph at lines 1--3
\TU/DejaVuSerif(0)/b/n/10 emer-gency\TU/DejaVuSerif(0)/m/n/10 , minibus, au-to-m
o-tive_side-view_mir-ror, mercedes-benz, \TU/DejaVuSerif(0)/b/n/10 paramedic\TU
/DejaVuSerif(0)/m/n/10 ,
 []

[10]) (./f1_neg/f1_neg_008.tex) (./f1_neg/f1_neg_009.tex
Overfull \hbox (19.34114pt too wide) in paragraph at lines 1--3
[]  \TU/DejaVuSerif(0)/b/n/10 work-wear\TU/DejaVuSerif(0)/m/n/10 , \TU/DejaVuSe
rif(0)/b/n/10 emer-gency_ve-hi-cle\TU/DejaVuSerif(0)/m/n/10 , \TU/DejaVuSerif(0
)/b/n/10 am-bu-lance\TU/DejaVuSerif(0)/m/n/10 , \TU/DejaVuSerif(0)/b/n/10 emer-g
ency\TU/DejaVuSerif(0)/m/n/10 , \TU/DejaVuSerif(0)/b/n/10 van\TU/DejaVuSerif(0)
/m/n/10 , \TU/DejaVuSerif(0)/b/n/10 emer-gency_ser-
 []

) (./f1_neg/f1_neg_010.tex
Overfull \hbox (17.1097pt too wide) in paragraph at lines 1--3
[]  \TU/DejaVuSerif(0)/b/n/10 mo-tor_ve-hi-cle\TU/DejaVuSerif(0)/m/n/10 , \TU/D
ejaVuSerif(0)/b/n/10 trans-port\TU/DejaVuSerif(0)/m/n/10 , \TU/DejaVuSerif(0)/b
/n/10 van\TU/DejaVuSerif(0)/m/n/10 , \TU/DejaVuSerif(0)/b/n/10 light_com-mer-cia
l_ve-hi-cle\TU/DejaVuSerif(0)/m/n/10 , \TU/DejaVuSerif(0)/b/n/10 am-bu-lance\TU
/DejaVuSerif(0)/m/n/10 , \TU/DejaVuSerif(0)/b/n/10 truck\TU/DejaVuSerif(0)/m/n/
10 ,
 []

) (./f1_neg/f1_neg_011.tex
Overfull \hbox (6.87532pt too wide) in paragraph at lines 1--3
[]  \TU/DejaVuSerif(0)/b/n/10 air-craft\TU/DejaVuSerif(0)/m/n/10 , \TU/DejaVuSe
rif(0)/b/n/10 fixed-wing_air-craft\TU/DejaVuSerif(0)/m/n/10 , \TU/DejaVuSerif(0
)/b/n/10 air_travel\TU/DejaVuSerif(0)/m/n/10 , \TU/DejaVuSerif(0)/b/n/10 mode_of
_trans-port\TU/DejaVuSerif(0)/m/n/10 , \TU/DejaVuSerif(0)/b/n/10 trans-port\TU/
DejaVuSerif(0)/m/n/10 , \TU/DejaVuSerif(0)/b/n/10 air-
 []


Overfull \hbox (13.99934pt too wide) in paragraph at lines 1--3
\TU/DejaVuSerif(0)/b/n/10 lic_trans-port\TU/DejaVuSerif(0)/m/n/10 , \TU/DejaVuS
erif(0)/b/n/10 freight_trans-port\TU/DejaVuSerif(0)/m/n/10 , \TU/DejaVuSerif(0)
/b/n/10 mono-plane\TU/DejaVuSerif(0)/m/n/10 , \TU/DejaVuSerif(0)/b/n/10 wide-bod
y_air-craft\TU/DejaVuSerif(0)/m/n/10 , \TU/DejaVuSerif(0)/b/n/10 flap\TU/DejaVu
Serif(0)/m/n/10 , \TU/DejaVuSerif(0)/b/n/10 high-
 []


Overfull \hbox (34.77473pt too wide) in paragraph at lines 1--3
\TU/DejaVuSerif(0)/b/n/10 visibility_cloth-ing\TU/DejaVuSerif(0)/m/n/10 , \TU/D
ejaVuSerif(0)/b/n/10 tur-bine\TU/DejaVuSerif(0)/m/n/10 , \TU/DejaVuSerif(0)/b/n
/10 rolling\TU/DejaVuSerif(0)/m/n/10 , \TU/DejaVuSerif(0)/b/n/10 trans-port_hub\TU/DejaVuSerif(0)/m/n/10 , \TU/DejaVuSerif(0)/b/n/10 fin\TU/DejaVuSerif(0)/m/n/10 , \TU/DejaVuSerif(0)/b/n/10 cargo\TU/DejaVuSerif(0)/m/n/10 , \TU/DejaVuSerif(0)/b/n/10 air-bus\TU/DejaVuSerif(0)/m/n/10 , jet_bridge,
 []

) (./f1_neg/f1_neg_012.tex
Overfull \hbox (4.39192pt too wide) in paragraph at lines 1--3
[]  \TU/DejaVuSerif(0)/b/n/10 land_ve-hi-cle\TU/DejaVuSerif(0)/m/n/10 , \TU/Dej
aVuSerif(0)/b/n/10 ve-hi-cle\TU/DejaVuSerif(0)/m/n/10 , \TU/DejaVuSerif(0)/b/n/
10 mode_of_trans-port\TU/DejaVuSerif(0)/m/n/10 , tire, wheel, \TU/DejaVuSerif(0
)/b/n/10 trans-port\TU/DejaVuSerif(0)/m/n/10 , \TU/DejaVuSerif(0)/b/n/10 mo-tor_
ve-
 []


Overfull \hbox (1.92513pt too wide) in paragraph at lines 1--3
\TU/DejaVuSerif(0)/m/n/10 hi-cle_reg-is-tra-tion_plate, \TU/DejaVuSerif(0)/b/n/
10 pedes-trian\TU/DejaVuSerif(0)/m/n/10 , mo-tor-cy-cle, \TU/DejaVuSerif(0)/b/n
/10 au-to-mo-tive_wheel_sys-tem\TU/DejaVuSerif(0)/m/n/10 ,
 []


Overfull \hbox (18.50423pt too wide) in paragraph at lines 1--3
\TU/DejaVuSerif(0)/m/n/10 au-to-mo-tive_mir-ror, au-to-mo-tive_tail_&_brake_ligh
t, scooter, wind-shield, fam-ily_car,
 []

) (./f1_neg/f1_neg_013.tex
Overfull \hbox (13.07942pt too wide) in paragraph at lines 1--3
[]  \TU/DejaVuSerif(0)/b/n/10 emer-gency\TU/DejaVuSerif(0)/m/n/10 , \TU/DejaVuS
erif(0)/b/n/10 emer-gency_ve-hi-cle\TU/DejaVuSerif(0)/m/n/10 , \TU/DejaVuSerif(
0)/b/n/10 emer-gency_ser-vice\TU/DejaVuSerif(0)/m/n/10 , \TU/DejaVuSerif(0)/b/n
/10 work-wear\TU/DejaVuSerif(0)/m/n/10 , \TU/DejaVuSerif(0)/b/n/10 paramedic\TU
/DejaVuSerif(0)/m/n/10 ,
 []


Overfull \hbox (3.90657pt too wide) in paragraph at lines 1--3
\TU/DejaVuSerif(0)/m/n/10 stretcher, res-cuer, \TU/DejaVuSerif(0)/b/n/10 van\TU
/DejaVuSerif(0)/m/n/10 , \TU/DejaVuSerif(0)/b/n/10 am-bu-lance\TU/DejaVuSerif(0
)/m/n/10 , \TU/DejaVuSerif(0)/b/n/10 law_en-force-ment\TU/DejaVuSerif(0)/m/n/10
 , \TU/DejaVuSerif(0)/b/n/10 high-visibility_cloth-
 []


Overfull \hbox (1.08919pt too wide) in paragraph at lines 1--3
\TU/DejaVuSerif(0)/b/n/10 ing\TU/DejaVuSerif(0)/m/n/10 , \TU/DejaVuSerif(0)/b/n
/10 se-cu-rity\TU/DejaVuSerif(0)/m/n/10 , res-cue, clean-li-ness, \TU/DejaVuSer
if(0)/b/n/10 light_com-mer-cial_ve-hi-cle\TU/DejaVuSerif(0)/m/n/10 , med-i-cal_e
quip-
 []

) (./f1_neg/f1_neg_014.tex
Overfull \hbox (4.69759pt too wide) in paragraph at lines 1--3
[]  \TU/DejaVuSerif(0)/b/n/10 mode_of_trans-port\TU/DejaVuSerif(0)/m/n/10 , \TU
/DejaVuSerif(0)/b/n/10 trans-port\TU/DejaVuSerif(0)/m/n/10 , bus, \TU/DejaVuSer
if(0)/b/n/10 pub-lic_trans-port\TU/DejaVuSerif(0)/m/n/10 , \TU/DejaVuSerif(0)/b
/n/10 pas-sen-ger\TU/DejaVuSerif(0)/m/n/10 , \TU/DejaVuSerif(0)/b/n/10 com-mer-
 []

[11]) (./f1_neg/f1_neg_015.tex
Overfull \hbox (6.63411pt too wide) in paragraph at lines 1--3
\TU/DejaVuSerif(0)/b/n/10 emer-gency_ser-vice\TU/DejaVuSerif(0)/m/n/10 , med-i-c
al, stretcher, \TU/DejaVuSerif(0)/b/n/10 light_com-mer-cial_ve-hi-cle\TU/DejaVu
Serif(0)/m/n/10 , \TU/DejaVuSerif(0)/b/n/10 com-mer-
 []

) (./f1_neg/f1_neg_016.tex
Overfull \hbox (4.99055pt too wide) in paragraph at lines 1--3
[]  \TU/DejaVuSerif(0)/m/n/10 bi-cy-cle, \TU/DejaVuSerif(0)/b/n/10 land_ve-hi-cl
e\TU/DejaVuSerif(0)/m/n/10 , bi-cy-cle_hel-met, bi-cy-cle_han-dle-bar, bi-cy-cle
_wheel, wheel,
 []


Overfull \hbox (30.48665pt too wide) in paragraph at lines 1--3
\TU/DejaVuSerif(0)/m/n/10 bi-cy-cle_frame, \TU/DejaVuSerif(0)/b/n/10 ve-hi-cle\
TU/DejaVuSerif(0)/m/n/10 , tire, \TU/DejaVuSerif(0)/b/n/10 mode_of_trans-port\T
U/DejaVuSerif(0)/m/n/10 , bicycles--equipment_and_supplies,
 []


Overfull \hbox (67.3177pt too wide) in paragraph at lines 1--3
\TU/DejaVuSerif(0)/m/n/10 bi-cy-cle_tire, \TU/DejaVuSerif(0)/b/n/10 hel-met\TU/
DejaVuSerif(0)/m/n/10 , \TU/DejaVuSerif(0)/b/n/10 per-sonal_pro-tec-tive_equip-m
ent\TU/DejaVuSerif(0)/m/n/10 , cy-cling, pro-tec-tive_gear_in_sports,
 []


Overfull \hbox (14.01888pt too wide) in paragraph at lines 1--3
\TU/DejaVuSerif(0)/m/n/10 bi-cy-cle_shoe, en-durance_sports, bi-cy-cle_rac-ing, crankset, sun-glasses, bi-cy-cle_jer-
 []

) (./f1_neg/f1_neg_017.tex
Overfull \hbox (96.0472pt too wide) in paragraph at lines 1--3
\TU/DejaVuSerif(0)/m/n/10 walk, bi-cy-cle_frame, \TU/DejaVuSerif(0)/b/n/10 rolli
ng\TU/DejaVuSerif(0)/m/n/10 , bi-cy-cle_han-dle-bar, \TU/DejaVuSerif(0)/b/n/10 
traf-fic\TU/DejaVuSerif(0)/m/n/10 , spoke, bicycles--equipment_and_supplies,
 []

) (./f1_neg/f1_neg_018.tex
Overfull \hbox (7.27083pt too wide) in paragraph at lines 1--3
[]  \TU/DejaVuSerif(0)/b/n/10 air-craft\TU/DejaVuSerif(0)/m/n/10 , \TU/DejaVuSe
rif(0)/b/n/10 ve-hi-cle\TU/DejaVuSerif(0)/m/n/10 , \TU/DejaVuSerif(0)/b/n/10 fix
ed-wing_air-craft\TU/DejaVuSerif(0)/m/n/10 , \TU/DejaVuSerif(0)/b/n/10 mode_of_t
rans-port\TU/DejaVuSerif(0)/m/n/10 , \TU/DejaVuSerif(0)/b/n/10 air_travel\TU/De
jaVuSerif(0)/m/n/10 , \TU/DejaVuSerif(0)/b/n/10 trans-
 []


Overfull \hbox (13.49837pt too wide) in paragraph at lines 1--3
\TU/DejaVuSerif(0)/b/n/10 gine\TU/DejaVuSerif(0)/m/n/10 , \TU/DejaVuSerif(0)/b/
n/10 wide-body_air-craft\TU/DejaVuSerif(0)/m/n/10 , \TU/DejaVuSerif(0)/b/n/10 fl
ap\TU/DejaVuSerif(0)/m/n/10 , \TU/DejaVuSerif(0)/b/n/10 jet_air-craft\TU/DejaVu
Serif(0)/m/n/10 , \TU/DejaVuSerif(0)/b/n/10 twin-jet\TU/DejaVuSerif(0)/m/n/10 , \TU/DejaVuSerif(0)/b/n/10 pub-lic_trans-port\TU/DejaVuSerif(0)/m/n/10 , \TU/DejaVuSerif(0)/b/n/10 travel\TU/DejaVuSerif(0)/m/n/10 ,
 []


Overfull \hbox (22.79524pt too wide) in paragraph at lines 1--3
\TU/DejaVuSerif(0)/m/n/10 boe-ing_787_dream-liner, \TU/DejaVuSerif(0)/b/n/10 fin
\TU/DejaVuSerif(0)/m/n/10 , \TU/DejaVuSerif(0)/b/n/10 air-bus\TU/DejaVuSerif(0)
/m/n/10 , \TU/DejaVuSerif(0)/b/n/10 boe-ing\TU/DejaVuSerif(0)/m/n/10 , \TU/Deja
VuSerif(0)/b/n/10 mono-plane\TU/DejaVuSerif(0)/m/n/10 , \TU/DejaVuSerif(0)/b/n/
10 tur-bine\TU/DejaVuSerif(0)/m/n/10 , \TU/DejaVuSerif(0)/b/n/10 freight_trans-
 []

) (./f1_neg/f1_neg_019.tex) (./f1_neg/f1_neg_020.tex [12])
(./f1_neg/f1_neg_021.tex
Overfull \hbox (45.27864pt too wide) in paragraph at lines 1--3
[]  \TU/DejaVuSerif(0)/b/n/10 emer-gency_ve-hi-cle\TU/DejaVuSerif(0)/m/n/10 , \
TU/DejaVuSerif(0)/b/n/10 am-bu-lance\TU/DejaVuSerif(0)/m/n/10 , \TU/DejaVuSerif
(0)/b/n/10 emer-gency_ser-vice\TU/DejaVuSerif(0)/m/n/10 , \TU/DejaVuSerif(0)/b/
n/10 van\TU/DejaVuSerif(0)/m/n/10 , \TU/DejaVuSerif(0)/b/n/10 emer-gency\TU/Dej
aVuSerif(0)/m/n/10 , \TU/DejaVuSerif(0)/b/n/10 paramedic\TU/DejaVuSerif(0)/m/n/
10 ,
 []


Overfull \hbox (35.66731pt too wide) in paragraph at lines 1--3
\TU/DejaVuSerif(0)/b/n/10 light_com-mer-cial_ve-hi-cle\TU/DejaVuSerif(0)/m/n/10
 , health_care, med-i-cal, com-pact_van, amer-i-can_red_cross,
 []

) (./f1_neg/f1_neg_022.tex
Overfull \hbox (45.47395pt too wide) in paragraph at lines 1--3
[]  \TU/DejaVuSerif(0)/b/n/10 van\TU/DejaVuSerif(0)/m/n/10 , \TU/DejaVuSerif(0)
/b/n/10 am-bu-lance\TU/DejaVuSerif(0)/m/n/10 , \TU/DejaVuSerif(0)/b/n/10 emer-ge
ncy_ve-hi-cle\TU/DejaVuSerif(0)/m/n/10 , \TU/DejaVuSerif(0)/b/n/10 emer-gency_se
r-vice\TU/DejaVuSerif(0)/m/n/10 , \TU/DejaVuSerif(0)/b/n/10 emer-gency\TU/DejaV
uSerif(0)/m/n/10 , health_care,
 []

) (./f1_neg/f1_neg_023.tex
Overfull \hbox (1.63802pt too wide) in paragraph at lines 1--3
\TU/DejaVuSerif(0)/b/n/10 port\TU/DejaVuSerif(0)/m/n/10 , \TU/DejaVuSerif(0)/b/
n/10 avi-a-tion\TU/DejaVuSerif(0)/m/n/10 , ma-chine, \TU/DejaVuSerif(0)/b/n/10 
com-mer-cial_ve-hi-cle\TU/DejaVuSerif(0)/m/n/10 , \TU/DejaVuSerif(0)/b/n/10 air-
port_apron\TU/DejaVuSerif(0)/m/n/10 , \TU/DejaVuSerif(0)/b/n/10 truck\TU/DejaVu
Serif(0)/m/n/10 , \TU/DejaVuSerif(0)/b/n/10 jet_en-
 []


Overfull \hbox (16.71614pt too wide) in paragraph at lines 1--3
\TU/DejaVuSerif(0)/b/n/10 gine\TU/DejaVuSerif(0)/m/n/10 , \TU/DejaVuSerif(0)/b/
n/10 fixed-wing_air-craft\TU/DejaVuSerif(0)/m/n/10 , \TU/DejaVuSerif(0)/b/n/10 
air_travel\TU/DejaVuSerif(0)/m/n/10 , \TU/DejaVuSerif(0)/b/n/10 air-craft\TU/De
jaVuSerif(0)/m/n/10 , \TU/DejaVuSerif(0)/b/n/10 air-line\TU/DejaVuSerif(0)/m/n/
10 , \TU/DejaVuSerif(0)/b/n/10 air-craft_en-gine\TU/DejaVuSerif(0)/m/n/10 , \TU
/DejaVuSerif(0)/b/n/10 cargo\TU/DejaVuSerif(0)/m/n/10 ,
 []

) (./f1_neg/f1_neg_024.tex
Overfull \hbox (6.18391pt too wide) in paragraph at lines 1--3
[]  \TU/DejaVuSerif(0)/b/n/10 ve-hi-cle\TU/DejaVuSerif(0)/m/n/10 , \TU/DejaVuSe
rif(0)/b/n/10 mode_of_trans-port\TU/DejaVuSerif(0)/m/n/10 , \TU/DejaVuSerif(0)/
b/n/10 trans-port\TU/DejaVuSerif(0)/m/n/10 , boat, wa-ter-craft, ship, \TU/Deja
VuSerif(0)/b/n/10 freight_trans-
 []


Overfull \hbox (12.62727pt too wide) in paragraph at lines 1--3
\TU/DejaVuSerif(0)/m/n/10 pana-max, handy-max, ore-bulk-oil_car-rier, oil_tanker
, con-tainer_ship, wa-ter_trans-
 []

) (./f1_neg/f1_neg_025.tex
Overfull \hbox (8.9261pt too wide) in paragraph at lines 1--3
[]  \TU/DejaVuSerif(0)/b/n/10 emer-gency\TU/DejaVuSerif(0)/m/n/10 , \TU/DejaVuS
erif(0)/b/n/10 emer-gency_ser-vice\TU/DejaVuSerif(0)/m/n/10 , \TU/DejaVuSerif(0
)/b/n/10 emer-gency_ve-hi-cle\TU/DejaVuSerif(0)/m/n/10 , \TU/DejaVuSerif(0)/b/n
/10 paramedic\TU/DejaVuSerif(0)/m/n/10 , night, \TU/DejaVuSerif(0)/b/n/10 am-
 []

) (./f1_neg/f1_neg_026.tex
Overfull \hbox (65.79427pt too wide) in paragraph at lines 1--3
[]  \TU/DejaVuSerif(0)/b/n/10 work-wear\TU/DejaVuSerif(0)/m/n/10 , \TU/DejaVuSe
rif(0)/b/n/10 emer-gency_ser-vice\TU/DejaVuSerif(0)/m/n/10 , \TU/DejaVuSerif(0)
/b/n/10 emer-gency\TU/DejaVuSerif(0)/m/n/10 , \TU/DejaVuSerif(0)/b/n/10 emer-gen
cy_ve-hi-cle\TU/DejaVuSerif(0)/m/n/10 , \TU/DejaVuSerif(0)/b/n/10 high-visibilit
y_cloth-
 []

) (./f1_neg/f1_neg_027.tex) (./f1_neg/f1_neg_028.tex
Overfull \hbox (17.23665pt too wide) in paragraph at lines 1--3
\TU/DejaVuSerif(0)/b/n/10 fin\TU/DejaVuSerif(0)/m/n/10 , \TU/DejaVuSerif(0)/b/n
/10 board-ing\TU/DejaVuSerif(0)/m/n/10 , \TU/DejaVuSerif(0)/b/n/10 mono-plane\T
U/DejaVuSerif(0)/m/n/10 , \TU/DejaVuSerif(0)/b/n/10 high-visibility_cloth-ing\T
U/DejaVuSerif(0)/m/n/10 , \TU/DejaVuSerif(0)/b/n/10 work-wear\TU/DejaVuSerif(0)
/m/n/10 , \TU/DejaVuSerif(0)/b/n/10 freight_trans-
 []

[13]) (./f1_neg/f1_neg_029.tex) (./f1_neg/f1_neg_030.tex
Overfull \hbox (13.38216pt too wide) in paragraph at lines 1--3
\TU/DejaVuSerif(0)/b/n/10 emer-gency_ser-vice\TU/DejaVuSerif(0)/m/n/10 , clean-l
i-ness, \TU/DejaVuSerif(0)/b/n/10 emer-gency\TU/DejaVuSerif(0)/m/n/10 , \TU/Dej
aVuSerif(0)/b/n/10 light_com-mer-cial_ve-hi-cle\TU/DejaVuSerif(0)/m/n/10 , com-
 []

) (./f1_neg/f1_neg_031.tex
Overfull \hbox (24.98079pt too wide) in paragraph at lines 1--3
\TU/DejaVuSerif(0)/m/n/10 tive_tail_&_brake_light, com-pact_car, mid-size_car, 
ice, rear-view_mir-ror, hot_hatch,
 []


Overfull \hbox (15.88509pt too wide) in paragraph at lines 1--3
\TU/DejaVuSerif(0)/m/n/10 sport_util-ity_ve-hi-cle, bliz-zard, au-to-mo-tive_sid
e-view_mir-ror, mini_sport_util-ity_ve-
 []

) (./f1_neg/f1_neg_032.tex) (./f1_neg/f1_neg_033.tex
Overfull \hbox (29.25325pt too wide) in paragraph at lines 1--3
[]  \TU/DejaVuSerif(0)/b/n/10 trans-port\TU/DejaVuSerif(0)/m/n/10 , \TU/DejaVuS
erif(0)/b/n/10 pub-lic_trans-port\TU/DejaVuSerif(0)/m/n/10 , bus, \TU/DejaVuSer
if(0)/b/n/10 pas-sen-ger\TU/DejaVuSerif(0)/m/n/10 , \TU/DejaVuSerif(0)/b/n/10 co
m-mer-cial_ve-hi-cle\TU/DejaVuSerif(0)/m/n/10 , tour_bus_ser-
 []

) (./f1_neg/f1_neg_034.tex) (./f1_neg/f1_neg_035.tex [14]
Overfull \hbox (35.68391pt too wide) in paragraph at lines 1--3
\TU/DejaVuSerif(0)/m/n/10 health_care, pa-tient, med-i-cal_equip-ment, clean-li-
ness, hos-pi-tal, \TU/DejaVuSerif(0)/b/n/10 high-visibility_cloth-
 []

) (./f1_neg/f1_neg_036.tex) (./f1_neg/f1_neg_037.tex
Overfull \hbox (6.83919pt too wide) in paragraph at lines 1--3
[]  \TU/DejaVuSerif(0)/b/n/10 emer-gency\TU/DejaVuSerif(0)/m/n/10 , \TU/DejaVuS
erif(0)/b/n/10 work-wear\TU/DejaVuSerif(0)/m/n/10 , \TU/DejaVuSerif(0)/b/n/10 em
er-gency_ser-vice\TU/DejaVuSerif(0)/m/n/10 , \TU/DejaVuSerif(0)/b/n/10 high-visi
bility_cloth-ing\TU/DejaVuSerif(0)/m/n/10 , \TU/DejaVuSerif(0)/b/n/10 emer-
 []

) (./f1_neg/f1_neg_038.tex
Overfull \hbox (16.41927pt too wide) in paragraph at lines 1--3
[]  \TU/DejaVuSerif(0)/b/n/10 mo-tor_ve-hi-cle\TU/DejaVuSerif(0)/m/n/10 , au-to-
mo-tive_ex-te-rior, \TU/DejaVuSerif(0)/b/n/10 van\TU/DejaVuSerif(0)/m/n/10 , \T
U/DejaVuSerif(0)/b/n/10 emer-gency_ve-hi-cle\TU/DejaVuSerif(0)/m/n/10 , \TU/Dej
aVuSerif(0)/b/n/10 emer-gency_ser-
 []


Overfull \hbox (13.77473pt too wide) in paragraph at lines 1--3
\TU/DejaVuSerif(0)/b/n/10 vice\TU/DejaVuSerif(0)/m/n/10 , \TU/DejaVuSerif(0)/b/
n/10 pedes-trian\TU/DejaVuSerif(0)/m/n/10 , \TU/DejaVuSerif(0)/b/n/10 am-bu-lanc
e\TU/DejaVuSerif(0)/m/n/10 , com-pact_van, \TU/DejaVuSerif(0)/b/n/10 light_com-m
er-cial_ve-hi-cle\TU/DejaVuSerif(0)/m/n/10 , \TU/DejaVuSerif(0)/b/n/10 emer-
 []

) (./f1_neg/f1_neg_039.tex
Overfull \hbox (2.46223pt too wide) in paragraph at lines 1--3
\TU/DejaVuSerif(0)/b/n/10 bu-lance\TU/DejaVuSerif(0)/m/n/10 , \TU/DejaVuSerif(0
)/b/n/10 van\TU/DejaVuSerif(0)/m/n/10 , \TU/DejaVuSerif(0)/b/n/10 work-wear\TU/
DejaVuSerif(0)/m/n/10 , med-i-cal, \TU/DejaVuSerif(0)/b/n/10 paramedic\TU/DejaV
uSerif(0)/m/n/10 , health_care, job, res-cue, clean-
 []

) (./f1_neg/f1_neg_040.tex
Overfull \hbox (29.25325pt too wide) in paragraph at lines 1--3
[]  \TU/DejaVuSerif(0)/b/n/10 trans-port\TU/DejaVuSerif(0)/m/n/10 , bus, \TU/De
jaVuSerif(0)/b/n/10 pub-lic_trans-port\TU/DejaVuSerif(0)/m/n/10 , \TU/DejaVuSer
if(0)/b/n/10 com-mer-cial_ve-hi-cle\TU/DejaVuSerif(0)/m/n/10 , \TU/DejaVuSerif(
0)/b/n/10 pas-sen-ger\TU/DejaVuSerif(0)/m/n/10 , tour_bus_ser-
 []

) (./f2_pos/f2_pos_001.tex
Overfull \hbox (3.4427pt too wide) in paragraph at lines 1--3
[]  \TU/DejaVuSerif(0)/b/n/10 hair\TU/DejaVuSerif(0)/m/n/10 , \TU/DejaVuSerif(0
)/b/n/10 chin\TU/DejaVuSerif(0)/m/n/10 , \TU/DejaVuSerif(0)/b/n/10 cheek\TU/Dej
aVuSerif(0)/m/n/10 , \TU/DejaVuSerif(0)/b/n/10 eye-brow\TU/DejaVuSerif(0)/m/n/1
0 , \TU/DejaVuSerif(0)/b/n/10 lips\TU/DejaVuSerif(0)/m/n/10 , \TU/DejaVuSerif(0
)/b/n/10 fore-head\TU/DejaVuSerif(0)/m/n/10 , \TU/DejaVuSerif(0)/b/n/10 skin\TU
/DejaVuSerif(0)/m/n/10 , \TU/DejaVuSerif(0)/b/n/10 nose\TU/DejaVuSerif(0)/m/n/1
0 , \TU/DejaVuSerif(0)/b/n/10 eye-lash\TU/DejaVuSerif(0)/m/n/10 , \TU/DejaVuSer
if(0)/b/n/10 jaw\TU/DejaVuSerif(0)/m/n/10 , \TU/DejaVuSerif(0)/b/n/10 mouth\TU/
DejaVuSerif(0)/m/n/10 ,
 []


Overfull \hbox (0.5804pt too wide) in paragraph at lines 1--3
\TU/DejaVuSerif(0)/b/n/10 jew-ellery\TU/DejaVuSerif(0)/m/n/10 , \TU/DejaVuSerif
(0)/b/n/10 beauty\TU/DejaVuSerif(0)/m/n/10 , \TU/DejaVuSerif(0)/b/n/10 eye\TU/D
ejaVuSerif(0)/m/n/10 , \TU/DejaVuSerif(0)/b/n/10 fash-ion\TU/DejaVuSerif(0)/m/n
/10 , \TU/DejaVuSerif(0)/b/n/10 fa-cial_ex-pres-sion\TU/DejaVuSerif(0)/m/n/10 , \TU/DejaVuSerif(0)/b/n/10 ear-ring\TU/DejaVuSerif(0)/m/n/10 , \TU/DejaVuSerif(0)/b/n/10 lip-stick\TU/DejaVuSerif(0)/m/n/10 , \TU/DejaVuSerif(0)/b/n/10 tooth\TU/DejaVuSerif(0)/m/n/10 ,
 []


Overfull \hbox (43.65657pt too wide) in paragraph at lines 1--3
\TU/DejaVuSerif(0)/b/n/10 cos-met-ics\TU/DejaVuSerif(0)/m/n/10 , \TU/DejaVuSeri
f(0)/b/n/10 ear\TU/DejaVuSerif(0)/m/n/10 , \TU/DejaVuSerif(0)/b/n/10 body_pierc-
ing\TU/DejaVuSerif(0)/m/n/10 , \TU/DejaVuSerif(0)/b/n/10 pink\TU/DejaVuSerif(0)
/m/n/10 , \TU/DejaVuSerif(0)/b/n/10 body_jew-elry\TU/DejaVuSerif(0)/m/n/10 , \T
U/DejaVuSerif(0)/b/n/10 makeover\TU/DejaVuSerif(0)/m/n/10 , \TU/DejaVuSerif(0)/
b/n/10 model\TU/DejaVuSerif(0)/m/n/10 , \TU/DejaVuSerif(0)/b/n/10 brown_hair\TU
/DejaVuSerif(0)/m/n/10 ,
 []

) (./f2_pos/f2_pos_002.tex
Overfull \hbox (5.97884pt too wide) in paragraph at lines 1--3
\TU/DejaVuSerif(0)/b/n/10 eye-lash\TU/DejaVuSerif(0)/m/n/10 , \TU/DejaVuSerif(0
)/b/n/10 fa-cial_ex-pres-sion\TU/DejaVuSerif(0)/m/n/10 , \TU/DejaVuSerif(0)/b/n
/10 black_hair\TU/DejaVuSerif(0)/m/n/10 , \TU/DejaVuSerif(0)/b/n/10 tooth\TU/De
jaVuSerif(0)/m/n/10 , \TU/DejaVuSerif(0)/b/n/10 iris\TU/DejaVuSerif(0)/m/n/10 , \TU/DejaVuSerif(0)/b/n/10 long_hair\TU/DejaVuSerif(0)/m/n/10 , \TU/DejaVuSerif(0)/b/n/10 por-trait_pho-
 []


Overfull \hbox (2.18977pt too wide) in paragraph at lines 1--3
\TU/DejaVuSerif(0)/b/n/10 tog-ra-phy\TU/DejaVuSerif(0)/m/n/10 , \TU/DejaVuSerif
(0)/b/n/10 jew-ellery\TU/DejaVuSerif(0)/m/n/10 , \TU/DejaVuSerif(0)/b/n/10 brown
_hair\TU/DejaVuSerif(0)/m/n/10 , \TU/DejaVuSerif(0)/b/n/10 lip-stick\TU/DejaVuS
erif(0)/m/n/10 , \TU/DejaVuSerif(0)/b/n/10 lay-ered_hair\TU/DejaVuSerif(0)/m/n/
10 , \TU/DejaVuSerif(0)/b/n/10 pleased\TU/DejaVuSerif(0)/m/n/10 , \TU/DejaVuSer
if(0)/b/n/10 step_cut-
 []


Overfull \hbox (12.73665pt too wide) in paragraph at lines 1--3
\TU/DejaVuSerif(0)/b/n/10 cur-tained_hair\TU/DejaVuSerif(0)/m/n/10 , \TU/DejaVu
Serif(0)/b/n/10 throat\TU/DejaVuSerif(0)/m/n/10 , lip_gloss, \TU/DejaVuSerif(0)
/b/n/10 body_jew-elry\TU/DejaVuSerif(0)/m/n/10 , \TU/DejaVuSerif(0)/b/n/10 wrin-
kle\TU/DejaVuSerif(0)/m/n/10 , \TU/DejaVuSerif(0)/b/n/10 laugh-ter\TU/DejaVuSer
if(0)/m/n/10 , \TU/DejaVuSerif(0)/b/n/10 hair_care\TU/DejaVuSerif(0)/m/n/10 ,
 []

[15]) (./f2_pos/f2_pos_003.tex
Overfull \hbox (27.70345pt too wide) in paragraph at lines 1--3
[]  \TU/DejaVuSerif(0)/b/n/10 hair\TU/DejaVuSerif(0)/m/n/10 , \TU/DejaVuSerif(0
)/b/n/10 eye-brow\TU/DejaVuSerif(0)/m/n/10 , \TU/DejaVuSerif(0)/b/n/10 lips\TU/
DejaVuSerif(0)/m/n/10 , \TU/DejaVuSerif(0)/b/n/10 beauty\TU/DejaVuSerif(0)/m/n/
10 , \TU/DejaVuSerif(0)/b/n/10 hairstyle\TU/DejaVuSerif(0)/m/n/10 , \TU/DejaVuS
erif(0)/b/n/10 eye-lash\TU/DejaVuSerif(0)/m/n/10 , \TU/DejaVuSerif(0)/b/n/10 fas
h-ion\TU/DejaVuSerif(0)/m/n/10 , \TU/DejaVuSerif(0)/b/n/10 neck\TU/DejaVuSerif(
0)/m/n/10 , \TU/DejaVuSerif(0)/b/n/10 model\TU/DejaVuSerif(0)/m/n/10 , \TU/Deja
VuSerif(0)/b/n/10 long_hair\TU/DejaVuSerif(0)/m/n/10 ,
 []


Overfull \hbox (34.41438pt too wide) in paragraph at lines 1--3
\TU/DejaVuSerif(0)/b/n/10 mus-cle\TU/DejaVuSerif(0)/m/n/10 , \TU/DejaVuSerif(0)
/b/n/10 por-trait_pho-tog-ra-phy\TU/DejaVuSerif(0)/m/n/10 , \TU/DejaVuSerif(0)/
b/n/10 un-der-gar-ment\TU/DejaVuSerif(0)/m/n/10 , \TU/DejaVuSerif(0)/b/n/10 step
_cut-ting\TU/DejaVuSerif(0)/m/n/10 , \TU/DejaVuSerif(0)/b/n/10 lip-stick\TU/Dej
aVuSerif(0)/m/n/10 , \TU/DejaVuSerif(0)/b/n/10 eye_liner\TU/DejaVuSerif(0)/m/n/
10 ,
 []


Overfull \hbox (14.98274pt too wide) in paragraph at lines 1--3
\TU/DejaVuSerif(0)/b/n/10 ics\TU/DejaVuSerif(0)/m/n/10 , \TU/DejaVuSerif(0)/b/n
/10 feath-ered_hair\TU/DejaVuSerif(0)/m/n/10 , \TU/DejaVuSerif(0)/b/n/10 no_ex-p
res-sion\TU/DejaVuSerif(0)/m/n/10 , \TU/DejaVuSerif(0)/b/n/10 cur-tained_hair\T
U/DejaVuSerif(0)/m/n/10 , \TU/DejaVuSerif(0)/b/n/10 throat\TU/DejaVuSerif(0)/m/
n/10 , \TU/DejaVuSerif(0)/b/n/10 selfie\TU/DejaVuSerif(0)/m/n/10 , \TU/DejaVuSe
rif(0)/b/n/10 ac-tive_un-
 []


Overfull \hbox (28.69173pt too wide) in paragraph at lines 1--3
\TU/DejaVuSerif(0)/b/n/10 der-gar-ment\TU/DejaVuSerif(0)/m/n/10 , lin-gerie_top,
 \TU/DejaVuSerif(0)/b/n/10 sleeve-less_shirt\TU/DejaVuSerif(0)/m/n/10 , surfer_h
air, \TU/DejaVuSerif(0)/b/n/10 hair_col-or-ing\TU/DejaVuSerif(0)/m/n/10 , \TU/D
ejaVuSerif(0)/b/n/10 hair_care\TU/DejaVuSerif(0)/m/n/10 ,
 []

) (./f2_pos/f2_pos_004.tex
Overfull \hbox (3.4427pt too wide) in paragraph at lines 1--3
[]  \TU/DejaVuSerif(0)/b/n/10 hair\TU/DejaVuSerif(0)/m/n/10 , \TU/DejaVuSerif(0
)/b/n/10 chin\TU/DejaVuSerif(0)/m/n/10 , \TU/DejaVuSerif(0)/b/n/10 cheek\TU/Dej
aVuSerif(0)/m/n/10 , \TU/DejaVuSerif(0)/b/n/10 eye-brow\TU/DejaVuSerif(0)/m/n/1
0 , \TU/DejaVuSerif(0)/b/n/10 lips\TU/DejaVuSerif(0)/m/n/10 , \TU/DejaVuSerif(0
)/b/n/10 fore-head\TU/DejaVuSerif(0)/m/n/10 , \TU/DejaVuSerif(0)/b/n/10 skin\TU
/DejaVuSerif(0)/m/n/10 , \TU/DejaVuSerif(0)/b/n/10 nose\TU/DejaVuSerif(0)/m/n/1
0 , \TU/DejaVuSerif(0)/b/n/10 jaw\TU/DejaVuSerif(0)/m/n/10 , \TU/DejaVuSerif(0)
/b/n/10 eye-lash\TU/DejaVuSerif(0)/m/n/10 , \TU/DejaVuSerif(0)/b/n/10 mouth\TU/
DejaVuSerif(0)/m/n/10 ,
 []

) (./f2_pos/f2_pos_005.tex) (./f2_pos/f2_pos_006.tex
Overfull \hbox (6.57063pt too wide) in paragraph at lines 1--3
[]  \TU/DejaVuSerif(0)/b/n/10 chin\TU/DejaVuSerif(0)/m/n/10 , \TU/DejaVuSerif(0
)/b/n/10 cheek\TU/DejaVuSerif(0)/m/n/10 , \TU/DejaVuSerif(0)/b/n/10 eye-brow\TU
/DejaVuSerif(0)/m/n/10 , \TU/DejaVuSerif(0)/b/n/10 lips\TU/DejaVuSerif(0)/m/n/1
0 , \TU/DejaVuSerif(0)/b/n/10 fore-head\TU/DejaVuSerif(0)/m/n/10 , \TU/DejaVuSe
rif(0)/b/n/10 skin\TU/DejaVuSerif(0)/m/n/10 , \TU/DejaVuSerif(0)/b/n/10 nose\TU
/DejaVuSerif(0)/m/n/10 , \TU/DejaVuSerif(0)/b/n/10 hairstyle\TU/DejaVuSerif(0)/
m/n/10 , \TU/DejaVuSerif(0)/b/n/10 eye-lash\TU/DejaVuSerif(0)/m/n/10 , \TU/Deja
VuSerif(0)/b/n/10 beauty\TU/DejaVuSerif(0)/m/n/10 ,
 []


Overfull \hbox (3.53743pt too wide) in paragraph at lines 1--3
\TU/DejaVuSerif(0)/b/n/10 met-ics\TU/DejaVuSerif(0)/m/n/10 , \TU/DejaVuSerif(0)
/b/n/10 eye_shadow\TU/DejaVuSerif(0)/m/n/10 , \TU/DejaVuSerif(0)/b/n/10 body_pie
rc-ing\TU/DejaVuSerif(0)/m/n/10 , \TU/DejaVuSerif(0)/b/n/10 selfie\TU/DejaVuSer
if(0)/m/n/10 , \TU/DejaVuSerif(0)/b/n/10 model\TU/DejaVuSerif(0)/m/n/10 , \TU/D
ejaVuSerif(0)/b/n/10 eye_liner\TU/DejaVuSerif(0)/m/n/10 , \TU/DejaVuSerif(0)/b/
n/10 por-trait_pho-
 []


Overfull \hbox (4.097pt too wide) in paragraph at lines 1--3
\TU/DejaVuSerif(0)/b/n/10 tog-ra-phy\TU/DejaVuSerif(0)/m/n/10 , lip_gloss, \TU/
DejaVuSerif(0)/b/n/10 pleased\TU/DejaVuSerif(0)/m/n/10 , \TU/DejaVuSerif(0)/b/n
/10 body_jew-elry\TU/DejaVuSerif(0)/m/n/10 , \TU/DejaVuSerif(0)/b/n/10 step_cut-
ting\TU/DejaVuSerif(0)/m/n/10 , eye-lash_ex-ten-sions 
 []

) (./f2_pos/f2_pos_007.tex) (./f2_pos/f2_pos_008.tex
Overfull \hbox (28.97884pt too wide) in paragraph at lines 1--3
\TU/DejaVuSerif(0)/b/n/10 col-lar\TU/DejaVuSerif(0)/m/n/10 , \TU/DejaVuSerif(0)
/b/n/10 model\TU/DejaVuSerif(0)/m/n/10 , \TU/DejaVuSerif(0)/b/n/10 long_hair\TU
/DejaVuSerif(0)/m/n/10 , \TU/DejaVuSerif(0)/b/n/10 fash-ion_model\TU/DejaVuSeri
f(0)/m/n/10 , \TU/DejaVuSerif(0)/b/n/10 pink\TU/DejaVuSerif(0)/m/n/10 , \TU/Dej
aVuSerif(0)/b/n/10 waist\TU/DejaVuSerif(0)/m/n/10 , \TU/DejaVuSerif(0)/b/n/10 ph
oto_shoot\TU/DejaVuSerif(0)/m/n/10 , \TU/DejaVuSerif(0)/b/n/10 brown_hair\TU/De
jaVuSerif(0)/m/n/10 ,
 []


Overfull \hbox (4.07454pt too wide) in paragraph at lines 1--3
\TU/DejaVuSerif(0)/b/n/10 tho-rax\TU/DejaVuSerif(0)/m/n/10 , gravure_idol, \TU/
DejaVuSerif(0)/b/n/10 lay-ered_hair\TU/DejaVuSerif(0)/m/n/10 , \TU/DejaVuSerif(
0)/b/n/10 torso\TU/DejaVuSerif(0)/m/n/10 , \TU/DejaVuSerif(0)/b/n/10 ab-domen\T
U/DejaVuSerif(0)/m/n/10 , japanese_idol, \TU/DejaVuSerif(0)/b/n/10 step_cut-
 []


Overfull \hbox (17.77571pt too wide) in paragraph at lines 1--3
\TU/DejaVuSerif(0)/b/n/10 ting\TU/DejaVuSerif(0)/m/n/10 , \TU/DejaVuSerif(0)/b/
n/10 por-trait_pho-tog-ra-phy\TU/DejaVuSerif(0)/m/n/10 , \TU/DejaVuSerif(0)/b/n
/10 film\TU/DejaVuSerif(0)/m/n/10 , \TU/DejaVuSerif(0)/b/n/10 por-trait\TU/Deja
VuSerif(0)/m/n/10 , \TU/DejaVuSerif(0)/b/n/10 makeover\TU/DejaVuSerif(0)/m/n/10
 , \TU/DejaVuSerif(0)/b/n/10 throat\TU/DejaVuSerif(0)/m/n/10 , \TU/DejaVuSerif(
0)/b/n/10 feath-ered_hair\TU/DejaVuSerif(0)/m/n/10 ,
 []

[16]) (./f2_pos/f2_pos_009.tex) (./f2_pos/f2_pos_010.tex)
(./f2_pos/f2_pos_011.tex
Overfull \hbox (0.87044pt too wide) in paragraph at lines 1--3
[]  \TU/DejaVuSerif(0)/b/n/10 eye-wear\TU/DejaVuSerif(0)/m/n/10 , \TU/DejaVuSer
if(0)/b/n/10 hair\TU/DejaVuSerif(0)/m/n/10 , \TU/DejaVuSerif(0)/b/n/10 chin\TU/
DejaVuSerif(0)/m/n/10 , \TU/DejaVuSerif(0)/b/n/10 head\TU/DejaVuSerif(0)/m/n/10
 , \TU/DejaVuSerif(0)/b/n/10 cheek\TU/DejaVuSerif(0)/m/n/10 , \TU/DejaVuSerif(0
)/b/n/10 eye-brow\TU/DejaVuSerif(0)/m/n/10 , \TU/DejaVuSerif(0)/b/n/10 glasses\
TU/DejaVuSerif(0)/m/n/10 , \TU/DejaVuSerif(0)/b/n/10 fore-head\TU/DejaVuSerif(0
)/m/n/10 , \TU/DejaVuSerif(0)/b/n/10 vi-sion_care\TU/DejaVuSerif(0)/m/n/10 ,
 []

) (./f2_pos/f2_pos_012.tex
Overfull \hbox (13.06966pt too wide) in paragraph at lines 1--3
\TU/DejaVuSerif(0)/b/n/10 mal_wear\TU/DejaVuSerif(0)/m/n/10 , \TU/DejaVuSerif(0
)/b/n/10 ear\TU/DejaVuSerif(0)/m/n/10 , \TU/DejaVuSerif(0)/b/n/10 beard\TU/Deja
VuSerif(0)/m/n/10 , \TU/DejaVuSerif(0)/b/n/10 smile\TU/DejaVuSerif(0)/m/n/10 , 
\TU/DejaVuSerif(0)/b/n/10 iris\TU/DejaVuSerif(0)/m/n/10 , \TU/DejaVuSerif(0)/b/
n/10 blazer\TU/DejaVuSerif(0)/m/n/10 , \TU/DejaVuSerif(0)/b/n/10 mus-cle\TU/Dej
aVuSerif(0)/m/n/10 , suit, \TU/DejaVuSerif(0)/b/n/10 pleased\TU/DejaVuSerif(0)/
m/n/10 , \TU/DejaVuSerif(0)/b/n/10 por-trait_pho-
 []

) (./f2_pos/f2_pos_013.tex
Overfull \hbox (30.91927pt too wide) in paragraph at lines 1--3
[]  \TU/DejaVuSerif(0)/b/n/10 eye-brow\TU/DejaVuSerif(0)/m/n/10 , \TU/DejaVuSer
if(0)/b/n/10 lips\TU/DejaVuSerif(0)/m/n/10 , \TU/DejaVuSerif(0)/b/n/10 shoul-der
\TU/DejaVuSerif(0)/m/n/10 , \TU/DejaVuSerif(0)/b/n/10 hairstyle\TU/DejaVuSerif(
0)/m/n/10 , \TU/DejaVuSerif(0)/b/n/10 beauty\TU/DejaVuSerif(0)/m/n/10 , \TU/Dej
aVuSerif(0)/b/n/10 neck\TU/DejaVuSerif(0)/m/n/10 , \TU/DejaVuSerif(0)/b/n/10 bla
ck_hair\TU/DejaVuSerif(0)/m/n/10 , \TU/DejaVuSerif(0)/b/n/10 eye-lash\TU/DejaVu
Serif(0)/m/n/10 , \TU/DejaVuSerif(0)/b/n/10 long_hair\TU/DejaVuSerif(0)/m/n/10 
,
 []


Overfull \hbox (19.92903pt too wide) in paragraph at lines 1--3
\TU/DejaVuSerif(0)/b/n/10 brown_hair\TU/DejaVuSerif(0)/m/n/10 , \TU/DejaVuSerif
(0)/b/n/10 tho-rax\TU/DejaVuSerif(0)/m/n/10 , \TU/DejaVuSerif(0)/b/n/10 selfie\
TU/DejaVuSerif(0)/m/n/10 , \TU/DejaVuSerif(0)/b/n/10 por-trait_pho-tog-ra-phy\T
U/DejaVuSerif(0)/m/n/10 , \TU/DejaVuSerif(0)/b/n/10 makeover\TU/DejaVuSerif(0)/
m/n/10 , \TU/DejaVuSerif(0)/b/n/10 por-trait\TU/DejaVuSerif(0)/m/n/10 , \TU/Dej
aVuSerif(0)/b/n/10 throat\TU/DejaVuSerif(0)/m/n/10 ,
 []


Overfull \hbox (0.80305pt too wide) in paragraph at lines 1--3
\TU/DejaVuSerif(0)/b/n/10 model\TU/DejaVuSerif(0)/m/n/10 , \TU/DejaVuSerif(0)/b
/n/10 cos-met-ics\TU/DejaVuSerif(0)/m/n/10 , \TU/DejaVuSerif(0)/b/n/10 ac-tive_s
hirt\TU/DejaVuSerif(0)/m/n/10 , \TU/DejaVuSerif(0)/b/n/10 lip-stick\TU/DejaVuSe
rif(0)/m/n/10 , \TU/DejaVuSerif(0)/b/n/10 lace_wig\TU/DejaVuSerif(0)/m/n/10 , \
TU/DejaVuSerif(0)/b/n/10 photo_shoot\TU/DejaVuSerif(0)/m/n/10 , \TU/DejaVuSerif
(0)/b/n/10 jheri_curl 
 []

) (./f2_pos/f2_pos_014.tex) (./f2_pos/f2_pos_015.tex
Overfull \hbox (3.30501pt too wide) in paragraph at lines 1--3
\TU/DejaVuSerif(0)/b/n/10 skin\TU/DejaVuSerif(0)/m/n/10 , \TU/DejaVuSerif(0)/b/
n/10 nose\TU/DejaVuSerif(0)/m/n/10 , \TU/DejaVuSerif(0)/b/n/10 shoul-der\TU/Dej
aVuSerif(0)/m/n/10 , \TU/DejaVuSerif(0)/b/n/10 hairstyle\TU/DejaVuSerif(0)/m/n/
10 , \TU/DejaVuSerif(0)/b/n/10 mi-cro-phone\TU/DejaVuSerif(0)/m/n/10 , \TU/Deja
VuSerif(0)/b/n/10 mouth\TU/DejaVuSerif(0)/m/n/10 , \TU/DejaVuSerif(0)/b/n/10 jew
-ellery\TU/DejaVuSerif(0)/m/n/10 , \TU/DejaVuSerif(0)/b/n/10 spokesper-
 []

[17]) (./f2_pos/f2_pos_016.tex
Overfull \hbox (3.6302pt too wide) in paragraph at lines 1--3
\TU/DejaVuSerif(0)/b/n/10 lace\TU/DejaVuSerif(0)/m/n/10 , \TU/DejaVuSerif(0)/b/
n/10 por-trait_pho-tog-ra-phy\TU/DejaVuSerif(0)/m/n/10 , \TU/DejaVuSerif(0)/b/n
/10 eye-lash\TU/DejaVuSerif(0)/m/n/10 , \TU/DejaVuSerif(0)/b/n/10 brown_hair\TU
/DejaVuSerif(0)/m/n/10 , \TU/DejaVuSerif(0)/b/n/10 blond\TU/DejaVuSerif(0)/m/n/
10 , \TU/DejaVuSerif(0)/b/n/10 pleased\TU/DejaVuSerif(0)/m/n/10 , \TU/DejaVuSer
if(0)/b/n/10 por-trait\TU/DejaVuSerif(0)/m/n/10 ,
 []


Overfull \hbox (15.72493pt too wide) in paragraph at lines 1--3
\TU/DejaVuSerif(0)/b/n/10 wrin-kle\TU/DejaVuSerif(0)/m/n/10 , \TU/DejaVuSerif(0
)/b/n/10 ear-ring\TU/DejaVuSerif(0)/m/n/10 , \TU/DejaVuSerif(0)/b/n/10 makeover\TU/DejaVuSerif(0)/m/n/10 , \TU/DejaVuSerif(0)/b/n/10 lay-ered_hair\TU/DejaVuSerif(0)/m/n/10 , \TU/DejaVuSerif(0)/b/n/10 throat\TU/DejaVuSerif(0)/m/n/10 , \TU/DejaVuSerif(0)/b/n/10 cos-metic_den-tistry\TU/DejaVuSerif(0)/m/n/10 , \TU/DejaVuSerif(0)/b/n/10 feath-
 []

) (./f2_pos/f2_pos_017.tex) (./f2_pos/f2_pos_018.tex
Overfull \hbox (13.26106pt too wide) in paragraph at lines 1--3
\TU/DejaVuSerif(0)/b/n/10 tooth\TU/DejaVuSerif(0)/m/n/10 , \TU/DejaVuSerif(0)/b
/n/10 smile\TU/DejaVuSerif(0)/m/n/10 , \TU/DejaVuSerif(0)/b/n/10 iris\TU/DejaVu
Serif(0)/m/n/10 , \TU/DejaVuSerif(0)/b/n/10 jew-ellery\TU/DejaVuSerif(0)/m/n/10
 , \TU/DejaVuSerif(0)/b/n/10 brown_hair\TU/DejaVuSerif(0)/m/n/10 , \TU/DejaVuSe
rif(0)/b/n/10 lay-ered_hair\TU/DejaVuSerif(0)/m/n/10 , \TU/DejaVuSerif(0)/b/n/1
0 hap-pi-ness\TU/DejaVuSerif(0)/m/n/10 , \TU/DejaVuSerif(0)/b/n/10 long_hair\TU
/DejaVuSerif(0)/m/n/10 ,
 []

) (./f2_pos/f2_pos_019.tex
Overfull \hbox (4.20345pt too wide) in paragraph at lines 1--3
[]  \TU/DejaVuSerif(0)/b/n/10 eye-wear\TU/DejaVuSerif(0)/m/n/10 , \TU/DejaVuSer
if(0)/b/n/10 chin\TU/DejaVuSerif(0)/m/n/10 , \TU/DejaVuSerif(0)/b/n/10 glasses\
TU/DejaVuSerif(0)/m/n/10 , \TU/DejaVuSerif(0)/b/n/10 cheek\TU/DejaVuSerif(0)/m/
n/10 , \TU/DejaVuSerif(0)/b/n/10 vi-sion_care\TU/DejaVuSerif(0)/m/n/10 , \TU/De
jaVuSerif(0)/b/n/10 eye-brow\TU/DejaVuSerif(0)/m/n/10 , \TU/DejaVuSerif(0)/b/n/
10 fore-head\TU/DejaVuSerif(0)/m/n/10 , \TU/DejaVuSerif(0)/b/n/10 fa-cial_hair\
TU/DejaVuSerif(0)/m/n/10 ,
 []

) (./f2_pos/f2_pos_020.tex
Overfull \hbox (0.50911pt too wide) in paragraph at lines 1--3
[]  \TU/DejaVuSerif(0)/b/n/10 eye-wear\TU/DejaVuSerif(0)/m/n/10 , \TU/DejaVuSer
if(0)/b/n/10 chin\TU/DejaVuSerif(0)/m/n/10 , \TU/DejaVuSerif(0)/b/n/10 glasses\
TU/DejaVuSerif(0)/m/n/10 , \TU/DejaVuSerif(0)/b/n/10 cheek\TU/DejaVuSerif(0)/m/
n/10 , \TU/DejaVuSerif(0)/b/n/10 eye-brow\TU/DejaVuSerif(0)/m/n/10 , \TU/DejaVu
Serif(0)/b/n/10 vi-sion_care\TU/DejaVuSerif(0)/m/n/10 , \TU/DejaVuSerif(0)/b/n/
10 fore-head\TU/DejaVuSerif(0)/m/n/10 , \TU/DejaVuSerif(0)/b/n/10 skin\TU/DejaV
uSerif(0)/m/n/10 , \TU/DejaVuSerif(0)/b/n/10 nose\TU/DejaVuSerif(0)/m/n/10 ,
 []


Overfull \hbox (4.10384pt too wide) in paragraph at lines 1--3
\TU/DejaVuSerif(0)/m/n/10 collar_worker, \TU/DejaVuSerif(0)/b/n/10 mus-cle\TU/D
ejaVuSerif(0)/m/n/10 , \TU/DejaVuSerif(0)/b/n/10 neck-tie\TU/DejaVuSerif(0)/m/n
/10 , \TU/DejaVuSerif(0)/b/n/10 mous-tache\TU/DejaVuSerif(0)/m/n/10 , \TU/DejaV
uSerif(0)/b/n/10 fa-cial_hair\TU/DejaVuSerif(0)/m/n/10 , \TU/DejaVuSerif(0)/b/n
/10 blazer\TU/DejaVuSerif(0)/m/n/10 , busi-nessper-
 []

) (./f2_pos/f2_pos_021.tex
Overfull \hbox (14.04524pt too wide) in paragraph at lines 1--3
\TU/DejaVuSerif(0)/b/n/10 pres-sion\TU/DejaVuSerif(0)/m/n/10 , \TU/DejaVuSerif(
0)/b/n/10 black_hair\TU/DejaVuSerif(0)/m/n/10 , \TU/DejaVuSerif(0)/b/n/10 smile\TU/DejaVuSerif(0)/m/n/10 , \TU/DejaVuSerif(0)/b/n/10 beard\TU/DejaVuSerif(0)/m/n/10 , \TU/DejaVuSerif(0)/b/n/10 por-trait_pho-tog-ra-phy\TU/DejaVuSerif(0)/m/n/10 , \TU/DejaVuSerif(0)/b/n/10 hap-pi-ness\TU/DejaVuSerif(0)/m/n/10 , \TU/DejaVuSerif(0)/b/n/10 mous-
 []

) (./f2_pos/f2_pos_022.tex [18]) (./f2_pos/f2_pos_023.tex
Overfull \hbox (1.61165pt too wide) in paragraph at lines 1--3
\TU/DejaVuSerif(0)/b/n/10 eye\TU/DejaVuSerif(0)/m/n/10 , \TU/DejaVuSerif(0)/b/n
/10 eye-lash\TU/DejaVuSerif(0)/m/n/10 , \TU/DejaVuSerif(0)/b/n/10 fa-cial_ex-pre
s-sion\TU/DejaVuSerif(0)/m/n/10 , \TU/DejaVuSerif(0)/b/n/10 tooth\TU/DejaVuSeri
f(0)/m/n/10 , \TU/DejaVuSerif(0)/b/n/10 por-trait_pho-tog-ra-phy\TU/DejaVuSerif
(0)/m/n/10 , \TU/DejaVuSerif(0)/b/n/10 brown_hair\TU/DejaVuSerif(0)/m/n/10 ,
 []

) (./f2_pos/f2_pos_024.tex
Overfull \hbox (5.98079pt too wide) in paragraph at lines 1--3
\TU/DejaVuSerif(0)/m/n/10 tive_tank, \TU/DejaVuSerif(0)/b/n/10 tho-rax\TU/DejaV
uSerif(0)/m/n/10 , \TU/DejaVuSerif(0)/b/n/10 pleased\TU/DejaVuSerif(0)/m/n/10 , \TU/DejaVuSerif(0)/b/n/10 neck-lace\TU/DejaVuSerif(0)/m/n/10 , \TU/DejaVuSerif(0)/b/n/10 body_pierc-ing\TU/DejaVuSerif(0)/m/n/10 , \TU/DejaVuSerif(0)/b/n/10 throat\TU/DejaVuSerif(0)/m/n/10 , \TU/DejaVuSerif(0)/b/n/10 ear-ring\TU/DejaVuSerif(0)/m/n/10 , \TU/DejaVuSerif(0)/b/n/10 laugh-
 []

) (./f2_pos/f2_pos_025.tex) (./f2_pos/f2_pos_026.tex
Overfull \hbox (5.75423pt too wide) in paragraph at lines 1--3
\TU/DejaVuSerif(0)/b/n/10 cial_ex-pres-sion\TU/DejaVuSerif(0)/m/n/10 , \TU/Deja
VuSerif(0)/b/n/10 smile\TU/DejaVuSerif(0)/m/n/10 , \TU/DejaVuSerif(0)/b/n/10 too
th\TU/DejaVuSerif(0)/m/n/10 , \TU/DejaVuSerif(0)/b/n/10 iris\TU/DejaVuSerif(0)/
m/n/10 , \TU/DejaVuSerif(0)/b/n/10 por-trait_pho-tog-ra-phy\TU/DejaVuSerif(0)/m
/n/10 , \TU/DejaVuSerif(0)/b/n/10 brown_hair\TU/DejaVuSerif(0)/m/n/10 , \TU/Dej
aVuSerif(0)/b/n/10 peo-
 []

) (./f2_pos/f2_pos_027.tex) (./f2_pos/f2_pos_028.tex
Overfull \hbox (13.34798pt too wide) in paragraph at lines 1--3
[]  \TU/DejaVuSerif(0)/b/n/10 chin\TU/DejaVuSerif(0)/m/n/10 , \TU/DejaVuSerif(0
)/b/n/10 cheek\TU/DejaVuSerif(0)/m/n/10 , \TU/DejaVuSerif(0)/b/n/10 eye-brow\TU
/DejaVuSerif(0)/m/n/10 , \TU/DejaVuSerif(0)/b/n/10 fore-head\TU/DejaVuSerif(0)/
m/n/10 , \TU/DejaVuSerif(0)/b/n/10 col-lar\TU/DejaVuSerif(0)/m/n/10 , \TU/DejaV
uSerif(0)/b/n/10 skin\TU/DejaVuSerif(0)/m/n/10 , \TU/DejaVuSerif(0)/b/n/10 jaw\
TU/DejaVuSerif(0)/m/n/10 , \TU/DejaVuSerif(0)/b/n/10 neck\TU/DejaVuSerif(0)/m/n
/10 , tem-ple, \TU/DejaVuSerif(0)/b/n/10 for-mal_wear\TU/DejaVuSerif(0)/m/n/10 
,
 []


Overfull \hbox (2.09114pt too wide) in paragraph at lines 1--3
\TU/DejaVuSerif(0)/b/n/10 wrin-kle\TU/DejaVuSerif(0)/m/n/10 , \TU/DejaVuSerif(0
)/b/n/10 fa-cial_ex-pres-sion\TU/DejaVuSerif(0)/m/n/10 , \TU/DejaVuSerif(0)/b/n
/10 dress_shirt\TU/DejaVuSerif(0)/m/n/10 , \TU/DejaVuSerif(0)/b/n/10 iris\TU/De
jaVuSerif(0)/m/n/10 , \TU/DejaVuSerif(0)/b/n/10 smile\TU/DejaVuSerif(0)/m/n/10 
, \TU/DejaVuSerif(0)/b/n/10 tooth\TU/DejaVuSerif(0)/m/n/10 , \TU/DejaVuSerif(0)
/b/n/10 blazer\TU/DejaVuSerif(0)/m/n/10 , \TU/DejaVuSerif(0)/b/n/10 ear\TU/Deja
VuSerif(0)/m/n/10 , \TU/DejaVuSerif(0)/b/n/10 hap-
 []

) (./f2_pos/f2_pos_029.tex
Overfull \hbox (1.28548pt too wide) in paragraph at lines 1--3
[]  \TU/DejaVuSerif(0)/b/n/10 eye-wear\TU/DejaVuSerif(0)/m/n/10 , \TU/DejaVuSer
if(0)/b/n/10 chin\TU/DejaVuSerif(0)/m/n/10 , \TU/DejaVuSerif(0)/b/n/10 glasses\
TU/DejaVuSerif(0)/m/n/10 , \TU/DejaVuSerif(0)/b/n/10 cheek\TU/DejaVuSerif(0)/m/
n/10 , \TU/DejaVuSerif(0)/b/n/10 vi-sion_care\TU/DejaVuSerif(0)/m/n/10 , \TU/De
jaVuSerif(0)/b/n/10 eye-brow\TU/DejaVuSerif(0)/m/n/10 , \TU/DejaVuSerif(0)/b/n/
10 head\TU/DejaVuSerif(0)/m/n/10 , \TU/DejaVuSerif(0)/b/n/10 fore-head\TU/DejaV
uSerif(0)/m/n/10 , \TU/DejaVuSerif(0)/b/n/10 face\TU/DejaVuSerif(0)/m/n/10 ,
 []


Overfull \hbox (1.03352pt too wide) in paragraph at lines 1--3
\TU/DejaVuSerif(0)/b/n/10 nose\TU/DejaVuSerif(0)/m/n/10 , \TU/DejaVuSerif(0)/b/
n/10 skin\TU/DejaVuSerif(0)/m/n/10 , \TU/DejaVuSerif(0)/b/n/10 jaw\TU/DejaVuSer
if(0)/m/n/10 , \TU/DejaVuSerif(0)/b/n/10 wrin-kle\TU/DejaVuSerif(0)/m/n/10 , \T
U/DejaVuSerif(0)/b/n/10 mouth\TU/DejaVuSerif(0)/m/n/10 , \TU/DejaVuSerif(0)/b/n
/10 col-lar\TU/DejaVuSerif(0)/m/n/10 , \TU/DejaVuSerif(0)/b/n/10 eye\TU/DejaVuS
erif(0)/m/n/10 , \TU/DejaVuSerif(0)/b/n/10 for-mal_wear\TU/DejaVuSerif(0)/m/n/1
0 , \TU/DejaVuSerif(0)/b/n/10 ear\TU/DejaVuSerif(0)/m/n/10 , \TU/DejaVuSerif(0)
/b/n/10 dress_shirt\TU/DejaVuSerif(0)/m/n/10 ,
 []


Overfull \hbox (32.33138pt too wide) in paragraph at lines 1--3
\TU/DejaVuSerif(0)/m/n/10 white-collar_worker, \TU/DejaVuSerif(0)/b/n/10 mous-ta
che\TU/DejaVuSerif(0)/m/n/10 , \TU/DejaVuSerif(0)/b/n/10 mus-cle\TU/DejaVuSerif
(0)/m/n/10 , \TU/DejaVuSerif(0)/b/n/10 fa-cial_hair\TU/DejaVuSerif(0)/m/n/10 , 
\TU/DejaVuSerif(0)/b/n/10 neck-tie\TU/DejaVuSerif(0)/m/n/10 , \TU/DejaVuSerif(0
)/b/n/10 blazer\TU/DejaVuSerif(0)/m/n/10 , \TU/DejaVuSerif(0)/b/n/10 spokesper-
 []


Overfull \hbox (3.83235pt too wide) in paragraph at lines 1--3
\TU/DejaVuSerif(0)/b/n/10 son\TU/DejaVuSerif(0)/m/n/10 , busi-nessper-son, \TU/
DejaVuSerif(0)/b/n/10 pleased\TU/DejaVuSerif(0)/m/n/10 , \TU/DejaVuSerif(0)/b/n
/10 beard\TU/DejaVuSerif(0)/m/n/10 , of-fi-cial, \TU/DejaVuSerif(0)/b/n/10 throa
t\TU/DejaVuSerif(0)/m/n/10 , \TU/DejaVuSerif(0)/b/n/10 no_ex-pres-sion\TU/DejaV
uSerif(0)/m/n/10 , \TU/DejaVuSerif(0)/b/n/10 speech\TU/DejaVuSerif(0)/m/n/10 ,
 []

[19]) (./f2_pos/f2_pos_030.tex) (./f2_pos/f2_pos_031.tex)
(./f2_pos/f2_pos_032.tex
Overfull \hbox (4.20345pt too wide) in paragraph at lines 1--3
[]  \TU/DejaVuSerif(0)/b/n/10 eye-wear\TU/DejaVuSerif(0)/m/n/10 , \TU/DejaVuSer
if(0)/b/n/10 fa-cial_hair\TU/DejaVuSerif(0)/m/n/10 , \TU/DejaVuSerif(0)/b/n/10 
chin\TU/DejaVuSerif(0)/m/n/10 , \TU/DejaVuSerif(0)/b/n/10 cheek\TU/DejaVuSerif(
0)/m/n/10 , \TU/DejaVuSerif(0)/b/n/10 eye-brow\TU/DejaVuSerif(0)/m/n/10 , \TU/D
ejaVuSerif(0)/b/n/10 fore-head\TU/DejaVuSerif(0)/m/n/10 , \TU/DejaVuSerif(0)/b/
n/10 glasses\TU/DejaVuSerif(0)/m/n/10 , \TU/DejaVuSerif(0)/b/n/10 vi-sion_care\
TU/DejaVuSerif(0)/m/n/10 ,
 []

) (./f2_pos/f2_pos_033.tex
Overfull \hbox (21.57454pt too wide) in paragraph at lines 1--3
\TU/DejaVuSerif(0)/b/n/10 pres-sion\TU/DejaVuSerif(0)/m/n/10 , \TU/DejaVuSerif(
0)/b/n/10 tooth\TU/DejaVuSerif(0)/m/n/10 , \TU/DejaVuSerif(0)/b/n/10 eye-lash\T
U/DejaVuSerif(0)/m/n/10 , \TU/DejaVuSerif(0)/b/n/10 ges-ture\TU/DejaVuSerif(0)/
m/n/10 , \TU/DejaVuSerif(0)/b/n/10 por-trait_pho-tog-ra-phy\TU/DejaVuSerif(0)/m
/n/10 , \TU/DejaVuSerif(0)/b/n/10 pleased\TU/DejaVuSerif(0)/m/n/10 , \TU/DejaVu
Serif(0)/b/n/10 fa-cial_hair\TU/DejaVuSerif(0)/m/n/10 ,
 []

) (./f2_pos/f2_pos_034.tex) (./f2_pos/f2_pos_035.tex) (./f2_pos/f2_pos_036.tex
Overfull \hbox (7.07747pt too wide) in paragraph at lines 1--3
\TU/DejaVuSerif(0)/b/n/10 pleased\TU/DejaVuSerif(0)/m/n/10 , of-fi-cial, \TU/De
jaVuSerif(0)/b/n/10 mous-tache\TU/DejaVuSerif(0)/m/n/10 , \TU/DejaVuSerif(0)/b/
n/10 por-trait\TU/DejaVuSerif(0)/m/n/10 , \TU/DejaVuSerif(0)/b/n/10 throat\TU/D
ejaVuSerif(0)/m/n/10 , \TU/DejaVuSerif(0)/b/n/10 por-trait_pho-tog-ra-phy\TU/De
jaVuSerif(0)/m/n/10 , \TU/DejaVuSerif(0)/b/n/10 no_ex-
 []

[20]) (./f2_pos/f2_pos_037.tex
Overfull \hbox (12.0013pt too wide) in paragraph at lines 1--3
\TU/DejaVuSerif(0)/b/n/10 pres-sion\TU/DejaVuSerif(0)/m/n/10 , \TU/DejaVuSerif(
0)/b/n/10 mus-cle\TU/DejaVuSerif(0)/m/n/10 , \TU/DejaVuSerif(0)/b/n/10 stom-ach\TU/DejaVuSerif(0)/m/n/10 , \TU/DejaVuSerif(0)/b/n/10 black_hair\TU/DejaVuSerif(0)/m/n/10 , \TU/DejaVuSerif(0)/b/n/10 torso\TU/DejaVuSerif(0)/m/n/10 , barech-est-ed-ness, \TU/DejaVuSerif(0)/b/n/10 tooth\TU/DejaVuSerif(0)/m/n/10 , \TU/DejaVuSerif(0)/b/n/10 mous-
 []

) (./f2_pos/f2_pos_038.tex
Overfull \hbox (0.50911pt too wide) in paragraph at lines 1--3
[]  \TU/DejaVuSerif(0)/b/n/10 eye-wear\TU/DejaVuSerif(0)/m/n/10 , \TU/DejaVuSer
if(0)/b/n/10 chin\TU/DejaVuSerif(0)/m/n/10 , \TU/DejaVuSerif(0)/b/n/10 glasses\
TU/DejaVuSerif(0)/m/n/10 , \TU/DejaVuSerif(0)/b/n/10 cheek\TU/DejaVuSerif(0)/m/
n/10 , \TU/DejaVuSerif(0)/b/n/10 eye-brow\TU/DejaVuSerif(0)/m/n/10 , \TU/DejaVu
Serif(0)/b/n/10 vi-sion_care\TU/DejaVuSerif(0)/m/n/10 , \TU/DejaVuSerif(0)/b/n/
10 fore-head\TU/DejaVuSerif(0)/m/n/10 , \TU/DejaVuSerif(0)/b/n/10 skin\TU/DejaV
uSerif(0)/m/n/10 , \TU/DejaVuSerif(0)/b/n/10 nose\TU/DejaVuSerif(0)/m/n/10 ,
 []


Overfull \hbox (16.1009pt too wide) in paragraph at lines 1--3
\TU/DejaVuSerif(0)/b/n/10 tache\TU/DejaVuSerif(0)/m/n/10 , of-fi-cial, \TU/Deja
VuSerif(0)/b/n/10 pleased\TU/DejaVuSerif(0)/m/n/10 , \TU/DejaVuSerif(0)/b/n/10 
spokesper-son\TU/DejaVuSerif(0)/m/n/10 , \TU/DejaVuSerif(0)/b/n/10 por-trait\TU
/DejaVuSerif(0)/m/n/10 , \TU/DejaVuSerif(0)/b/n/10 no_ex-pres-sion\TU/DejaVuSer
if(0)/m/n/10 , \TU/DejaVuSerif(0)/b/n/10 por-trait_pho-
 []

) (./f2_pos/f2_pos_039.tex
Overfull \hbox (1.28548pt too wide) in paragraph at lines 1--3
[]  \TU/DejaVuSerif(0)/b/n/10 eye-wear\TU/DejaVuSerif(0)/m/n/10 , \TU/DejaVuSer
if(0)/b/n/10 chin\TU/DejaVuSerif(0)/m/n/10 , \TU/DejaVuSerif(0)/b/n/10 glasses\
TU/DejaVuSerif(0)/m/n/10 , \TU/DejaVuSerif(0)/b/n/10 cheek\TU/DejaVuSerif(0)/m/
n/10 , \TU/DejaVuSerif(0)/b/n/10 eye-brow\TU/DejaVuSerif(0)/m/n/10 , \TU/DejaVu
Serif(0)/b/n/10 head\TU/DejaVuSerif(0)/m/n/10 , \TU/DejaVuSerif(0)/b/n/10 vi-sio
n_care\TU/DejaVuSerif(0)/m/n/10 , \TU/DejaVuSerif(0)/b/n/10 fore-head\TU/DejaVu
Serif(0)/m/n/10 , \TU/DejaVuSerif(0)/b/n/10 face\TU/DejaVuSerif(0)/m/n/10 ,
 []

) (./f2_pos/f2_pos_040.tex
Overfull \hbox (0.50911pt too wide) in paragraph at lines 1--3
[]  \TU/DejaVuSerif(0)/b/n/10 eye-wear\TU/DejaVuSerif(0)/m/n/10 , \TU/DejaVuSer
if(0)/b/n/10 chin\TU/DejaVuSerif(0)/m/n/10 , \TU/DejaVuSerif(0)/b/n/10 cheek\TU
/DejaVuSerif(0)/m/n/10 , \TU/DejaVuSerif(0)/b/n/10 glasses\TU/DejaVuSerif(0)/m/
n/10 , \TU/DejaVuSerif(0)/b/n/10 eye-brow\TU/DejaVuSerif(0)/m/n/10 , \TU/DejaVu
Serif(0)/b/n/10 fore-head\TU/DejaVuSerif(0)/m/n/10 , \TU/DejaVuSerif(0)/b/n/10 
vi-sion_care\TU/DejaVuSerif(0)/m/n/10 , \TU/DejaVuSerif(0)/b/n/10 skin\TU/DejaV
uSerif(0)/m/n/10 , \TU/DejaVuSerif(0)/b/n/10 nose\TU/DejaVuSerif(0)/m/n/10 ,
 []


Overfull \hbox (10.16145pt too wide) in paragraph at lines 1--3
\TU/DejaVuSerif(0)/m/n/10 nessper-son, \TU/DejaVuSerif(0)/b/n/10 no_ex-pres-sion
\TU/DejaVuSerif(0)/m/n/10 , \TU/DejaVuSerif(0)/b/n/10 throat\TU/DejaVuSerif(0)/
m/n/10 , \TU/DejaVuSerif(0)/b/n/10 op-tom-e-try\TU/DejaVuSerif(0)/m/n/10 , \TU/
DejaVuSerif(0)/b/n/10 por-trait_pho-tog-ra-phy\TU/DejaVuSerif(0)/m/n/10 , \TU/D
ejaVuSerif(0)/b/n/10 worry 
 []

) (./f2_neg/f2_neg_001.tex
Overfull \hbox (2.08528pt too wide) in paragraph at lines 1--3
\TU/DejaVuSerif(0)/m/n/10 vice, metro_sta-tion, light_fix-ture, \TU/DejaVuSerif
(0)/b/n/10 air-port_ter-mi-nal\TU/DejaVuSerif(0)/m/n/10 , alu-minium, elec-troni
c_sig-
 []

) (./f2_neg/f2_neg_002.tex) (./f2_neg/f2_neg_003.tex [21])
(./f2_neg/f2_neg_004.tex) (./f2_neg/f2_neg_005.tex
Overfull \hbox (2.68294pt too wide) in paragraph at lines 1--3
\TU/DejaVuSerif(0)/m/n/10 tronic_sig-nage, lug-gage_&_bags, \TU/DejaVuSerif(0)/
b/n/10 floor\TU/DejaVuSerif(0)/m/n/10 , \TU/DejaVuSerif(0)/b/n/10 bag\TU/DejaVu
Serif(0)/m/n/10 , \TU/DejaVuSerif(0)/b/n/10 cus-tomer\TU/DejaVuSerif(0)/m/n/10 
, \TU/DejaVuSerif(0)/b/n/10 pedes-trian\TU/DejaVuSerif(0)/m/n/10 , \TU/DejaVuSe
rif(0)/b/n/10 bag-gage\TU/DejaVuSerif(0)/m/n/10 ,
 []

) (./f2_neg/f2_neg_006.tex) (./f2_neg/f2_neg_007.tex
Overfull \hbox (6.87532pt too wide) in paragraph at lines 1--3
[]  \TU/DejaVuSerif(0)/b/n/10 air-craft\TU/DejaVuSerif(0)/m/n/10 , \TU/DejaVuSe
rif(0)/b/n/10 fixed-wing_air-craft\TU/DejaVuSerif(0)/m/n/10 , \TU/DejaVuSerif(0
)/b/n/10 air_travel\TU/DejaVuSerif(0)/m/n/10 , \TU/DejaVuSerif(0)/b/n/10 mode_of
_trans-port\TU/DejaVuSerif(0)/m/n/10 , \TU/DejaVuSerif(0)/b/n/10 trans-port\TU/
DejaVuSerif(0)/m/n/10 , \TU/DejaVuSerif(0)/b/n/10 air-
 []


Overfull \hbox (13.99934pt too wide) in paragraph at lines 1--3
\TU/DejaVuSerif(0)/b/n/10 lic_trans-port\TU/DejaVuSerif(0)/m/n/10 , \TU/DejaVuS
erif(0)/b/n/10 freight_trans-port\TU/DejaVuSerif(0)/m/n/10 , \TU/DejaVuSerif(0)
/b/n/10 mono-plane\TU/DejaVuSerif(0)/m/n/10 , \TU/DejaVuSerif(0)/b/n/10 wide-bod
y_air-craft\TU/DejaVuSerif(0)/m/n/10 , \TU/DejaVuSerif(0)/b/n/10 flap\TU/DejaVu
Serif(0)/m/n/10 , \TU/DejaVuSerif(0)/b/n/10 high-
 []


Overfull \hbox (34.77473pt too wide) in paragraph at lines 1--3
\TU/DejaVuSerif(0)/b/n/10 visibility_cloth-ing\TU/DejaVuSerif(0)/m/n/10 , \TU/D
ejaVuSerif(0)/b/n/10 tur-bine\TU/DejaVuSerif(0)/m/n/10 , \TU/DejaVuSerif(0)/b/n
/10 rolling\TU/DejaVuSerif(0)/m/n/10 , \TU/DejaVuSerif(0)/b/n/10 trans-port_hub\TU/DejaVuSerif(0)/m/n/10 , \TU/DejaVuSerif(0)/b/n/10 fin\TU/DejaVuSerif(0)/m/n/10 , \TU/DejaVuSerif(0)/b/n/10 cargo\TU/DejaVuSerif(0)/m/n/10 , \TU/DejaVuSerif(0)/b/n/10 air-bus\TU/DejaVuSerif(0)/m/n/10 , jet_bridge,
 []


Overfull \hbox (4.41927pt too wide) in paragraph at lines 1--3
\TU/DejaVuSerif(0)/b/n/10 boe-ing\TU/DejaVuSerif(0)/m/n/10 , \TU/DejaVuSerif(0)
/b/n/10 board-ing\TU/DejaVuSerif(0)/m/n/10 , \TU/DejaVuSerif(0)/b/n/10 land-ing\TU/DejaVuSerif(0)/m/n/10 , \TU/DejaVuSerif(0)/b/n/10 gen-eral_avi-a-tion\TU/DejaVuSerif(0)/m/n/10 , \TU/DejaVuSerif(0)/b/n/10 air-port_ter-mi-nal\TU/DejaVuSerif(0)/m/n/10 , boe-ing_737 
 []

) (./f2_neg/f2_neg_008.tex) (./f2_neg/f2_neg_009.tex
Overfull \hbox (7.27083pt too wide) in paragraph at lines 1--3
[]  \TU/DejaVuSerif(0)/b/n/10 air-craft\TU/DejaVuSerif(0)/m/n/10 , \TU/DejaVuSe
rif(0)/b/n/10 ve-hi-cle\TU/DejaVuSerif(0)/m/n/10 , \TU/DejaVuSerif(0)/b/n/10 fix
ed-wing_air-craft\TU/DejaVuSerif(0)/m/n/10 , \TU/DejaVuSerif(0)/b/n/10 air_trave
l\TU/DejaVuSerif(0)/m/n/10 , \TU/DejaVuSerif(0)/b/n/10 mode_of_trans-port\TU/De
jaVuSerif(0)/m/n/10 , \TU/DejaVuSerif(0)/b/n/10 trans-
 []


Overfull \hbox (0.19856pt too wide) in paragraph at lines 1--3
\TU/DejaVuSerif(0)/b/n/10 aerospace_en-gi-neer-ing\TU/DejaVuSerif(0)/m/n/10 , \
TU/DejaVuSerif(0)/b/n/10 air-craft_en-gine\TU/DejaVuSerif(0)/m/n/10 , \TU/DejaV
uSerif(0)/b/n/10 run-way\TU/DejaVuSerif(0)/m/n/10 , \TU/DejaVuSerif(0)/b/n/10 ai
r-port_apron\TU/DejaVuSerif(0)/m/n/10 , \TU/DejaVuSerif(0)/b/n/10 narrow-
 []


Overfull \hbox (22.48763pt too wide) in paragraph at lines 1--3
\TU/DejaVuSerif(0)/b/n/10 body_air-craft\TU/DejaVuSerif(0)/m/n/10 , \TU/DejaVuS
erif(0)/b/n/10 jet_air-craft\TU/DejaVuSerif(0)/m/n/10 , \TU/DejaVuSerif(0)/b/n/
10 ma-chine\TU/DejaVuSerif(0)/m/n/10 , \TU/DejaVuSerif(0)/b/n/10 wide-body_air-c
raft\TU/DejaVuSerif(0)/m/n/10 , \TU/DejaVuSerif(0)/b/n/10 tur-bine\TU/DejaVuSer
if(0)/m/n/10 , \TU/DejaVuSerif(0)/b/n/10 flap\TU/DejaVuSerif(0)/m/n/10 , \TU/De
jaVuSerif(0)/b/n/10 jet_en-
 []

) (./f2_neg/f2_neg_010.tex [22]) (./f2_neg/f2_neg_011.tex)
(./f2_neg/f2_neg_012.tex) (./f2_neg/f2_neg_013.tex) (./f2_neg/f2_neg_014.tex
Overfull \hbox (5.66145pt too wide) in paragraph at lines 1--3
\TU/DejaVuSerif(0)/b/n/10 en-gi-neer-ing\TU/DejaVuSerif(0)/m/n/10 , \TU/DejaVuS
erif(0)/b/n/10 air-port\TU/DejaVuSerif(0)/m/n/10 , \TU/DejaVuSerif(0)/b/n/10 tra
vel\TU/DejaVuSerif(0)/m/n/10 , \TU/DejaVuSerif(0)/b/n/10 back-pack\TU/DejaVuSer
if(0)/m/n/10 , hand_lug-gage, check-in, \TU/DejaVuSerif(0)/b/n/10 air-port_ter-
 []

) (./f2_neg/f2_neg_015.tex
Overfull \hbox (5.66145pt too wide) in paragraph at lines 1--3
\TU/DejaVuSerif(0)/b/n/10 en-gi-neer-ing\TU/DejaVuSerif(0)/m/n/10 , \TU/DejaVuS
erif(0)/b/n/10 travel\TU/DejaVuSerif(0)/m/n/10 , \TU/DejaVuSerif(0)/b/n/10 air-p
ort\TU/DejaVuSerif(0)/m/n/10 , \TU/DejaVuSerif(0)/b/n/10 back-pack\TU/DejaVuSer
if(0)/m/n/10 , hand_lug-gage, check-in, \TU/DejaVuSerif(0)/b/n/10 air-port_ter-
 []

) (./f2_neg/f2_neg_016.tex
Overfull \hbox (14.12532pt too wide) in paragraph at lines 1--3
[]  \TU/DejaVuSerif(0)/b/n/10 air-port\TU/DejaVuSerif(0)/m/n/10 , \TU/DejaVuSer
if(0)/b/n/10 pas-sen-ger\TU/DejaVuSerif(0)/m/n/10 , \TU/DejaVuSerif(0)/b/n/10 ba
g\TU/DejaVuSerif(0)/m/n/10 , \TU/DejaVuSerif(0)/b/n/10 bag-gage\TU/DejaVuSerif(
0)/m/n/10 , suit-case, \TU/DejaVuSerif(0)/b/n/10 travel\TU/DejaVuSerif(0)/m/n/1
0 , hand_lug-gage, \TU/DejaVuSerif(0)/b/n/10 air-port_ter-
 []

) (./f2_neg/f2_neg_017.tex) (./f2_neg/f2_neg_018.tex [23])
(./f2_neg/f2_neg_019.tex) (./f2_neg/f2_neg_020.tex
Overfull \hbox (1.29134pt too wide) in paragraph at lines 1--3
\TU/DejaVuSerif(0)/b/n/10 fac-turer\TU/DejaVuSerif(0)/m/n/10 , \TU/DejaVuSerif(
0)/b/n/10 fixed-wing_air-craft\TU/DejaVuSerif(0)/m/n/10 , \TU/DejaVuSerif(0)/b/
n/10 travel\TU/DejaVuSerif(0)/m/n/10 , \TU/DejaVuSerif(0)/b/n/10 air-liner\TU/D
ejaVuSerif(0)/m/n/10 , \TU/DejaVuSerif(0)/b/n/10 air-line\TU/DejaVuSerif(0)/m/n
/10 , \TU/DejaVuSerif(0)/b/n/10 air-port\TU/DejaVuSerif(0)/m/n/10 , \TU/DejaVuS
erif(0)/b/n/10 air-craft_en-
 []

) (./f2_neg/f2_neg_021.tex
Overfull \hbox (34.02571pt too wide) in paragraph at lines 1--3
\TU/DejaVuSerif(0)/b/n/10 pas-sen-ger\TU/DejaVuSerif(0)/m/n/10 , pas-sen-ger_car
, tem-ple, rail_trans-port, stand-ing, train_sta-tion, rapid_tran-
 []

) (./f2_neg/f2_neg_022.tex
Overfull \hbox (2.13997pt too wide) in paragraph at lines 1--3
[]  \TU/DejaVuSerif(0)/m/n/10 au-to-mo-tive_wheel_sys-tem, au-to-mo-tive_tire, 
\TU/DejaVuSerif(0)/b/n/10 aerospace_en-gi-neer-ing\TU/DejaVuSerif(0)/m/n/10 , \
TU/DejaVuSerif(0)/b/n/10 air-port\TU/DejaVuSerif(0)/m/n/10 ,
 []


Overfull \hbox (0.84016pt too wide) in paragraph at lines 1--3
\TU/DejaVuSerif(0)/b/n/10 avi-a-tion\TU/DejaVuSerif(0)/m/n/10 , \TU/DejaVuSerif
(0)/b/n/10 ma-chine\TU/DejaVuSerif(0)/m/n/10 , \TU/DejaVuSerif(0)/b/n/10 com-mer
-cial_ve-hi-cle\TU/DejaVuSerif(0)/m/n/10 , \TU/DejaVuSerif(0)/b/n/10 air-port_ap
ron\TU/DejaVuSerif(0)/m/n/10 , \TU/DejaVuSerif(0)/b/n/10 truck\TU/DejaVuSerif(0
)/m/n/10 , \TU/DejaVuSerif(0)/b/n/10 jet_en-gine\TU/DejaVuSerif(0)/m/n/10 ,
 []

) (./f2_neg/f2_neg_023.tex
Overfull \hbox (3.42708pt too wide) in paragraph at lines 1--3
[]  \TU/DejaVuSerif(0)/b/n/10 bag\TU/DejaVuSerif(0)/m/n/10 , \TU/DejaVuSerif(0)
/b/n/10 trousers\TU/DejaVuSerif(0)/m/n/10 , \TU/DejaVuSerif(0)/b/n/10 hu-man_bod
y\TU/DejaVuSerif(0)/m/n/10 , suit-case, \TU/DejaVuSerif(0)/b/n/10 bag-gage\TU/D
ejaVuSerif(0)/m/n/10 , lug-gage_&_bags, \TU/DejaVuSerif(0)/b/n/10 jeans\TU/Deja
VuSerif(0)/m/n/10 , \TU/DejaVuSerif(0)/b/n/10 pas-
 []

) (./f2_neg/f2_neg_024.tex
Overfull \hbox (8.97786pt too wide) in paragraph at lines 1--3
[]  \TU/DejaVuSerif(0)/m/n/10 metropoli-tan_area, \TU/DejaVuSerif(0)/b/n/10 air-
port\TU/DejaVuSerif(0)/m/n/10 , \TU/DejaVuSerif(0)/b/n/10 trans-port_hub\TU/Dej
aVuSerif(0)/m/n/10 , \TU/DejaVuSerif(0)/b/n/10 aerospace_en-gi-neer-ing\TU/Deja
VuSerif(0)/m/n/10 , sta-dium,
 []

) (./f2_neg/f2_neg_025.tex
Overfull \hbox (3.98372pt too wide) in paragraph at lines 1--3
\TU/DejaVuSerif(0)/m/n/10 case, hand-bag, \TU/DejaVuSerif(0)/b/n/10 air-port\TU
/DejaVuSerif(0)/m/n/10 , check-in, \TU/DejaVuSerif(0)/b/n/10 clean-li-ness\TU/D
ejaVuSerif(0)/m/n/10 , dis-play_de-vice, ex-hi-bi-tion, \TU/DejaVuSerif(0)/b/n/
10 boot\TU/DejaVuSerif(0)/m/n/10 ,
 []

) (./f2_neg/f2_neg_026.tex [24]) (./f2_neg/f2_neg_027.tex
Overfull \hbox (3.29817pt too wide) in paragraph at lines 1--3
[]  \TU/DejaVuSerif(0)/b/n/10 bag\TU/DejaVuSerif(0)/m/n/10 , lug-gage_&_bags, \
TU/DejaVuSerif(0)/b/n/10 pas-sen-ger\TU/DejaVuSerif(0)/m/n/10 , \TU/DejaVuSerif
(0)/b/n/10 bag-gage\TU/DejaVuSerif(0)/m/n/10 , \TU/DejaVuSerif(0)/b/n/10 back-pa
ck\TU/DejaVuSerif(0)/m/n/10 , \TU/DejaVuSerif(0)/b/n/10 travel\TU/DejaVuSerif(0
)/m/n/10 , hand_lug-gage,
 []

) (./f2_neg/f2_neg_028.tex
Overfull \hbox (40.56966pt too wide) in paragraph at lines 1--3
\TU/DejaVuSerif(0)/b/n/10 run-way\TU/DejaVuSerif(0)/m/n/10 , \TU/DejaVuSerif(0)
/b/n/10 air_travel\TU/DejaVuSerif(0)/m/n/10 , \TU/DejaVuSerif(0)/b/n/10 fixed-wi
ng_air-craft\TU/DejaVuSerif(0)/m/n/10 , \TU/DejaVuSerif(0)/b/n/10 aerospace_man-
u-fac-turer\TU/DejaVuSerif(0)/m/n/10 , \TU/DejaVuSerif(0)/b/n/10 aerospace_en-
 []

) (./f2_neg/f2_neg_029.tex) (./f2_neg/f2_neg_030.tex) (./f2_neg/f2_neg_031.tex
Overfull \hbox (1.85481pt too wide) in paragraph at lines 1--3
\TU/DejaVuSerif(0)/b/n/10 pack\TU/DejaVuSerif(0)/m/n/10 , \TU/DejaVuSerif(0)/b/
n/10 travel\TU/DejaVuSerif(0)/m/n/10 , \TU/DejaVuSerif(0)/b/n/10 air-port\TU/De
jaVuSerif(0)/m/n/10 , hand_lug-gage, check-in, \TU/DejaVuSerif(0)/b/n/10 clean-l
i-ness\TU/DejaVuSerif(0)/m/n/10 , hu-man_back, \TU/DejaVuSerif(0)/b/n/10 cus-
 []

) (./f2_neg/f2_neg_032.tex
Overfull \hbox (16.57649pt too wide) in paragraph at lines 1--3
[]  \TU/DejaVuSerif(0)/b/n/10 trans-port\TU/DejaVuSerif(0)/m/n/10 , \TU/DejaVuS
erif(0)/b/n/10 ship\TU/DejaVuSerif(0)/m/n/10 , port, \TU/DejaVuSerif(0)/b/n/10 
trans-port_hub\TU/DejaVuSerif(0)/m/n/10 , park-ing, \TU/DejaVuSerif(0)/b/n/10 tr
uck\TU/DejaVuSerif(0)/m/n/10 , pas-sen-ger_ship, \TU/DejaVuSerif(0)/b/n/10 naval
_ar-
 []

) (./f2_neg/f2_neg_033.tex
Overfull \hbox (28.3343pt too wide) in paragraph at lines 1--3
[]  \TU/DejaVuSerif(0)/b/n/10 bag\TU/DejaVuSerif(0)/m/n/10 , lug-gage_&_bags, \
TU/DejaVuSerif(0)/b/n/10 bag-gage\TU/DejaVuSerif(0)/m/n/10 , \TU/DejaVuSerif(0)
/b/n/10 back-pack\TU/DejaVuSerif(0)/m/n/10 , \TU/DejaVuSerif(0)/b/n/10 pas-sen-g
er\TU/DejaVuSerif(0)/m/n/10 , \TU/DejaVuSerif(0)/b/n/10 travel\TU/DejaVuSerif(0
)/m/n/10 , hand-bag, hand_lug-
 []

) (./f2_neg/f2_neg_034.tex) (./f2_neg/f2_neg_035.tex
Overfull \hbox (1.65169pt too wide) in paragraph at lines 1--3
[]  \TU/DejaVuSerif(0)/b/n/10 fur-ni-ture\TU/DejaVuSerif(0)/m/n/10 , \TU/DejaVu
Serif(0)/b/n/10 floor-ing\TU/DejaVuSerif(0)/m/n/10 , \TU/DejaVuSerif(0)/b/n/10 
in-te-rior_de-sign\TU/DejaVuSerif(0)/m/n/10 , \TU/DejaVuSerif(0)/b/n/10 floor\T
U/DejaVuSerif(0)/m/n/10 , \TU/DejaVuSerif(0)/b/n/10 room\TU/DejaVuSerif(0)/m/n/
10 , shelv-ing, \TU/DejaVuSerif(0)/b/n/10 chair\TU/DejaVuSerif(0)/m/n/10 , shelf
, \TU/DejaVuSerif(0)/b/n/10 ceil-
 []

[25]) (./f2_neg/f2_neg_036.tex
Overfull \hbox (17.23665pt too wide) in paragraph at lines 1--3
\TU/DejaVuSerif(0)/b/n/10 fin\TU/DejaVuSerif(0)/m/n/10 , \TU/DejaVuSerif(0)/b/n
/10 board-ing\TU/DejaVuSerif(0)/m/n/10 , \TU/DejaVuSerif(0)/b/n/10 mono-plane\T
U/DejaVuSerif(0)/m/n/10 , \TU/DejaVuSerif(0)/b/n/10 high-visibility_cloth-ing\T
U/DejaVuSerif(0)/m/n/10 , \TU/DejaVuSerif(0)/b/n/10 work-wear\TU/DejaVuSerif(0)
/m/n/10 , \TU/DejaVuSerif(0)/b/n/10 freight_trans-
 []

) (./f2_neg/f2_neg_037.tex) (./f2_neg/f2_neg_038.tex
Overfull \hbox (6.94563pt too wide) in paragraph at lines 1--3
[]  \TU/DejaVuSerif(0)/b/n/10 air-port\TU/DejaVuSerif(0)/m/n/10 , \TU/DejaVuSer
if(0)/b/n/10 travel\TU/DejaVuSerif(0)/m/n/10 , \TU/DejaVuSerif(0)/b/n/10 avi-a-t
ion\TU/DejaVuSerif(0)/m/n/10 , \TU/DejaVuSerif(0)/b/n/10 aerospace_en-gi-neer-in
g\TU/DejaVuSerif(0)/m/n/10 , \TU/DejaVuSerif(0)/b/n/10 air_travel\TU/DejaVuSeri
f(0)/m/n/10 , \TU/DejaVuSerif(0)/b/n/10 air-craft\TU/DejaVuSerif(0)/m/n/10 , \T
U/DejaVuSerif(0)/b/n/10 fixed-
 []

) (./f2_neg/f2_neg_039.tex) (./f2_neg/f2_neg_040.tex) (./f3_pos/f3_pos_001.tex
Overfull \hbox (11.8968pt too wide) in paragraph at lines 1--3
\TU/DejaVuSerif(0)/b/n/10 thigh\TU/DejaVuSerif(0)/m/n/10 , \TU/DejaVuSerif(0)/b
/n/10 trunks\TU/DejaVuSerif(0)/m/n/10 , \TU/DejaVuSerif(0)/b/n/10 ac-tive_shorts
\TU/DejaVuSerif(0)/m/n/10 , \TU/DejaVuSerif(0)/b/n/10 waist\TU/DejaVuSerif(0)/m
/n/10 , \TU/DejaVuSerif(0)/b/n/10 hol-i-day\TU/DejaVuSerif(0)/m/n/10 , \TU/Deja
VuSerif(0)/b/n/10 bermuda_shorts\TU/DejaVuSerif(0)/m/n/10 , \TU/DejaVuSerif(0)/
b/n/10 peo-ple_in_na-
 []


Overfull \hbox (13.92415pt too wide) in paragraph at lines 1--3
\TU/DejaVuSerif(0)/b/n/10 lin-gerie\TU/DejaVuSerif(0)/m/n/10 , \TU/DejaVuSerif(
0)/b/n/10 torso\TU/DejaVuSerif(0)/m/n/10 , \TU/DejaVuSerif(0)/b/n/10 travel\TU/
DejaVuSerif(0)/m/n/10 , \TU/DejaVuSerif(0)/b/n/10 calf\TU/DejaVuSerif(0)/m/n/10
 , \TU/DejaVuSerif(0)/b/n/10 ocean\TU/DejaVuSerif(0)/m/n/10 , \TU/DejaVuSerif(0
)/b/n/10 bra\TU/DejaVuSerif(0)/m/n/10 , \TU/DejaVuSerif(0)/b/n/10 shore\TU/Deja
VuSerif(0)/m/n/10 , \TU/DejaVuSerif(0)/b/n/10 bare-foot\TU/DejaVuSerif(0)/m/n/1
0 , \TU/DejaVuSerif(0)/b/n/10 bikini\TU/DejaVuSerif(0)/m/n/10 , \TU/DejaVuSerif
(0)/b/n/10 hu-man_back\TU/DejaVuSerif(0)/m/n/10 ,
 []

) (./f3_pos/f3_pos_002.tex [26]) (./f3_pos/f3_pos_003.tex)
(./f3_pos/f3_pos_004.tex
Overfull \hbox (13.07552pt too wide) in paragraph at lines 1--3
[]  \TU/DejaVuSerif(0)/b/n/10 peo-ple\TU/DejaVuSerif(0)/m/n/10 , \TU/DejaVuSeri
f(0)/b/n/10 crowd\TU/DejaVuSerif(0)/m/n/10 , \TU/DejaVuSerif(0)/b/n/10 sun_tan-n
ing\TU/DejaVuSerif(0)/m/n/10 , \TU/DejaVuSerif(0)/b/n/10 sum-mer\TU/DejaVuSerif
(0)/m/n/10 , \TU/DejaVuSerif(0)/b/n/10 fun\TU/DejaVuSerif(0)/m/n/10 , \TU/DejaV
uSerif(0)/b/n/10 recre-ation\TU/DejaVuSerif(0)/m/n/10 , \TU/DejaVuSerif(0)/b/n/
10 beach\TU/DejaVuSerif(0)/m/n/10 , \TU/DejaVuSerif(0)/b/n/10 swim-suit_top\TU/
DejaVuSerif(0)/m/n/10 ,
 []


Overfull \hbox (5.14388pt too wide) in paragraph at lines 1--3
\TU/DejaVuSerif(0)/b/n/10 leisure\TU/DejaVuSerif(0)/m/n/10 , \TU/DejaVuSerif(0)
/b/n/10 peo-ple_on_beach\TU/DejaVuSerif(0)/m/n/10 , \TU/DejaVuSerif(0)/b/n/10 va
-ca-tion\TU/DejaVuSerif(0)/m/n/10 , \TU/DejaVuSerif(0)/b/n/10 swim-suit\TU/Deja
VuSerif(0)/m/n/10 , \TU/DejaVuSerif(0)/b/n/10 trunks\TU/DejaVuSerif(0)/m/n/10 , \TU/DejaVuSerif(0)/b/n/10 un-der-gar-ment\TU/DejaVuSerif(0)/m/n/10 , \TU/DejaVuSerif(0)/b/n/10 hol-
 []


Overfull \hbox (12.14583pt too wide) in paragraph at lines 1--3
\TU/DejaVuSerif(0)/b/n/10 i-day\TU/DejaVuSerif(0)/m/n/10 , \TU/DejaVuSerif(0)/b
/n/10 swim-suit_bot-tom\TU/DejaVuSerif(0)/m/n/10 , \TU/DejaVuSerif(0)/b/n/10 boa
rd-shorts\TU/DejaVuSerif(0)/m/n/10 , \TU/DejaVuSerif(0)/b/n/10 bikini\TU/DejaVu
Serif(0)/m/n/10 , \TU/DejaVuSerif(0)/b/n/10 barech-est-ed-ness\TU/DejaVuSerif(0
)/m/n/10 , \TU/DejaVuSerif(0)/b/n/10 travel\TU/DejaVuSerif(0)/m/n/10 , \TU/Deja
VuSerif(0)/b/n/10 coast\TU/DejaVuSerif(0)/m/n/10 ,
 []

) (./f3_pos/f3_pos_005.tex) (./f3_pos/f3_pos_006.tex
Overfull \hbox (12.27766pt too wide) in paragraph at lines 1--3
\TU/DejaVuSerif(0)/b/n/10 leisure\TU/DejaVuSerif(0)/m/n/10 , \TU/DejaVuSerif(0)
/b/n/10 bare-foot\TU/DejaVuSerif(0)/m/n/10 , \TU/DejaVuSerif(0)/b/n/10 va-ca-tio
n\TU/DejaVuSerif(0)/m/n/10 , \TU/DejaVuSerif(0)/b/n/10 ac-tive_shorts\TU/DejaVu
Serif(0)/m/n/10 , \TU/DejaVuSerif(0)/b/n/10 ball_game\TU/DejaVuSerif(0)/m/n/10 
, \TU/DejaVuSerif(0)/b/n/10 trunks\TU/DejaVuSerif(0)/m/n/10 , play-ing_sports,
 []


Overfull \hbox (67.79231pt too wide) in paragraph at lines 1--3
\TU/DejaVuSerif(0)/b/n/10 ball\TU/DejaVuSerif(0)/m/n/10 , \TU/DejaVuSerif(0)/b/
n/10 barech-est-ed-ness\TU/DejaVuSerif(0)/m/n/10 , \TU/DejaVuSerif(0)/b/n/10 swi
m-suit\TU/DejaVuSerif(0)/m/n/10 , \TU/DejaVuSerif(0)/b/n/10 sports\TU/DejaVuSer
if(0)/m/n/10 , \TU/DejaVuSerif(0)/b/n/10 foot-ball\TU/DejaVuSerif(0)/m/n/10 , \
TU/DejaVuSerif(0)/b/n/10 calf\TU/DejaVuSerif(0)/m/n/10 , \TU/DejaVuSerif(0)/b/n
/10 hu-man_back\TU/DejaVuSerif(0)/m/n/10 , \TU/DejaVuSerif(0)/b/n/10 bermuda_sho
rts\TU/DejaVuSerif(0)/m/n/10 ,
 []

) (./f3_pos/f3_pos_007.tex
Overfull \hbox (5.30013pt too wide) in paragraph at lines 1--3
\TU/DejaVuSerif(0)/b/n/10 coast\TU/DejaVuSerif(0)/m/n/10 , \TU/DejaVuSerif(0)/b
/n/10 sea\TU/DejaVuSerif(0)/m/n/10 , shade, \TU/DejaVuSerif(0)/b/n/10 coastal_an
d_oceanic_land-forms\TU/DejaVuSerif(0)/m/n/10 , \TU/DejaVuSerif(0)/b/n/10 shore\TU/DejaVuSerif(0)/m/n/10 , \TU/DejaVuSerif(0)/b/n/10 swim-suit\TU/DejaVuSerif(0)/m/n/10 , \TU/DejaVuSerif(0)/b/n/10 travel\TU/DejaVuSerif(0)/m/n/10 ,
 []


Overfull \hbox (29.81868pt too wide) in paragraph at lines 1--3
\TU/DejaVuSerif(0)/b/n/10 trop-ics\TU/DejaVuSerif(0)/m/n/10 , \TU/DejaVuSerif(0
)/b/n/10 swim-suit_top\TU/DejaVuSerif(0)/m/n/10 , \TU/DejaVuSerif(0)/b/n/10 ocea
n\TU/DejaVuSerif(0)/m/n/10 , sun-lounger, re-sort, \TU/DejaVuSerif(0)/b/n/10 tru
nks\TU/DejaVuSerif(0)/m/n/10 , \TU/DejaVuSerif(0)/b/n/10 re-sort_town\TU/DejaVu
Serif(0)/m/n/10 , caribbean,
 []

) (./f3_pos/f3_pos_008.tex [27]) (./f3_pos/f3_pos_009.tex
Overfull \hbox (14.05305pt too wide) in paragraph at lines 1--3
\TU/DejaVuSerif(0)/b/n/10 sea\TU/DejaVuSerif(0)/m/n/10 , \TU/DejaVuSerif(0)/b/n
/10 recre-ation\TU/DejaVuSerif(0)/m/n/10 , \TU/DejaVuSerif(0)/b/n/10 peo-ple_on_
beach\TU/DejaVuSerif(0)/m/n/10 , \TU/DejaVuSerif(0)/b/n/10 fun\TU/DejaVuSerif(0
)/m/n/10 , \TU/DejaVuSerif(0)/b/n/10 va-ca-tion\TU/DejaVuSerif(0)/m/n/10 , \TU/
DejaVuSerif(0)/b/n/10 coastal_and_oceanic_land-
 []


Overfull \hbox (0.63118pt too wide) in paragraph at lines 1--3
\TU/DejaVuSerif(0)/b/n/10 forms\TU/DejaVuSerif(0)/m/n/10 , \TU/DejaVuSerif(0)/b
/n/10 leisure\TU/DejaVuSerif(0)/m/n/10 , \TU/DejaVuSerif(0)/b/n/10 sun_tan-ning\TU/DejaVuSerif(0)/m/n/10 , \TU/DejaVuSerif(0)/b/n/10 hol-i-day\TU/DejaVuSerif(0)/m/n/10 , \TU/DejaVuSerif(0)/b/n/10 ocean\TU/DejaVuSerif(0)/m/n/10 , \TU/DejaVuSerif(0)/b/n/10 wind_wave\TU/DejaVuSerif(0)/m/n/10 , \TU/DejaVuSerif(0)/b/n/10 wave\TU/DejaVuSerif(0)/m/n/10 , \TU/DejaVuSerif(0)/b/n/10 travel\TU/DejaVuSerif(0)/m/n/10 , \TU/DejaVuSerif(0)/b/n/10 um-
 []

) (./f3_pos/f3_pos_010.tex
Overfull \hbox (2.32063pt too wide) in paragraph at lines 1--3
\TU/DejaVuSerif(0)/b/n/10 tion\TU/DejaVuSerif(0)/m/n/10 , \TU/DejaVuSerif(0)/b/
n/10 cap\TU/DejaVuSerif(0)/m/n/10 , \TU/DejaVuSerif(0)/b/n/10 sun_hat\TU/DejaVu
Serif(0)/m/n/10 , back-pack, \TU/DejaVuSerif(0)/b/n/10 torso\TU/DejaVuSerif(0)/
m/n/10 , \TU/DejaVuSerif(0)/b/n/10 hand-bag\TU/DejaVuSerif(0)/m/n/10 , \TU/Deja
VuSerif(0)/b/n/10 crowd\TU/DejaVuSerif(0)/m/n/10 , \TU/DejaVuSerif(0)/b/n/10 bas
e-ball_cap\TU/DejaVuSerif(0)/m/n/10 , \TU/DejaVuSerif(0)/b/n/10 trunks\TU/DejaV
uSerif(0)/m/n/10 ,
 []

) (./f3_pos/f3_pos_011.tex
Overfull \hbox (6.19856pt too wide) in paragraph at lines 1--3
\TU/DejaVuSerif(0)/b/n/10 lin-gerie\TU/DejaVuSerif(0)/m/n/10 , \TU/DejaVuSerif(
0)/b/n/10 swim-suit_bot-tom\TU/DejaVuSerif(0)/m/n/10 , smile, \TU/DejaVuSerif(0
)/b/n/10 un-der-pants\TU/DejaVuSerif(0)/m/n/10 , \TU/DejaVuSerif(0)/b/n/10 recre
-ation\TU/DejaVuSerif(0)/m/n/10 , \TU/DejaVuSerif(0)/b/n/10 sun-glasses\TU/Deja
VuSerif(0)/m/n/10 , \TU/DejaVuSerif(0)/b/n/10 bra\TU/DejaVuSerif(0)/m/n/10 ,
 []


Overfull \hbox (4.29524pt too wide) in paragraph at lines 1--3
\TU/DejaVuSerif(0)/b/n/10 tive_un-der-gar-ment\TU/DejaVuSerif(0)/m/n/10 , \TU/D
ejaVuSerif(0)/b/n/10 gog-gles\TU/DejaVuSerif(0)/m/n/10 , \TU/DejaVuSerif(0)/b/n
/10 spring_break\TU/DejaVuSerif(0)/m/n/10 , lin-gerie_top, \TU/DejaVuSerif(0)/b
/n/10 barech-est-ed-ness\TU/DejaVuSerif(0)/m/n/10 ,
 []

) (./f3_pos/f3_pos_012.tex
Overfull \hbox (18.46516pt too wide) in paragraph at lines 1--3
\TU/DejaVuSerif(0)/b/n/10 tion\TU/DejaVuSerif(0)/m/n/10 , \TU/DejaVuSerif(0)/b/
n/10 sea\TU/DejaVuSerif(0)/m/n/10 , \TU/DejaVuSerif(0)/b/n/10 shore\TU/DejaVuSe
rif(0)/m/n/10 , \TU/DejaVuSerif(0)/b/n/10 hol-i-day\TU/DejaVuSerif(0)/m/n/10 , 
\TU/DejaVuSerif(0)/b/n/10 coast\TU/DejaVuSerif(0)/m/n/10 , net_sport, \TU/DejaV
uSerif(0)/b/n/10 trunks\TU/DejaVuSerif(0)/m/n/10 , \TU/DejaVuSerif(0)/b/n/10 swi
m-suit\TU/DejaVuSerif(0)/m/n/10 , \TU/DejaVuSerif(0)/b/n/10 wave\TU/DejaVuSerif
(0)/m/n/10 , \TU/DejaVuSerif(0)/b/n/10 wind_wave\TU/DejaVuSerif(0)/m/n/10 ,
 []


Overfull \hbox (11.30305pt too wide) in paragraph at lines 1--3
\TU/DejaVuSerif(0)/m/n/10 high-rise_build-ing, \TU/DejaVuSerif(0)/b/n/10 ball\T
U/DejaVuSerif(0)/m/n/10 , \TU/DejaVuSerif(0)/b/n/10 um-brella\TU/DejaVuSerif(0)
/m/n/10 , \TU/DejaVuSerif(0)/b/n/10 play\TU/DejaVuSerif(0)/m/n/10 , \TU/DejaVuS
erif(0)/b/n/10 foot-ball\TU/DejaVuSerif(0)/m/n/10 , \TU/DejaVuSerif(0)/b/n/10 wa
lk-ing\TU/DejaVuSerif(0)/m/n/10 , \TU/DejaVuSerif(0)/b/n/10 board-shorts\TU/Dej
aVuSerif(0)/m/n/10 , \TU/DejaVuSerif(0)/b/n/10 bare-
 []

) (./f3_pos/f3_pos_013.tex
Overfull \hbox (0.66243pt too wide) in paragraph at lines 1--3
[]  \TU/DejaVuSerif(0)/b/n/10 sum-mer\TU/DejaVuSerif(0)/m/n/10 , \TU/DejaVuSeri
f(0)/b/n/10 fun\TU/DejaVuSerif(0)/m/n/10 , \TU/DejaVuSerif(0)/b/n/10 beach\TU/D
ejaVuSerif(0)/m/n/10 , \TU/DejaVuSerif(0)/b/n/10 va-ca-tion\TU/DejaVuSerif(0)/m
/n/10 , \TU/DejaVuSerif(0)/b/n/10 sun_tan-ning\TU/DejaVuSerif(0)/m/n/10 , \TU/D
ejaVuSerif(0)/b/n/10 hat\TU/DejaVuSerif(0)/m/n/10 , \TU/DejaVuSerif(0)/b/n/10 br
a\TU/DejaVuSerif(0)/m/n/10 , \TU/DejaVuSerif(0)/b/n/10 leisure\TU/DejaVuSerif(0
)/m/n/10 , \TU/DejaVuSerif(0)/b/n/10 sand\TU/DejaVuSerif(0)/m/n/10 , \TU/DejaVu
Serif(0)/b/n/10 swim-
 []

) (./f3_pos/f3_pos_014.tex
Overfull \hbox (2.26009pt too wide) in paragraph at lines 1--3
\TU/DejaVuSerif(0)/b/n/10 peo-ple_on_beach\TU/DejaVuSerif(0)/m/n/10 , \TU/DejaV
uSerif(0)/b/n/10 beach\TU/DejaVuSerif(0)/m/n/10 , \TU/DejaVuSerif(0)/b/n/10 fun\TU/DejaVuSerif(0)/m/n/10 , \TU/DejaVuSerif(0)/b/n/10 hol-i-day\TU/DejaVuSerif(0)/m/n/10 , \TU/DejaVuSerif(0)/b/n/10 shore\TU/DejaVuSerif(0)/m/n/10 , \TU/DejaVuSerif(0)/b/n/10 sea\TU/DejaVuSerif(0)/m/n/10 , high-rise_build-ing, \TU/DejaVuSerif(0)/b/n/10 swim-
 []

[28]) (./f3_pos/f3_pos_015.tex) (./f3_pos/f3_pos_016.tex)
(./f3_pos/f3_pos_017.tex
Overfull \hbox (0.55305pt too wide) in paragraph at lines 1--3
[]  \TU/DejaVuSerif(0)/b/n/10 thigh\TU/DejaVuSerif(0)/m/n/10 , \TU/DejaVuSerif(
0)/b/n/10 un-der-gar-ment\TU/DejaVuSerif(0)/m/n/10 , \TU/DejaVuSerif(0)/b/n/10 
ab-domen\TU/DejaVuSerif(0)/m/n/10 , \TU/DejaVuSerif(0)/b/n/10 bra\TU/DejaVuSeri
f(0)/m/n/10 , \TU/DejaVuSerif(0)/b/n/10 waist\TU/DejaVuSerif(0)/m/n/10 , \TU/De
jaVuSerif(0)/b/n/10 torso\TU/DejaVuSerif(0)/m/n/10 , mus-cle, \TU/DejaVuSerif(0
)/b/n/10 lin-gerie\TU/DejaVuSerif(0)/m/n/10 , \TU/DejaVuSerif(0)/b/n/10 bikini\
TU/DejaVuSerif(0)/m/n/10 ,
 []


Overfull \hbox (4.15266pt too wide) in paragraph at lines 1--3
\TU/DejaVuSerif(0)/b/n/10 swim-suit\TU/DejaVuSerif(0)/m/n/10 , \TU/DejaVuSerif(
0)/b/n/10 stom-ach\TU/DejaVuSerif(0)/m/n/10 , \TU/DejaVuSerif(0)/b/n/10 ac-tive_
un-der-gar-ment\TU/DejaVuSerif(0)/m/n/10 , \TU/DejaVuSerif(0)/b/n/10 tho-rax\TU
/DejaVuSerif(0)/m/n/10 , lin-gerie_top, \TU/DejaVuSerif(0)/b/n/10 hip\TU/DejaVu
Serif(0)/m/n/10 , \TU/DejaVuSerif(0)/b/n/10 model\TU/DejaVuSerif(0)/m/n/10 ,
 []


Overfull \hbox (15.30989pt too wide) in paragraph at lines 1--3
\TU/DejaVuSerif(0)/b/n/10 swim-suit_top\TU/DejaVuSerif(0)/m/n/10 , \TU/DejaVuSe
rif(0)/b/n/10 navel\TU/DejaVuSerif(0)/m/n/10 , \TU/DejaVuSerif(0)/b/n/10 un-der-
pants\TU/DejaVuSerif(0)/m/n/10 , throat, \TU/DejaVuSerif(0)/b/n/10 briefs\TU/De
jaVuSerif(0)/m/n/10 , \TU/DejaVuSerif(0)/b/n/10 swim-suit_bot-tom\TU/DejaVuSeri
f(0)/m/n/10 , art_model,
 []

) (./f3_pos/f3_pos_018.tex
Overfull \hbox (1.65266pt too wide) in paragraph at lines 1--3
\TU/DejaVuSerif(0)/b/n/10 fun\TU/DejaVuSerif(0)/m/n/10 , \TU/DejaVuSerif(0)/b/n
/10 recre-ation\TU/DejaVuSerif(0)/m/n/10 , lug-gage_&_bags, \TU/DejaVuSerif(0)/
b/n/10 va-ca-tion\TU/DejaVuSerif(0)/m/n/10 , \TU/DejaVuSerif(0)/b/n/10 bermuda_s
horts\TU/DejaVuSerif(0)/m/n/10 , \TU/DejaVuSerif(0)/b/n/10 calf\TU/DejaVuSerif(
0)/m/n/10 , side-walk,
 []

) (./f3_pos/f3_pos_019.tex
Overfull \hbox (3.79817pt too wide) in paragraph at lines 1--3
\TU/DejaVuSerif(0)/b/n/10 ation\TU/DejaVuSerif(0)/m/n/10 , \TU/DejaVuSerif(0)/b
/n/10 gog-gles\TU/DejaVuSerif(0)/m/n/10 , \TU/DejaVuSerif(0)/b/n/10 va-ca-tion\
TU/DejaVuSerif(0)/m/n/10 , cow-boy_hat, \TU/DejaVuSerif(0)/b/n/10 fe-dora\TU/De
jaVuSerif(0)/m/n/10 , \TU/DejaVuSerif(0)/b/n/10 leisure\TU/DejaVuSerif(0)/m/n/1
0 , \TU/DejaVuSerif(0)/b/n/10 swim-suit_top\TU/DejaVuSerif(0)/m/n/10 , \TU/Deja
VuSerif(0)/b/n/10 bikini\TU/DejaVuSerif(0)/m/n/10 ,
 []

) (./f3_pos/f3_pos_020.tex
Overfull \hbox (17.42415pt too wide) in paragraph at lines 1--3
[]  \TU/DejaVuSerif(0)/b/n/10 beach\TU/DejaVuSerif(0)/m/n/10 , \TU/DejaVuSerif(
0)/b/n/10 coast\TU/DejaVuSerif(0)/m/n/10 , \TU/DejaVuSerif(0)/b/n/10 coastal_and
_oceanic_land-forms\TU/DejaVuSerif(0)/m/n/10 , \TU/DejaVuSerif(0)/b/n/10 shore\
TU/DejaVuSerif(0)/m/n/10 , \TU/DejaVuSerif(0)/b/n/10 sea\TU/DejaVuSerif(0)/m/n/
10 , \TU/DejaVuSerif(0)/b/n/10 recre-ation\TU/DejaVuSerif(0)/m/n/10 , \TU/DejaV
uSerif(0)/b/n/10 ocean\TU/DejaVuSerif(0)/m/n/10 ,
 []


Overfull \hbox (2.02571pt too wide) in paragraph at lines 1--3
\TU/DejaVuSerif(0)/b/n/10 hol-i-day\TU/DejaVuSerif(0)/m/n/10 , \TU/DejaVuSerif(
0)/b/n/10 leisure\TU/DejaVuSerif(0)/m/n/10 , \TU/DejaVuSerif(0)/b/n/10 sand\TU/
DejaVuSerif(0)/m/n/10 , \TU/DejaVuSerif(0)/b/n/10 va-ca-tion\TU/DejaVuSerif(0)/
m/n/10 , \TU/DejaVuSerif(0)/b/n/10 travel\TU/DejaVuSerif(0)/m/n/10 , \TU/DejaVu
Serif(0)/b/n/10 bay\TU/DejaVuSerif(0)/m/n/10 , \TU/DejaVuSerif(0)/b/n/10 peo-ple
_on_beach\TU/DejaVuSerif(0)/m/n/10 , \TU/DejaVuSerif(0)/b/n/10 wind_wave\TU/Dej
aVuSerif(0)/m/n/10 ,
 []

) (./f3_pos/f3_pos_021.tex
Overfull \hbox (10.31673pt too wide) in paragraph at lines 1--3
\TU/DejaVuSerif(0)/m/n/10 gage_&_bags, \TU/DejaVuSerif(0)/b/n/10 sneak-ers\TU/D
ejaVuSerif(0)/m/n/10 , pedes-trian, back-pack, \TU/DejaVuSerif(0)/b/n/10 waist\
TU/DejaVuSerif(0)/m/n/10 , \TU/DejaVuSerif(0)/b/n/10 leisure\TU/DejaVuSerif(0)/
m/n/10 , \TU/DejaVuSerif(0)/b/n/10 hand-bag\TU/DejaVuSerif(0)/m/n/10 , \TU/Deja
VuSerif(0)/b/n/10 recre-
 []


Overfull \hbox (5.03352pt too wide) in paragraph at lines 1--3
\TU/DejaVuSerif(0)/b/n/10 ation\TU/DejaVuSerif(0)/m/n/10 , \TU/DejaVuSerif(0)/b
/n/10 bermuda_shorts\TU/DejaVuSerif(0)/m/n/10 , \TU/DejaVuSerif(0)/b/n/10 fun\T
U/DejaVuSerif(0)/m/n/10 , \TU/DejaVuSerif(0)/b/n/10 hu-man_back\TU/DejaVuSerif(
0)/m/n/10 , \TU/DejaVuSerif(0)/b/n/10 walk-ing\TU/DejaVuSerif(0)/m/n/10 , \TU/D
ejaVuSerif(0)/b/n/10 san-dal\TU/DejaVuSerif(0)/m/n/10 , \TU/DejaVuSerif(0)/b/n/
10 va-ca-tion\TU/DejaVuSerif(0)/m/n/10 , \TU/DejaVuSerif(0)/b/n/10 boot\TU/Deja
VuSerif(0)/m/n/10 ,
 []

[29]) (./f3_pos/f3_pos_022.tex
Overfull \hbox (15.56575pt too wide) in paragraph at lines 1--3
[]  \TU/DejaVuSerif(0)/b/n/10 beach\TU/DejaVuSerif(0)/m/n/10 , skyscraper, \TU/
DejaVuSerif(0)/b/n/10 coast\TU/DejaVuSerif(0)/m/n/10 , \TU/DejaVuSerif(0)/b/n/1
0 fun\TU/DejaVuSerif(0)/m/n/10 , high-rise_build-ing, \TU/DejaVuSerif(0)/b/n/10
 recre-ation\TU/DejaVuSerif(0)/m/n/10 , \TU/DejaVuSerif(0)/b/n/10 va-ca-tion\TU
/DejaVuSerif(0)/m/n/10 , \TU/DejaVuSerif(0)/b/n/10 leisure\TU/DejaVuSerif(0)/m/
n/10 ,
 []


Overfull \hbox (55.0306pt too wide) in paragraph at lines 1--3
\TU/DejaVuSerif(0)/b/n/10 day\TU/DejaVuSerif(0)/m/n/10 , \TU/DejaVuSerif(0)/b/n
/10 wave\TU/DejaVuSerif(0)/m/n/10 , cityscape, sky-line, \TU/DejaVuSerif(0)/b/n
/10 wind_wave\TU/DejaVuSerif(0)/m/n/10 , \TU/DejaVuSerif(0)/b/n/10 sand\TU/Deja
VuSerif(0)/m/n/10 , \TU/DejaVuSerif(0)/b/n/10 walk-ing\TU/DejaVuSerif(0)/m/n/10
 , \TU/DejaVuSerif(0)/b/n/10 hap-pi-ness\TU/DejaVuSerif(0)/m/n/10 , \TU/DejaVuS
erif(0)/b/n/10 bermuda_shorts\TU/DejaVuSerif(0)/m/n/10 ,
 []

) (./f3_pos/f3_pos_023.tex) (./f3_pos/f3_pos_024.tex
Overfull \hbox (6.69563pt too wide) in paragraph at lines 1--3
\TU/DejaVuSerif(0)/b/n/10 hat\TU/DejaVuSerif(0)/m/n/10 , \TU/DejaVuSerif(0)/b/n
/10 hand-bag\TU/DejaVuSerif(0)/m/n/10 , \TU/DejaVuSerif(0)/b/n/10 crowd\TU/Deja
VuSerif(0)/m/n/10 , \TU/DejaVuSerif(0)/b/n/10 fun\TU/DejaVuSerif(0)/m/n/10 , \T
U/DejaVuSerif(0)/b/n/10 hu-man_back\TU/DejaVuSerif(0)/m/n/10 , \TU/DejaVuSerif(
0)/b/n/10 leisure\TU/DejaVuSerif(0)/m/n/10 , \TU/DejaVuSerif(0)/b/n/10 torso\TU
/DejaVuSerif(0)/m/n/10 , \TU/DejaVuSerif(0)/b/n/10 hip\TU/DejaVuSerif(0)/m/n/10
 , \TU/DejaVuSerif(0)/b/n/10 feath-ered_hair\TU/DejaVuSerif(0)/m/n/10 ,
 []

) (./f3_pos/f3_pos_025.tex) (./f3_pos/f3_pos_026.tex) (./f3_pos/f3_pos_027.tex
Overfull \hbox (8.06282pt too wide) in paragraph at lines 1--3
\TU/DejaVuSerif(0)/m/n/10 lic_space, \TU/DejaVuSerif(0)/b/n/10 recre-ation\TU/D
ejaVuSerif(0)/m/n/10 , \TU/DejaVuSerif(0)/b/n/10 jeans\TU/DejaVuSerif(0)/m/n/10
 , street, lug-gage_&_bags, \TU/DejaVuSerif(0)/b/n/10 crowd\TU/DejaVuSerif(0)/m
/n/10 , \TU/DejaVuSerif(0)/b/n/10 fun\TU/DejaVuSerif(0)/m/n/10 , \TU/DejaVuSeri
f(0)/b/n/10 bag\TU/DejaVuSerif(0)/m/n/10 , \TU/DejaVuSerif(0)/b/n/10 leisure\TU
/DejaVuSerif(0)/m/n/10 ,
 []

) (./f3_pos/f3_pos_028.tex
Overfull \hbox (0.18001pt too wide) in paragraph at lines 1--3
\TU/DejaVuSerif(0)/b/n/10 shorts\TU/DejaVuSerif(0)/m/n/10 , \TU/DejaVuSerif(0)/
b/n/10 torso\TU/DejaVuSerif(0)/m/n/10 , \TU/DejaVuSerif(0)/b/n/10 bare-foot\TU/
DejaVuSerif(0)/m/n/10 , vil-lage, tribe, \TU/DejaVuSerif(0)/b/n/10 sand\TU/Deja
VuSerif(0)/m/n/10 , \TU/DejaVuSerif(0)/b/n/10 bermuda_shorts\TU/DejaVuSerif(0)/
m/n/10 , \TU/DejaVuSerif(0)/b/n/10 hu-man_back\TU/DejaVuSerif(0)/m/n/10 ,
 []

[30]) (./f3_pos/f3_pos_029.tex
Overfull \hbox (30.78548pt too wide) in paragraph at lines 1--3
[]  \TU/DejaVuSerif(0)/b/n/10 shorts\TU/DejaVuSerif(0)/m/n/10 , \TU/DejaVuSerif
(0)/b/n/10 player\TU/DejaVuSerif(0)/m/n/10 , \TU/DejaVuSerif(0)/b/n/10 shoe\TU/
DejaVuSerif(0)/m/n/10 , \TU/DejaVuSerif(0)/b/n/10 footwear\TU/DejaVuSerif(0)/m/
n/10 , team_sport, soc-cer_player, \TU/DejaVuSerif(0)/b/n/10 foot-ball\TU/DejaV
uSerif(0)/m/n/10 , \TU/DejaVuSerif(0)/b/n/10 sports_venue\TU/DejaVuSerif(0)/m/n
/10 ,
 []


Overfull \hbox (0.78352pt too wide) in paragraph at lines 1--3
\TU/DejaVuSerif(0)/m/n/10 sports_uni-form, \TU/DejaVuSerif(0)/b/n/10 sock\TU/De
jaVuSerif(0)/m/n/10 , soc-cer_ball, jer-sey, foot-ball_player, \TU/DejaVuSerif(
0)/b/n/10 sports\TU/DejaVuSerif(0)/m/n/10 , sports_equip-
 []


Overfull \hbox (8.5306pt too wide) in paragraph at lines 1--3
\TU/DejaVuSerif(0)/m/n/10 team, sports_fan_jer-sey, \TU/DejaVuSerif(0)/b/n/10 so
ccer-specific_sta-dium\TU/DejaVuSerif(0)/m/n/10 , com-pe-ti-tion, \TU/DejaVuSer
if(0)/b/n/10 sta-dium\TU/DejaVuSerif(0)/m/n/10 , train-
 []


Overfull \hbox (59.96321pt too wide) in paragraph at lines 1--3
\TU/DejaVuSerif(0)/m/n/10 ing, \TU/DejaVuSerif(0)/b/n/10 ar-ti-fi-cial_turf\TU/
DejaVuSerif(0)/m/n/10 , kick, for-ward, sports_train-ing, cleat, football--equip
ment_and_supplies,
 []

) (./f3_pos/f3_pos_030.tex
Overfull \hbox (6.46223pt too wide) in paragraph at lines 1--3
\TU/DejaVuSerif(0)/m/n/10 team, com-pe-ti-tion_event, \TU/DejaVuSerif(0)/b/n/10
 sports\TU/DejaVuSerif(0)/m/n/10 , \TU/DejaVuSerif(0)/b/n/10 sportswear\TU/Deja
VuSerif(0)/m/n/10 , \TU/DejaVuSerif(0)/b/n/10 ac-tive_shorts\TU/DejaVuSerif(0)/
m/n/10 , tour-na-ment, foot-
 []


Overfull \hbox (29.33626pt too wide) in paragraph at lines 1--3
\TU/DejaVuSerif(0)/m/n/10 ball_player, sports_fan_jer-sey, \TU/DejaVuSerif(0)/b
/n/10 recre-ation\TU/DejaVuSerif(0)/m/n/10 , \TU/DejaVuSerif(0)/b/n/10 calf\TU/
DejaVuSerif(0)/m/n/10 , cham-pi-onship, \TU/DejaVuSerif(0)/b/n/10 soccer-specifi
c_sta-
 []


Overfull \hbox (10.51399pt too wide) in paragraph at lines 1--3
\TU/DejaVuSerif(0)/b/n/10 dium\TU/DejaVuSerif(0)/m/n/10 , \TU/DejaVuSerif(0)/b/
n/10 foot-ball\TU/DejaVuSerif(0)/m/n/10 , \TU/DejaVuSerif(0)/b/n/10 fan\TU/Deja
VuSerif(0)/m/n/10 , \TU/DejaVuSerif(0)/b/n/10 trunks\TU/DejaVuSerif(0)/m/n/10 , \TU/DejaVuSerif(0)/b/n/10 sock\TU/DejaVuSerif(0)/m/n/10 , \TU/DejaVuSerif(0)/b/n/10 ar-ti-fi-cial_turf\TU/DejaVuSerif(0)/m/n/10 , \TU/DejaVuSerif(0)/b/n/10 crowd\TU/DejaVuSerif(0)/m/n/10 , soc-cer_player, \TU/DejaVuSerif(0)/b/n/10 arena\TU/DejaVuSerif(0)/m/n/10 ,
 []

) (./f3_pos/f3_pos_031.tex
Overfull \hbox (10.68391pt too wide) in paragraph at lines 1--3
[]  \TU/DejaVuSerif(0)/b/n/10 un-der-gar-ment\TU/DejaVuSerif(0)/m/n/10 , \TU/De
jaVuSerif(0)/b/n/10 un-der-pants\TU/DejaVuSerif(0)/m/n/10 , \TU/DejaVuSerif(0)/
b/n/10 briefs\TU/DejaVuSerif(0)/m/n/10 , \TU/DejaVuSerif(0)/b/n/10 ac-tive_un-de
r-gar-ment\TU/DejaVuSerif(0)/m/n/10 , \TU/DejaVuSerif(0)/b/n/10 thigh\TU/DejaVu
Serif(0)/m/n/10 , \TU/DejaVuSerif(0)/b/n/10 ab-domen\TU/DejaVuSerif(0)/m/n/10 ,
 []


Overfull \hbox (24.29622pt too wide) in paragraph at lines 1--3
\TU/DejaVuSerif(0)/m/n/10 pink, \TU/DejaVuSerif(0)/b/n/10 swim-suit\TU/DejaVuSe
rif(0)/m/n/10 , \TU/DejaVuSerif(0)/b/n/10 waist\TU/DejaVuSerif(0)/m/n/10 , \TU/
DejaVuSerif(0)/b/n/10 torso\TU/DejaVuSerif(0)/m/n/10 , \TU/DejaVuSerif(0)/b/n/1
0 stom-ach\TU/DejaVuSerif(0)/m/n/10 , \TU/DejaVuSerif(0)/b/n/10 swim-suit_bot-to
m\TU/DejaVuSerif(0)/m/n/10 , jock-strap, swim_briefs,
 []

) (./f3_pos/f3_pos_032.tex
Overfull \hbox (17.04524pt too wide) in paragraph at lines 1--3
\TU/DejaVuSerif(0)/m/n/10 pedes-trian, lug-gage_&_bags, street, \TU/DejaVuSerif
(0)/b/n/10 waist\TU/DejaVuSerif(0)/m/n/10 , \TU/DejaVuSerif(0)/b/n/10 hand-bag\
TU/DejaVuSerif(0)/m/n/10 , \TU/DejaVuSerif(0)/b/n/10 leisure\TU/DejaVuSerif(0)/
m/n/10 , \TU/DejaVuSerif(0)/b/n/10 fun\TU/DejaVuSerif(0)/m/n/10 , \TU/DejaVuSer
if(0)/b/n/10 hu-man_back\TU/DejaVuSerif(0)/m/n/10 ,
 []

) (./f3_pos/f3_pos_033.tex) (./f3_pos/f3_pos_034.tex
Overfull \hbox (33.71516pt too wide) in paragraph at lines 1--3
\TU/DejaVuSerif(0)/m/n/10 ges-ture, \TU/DejaVuSerif(0)/b/n/10 cel-e-brat-ing\TU
/DejaVuSerif(0)/m/n/10 , \TU/DejaVuSerif(0)/b/n/10 sun-glasses\TU/DejaVuSerif(0
)/m/n/10 , \TU/DejaVuSerif(0)/b/n/10 fes-ti-val\TU/DejaVuSerif(0)/m/n/10 , \TU/
DejaVuSerif(0)/b/n/10 party\TU/DejaVuSerif(0)/m/n/10 , \TU/DejaVuSerif(0)/b/n/1
0 laugh-ter\TU/DejaVuSerif(0)/m/n/10 , \TU/DejaVuSerif(0)/b/n/10 gog-gles\TU/De
jaVuSerif(0)/m/n/10 , \TU/DejaVuSerif(0)/b/n/10 block_party\TU/DejaVuSerif(0)/m
/n/10 ,
 []

) (./f3_pos/f3_pos_035.tex
Overfull \hbox (36.01985pt too wide) in paragraph at lines 1--3
[]  \TU/DejaVuSerif(0)/b/n/10 sports_venue\TU/DejaVuSerif(0)/m/n/10 , \TU/DejaV
uSerif(0)/b/n/10 player\TU/DejaVuSerif(0)/m/n/10 , team_sport, soc-cer_player, 
\TU/DejaVuSerif(0)/b/n/10 foot-ball\TU/DejaVuSerif(0)/m/n/10 , red, \TU/DejaVuS
erif(0)/b/n/10 sta-dium\TU/DejaVuSerif(0)/m/n/10 , sports_uni-
 []


Overfull \hbox (43.21223pt too wide) in paragraph at lines 1--3
\TU/DejaVuSerif(0)/m/n/10 form, foot-ball_player, jer-sey, com-pe-ti-tion_event,
 \TU/DejaVuSerif(0)/b/n/10 ball_game\TU/DejaVuSerif(0)/m/n/10 , team, \TU/DejaV
uSerif(0)/b/n/10 sports\TU/DejaVuSerif(0)/m/n/10 , \TU/DejaVuSerif(0)/b/n/10 spo
rtswear\TU/DejaVuSerif(0)/m/n/10 ,
 []


Overfull \hbox (24.44173pt too wide) in paragraph at lines 1--3
\TU/DejaVuSerif(0)/b/n/10 ti-fi-cial_turf\TU/DejaVuSerif(0)/m/n/10 , soc-cer_bal
l, for-ward, con-tact_sport, football--equipment_and_supplies,
 []

[31]) (./f3_pos/f3_pos_036.tex
Overfull \hbox (2.18489pt too wide) in paragraph at lines 1--3
[]  \TU/DejaVuSerif(0)/b/n/10 sports_venue\TU/DejaVuSerif(0)/m/n/10 , team_sport
, \TU/DejaVuSerif(0)/b/n/10 player\TU/DejaVuSerif(0)/m/n/10 , \TU/DejaVuSerif(0
)/b/n/10 sta-dium\TU/DejaVuSerif(0)/m/n/10 , \TU/DejaVuSerif(0)/b/n/10 shorts\T
U/DejaVuSerif(0)/m/n/10 , team, com-pe-ti-tion_event,
 []


Overfull \hbox (22.28743pt too wide) in paragraph at lines 1--3
\TU/DejaVuSerif(0)/m/n/10 sports_uni-form, \TU/DejaVuSerif(0)/b/n/10 foot-ball\
TU/DejaVuSerif(0)/m/n/10 , jer-sey, soc-cer_player, \TU/DejaVuSerif(0)/b/n/10 ba
ll_game\TU/DejaVuSerif(0)/m/n/10 , foot-ball_player, \TU/DejaVuSerif(0)/b/n/10 
sports\TU/DejaVuSerif(0)/m/n/10 ,
 []


Overfull \hbox (2.79622pt too wide) in paragraph at lines 1--3
\TU/DejaVuSerif(0)/b/n/10 sportswear\TU/DejaVuSerif(0)/m/n/10 , \TU/DejaVuSerif
(0)/b/n/10 soccer-specific_sta-dium\TU/DejaVuSerif(0)/m/n/10 , sports_fan_jer-se
y, \TU/DejaVuSerif(0)/b/n/10 ac-tive_shorts\TU/DejaVuSerif(0)/m/n/10 , \TU/Deja
VuSerif(0)/b/n/10 calf\TU/DejaVuSerif(0)/m/n/10 ,
 []

) (./f3_pos/f3_pos_037.tex
Overfull \hbox (5.17513pt too wide) in paragraph at lines 1--3
[]  \TU/DejaVuSerif(0)/b/n/10 peo-ple\TU/DejaVuSerif(0)/m/n/10 , \TU/DejaVuSeri
f(0)/b/n/10 hu-man_body\TU/DejaVuSerif(0)/m/n/10 , tem-ple, \TU/DejaVuSerif(0)/
b/n/10 shorts\TU/DejaVuSerif(0)/m/n/10 , \TU/DejaVuSerif(0)/b/n/10 crowd\TU/Dej
aVuSerif(0)/m/n/10 , pedes-trian, pub-lic_space, \TU/DejaVuSerif(0)/b/n/10 recre
-
 []

) (./f3_pos/f3_pos_038.tex) (./f3_pos/f3_pos_039.tex
Overfull \hbox (18.99153pt too wide) in paragraph at lines 1--3
\TU/DejaVuSerif(0)/b/n/10 rax\TU/DejaVuSerif(0)/m/n/10 , \TU/DejaVuSerif(0)/b/n
/10 un-der-gar-ment\TU/DejaVuSerif(0)/m/n/10 , \TU/DejaVuSerif(0)/b/n/10 vest\T
U/DejaVuSerif(0)/m/n/10 , \TU/DejaVuSerif(0)/b/n/10 ac-tive_un-der-gar-ment\TU/
DejaVuSerif(0)/m/n/10 , \TU/DejaVuSerif(0)/b/n/10 swim-suit\TU/DejaVuSerif(0)/m
/n/10 , un-der-shirt, \TU/DejaVuSerif(0)/b/n/10 trunks\TU/DejaVuSerif(0)/m/n/10
 ,
 []

) (./f3_pos/f3_pos_040.tex
Overfull \hbox (5.1136pt too wide) in paragraph at lines 1--3
[]  \TU/DejaVuSerif(0)/b/n/10 peo-ple\TU/DejaVuSerif(0)/m/n/10 , \TU/DejaVuSeri
f(0)/b/n/10 crowd\TU/DejaVuSerif(0)/m/n/10 , \TU/DejaVuSerif(0)/b/n/10 recre-ati
on\TU/DejaVuSerif(0)/m/n/10 , \TU/DejaVuSerif(0)/b/n/10 fan\TU/DejaVuSerif(0)/m
/n/10 , \TU/DejaVuSerif(0)/b/n/10 pub-lic_event\TU/DejaVuSerif(0)/m/n/10 , \TU/
DejaVuSerif(0)/b/n/10 leisure\TU/DejaVuSerif(0)/m/n/10 , \TU/DejaVuSerif(0)/b/n
/10 au-di-ence\TU/DejaVuSerif(0)/m/n/10 , \TU/DejaVuSerif(0)/b/n/10 fun\TU/Deja
VuSerif(0)/m/n/10 , pedes-
 []

) (./f3_neg/f3_neg_001.tex
Overfull \hbox (19.93196pt too wide) in paragraph at lines 1--3
[]  \TU/DejaVuSerif(0)/b/n/10 land_ve-hi-cle\TU/DejaVuSerif(0)/m/n/10 , \TU/Dej
aVuSerif(0)/b/n/10 car\TU/DejaVuSerif(0)/m/n/10 , \TU/DejaVuSerif(0)/b/n/10 ve-h
i-cle\TU/DejaVuSerif(0)/m/n/10 , \TU/DejaVuSerif(0)/b/n/10 mo-tor_ve-hi-cle\TU/
DejaVuSerif(0)/m/n/10 , au-to-mo-tive_light-ing, \TU/DejaVuSerif(0)/b/n/10 au-to
-mo-tive_ex-
 []


Overfull \hbox (11.92805pt too wide) in paragraph at lines 1--3
\TU/DejaVuSerif(0)/b/n/10 au-to-mo-tive_side-view_mir-ror\TU/DejaVuSerif(0)/m/n
/10 , \TU/DejaVuSerif(0)/b/n/10 au-to-mo-tive_mir-ror\TU/DejaVuSerif(0)/m/n/10 
, au-to-mo-tive_park-ing_light,
 []


Overfull \hbox (12.70345pt too wide) in paragraph at lines 1--3
\TU/DejaVuSerif(0)/b/n/10 au-to-mo-tive_wheel_sys-tem\TU/DejaVuSerif(0)/m/n/10 
, fender, \TU/DejaVuSerif(0)/b/n/10 wind-shield\TU/DejaVuSerif(0)/m/n/10 , \TU/
DejaVuSerif(0)/b/n/10 sub-com-pact_car\TU/DejaVuSerif(0)/m/n/10 , ve-hi-cle_reg-

 []


Overfull \hbox (74.87825pt too wide) in paragraph at lines 1--3
\TU/DejaVuSerif(0)/m/n/10 ad-ver-tis-ing, \TU/DejaVuSerif(0)/b/n/10 com-pact_car
\TU/DejaVuSerif(0)/m/n/10 , hot_hatch, hard-top, \TU/DejaVuSerif(0)/b/n/10 mid-s
ize_car\TU/DejaVuSerif(0)/m/n/10 , au-to-mo-tive_tail_&_brake_light,
 []


Overfull \hbox (8.04036pt too wide) in paragraph at lines 1--3
\TU/DejaVuSerif(0)/m/n/10 au-to-mo-tive_side_marker_light, hyundai_mo-tor_com-pa
ny, su-per-mini, grille, head-
 []


Overfull \hbox (25.10286pt too wide) in paragraph at lines 1--3
\TU/DejaVuSerif(0)/m/n/10 lamp, \TU/DejaVuSerif(0)/b/n/10 per-sonal_lux-ury_car\TU/DejaVuSerif(0)/m/n/10 , tire_care, \TU/DejaVuSerif(0)/b/n/10 elec-tric_ve-hi-cle\TU/DejaVuSerif(0)/m/n/10 , com-pact_mpv, \TU/DejaVuSerif(0)/b/n/10 sport_util-
 []


Overfull \hbox (14.76692pt too wide) in paragraph at lines 1--3
\TU/DejaVuSerif(0)/b/n/10 ity_ve-hi-cle\TU/DejaVuSerif(0)/m/n/10 , au-to-mo-tive
_light_bulb, mini_sport_util-ity_ve-hi-cle, \TU/DejaVuSerif(0)/b/n/10 au-to-mo-t
ive_care\TU/DejaVuSerif(0)/m/n/10 ,
 []

[32]) (./f3_neg/f3_neg_002.tex
Overfull \hbox (39.03157pt too wide) in paragraph at lines 1--3
[]  \TU/DejaVuSerif(0)/b/n/10 mo-tor_ve-hi-cle\TU/DejaVuSerif(0)/m/n/10 , \TU/D
ejaVuSerif(0)/b/n/10 au-to-mo-tive_ex-te-rior\TU/DejaVuSerif(0)/m/n/10 , au-to-m
o-tive_tire, \TU/DejaVuSerif(0)/b/n/10 car\TU/DejaVuSerif(0)/m/n/10 , \TU/DejaV
uSerif(0)/b/n/10 au-to-mo-tive_wheel_sys-
 []


Overfull \hbox (17.47688pt too wide) in paragraph at lines 1--3
\TU/DejaVuSerif(0)/m/n/10 tra-tion_plate, \TU/DejaVuSerif(0)/b/n/10 emer-gency_s
er-vice\TU/DejaVuSerif(0)/m/n/10 , \TU/DejaVuSerif(0)/b/n/10 law_en-force-ment\
TU/DejaVuSerif(0)/m/n/10 , au-to-mo-tive_lug-gage_rack,
 []

) (./f3_neg/f3_neg_003.tex
Overfull \hbox (21.31868pt too wide) in paragraph at lines 1--3
[]  \TU/DejaVuSerif(0)/b/n/10 mode_of_trans-port\TU/DejaVuSerif(0)/m/n/10 , \TU
/DejaVuSerif(0)/b/n/10 mo-tor_ve-hi-cle\TU/DejaVuSerif(0)/m/n/10 , \TU/DejaVuSe
rif(0)/b/n/10 au-to-mo-tive_ex-te-rior\TU/DejaVuSerif(0)/m/n/10 , \TU/DejaVuSer
if(0)/b/n/10 car\TU/DejaVuSerif(0)/m/n/10 , \TU/DejaVuSerif(0)/b/n/10 van\TU/De
jaVuSerif(0)/m/n/10 , \TU/DejaVuSerif(0)/b/n/10 light_com-
 []


Overfull \hbox (4.11946pt too wide) in paragraph at lines 1--3
\TU/DejaVuSerif(0)/b/n/10 mer-cial_ve-hi-cle\TU/DejaVuSerif(0)/m/n/10 , \TU/Dej
aVuSerif(0)/b/n/10 emer-gency_ve-hi-cle\TU/DejaVuSerif(0)/m/n/10 , \TU/DejaVuSe
rif(0)/b/n/10 emer-gency_ser-vice\TU/DejaVuSerif(0)/m/n/10 , \TU/DejaVuSerif(0)
/b/n/10 work-wear\TU/DejaVuSerif(0)/m/n/10 , \TU/DejaVuSerif(0)/b/n/10 com-
 []


Overfull \hbox (89.72298pt too wide) in paragraph at lines 1--3
\TU/DejaVuSerif(0)/b/n/10 to-mo-tive_side-view_mir-ror\TU/DejaVuSerif(0)/m/n/10
 , am-bu-lance, \TU/DejaVuSerif(0)/b/n/10 com-mer-cial_ve-hi-cle\TU/DejaVuSerif
(0)/m/n/10 , au-to-mo-tive_tail_&_brake_light,
 []

) (./f3_neg/f3_neg_004.tex
Overfull \hbox (15.58626pt too wide) in paragraph at lines 1--3
\TU/DejaVuSerif(0)/b/n/10 tive_ex-te-rior\TU/DejaVuSerif(0)/m/n/10 , au-to-mo-ti
ve_tire, freez-ing, hatch-back, \TU/DejaVuSerif(0)/b/n/10 car_door\TU/DejaVuSer
if(0)/m/n/10 , \TU/DejaVuSerif(0)/b/n/10 sub-com-pact_car\TU/DejaVuSerif(0)/m/n
/10 ,
 []


Overfull \hbox (24.0306pt too wide) in paragraph at lines 1--3
\TU/DejaVuSerif(0)/b/n/10 au-to-mo-tive_mir-ror\TU/DejaVuSerif(0)/m/n/10 , \TU/
DejaVuSerif(0)/b/n/10 fam-ily_car\TU/DejaVuSerif(0)/m/n/10 , \TU/DejaVuSerif(0)
/b/n/10 bumper\TU/DejaVuSerif(0)/m/n/10 , fender, \TU/DejaVuSerif(0)/b/n/10 park
-ing\TU/DejaVuSerif(0)/m/n/10 , \TU/DejaVuSerif(0)/b/n/10 wind-shield\TU/DejaVu
Serif(0)/m/n/10 , \TU/DejaVuSerif(0)/b/n/10 city_car\TU/DejaVuSerif(0)/m/n/10 ,
 []

) (./f3_neg/f3_neg_005.tex
Overfull \hbox (17.32747pt too wide) in paragraph at lines 1--3
\TU/DejaVuSerif(0)/b/n/10 to-mo-tive_ex-te-rior\TU/DejaVuSerif(0)/m/n/10 , \TU/
DejaVuSerif(0)/b/n/10 emer-gency_ve-hi-cle\TU/DejaVuSerif(0)/m/n/10 , \TU/DejaV
uSerif(0)/b/n/10 van\TU/DejaVuSerif(0)/m/n/10 , \TU/DejaVuSerif(0)/b/n/10 com-me
r-cial_ve-hi-cle\TU/DejaVuSerif(0)/m/n/10 , \TU/DejaVuSerif(0)/b/n/10 light_com-

 []


Overfull \hbox (7.82063pt too wide) in paragraph at lines 1--3
\TU/DejaVuSerif(0)/m/n/10 bu-lance, \TU/DejaVuSerif(0)/b/n/10 truck\TU/DejaVuSe
rif(0)/m/n/10 , \TU/DejaVuSerif(0)/b/n/10 wind-shield\TU/DejaVuSerif(0)/m/n/10 
, \TU/DejaVuSerif(0)/b/n/10 law_en-force-ment\TU/DejaVuSerif(0)/m/n/10 , au-to-m
o-tive_tail_&_brake_light,
 []

) (./f3_neg/f3_neg_006.tex
Overfull \hbox (38.96321pt too wide) in paragraph at lines 1--3
\TU/DejaVuSerif(0)/m/n/10 tive_park-ing_light, \TU/DejaVuSerif(0)/b/n/10 au-to-m
o-tive_mir-ror\TU/DejaVuSerif(0)/m/n/10 , \TU/DejaVuSerif(0)/b/n/10 fam-ily_car\TU/DejaVuSerif(0)/m/n/10 , \TU/DejaVuSerif(0)/b/n/10 lux-ury_ve-hi-cle\TU/DejaVuSerif(0)/m/n/10 , \TU/DejaVuSerif(0)/b/n/10 rear-view_mir-
 []

) (./f3_neg/f3_neg_007.tex
Overfull \hbox (28.26204pt too wide) in paragraph at lines 1--3
[]  \TU/DejaVuSerif(0)/b/n/10 mo-tor_ve-hi-cle\TU/DejaVuSerif(0)/m/n/10 , \TU/D
ejaVuSerif(0)/b/n/10 au-to-mo-tive_ex-te-rior\TU/DejaVuSerif(0)/m/n/10 , \TU/De
jaVuSerif(0)/b/n/10 car\TU/DejaVuSerif(0)/m/n/10 , \TU/DejaVuSerif(0)/b/n/10 car
_door\TU/DejaVuSerif(0)/m/n/10 , \TU/DejaVuSerif(0)/b/n/10 wind-shield\TU/DejaV
uSerif(0)/m/n/10 , \TU/DejaVuSerif(0)/b/n/10 rear-view_mir-
 []


Overfull \hbox (16.65071pt too wide) in paragraph at lines 1--3
\TU/DejaVuSerif(0)/b/n/10 ror\TU/DejaVuSerif(0)/m/n/10 , \TU/DejaVuSerif(0)/b/n
/10 fam-ily_car\TU/DejaVuSerif(0)/m/n/10 , \TU/DejaVuSerif(0)/b/n/10 lux-ury_ve-
hi-cle\TU/DejaVuSerif(0)/m/n/10 , \TU/DejaVuSerif(0)/b/n/10 per-sonal_lux-ury_ca
r\TU/DejaVuSerif(0)/m/n/10 , \TU/DejaVuSerif(0)/b/n/10 glass\TU/DejaVuSerif(0)/
m/n/10 , \TU/DejaVuSerif(0)/b/n/10 au-to-mo-tive_mir-
 []


Overfull \hbox (5.21321pt too wide) in paragraph at lines 1--3
\TU/DejaVuSerif(0)/b/n/10 ror\TU/DejaVuSerif(0)/m/n/10 , \TU/DejaVuSerif(0)/b/n
/10 mid-size_car\TU/DejaVuSerif(0)/m/n/10 , \TU/DejaVuSerif(0)/b/n/10 city_car\
TU/DejaVuSerif(0)/m/n/10 , \TU/DejaVuSerif(0)/b/n/10 au-to-mo-tive_side-view_mir
-ror\TU/DejaVuSerif(0)/m/n/10 , \TU/DejaVuSerif(0)/b/n/10 sport_util-ity_ve-
 []


Overfull \hbox (16.17415pt too wide) in paragraph at lines 1--3
\TU/DejaVuSerif(0)/b/n/10 hi-cle\TU/DejaVuSerif(0)/m/n/10 , \TU/DejaVuSerif(0)/
b/n/10 wind-screen_wiper\TU/DejaVuSerif(0)/m/n/10 , full-size_car, \TU/DejaVuSe
rif(0)/b/n/10 ex-ec-u-tive_car\TU/DejaVuSerif(0)/m/n/10 , sedan, hood, \TU/Deja
VuSerif(0)/b/n/10 elec-tric_ve-
 []

[33]) (./f3_neg/f3_neg_008.tex
Overfull \hbox (19.64876pt too wide) in paragraph at lines 1--3
\TU/DejaVuSerif(0)/b/n/10 hi-cle\TU/DejaVuSerif(0)/m/n/10 , \TU/DejaVuSerif(0)/
b/n/10 sport_util-ity_ve-hi-cle\TU/DejaVuSerif(0)/m/n/10 , \TU/DejaVuSerif(0)/b
/n/10 bumper\TU/DejaVuSerif(0)/m/n/10 , \TU/DejaVuSerif(0)/b/n/10 sub-com-pact_c
ar\TU/DejaVuSerif(0)/m/n/10 , \TU/DejaVuSerif(0)/b/n/10 mid-size_car\TU/DejaVuS
erif(0)/m/n/10 , \TU/DejaVuSerif(0)/b/n/10 city_car\TU/DejaVuSerif(0)/m/n/10 ,
 []


Overfull \hbox (4.64485pt too wide) in paragraph at lines 1--3
\TU/DejaVuSerif(0)/m/n/10 com-pact_mpv, \TU/DejaVuSerif(0)/b/n/10 com-pact_car\
TU/DejaVuSerif(0)/m/n/10 , \TU/DejaVuSerif(0)/b/n/10 per-sonal_lux-ury_car\TU/D
ejaVuSerif(0)/m/n/10 , au-to-mo-tive_car-ry-ing_rack,
 []

) (./f3_neg/f3_neg_009.tex
Overfull \hbox (2.05598pt too wide) in paragraph at lines 1--3
\TU/DejaVuSerif(0)/b/n/10 sonal_lux-ury_car\TU/DejaVuSerif(0)/m/n/10 , \TU/Deja
VuSerif(0)/b/n/10 wind-shield\TU/DejaVuSerif(0)/m/n/10 , \TU/DejaVuSerif(0)/b/n
/10 glass\TU/DejaVuSerif(0)/m/n/10 , \TU/DejaVuSerif(0)/b/n/10 fam-ily_car\TU/D
ejaVuSerif(0)/m/n/10 , \TU/DejaVuSerif(0)/b/n/10 au-to-mo-tive_mir-ror\TU/DejaV
uSerif(0)/m/n/10 , \TU/DejaVuSerif(0)/b/n/10 rear-
 []


Overfull \hbox (13.84798pt too wide) in paragraph at lines 1--3
\TU/DejaVuSerif(0)/b/n/10 view_mir-ror\TU/DejaVuSerif(0)/m/n/10 , \TU/DejaVuSer
if(0)/b/n/10 wind-screen_wiper\TU/DejaVuSerif(0)/m/n/10 , \TU/DejaVuSerif(0)/b/
n/10 car_seat\TU/DejaVuSerif(0)/m/n/10 , \TU/DejaVuSerif(0)/b/n/10 mid-size_car\TU/DejaVuSerif(0)/m/n/10 , \TU/DejaVuSerif(0)/b/n/10 ex-ec-u-tive_car\TU/DejaVuSerif(0)/m/n/10 , bmw,
 []

) (./f3_neg/f3_neg_010.tex
Overfull \hbox (27.70833pt too wide) in paragraph at lines 1--3
[]  \TU/DejaVuSerif(0)/b/n/10 mo-tor_ve-hi-cle\TU/DejaVuSerif(0)/m/n/10 , \TU/D
ejaVuSerif(0)/b/n/10 au-to-mo-tive_ex-te-rior\TU/DejaVuSerif(0)/m/n/10 , \TU/De
jaVuSerif(0)/b/n/10 van\TU/DejaVuSerif(0)/m/n/10 , \TU/DejaVuSerif(0)/b/n/10 eme
r-gency_ve-hi-cle\TU/DejaVuSerif(0)/m/n/10 , \TU/DejaVuSerif(0)/b/n/10 emer-genc
y_ser-
 []


Overfull \hbox (8.19368pt too wide) in paragraph at lines 1--3
\TU/DejaVuSerif(0)/b/n/10 vice\TU/DejaVuSerif(0)/m/n/10 , pedes-trian, am-bu-lan
ce, \TU/DejaVuSerif(0)/b/n/10 com-pact_van\TU/DejaVuSerif(0)/m/n/10 , \TU/DejaV
uSerif(0)/b/n/10 light_com-mer-cial_ve-hi-cle\TU/DejaVuSerif(0)/m/n/10 , \TU/De
jaVuSerif(0)/b/n/10 emer-
 []

) (./f3_neg/f3_neg_011.tex
Overfull \hbox (1.23079pt too wide) in paragraph at lines 1--3
\TU/DejaVuSerif(0)/m/n/10 rise_build-ing, con-do-minium, \TU/DejaVuSerif(0)/b/n
/10 ur-ban_de-sign\TU/DejaVuSerif(0)/m/n/10 , apart-ment, \TU/DejaVuSerif(0)/b/
n/10 mixed-use\TU/DejaVuSerif(0)/m/n/10 , \TU/DejaVuSerif(0)/b/n/10 metropo-
 []


Overfull \hbox (5.82356pt too wide) in paragraph at lines 1--3
\TU/DejaVuSerif(0)/b/n/10 com-pact_car\TU/DejaVuSerif(0)/m/n/10 , full-size_car,
 au-to-mo-tive_tail_&_brake_light, \TU/DejaVuSerif(0)/b/n/10 park-ing\TU/DejaVu
Serif(0)/m/n/10 , hot_hatch,
 []

) (./f3_neg/f3_neg_012.tex
Overfull \hbox (28.29427pt too wide) in paragraph at lines 1--3
[]  \TU/DejaVuSerif(0)/b/n/10 au-to-mo-tive_ex-te-rior\TU/DejaVuSerif(0)/m/n/10
 , \TU/DejaVuSerif(0)/b/n/10 high-visibility_cloth-ing\TU/DejaVuSerif(0)/m/n/10
 , po-lice_of-fi-cer, pedes-trian, \TU/DejaVuSerif(0)/b/n/10 law_en-
 []

) (./f3_neg/f3_neg_013.tex
Overfull \hbox (4.39192pt too wide) in paragraph at lines 1--3
[]  \TU/DejaVuSerif(0)/b/n/10 land_ve-hi-cle\TU/DejaVuSerif(0)/m/n/10 , \TU/Dej
aVuSerif(0)/b/n/10 ve-hi-cle\TU/DejaVuSerif(0)/m/n/10 , \TU/DejaVuSerif(0)/b/n/
10 mode_of_trans-port\TU/DejaVuSerif(0)/m/n/10 , tire, wheel, \TU/DejaVuSerif(0
)/b/n/10 trans-port\TU/DejaVuSerif(0)/m/n/10 , \TU/DejaVuSerif(0)/b/n/10 mo-tor_
ve-
 []


Overfull \hbox (7.88704pt too wide) in paragraph at lines 1--3
\TU/DejaVuSerif(0)/m/n/10 ve-hi-cle_reg-is-tra-tion_plate, pedes-trian, mo-tor-c
y-cle, \TU/DejaVuSerif(0)/b/n/10 au-to-mo-tive_wheel_sys-tem\TU/DejaVuSerif(0)/
m/n/10 ,
 []


Overfull \hbox (6.10188pt too wide) in paragraph at lines 1--3
\TU/DejaVuSerif(0)/b/n/10 au-to-mo-tive_mir-ror\TU/DejaVuSerif(0)/m/n/10 , au-to
-mo-tive_tail_&_brake_light, scooter, \TU/DejaVuSerif(0)/b/n/10 wind-shield\TU/
DejaVuSerif(0)/m/n/10 , \TU/DejaVuSerif(0)/b/n/10 fam-
 []


Overfull \hbox (6.98274pt too wide) in paragraph at lines 1--3
\TU/DejaVuSerif(0)/m/n/10 traf-fic_con-ges-tion, moped, \TU/DejaVuSerif(0)/b/n/
10 city_car\TU/DejaVuSerif(0)/m/n/10 , full-size_car, \TU/DejaVuSerif(0)/b/n/10
 com-pact_car\TU/DejaVuSerif(0)/m/n/10 , \TU/DejaVuSerif(0)/b/n/10 ex-ec-u-tive_
car\TU/DejaVuSerif(0)/m/n/10 ,
 []

[34]) (./f3_neg/f3_neg_014.tex
Overfull \hbox (37.52962pt too wide) in paragraph at lines 1--3
[]  \TU/DejaVuSerif(0)/b/n/10 mo-tor_ve-hi-cle\TU/DejaVuSerif(0)/m/n/10 , \TU/D
ejaVuSerif(0)/b/n/10 emer-gency_ve-hi-cle\TU/DejaVuSerif(0)/m/n/10 , am-bu-lance
, \TU/DejaVuSerif(0)/b/n/10 van\TU/DejaVuSerif(0)/m/n/10 , \TU/DejaVuSerif(0)/b
/n/10 emer-gency\TU/DejaVuSerif(0)/m/n/10 , \TU/DejaVuSerif(0)/b/n/10 emer-gency
_ser-
 []


Overfull \hbox (8.44759pt too wide) in paragraph at lines 1--3
\TU/DejaVuSerif(0)/b/n/10 com-mer-cial_ve-hi-cle\TU/DejaVuSerif(0)/m/n/10 , \TU
/DejaVuSerif(0)/b/n/10 truck\TU/DejaVuSerif(0)/m/n/10 , \TU/DejaVuSerif(0)/b/n/
10 work-wear\TU/DejaVuSerif(0)/m/n/10 , health_care, \TU/DejaVuSerif(0)/b/n/10 
law_en-force-ment\TU/DejaVuSerif(0)/m/n/10 , amer-
 []

) (./f3_neg/f3_neg_015.tex
Overfull \hbox (36.12825pt too wide) in paragraph at lines 1--3
[]  \TU/DejaVuSerif(0)/b/n/10 mo-tor_ve-hi-cle\TU/DejaVuSerif(0)/m/n/10 , \TU/D
ejaVuSerif(0)/b/n/10 car_door\TU/DejaVuSerif(0)/m/n/10 , \TU/DejaVuSerif(0)/b/n
/10 wind-shield\TU/DejaVuSerif(0)/m/n/10 , driv-ing, \TU/DejaVuSerif(0)/b/n/10 
lux-ury_ve-hi-cle\TU/DejaVuSerif(0)/m/n/10 , \TU/DejaVuSerif(0)/b/n/10 wind-scre
en_wiper\TU/DejaVuSerif(0)/m/n/10 ,
 []


Overfull \hbox (15.60872pt too wide) in paragraph at lines 1--3
\TU/DejaVuSerif(0)/m/n/10 steer-ing_wheel, \TU/DejaVuSerif(0)/b/n/10 rear-view_m
ir-ror\TU/DejaVuSerif(0)/m/n/10 , \TU/DejaVuSerif(0)/b/n/10 per-sonal_lux-ury_ca
r\TU/DejaVuSerif(0)/m/n/10 , \TU/DejaVuSerif(0)/b/n/10 se-cu-rity\TU/DejaVuSeri
f(0)/m/n/10 , \TU/DejaVuSerif(0)/b/n/10 elec-tric_ve-
 []

) (./f3_neg/f3_neg_016.tex
Overfull \hbox (6.14778pt too wide) in paragraph at lines 1--3
[]  \TU/DejaVuSerif(0)/m/n/10 ad-ver-tis-ing, logo, \TU/DejaVuSerif(0)/b/n/10 au
-to-mo-tive_wheel_sys-tem\TU/DejaVuSerif(0)/m/n/10 , \TU/DejaVuSerif(0)/b/n/10 
car_door\TU/DejaVuSerif(0)/m/n/10 , \TU/DejaVuSerif(0)/b/n/10 fam-ily_car\TU/De
jaVuSerif(0)/m/n/10 , \TU/DejaVuSerif(0)/b/n/10 sub-com-
 []


Overfull \hbox (9.72884pt too wide) in paragraph at lines 1--3
\TU/DejaVuSerif(0)/b/n/10 mid-size_car\TU/DejaVuSerif(0)/m/n/10 , \TU/DejaVuSer
if(0)/b/n/10 hub-cap\TU/DejaVuSerif(0)/m/n/10 , palm_trees, \TU/DejaVuSerif(0)/
b/n/10 park-ing\TU/DejaVuSerif(0)/m/n/10 , hot_hatch, ban-ner, mini_sport_util-
 []

) (./f3_neg/f3_neg_017.tex
Overfull \hbox (2.79524pt too wide) in paragraph at lines 1--3
\TU/DejaVuSerif(0)/b/n/10 bumper\TU/DejaVuSerif(0)/m/n/10 , \TU/DejaVuSerif(0)/
b/n/10 hub-cap\TU/DejaVuSerif(0)/m/n/10 , spoke, \TU/DejaVuSerif(0)/b/n/10 car_d
oor\TU/DejaVuSerif(0)/m/n/10 , syn-thetic_rub-ber, tire_care, \TU/DejaVuSerif(0
)/b/n/10 per-sonal_lux-
 []


Overfull \hbox (22.26204pt too wide) in paragraph at lines 1--3
\TU/DejaVuSerif(0)/b/n/10 ury_car\TU/DejaVuSerif(0)/m/n/10 , \TU/DejaVuSerif(0)
/b/n/10 au-to-mo-tive_care\TU/DejaVuSerif(0)/m/n/10 , \TU/DejaVuSerif(0)/b/n/10
 sport_util-ity_ve-hi-cle\TU/DejaVuSerif(0)/m/n/10 , au-to-mo-tive_tail_&_brake_
light,
 []

) (./f3_neg/f3_neg_018.tex
Overfull \hbox (34.02376pt too wide) in paragraph at lines 1--3
[]  \TU/DejaVuSerif(0)/b/n/10 emer-gency_ve-hi-cle\TU/DejaVuSerif(0)/m/n/10 , am
-bu-lance, \TU/DejaVuSerif(0)/b/n/10 emer-gency_ser-vice\TU/DejaVuSerif(0)/m/n/
10 , \TU/DejaVuSerif(0)/b/n/10 van\TU/DejaVuSerif(0)/m/n/10 , \TU/DejaVuSerif(0
)/b/n/10 emer-gency\TU/DejaVuSerif(0)/m/n/10 , paramedic,
 []


Overfull \hbox (45.95052pt too wide) in paragraph at lines 1--3
\TU/DejaVuSerif(0)/b/n/10 light_com-mer-cial_ve-hi-cle\TU/DejaVuSerif(0)/m/n/10
 , health_care, \TU/DejaVuSerif(0)/b/n/10 med-i-cal\TU/DejaVuSerif(0)/m/n/10 , 
\TU/DejaVuSerif(0)/b/n/10 com-pact_van\TU/DejaVuSerif(0)/m/n/10 , amer-i-can_red
_cross,
 []

) (./f3_neg/f3_neg_019.tex
Overfull \hbox (20.63802pt too wide) in paragraph at lines 1--3
\TU/DejaVuSerif(0)/b/n/10 emer-gency\TU/DejaVuSerif(0)/m/n/10 , minibus, \TU/De
jaVuSerif(0)/b/n/10 au-to-mo-tive_side-view_mir-ror\TU/DejaVuSerif(0)/m/n/10 , 
mercedes-benz, paramedic,
 []

) (./f3_neg/f3_neg_020.tex
Overfull \hbox (8.11751pt too wide) in paragraph at lines 1--3
\TU/DejaVuSerif(0)/b/n/10 ror\TU/DejaVuSerif(0)/m/n/10 , \TU/DejaVuSerif(0)/b/n
/10 mid-size_car\TU/DejaVuSerif(0)/m/n/10 , \TU/DejaVuSerif(0)/b/n/10 per-sonal_
lux-ury_car\TU/DejaVuSerif(0)/m/n/10 , sedan, full-size_car, con-cept_car, \TU/
DejaVuSerif(0)/b/n/10 sub-
 []


Overfull \hbox (2.19759pt too wide) in paragraph at lines 1--3
\TU/DejaVuSerif(0)/b/n/10 com-pact_car\TU/DejaVuSerif(0)/m/n/10 , \TU/DejaVuSer
if(0)/b/n/10 city_car\TU/DejaVuSerif(0)/m/n/10 , kit_car, \TU/DejaVuSerif(0)/b/
n/10 ex-ec-u-tive_car\TU/DejaVuSerif(0)/m/n/10 , \TU/DejaVuSerif(0)/b/n/10 rear-
view_mir-ror\TU/DejaVuSerif(0)/m/n/10 , hatch-back,
 []

[35]) (./f3_neg/f3_neg_021.tex
Overfull \hbox (6.9681pt too wide) in paragraph at lines 1--3
[]  \TU/DejaVuSerif(0)/m/n/10 uni-form, \TU/DejaVuSerif(0)/b/n/10 law_en-force-m
ent\TU/DejaVuSerif(0)/m/n/10 , \TU/DejaVuSerif(0)/b/n/10 emer-gency_ser-vice\TU
/DejaVuSerif(0)/m/n/10 , \TU/DejaVuSerif(0)/b/n/10 se-cu-rity\TU/DejaVuSerif(0)
/m/n/10 , \TU/DejaVuSerif(0)/b/n/10 po-lice\TU/DejaVuSerif(0)/m/n/10 , \TU/Deja
VuSerif(0)/b/n/10 sport_util-
 []

) (./f3_neg/f3_neg_022.tex
Overfull \hbox (4.84407pt too wide) in paragraph at lines 1--3
[]  \TU/DejaVuSerif(0)/b/n/10 car_door\TU/DejaVuSerif(0)/m/n/10 , \TU/DejaVuSer
if(0)/b/n/10 wind-shield\TU/DejaVuSerif(0)/m/n/10 , \TU/DejaVuSerif(0)/b/n/10 gl
ass\TU/DejaVuSerif(0)/m/n/10 , \TU/DejaVuSerif(0)/b/n/10 car_seat\TU/DejaVuSeri
f(0)/m/n/10 , \TU/DejaVuSerif(0)/b/n/10 wind-screen_wiper\TU/DejaVuSerif(0)/m/n
/10 , \TU/DejaVuSerif(0)/b/n/10 au-to-mo-tive_mir-
 []


Overfull \hbox (13.9388pt too wide) in paragraph at lines 1--3
\TU/DejaVuSerif(0)/b/n/10 ror\TU/DejaVuSerif(0)/m/n/10 , \TU/DejaVuSerif(0)/b/n
/10 au-to-mo-tive_care\TU/DejaVuSerif(0)/m/n/10 , \TU/DejaVuSerif(0)/b/n/10 rear
-view_mir-ror\TU/DejaVuSerif(0)/m/n/10 , \TU/DejaVuSerif(0)/b/n/10 au-to-mo-tive
_side-view_mir-ror\TU/DejaVuSerif(0)/m/n/10 , hood 
 []

) (./f3_neg/f3_neg_023.tex
Overfull \hbox (7.49055pt too wide) in paragraph at lines 1--3
[]  \TU/DejaVuSerif(0)/b/n/10 au-to-mo-tive_ex-te-rior\TU/DejaVuSerif(0)/m/n/10
 , \TU/DejaVuSerif(0)/b/n/10 car_door\TU/DejaVuSerif(0)/m/n/10 , \TU/DejaVuSeri
f(0)/b/n/10 wind-shield\TU/DejaVuSerif(0)/m/n/10 , \TU/DejaVuSerif(0)/b/n/10 win
d-screen_wiper\TU/DejaVuSerif(0)/m/n/10 , hood, \TU/DejaVuSerif(0)/b/n/10 glass\TU/DejaVuSerif(0)/m/n/10 ,
 []


Overfull \hbox (7.47688pt too wide) in paragraph at lines 1--3
\TU/DejaVuSerif(0)/b/n/10 au-to-mo-tive_side-view_mir-ror\TU/DejaVuSerif(0)/m/n
/10 , \TU/DejaVuSerif(0)/b/n/10 work-wear\TU/DejaVuSerif(0)/m/n/10 , \TU/DejaVu
Serif(0)/b/n/10 au-to-mo-tive_care\TU/DejaVuSerif(0)/m/n/10 , \TU/DejaVuSerif(0
)/b/n/10 rear-view_mir-
 []

) (./f3_neg/f3_neg_024.tex
Overfull \hbox (4.47981pt too wide) in paragraph at lines 1--3
[]  \TU/DejaVuSerif(0)/m/n/10 au-to-mo-tive_tire, \TU/DejaVuSerif(0)/b/n/10 au-t
o-mo-tive_wheel_sys-tem\TU/DejaVuSerif(0)/m/n/10 , toy, fender, tread, \TU/Deja
VuSerif(0)/b/n/10 car_door\TU/DejaVuSerif(0)/m/n/10 , driv-
 []

) (./f3_neg/f3_neg_025.tex
Overfull \hbox (26.4759pt too wide) in paragraph at lines 1--3
\TU/DejaVuSerif(0)/b/n/10 fam-ily_car\TU/DejaVuSerif(0)/m/n/10 , \TU/DejaVuSeri
f(0)/b/n/10 sport_util-ity_ve-hi-cle\TU/DejaVuSerif(0)/m/n/10 , \TU/DejaVuSerif
(0)/b/n/10 lux-ury_ve-hi-cle\TU/DejaVuSerif(0)/m/n/10 , au-to-mo-tive_tail_&_bra
ke_light,
 []


Overfull \hbox (5.56673pt too wide) in paragraph at lines 1--3
\TU/DejaVuSerif(0)/m/n/10 hi-cle, full-size_car, \TU/DejaVuSerif(0)/b/n/10 mid-s
ize_car\TU/DejaVuSerif(0)/m/n/10 , hatch-back, \TU/DejaVuSerif(0)/b/n/10 sub-com
-pact_car\TU/DejaVuSerif(0)/m/n/10 , mini_sport_util-
 []


Overfull \hbox (36.05794pt too wide) in paragraph at lines 1--3
\TU/DejaVuSerif(0)/m/n/10 ity_ve-hi-cle, \TU/DejaVuSerif(0)/b/n/10 head-quar-ter
s\TU/DejaVuSerif(0)/m/n/10 , \TU/DejaVuSerif(0)/b/n/10 au-to-mo-tive_side-view_m
ir-ror\TU/DejaVuSerif(0)/m/n/10 , \TU/DejaVuSerif(0)/b/n/10 com-pact_car\TU/Dej
aVuSerif(0)/m/n/10 , crossover,
 []

) (./f3_neg/f3_neg_026.tex) (./f3_neg/f3_neg_027.tex
Overfull \hbox (19.43001pt too wide) in paragraph at lines 1--3
\TU/DejaVuSerif(0)/b/n/10 metropoli-tan_area\TU/DejaVuSerif(0)/m/n/10 , \TU/Dej
aVuSerif(0)/b/n/10 au-to-mo-tive_mir-ror\TU/DejaVuSerif(0)/m/n/10 , au-to-mo-tiv
e_park-ing_light, \TU/DejaVuSerif(0)/b/n/10 wind-shield\TU/DejaVuSerif(0)/m/n/1
0 ,
 []


Overfull \hbox (26.98079pt too wide) in paragraph at lines 1--3
\TU/DejaVuSerif(0)/b/n/10 metropo-lis\TU/DejaVuSerif(0)/m/n/10 , \TU/DejaVuSeri
f(0)/b/n/10 wind-screen_wiper\TU/DejaVuSerif(0)/m/n/10 , travel, pub-lic_util-it
y, \TU/DejaVuSerif(0)/b/n/10 au-to-mo-tive_side-view_mir-
 []


Overfull \hbox (3.35481pt too wide) in paragraph at lines 1--3
\TU/DejaVuSerif(0)/b/n/10 ror\TU/DejaVuSerif(0)/m/n/10 , \TU/DejaVuSerif(0)/b/n
/10 rolling\TU/DejaVuSerif(0)/m/n/10 , \TU/DejaVuSerif(0)/b/n/10 rear-view_mir-r
or\TU/DejaVuSerif(0)/m/n/10 , au-to-mo-tive_fog_light, ad-ver-tis-ing, air-port_
bus,
 []

[36]) (./f3_neg/f3_neg_028.tex
Overfull \hbox (5.24446pt too wide) in paragraph at lines 1--3
\TU/DejaVuSerif(0)/b/n/10 to-mo-tive_care\TU/DejaVuSerif(0)/m/n/10 , \TU/DejaVu
Serif(0)/b/n/10 car_seat\TU/DejaVuSerif(0)/m/n/10 , hood, au-to-mo-tive_clean-in
g, \TU/DejaVuSerif(0)/b/n/10 rear-view_mir-ror\TU/DejaVuSerif(0)/m/n/10 , glove 
 []

) (./f3_neg/f3_neg_029.tex
Overfull \hbox (9.44173pt too wide) in paragraph at lines 1--3
[]  \TU/DejaVuSerif(0)/b/n/10 emer-gency_ve-hi-cle\TU/DejaVuSerif(0)/m/n/10 , \
TU/DejaVuSerif(0)/b/n/10 emer-gency_ser-vice\TU/DejaVuSerif(0)/m/n/10 , \TU/Dej
aVuSerif(0)/b/n/10 emer-gency\TU/DejaVuSerif(0)/m/n/10 , am-bu-lance, \TU/DejaV
uSerif(0)/b/n/10 work-wear\TU/DejaVuSerif(0)/m/n/10 ,
 []


Overfull \hbox (3.60579pt too wide) in paragraph at lines 1--3
\TU/DejaVuSerif(0)/b/n/10 van\TU/DejaVuSerif(0)/m/n/10 , paramedic, res-cue, res
-cuer, \TU/DejaVuSerif(0)/b/n/10 law_en-force-ment\TU/DejaVuSerif(0)/m/n/10 , me
d-i-cal_equip-ment, \TU/DejaVuSerif(0)/b/n/10 high-
 []

) (./f3_neg/f3_neg_030.tex
Overfull \hbox (11.19173pt too wide) in paragraph at lines 1--3
[]  \TU/DejaVuSerif(0)/b/n/10 mo-tor_ve-hi-cle\TU/DejaVuSerif(0)/m/n/10 , \TU/D
ejaVuSerif(0)/b/n/10 trans-port\TU/DejaVuSerif(0)/m/n/10 , \TU/DejaVuSerif(0)/b
/n/10 van\TU/DejaVuSerif(0)/m/n/10 , \TU/DejaVuSerif(0)/b/n/10 light_com-mer-cia
l_ve-hi-cle\TU/DejaVuSerif(0)/m/n/10 , am-bu-lance, \TU/DejaVuSerif(0)/b/n/10 tr
uck\TU/DejaVuSerif(0)/m/n/10 ,
 []

) (./f3_neg/f3_neg_031.tex
Overfull \hbox (22.44954pt too wide) in paragraph at lines 1--3
[]  \TU/DejaVuSerif(0)/m/n/10 com-mu-ni-ca-tion_de-vice, steer-ing_wheel, \TU/D
ejaVuSerif(0)/b/n/10 elec-tronic_de-vice\TU/DejaVuSerif(0)/m/n/10 , gad-get, mo-
bile_phone,
 []


Overfull \hbox (19.14388pt too wide) in paragraph at lines 1--3
\TU/DejaVuSerif(0)/m/n/10 dis-play_de-vice, driv-ing, portable_com-mu-ni-ca-tion
s_de-vice, \TU/DejaVuSerif(0)/b/n/10 tech-nol-ogy\TU/DejaVuSerif(0)/m/n/10 , mo-
bile_de-
 []


Overfull \hbox (24.71907pt too wide) in paragraph at lines 1--3
\TU/DejaVuSerif(0)/m/n/10 vice, tele-phony, \TU/DejaVuSerif(0)/b/n/10 car_door\
TU/DejaVuSerif(0)/m/n/10 , mul-ti-me-dia, \TU/DejaVuSerif(0)/b/n/10 wind-shield\TU/DejaVuSerif(0)/m/n/10 , \TU/DejaVuSerif(0)/b/n/10 au-to-mo-tive_mir-ror\TU/DejaVuSerif(0)/m/n/10 , \TU/DejaVuSerif(0)/b/n/10 car_seat\TU/DejaVuSerif(0)/m/n/10 ,
 []


Overfull \hbox (12.27376pt too wide) in paragraph at lines 1--3
\TU/DejaVuSerif(0)/m/n/10 gen-eral_mo-tors, \TU/DejaVuSerif(0)/b/n/10 au-to-mo-t
ive_side-view_mir-ror\TU/DejaVuSerif(0)/m/n/10 , elec-tron-ics, speedome-ter, \
TU/DejaVuSerif(0)/b/n/10 elec-
 []

) (./f3_neg/f3_neg_032.tex
Overfull \hbox (39.55598pt too wide) in paragraph at lines 1--3
[]  \TU/DejaVuSerif(0)/b/n/10 van\TU/DejaVuSerif(0)/m/n/10 , am-bu-lance, \TU/D
ejaVuSerif(0)/b/n/10 emer-gency_ve-hi-cle\TU/DejaVuSerif(0)/m/n/10 , \TU/DejaVu
Serif(0)/b/n/10 emer-gency_ser-vice\TU/DejaVuSerif(0)/m/n/10 , \TU/DejaVuSerif(
0)/b/n/10 emer-gency\TU/DejaVuSerif(0)/m/n/10 , health_care,
 []


Overfull \hbox (3.51497pt too wide) in paragraph at lines 1--3
\TU/DejaVuSerif(0)/b/n/10 au-to-mo-tive_side-view_mir-ror\TU/DejaVuSerif(0)/m/n
/10 , \TU/DejaVuSerif(0)/b/n/10 light_com-mer-cial_ve-hi-cle\TU/DejaVuSerif(0)/
m/n/10 , \TU/DejaVuSerif(0)/b/n/10 com-mer-cial_ve-
 []

) (./f3_neg/f3_neg_033.tex) (./f3_neg/f3_neg_034.tex
Overfull \hbox (5.91927pt too wide) in paragraph at lines 1--3
\TU/DejaVuSerif(0)/m/n/10 res-cue, \TU/DejaVuSerif(0)/b/n/10 job\TU/DejaVuSerif
(0)/m/n/10 , \TU/DejaVuSerif(0)/b/n/10 emer-gency_ve-hi-cle\TU/DejaVuSerif(0)/m
/n/10 , team, crew, stretcher, vest, \TU/DejaVuSerif(0)/b/n/10 po-lice\TU/DejaV
uSerif(0)/m/n/10 , fire-fighter,
 []

) (./f3_neg/f3_neg_035.tex
Overfull \hbox (8.35481pt too wide) in paragraph at lines 1--3
[]  \TU/DejaVuSerif(0)/m/n/10 uni-form, \TU/DejaVuSerif(0)/b/n/10 high-visibilit
y_cloth-ing\TU/DejaVuSerif(0)/m/n/10 , \TU/DejaVuSerif(0)/b/n/10 work-wear\TU/D
ejaVuSerif(0)/m/n/10 , po-lice_of-fi-cer, cap, \TU/DejaVuSerif(0)/b/n/10 law_en-
force-
 []


Overfull \hbox (48.72102pt too wide) in paragraph at lines 1--3
\TU/DejaVuSerif(0)/m/n/10 cu-rity_guard, peaked_cap, vest, base-ball_cap, \TU/D
ejaVuSerif(0)/b/n/10 gov-ern-ment_agency\TU/DejaVuSerif(0)/m/n/10 , blue-collar_
worker,
 []

[37]) (./f3_neg/f3_neg_036.tex
Overfull \hbox (2.57454pt too wide) in paragraph at lines 1--3
\TU/DejaVuSerif(0)/m/n/10 bu-lance, \TU/DejaVuSerif(0)/b/n/10 van\TU/DejaVuSeri
f(0)/m/n/10 , \TU/DejaVuSerif(0)/b/n/10 work-wear\TU/DejaVuSerif(0)/m/n/10 , \T
U/DejaVuSerif(0)/b/n/10 med-i-cal\TU/DejaVuSerif(0)/m/n/10 , paramedic, health_c
are, \TU/DejaVuSerif(0)/b/n/10 job\TU/DejaVuSerif(0)/m/n/10 , res-cue, \TU/Deja
VuSerif(0)/b/n/10 clean-
 []

) (./f3_neg/f3_neg_037.tex
Overfull \hbox (5.77669pt too wide) in paragraph at lines 1--3
[]  \TU/DejaVuSerif(0)/b/n/10 car_door\TU/DejaVuSerif(0)/m/n/10 , \TU/DejaVuSer
if(0)/b/n/10 wind-shield\TU/DejaVuSerif(0)/m/n/10 , \TU/DejaVuSerif(0)/b/n/10 au
-to-mo-tive_mir-ror\TU/DejaVuSerif(0)/m/n/10 , \TU/DejaVuSerif(0)/b/n/10 car_sea
t\TU/DejaVuSerif(0)/m/n/10 , driv-ing, steer-ing_wheel,
 []

) (./f3_neg/f3_neg_038.tex) (./f3_neg/f3_neg_039.tex) (./f3_neg/f3_neg_040.tex
Overfull \hbox (0.61555pt too wide) in paragraph at lines 1--3
[]  \TU/DejaVuSerif(0)/b/n/10 mode_of_trans-port\TU/DejaVuSerif(0)/m/n/10 , \TU
/DejaVuSerif(0)/b/n/10 trans-port\TU/DejaVuSerif(0)/m/n/10 , \TU/DejaVuSerif(0)
/b/n/10 bus\TU/DejaVuSerif(0)/m/n/10 , \TU/DejaVuSerif(0)/b/n/10 pub-lic_trans-p
ort\TU/DejaVuSerif(0)/m/n/10 , pas-sen-ger, \TU/DejaVuSerif(0)/b/n/10 com-mer-
 []


Overfull \hbox (14.25813pt too wide) in paragraph at lines 1--3
\TU/DejaVuSerif(0)/b/n/10 cial_ve-hi-cle\TU/DejaVuSerif(0)/m/n/10 , \TU/DejaVuS
erif(0)/b/n/10 tour_bus_ser-vice\TU/DejaVuSerif(0)/m/n/10 , \TU/DejaVuSerif(0)/
b/n/10 wind-shield\TU/DejaVuSerif(0)/m/n/10 , travel, \TU/DejaVuSerif(0)/b/n/10
 au-to-mo-tive_mir-ror\TU/DejaVuSerif(0)/m/n/10 , \TU/DejaVuSerif(0)/b/n/10 glas
s\TU/DejaVuSerif(0)/m/n/10 ,
 []

) (./f4_pos/f4_pos_001.tex
Overfull \hbox (33.81966pt too wide) in paragraph at lines 1--3
\TU/DejaVuSerif(0)/b/n/10 health_pro-fes-sional\TU/DejaVuSerif(0)/m/n/10 , \TU/
DejaVuSerif(0)/b/n/10 lab-o-ra-tory_equip-ment\TU/DejaVuSerif(0)/m/n/10 , \TU/D
ejaVuSerif(0)/b/n/10 white_coat\TU/DejaVuSerif(0)/m/n/10 , \TU/DejaVuSerif(0)/b
/n/10 phar-ma-ceu-ti-cal_drug\TU/DejaVuSerif(0)/m/n/10 ,
 []


Overfull \hbox (1.02083pt too wide) in paragraph at lines 1--3
\TU/DejaVuSerif(0)/b/n/10 pre-scrip-tion_drug\TU/DejaVuSerif(0)/m/n/10 , \TU/De
jaVuSerif(0)/b/n/10 med-i-cal_as-sis-tant\TU/DejaVuSerif(0)/m/n/10 , \TU/DejaVu
Serif(0)/b/n/10 physi-cian\TU/DejaVuSerif(0)/m/n/10 , \TU/DejaVuSerif(0)/b/n/10
 thumb\TU/DejaVuSerif(0)/m/n/10 , \TU/DejaVuSerif(0)/b/n/10 glove\TU/DejaVuSeri
f(0)/m/n/10 , \TU/DejaVuSerif(0)/b/n/10 re-search\TU/DejaVuSerif(0)/m/n/10 ,
 []


Overfull \hbox (0.72493pt too wide) in paragraph at lines 1--3
\TU/DejaVuSerif(0)/b/n/10 med-i-cal_pro-ce-dure\TU/DejaVuSerif(0)/m/n/10 , \TU/
DejaVuSerif(0)/b/n/10 clinic\TU/DejaVuSerif(0)/m/n/10 , \TU/DejaVuSerif(0)/b/n/
10 sci-en-tist\TU/DejaVuSerif(0)/m/n/10 , \TU/DejaVuSerif(0)/b/n/10 nail\TU/Dej
aVuSerif(0)/m/n/10 , \TU/DejaVuSerif(0)/b/n/10 re-searcher\TU/DejaVuSerif(0)/m/
n/10 , \TU/DejaVuSerif(0)/b/n/10 med-i-cal_glove\TU/DejaVuSerif(0)/m/n/10 , \TU
/DejaVuSerif(0)/b/n/10 sci-
 []


Overfull \hbox (9.88606pt too wide) in paragraph at lines 1--3
\TU/DejaVuSerif(0)/b/n/10 ence\TU/DejaVuSerif(0)/m/n/10 , \TU/DejaVuSerif(0)/b/
n/10 hy-po-der-mic_nee-dle\TU/DejaVuSerif(0)/m/n/10 , \TU/DejaVuSerif(0)/b/n/10
 mea-sur-ing_in-stru-ment\TU/DejaVuSerif(0)/m/n/10 , \TU/DejaVuSerif(0)/b/n/10 
phar-macy\TU/DejaVuSerif(0)/m/n/10 , \TU/DejaVuSerif(0)/b/n/10 re-search_in-
 []

) (./f4_pos/f4_pos_002.tex
Overfull \hbox (32.86165pt too wide) in paragraph at lines 1--3
[]  \TU/DejaVuSerif(0)/b/n/10 med-i-cal\TU/DejaVuSerif(0)/m/n/10 , \TU/DejaVuSe
rif(0)/b/n/10 health_care\TU/DejaVuSerif(0)/m/n/10 , \TU/DejaVuSerif(0)/b/n/10 
health_pro-fes-sional\TU/DejaVuSerif(0)/m/n/10 , \TU/DejaVuSerif(0)/b/n/10 work-
wear\TU/DejaVuSerif(0)/m/n/10 , \TU/DejaVuSerif(0)/b/n/10 uni-form\TU/DejaVuSer
if(0)/m/n/10 , \TU/DejaVuSerif(0)/b/n/10 med-i-cal_equip-
 []


Overfull \hbox (1.33626pt too wide) in paragraph at lines 1--3
\TU/DejaVuSerif(0)/b/n/10 ment\TU/DejaVuSerif(0)/m/n/10 , \TU/DejaVuSerif(0)/b/
n/10 hos-pi-tal\TU/DejaVuSerif(0)/m/n/10 , \TU/DejaVuSerif(0)/b/n/10 per-sonal_p
ro-tec-tive_equip-ment\TU/DejaVuSerif(0)/m/n/10 , \TU/DejaVuSerif(0)/b/n/10 sur-
geon\TU/DejaVuSerif(0)/m/n/10 , \TU/DejaVuSerif(0)/b/n/10 med-i-cal_glove\TU/De
jaVuSerif(0)/m/n/10 ,
 []

[38]) (./f4_pos/f4_pos_003.tex
Overfull \hbox (5.12239pt too wide) in paragraph at lines 1--3
[]  \TU/DejaVuSerif(0)/b/n/10 fluid\TU/DejaVuSerif(0)/m/n/10 , \TU/DejaVuSerif(
0)/b/n/10 med-i-cal\TU/DejaVuSerif(0)/m/n/10 , \TU/DejaVuSerif(0)/b/n/10 health_
care\TU/DejaVuSerif(0)/m/n/10 , \TU/DejaVuSerif(0)/b/n/10 lab-o-ra-tory_equip-me
nt\TU/DejaVuSerif(0)/m/n/10 , \TU/DejaVuSerif(0)/b/n/10 liq-uid\TU/DejaVuSerif(
0)/m/n/10 , \TU/DejaVuSerif(0)/b/n/10 med-i-cal_equip-
 []


Overfull \hbox (8.40852pt too wide) in paragraph at lines 1--3
\TU/DejaVuSerif(0)/b/n/10 re-search_in-sti-tute\TU/DejaVuSerif(0)/m/n/10 , \TU/
DejaVuSerif(0)/b/n/10 chem-istry\TU/DejaVuSerif(0)/m/n/10 , \TU/DejaVuSerif(0)/
b/n/10 hy-po-der-mic_nee-dle\TU/DejaVuSerif(0)/m/n/10 , \TU/DejaVuSerif(0)/b/n/
10 sci-en-tist\TU/DejaVuSerif(0)/m/n/10 , \TU/DejaVuSerif(0)/b/n/10 so-lu-tion\
TU/DejaVuSerif(0)/m/n/10 , \TU/DejaVuSerif(0)/b/n/10 sci-
 []


Overfull \hbox (48.76692pt too wide) in paragraph at lines 1--3
\TU/DejaVuSerif(0)/b/n/10 ence\TU/DejaVuSerif(0)/m/n/10 , \TU/DejaVuSerif(0)/b/
n/10 re-searcher\TU/DejaVuSerif(0)/m/n/10 , \TU/DejaVuSerif(0)/b/n/10 health_pro
-fes-sional\TU/DejaVuSerif(0)/m/n/10 , \TU/DejaVuSerif(0)/b/n/10 physi-cian\TU/
DejaVuSerif(0)/m/n/10 , \TU/DejaVuSerif(0)/b/n/10 clinic\TU/DejaVuSerif(0)/m/n/
10 , \TU/DejaVuSerif(0)/b/n/10 plas-tic\TU/DejaVuSerif(0)/m/n/10 , \TU/DejaVuSe
rif(0)/b/n/10 sol-vent_in_chem-
 []

) (./f4_pos/f4_pos_004.tex
Overfull \hbox (16.67903pt too wide) in paragraph at lines 1--3
\TU/DejaVuSerif(0)/b/n/10 cal\TU/DejaVuSerif(0)/m/n/10 , \TU/DejaVuSerif(0)/b/n
/10 glove\TU/DejaVuSerif(0)/m/n/10 , \TU/DejaVuSerif(0)/b/n/10 hos-pi-tal\TU/De
jaVuSerif(0)/m/n/10 , \TU/DejaVuSerif(0)/b/n/10 uni-form\TU/DejaVuSerif(0)/m/n/
10 , \TU/DejaVuSerif(0)/b/n/10 med-i-cal_as-sis-tant\TU/DejaVuSerif(0)/m/n/10 , \TU/DejaVuSerif(0)/b/n/10 hat\TU/DejaVuSerif(0)/m/n/10 , \TU/DejaVuSerif(0)/b/n/10 scrubs\TU/DejaVuSerif(0)/m/n/10 , \TU/DejaVuSerif(0)/b/n/10 med-i-cal_equip-
 []


Overfull \hbox (0.347pt too wide) in paragraph at lines 1--3
\TU/DejaVuSerif(0)/b/n/10 ment\TU/DejaVuSerif(0)/m/n/10 , \TU/DejaVuSerif(0)/b/
n/10 lab-o-ra-tory_equip-ment\TU/DejaVuSerif(0)/m/n/10 , \TU/DejaVuSerif(0)/b/n
/10 lab-o-ra-tory\TU/DejaVuSerif(0)/m/n/10 , \TU/DejaVuSerif(0)/b/n/10 re-search
\TU/DejaVuSerif(0)/m/n/10 , \TU/DejaVuSerif(0)/b/n/10 sci-en-tist\TU/DejaVuSeri
f(0)/m/n/10 , \TU/DejaVuSerif(0)/b/n/10 re-searcher\TU/DejaVuSerif(0)/m/n/10 ,
 []


Overfull \hbox (21.13313pt too wide) in paragraph at lines 1--3
\TU/DejaVuSerif(0)/b/n/10 white_coat\TU/DejaVuSerif(0)/m/n/10 , \TU/DejaVuSerif
(0)/b/n/10 sur-geon\TU/DejaVuSerif(0)/m/n/10 , \TU/DejaVuSerif(0)/b/n/10 chemist
\TU/DejaVuSerif(0)/m/n/10 , \TU/DejaVuSerif(0)/b/n/10 re-search_in-sti-tute\TU/
DejaVuSerif(0)/m/n/10 , \TU/DejaVuSerif(0)/b/n/10 safety_glove\TU/DejaVuSerif(0
)/m/n/10 , \TU/DejaVuSerif(0)/b/n/10 med-i-cal_pro-
 []

) (./f4_pos/f4_pos_005.tex
Overfull \hbox (29.8636pt too wide) in paragraph at lines 1--3
[]  \TU/DejaVuSerif(0)/b/n/10 med-i-cal_glove\TU/DejaVuSerif(0)/m/n/10 , \TU/De
jaVuSerif(0)/b/n/10 med-i-cal\TU/DejaVuSerif(0)/m/n/10 , \TU/DejaVuSerif(0)/b/n
/10 fluid\TU/DejaVuSerif(0)/m/n/10 , \TU/DejaVuSerif(0)/b/n/10 safety_glove\TU/
DejaVuSerif(0)/m/n/10 , \TU/DejaVuSerif(0)/b/n/10 fin-ger\TU/DejaVuSerif(0)/m/n
/10 , \TU/DejaVuSerif(0)/b/n/10 per-sonal_pro-tec-tive_equip-
 []


Overfull \hbox (2.52669pt too wide) in paragraph at lines 1--3
\TU/DejaVuSerif(0)/b/n/10 i-cal_equip-ment\TU/DejaVuSerif(0)/m/n/10 , \TU/DejaV
uSerif(0)/b/n/10 sur-geon\TU/DejaVuSerif(0)/m/n/10 , \TU/DejaVuSerif(0)/b/n/10 
sci-en-tist\TU/DejaVuSerif(0)/m/n/10 , \TU/DejaVuSerif(0)/b/n/10 med-i-cal_as-si
s-tant\TU/DejaVuSerif(0)/m/n/10 , \TU/DejaVuSerif(0)/b/n/10 thumb\TU/DejaVuSeri
f(0)/m/n/10 , \TU/DejaVuSerif(0)/b/n/10 clinic\TU/DejaVuSerif(0)/m/n/10 , \TU/D
ejaVuSerif(0)/b/n/10 lab-
 []


Overfull \hbox (23.37825pt too wide) in paragraph at lines 1--3
\TU/DejaVuSerif(0)/b/n/10 pi-tal\TU/DejaVuSerif(0)/m/n/10 , \TU/DejaVuSerif(0)/
b/n/10 scrubs\TU/DejaVuSerif(0)/m/n/10 , \TU/DejaVuSerif(0)/b/n/10 work-wear\TU
/DejaVuSerif(0)/m/n/10 , \TU/DejaVuSerif(0)/b/n/10 white_coat\TU/DejaVuSerif(0)
/m/n/10 , \TU/DejaVuSerif(0)/b/n/10 lab-o-ra-tory\TU/DejaVuSerif(0)/m/n/10 , \T
U/DejaVuSerif(0)/b/n/10 plas-tic\TU/DejaVuSerif(0)/m/n/10 , \TU/DejaVuSerif(0)/
b/n/10 sci-ence\TU/DejaVuSerif(0)/m/n/10 , \TU/DejaVuSerif(0)/b/n/10 re-search_i
n-
 []

) (./f4_pos/f4_pos_006.tex
Overfull \hbox (0.64192pt too wide) in paragraph at lines 1--3
\TU/DejaVuSerif(0)/b/n/10 sional\TU/DejaVuSerif(0)/m/n/10 , \TU/DejaVuSerif(0)/
b/n/10 med-i-cal_glove\TU/DejaVuSerif(0)/m/n/10 , \TU/DejaVuSerif(0)/b/n/10 toot
h\TU/DejaVuSerif(0)/m/n/10 , \TU/DejaVuSerif(0)/b/n/10 pa-tient\TU/DejaVuSerif(
0)/m/n/10 , \TU/DejaVuSerif(0)/b/n/10 med-i-cal_equip-ment\TU/DejaVuSerif(0)/m/
n/10 , \TU/DejaVuSerif(0)/b/n/10 hos-pi-tal\TU/DejaVuSerif(0)/m/n/10 , \TU/Deja
VuSerif(0)/b/n/10 med-
 []


Overfull \hbox (0.27083pt too wide) in paragraph at lines 1--3
\TU/DejaVuSerif(0)/b/n/10 i-cal_as-sis-tant\TU/DejaVuSerif(0)/m/n/10 , \TU/Deja
VuSerif(0)/b/n/10 wrist\TU/DejaVuSerif(0)/m/n/10 , \TU/DejaVuSerif(0)/b/n/10 cli
nic\TU/DejaVuSerif(0)/m/n/10 , \TU/DejaVuSerif(0)/b/n/10 lab-o-ra-tory_equip-men
t\TU/DejaVuSerif(0)/m/n/10 , \TU/DejaVuSerif(0)/b/n/10 nail\TU/DejaVuSerif(0)/m
/n/10 , \TU/DejaVuSerif(0)/b/n/10 glove\TU/DejaVuSerif(0)/m/n/10 , \TU/DejaVuSe
rif(0)/b/n/10 physi-cian\TU/DejaVuSerif(0)/m/n/10 ,
 []


Overfull \hbox (3.21028pt too wide) in paragraph at lines 1--3
\TU/DejaVuSerif(0)/b/n/10 thumb\TU/DejaVuSerif(0)/m/n/10 , \TU/DejaVuSerif(0)/b
/n/10 nurse\TU/DejaVuSerif(0)/m/n/10 , \TU/DejaVuSerif(0)/b/n/10 den-tist\TU/De
jaVuSerif(0)/m/n/10 , \TU/DejaVuSerif(0)/b/n/10 medicine\TU/DejaVuSerif(0)/m/n/
10 , \TU/DejaVuSerif(0)/b/n/10 safety_glove\TU/DejaVuSerif(0)/m/n/10 , \TU/Deja
VuSerif(0)/b/n/10 den-tal_hy-gien-ist\TU/DejaVuSerif(0)/m/n/10 , \TU/DejaVuSeri
f(0)/b/n/10 sur-geon\TU/DejaVuSerif(0)/m/n/10 ,
 []


Overfull \hbox (6.12239pt too wide) in paragraph at lines 1--3
\TU/DejaVuSerif(0)/b/n/10 re-search\TU/DejaVuSerif(0)/m/n/10 , \TU/DejaVuSerif(
0)/b/n/10 scrubs\TU/DejaVuSerif(0)/m/n/10 , \TU/DejaVuSerif(0)/b/n/10 sci-ence\
TU/DejaVuSerif(0)/m/n/10 , \TU/DejaVuSerif(0)/b/n/10 den-tistry\TU/DejaVuSerif(
0)/m/n/10 , \TU/DejaVuSerif(0)/b/n/10 re-searcher\TU/DejaVuSerif(0)/m/n/10 , \T
U/DejaVuSerif(0)/b/n/10 white_coat\TU/DejaVuSerif(0)/m/n/10 , \TU/DejaVuSerif(0
)/b/n/10 ther-apy\TU/DejaVuSerif(0)/m/n/10 , \TU/DejaVuSerif(0)/b/n/10 den-
 []

) (./f4_pos/f4_pos_007.tex
Overfull \hbox (19.37044pt too wide) in paragraph at lines 1--3
[]  \TU/DejaVuSerif(0)/b/n/10 med-i-cal_glove\TU/DejaVuSerif(0)/m/n/10 , \TU/De
jaVuSerif(0)/b/n/10 fin-ger\TU/DejaVuSerif(0)/m/n/10 , \TU/DejaVuSerif(0)/b/n/1
0 fluid\TU/DejaVuSerif(0)/m/n/10 , \TU/DejaVuSerif(0)/b/n/10 med-i-cal\TU/DejaV
uSerif(0)/m/n/10 , \TU/DejaVuSerif(0)/b/n/10 lab-o-ra-tory_equip-ment\TU/DejaVu
Serif(0)/m/n/10 , \TU/DejaVuSerif(0)/b/n/10 med-i-cal_equip-
 []


Overfull \hbox (27.82063pt too wide) in paragraph at lines 1--3
\TU/DejaVuSerif(0)/b/n/10 health_pro-fes-sional\TU/DejaVuSerif(0)/m/n/10 , \TU/
DejaVuSerif(0)/b/n/10 med-i-cal_pro-ce-dure\TU/DejaVuSerif(0)/m/n/10 , \TU/Deja
VuSerif(0)/b/n/10 re-search_in-sti-tute\TU/DejaVuSerif(0)/m/n/10 , \TU/DejaVuSe
rif(0)/b/n/10 clinic\TU/DejaVuSerif(0)/m/n/10 , \TU/DejaVuSerif(0)/b/n/10 test_t
ube\TU/DejaVuSerif(0)/m/n/10 ,
 []


Overfull \hbox (9.37923pt too wide) in paragraph at lines 1--3
\TU/DejaVuSerif(0)/b/n/10 plas-tic\TU/DejaVuSerif(0)/m/n/10 , \TU/DejaVuSerif(0
)/b/n/10 sci-ence\TU/DejaVuSerif(0)/m/n/10 , \TU/DejaVuSerif(0)/b/n/10 so-lu-tio
n\TU/DejaVuSerif(0)/m/n/10 , \TU/DejaVuSerif(0)/b/n/10 physi-cian\TU/DejaVuSeri
f(0)/m/n/10 , \TU/DejaVuSerif(0)/b/n/10 re-searcher\TU/DejaVuSerif(0)/m/n/10 , 
\TU/DejaVuSerif(0)/b/n/10 chemist\TU/DejaVuSerif(0)/m/n/10 , \TU/DejaVuSerif(0)
/b/n/10 medicine\TU/DejaVuSerif(0)/m/n/10 , \TU/DejaVuSerif(0)/b/n/10 chem-
 []

[39]) (./f4_pos/f4_pos_008.tex
Overfull \hbox (4.41634pt too wide) in paragraph at lines 1--3
[]  \TU/DejaVuSerif(0)/b/n/10 hand\TU/DejaVuSerif(0)/m/n/10 , \TU/DejaVuSerif(0
)/b/n/10 health_care\TU/DejaVuSerif(0)/m/n/10 , \TU/DejaVuSerif(0)/b/n/10 fin-ge
r\TU/DejaVuSerif(0)/m/n/10 , \TU/DejaVuSerif(0)/b/n/10 med-i-cal\TU/DejaVuSerif
(0)/m/n/10 , \TU/DejaVuSerif(0)/b/n/10 fluid\TU/DejaVuSerif(0)/m/n/10 , \TU/Dej
aVuSerif(0)/b/n/10 med-i-cal_equip-ment\TU/DejaVuSerif(0)/m/n/10 , \TU/DejaVuSe
rif(0)/b/n/10 health_pro-
 []

) (./f4_pos/f4_pos_009.tex
Overfull \hbox (57.04427pt too wide) in paragraph at lines 1--3
[]  \TU/DejaVuSerif(0)/b/n/10 med-i-cal_glove\TU/DejaVuSerif(0)/m/n/10 , \TU/De
jaVuSerif(0)/b/n/10 per-sonal_pro-tec-tive_equip-ment\TU/DejaVuSerif(0)/m/n/10 
, \TU/DejaVuSerif(0)/b/n/10 lab-o-ra-tory\TU/DejaVuSerif(0)/m/n/10 , \TU/DejaVu
Serif(0)/b/n/10 head-gear\TU/DejaVuSerif(0)/m/n/10 , \TU/DejaVuSerif(0)/b/n/10 
health_care\TU/DejaVuSerif(0)/m/n/10 ,
 []


Overfull \hbox (29.63411pt too wide) in paragraph at lines 1--3
\TU/DejaVuSerif(0)/b/n/10 work-wear\TU/DejaVuSerif(0)/m/n/10 , \TU/DejaVuSerif(
0)/b/n/10 health_pro-fes-sional\TU/DejaVuSerif(0)/m/n/10 , \TU/DejaVuSerif(0)/b
/n/10 med-i-cal\TU/DejaVuSerif(0)/m/n/10 , \TU/DejaVuSerif(0)/b/n/10 sci-en-tist
\TU/DejaVuSerif(0)/m/n/10 , \TU/DejaVuSerif(0)/b/n/10 uni-form\TU/DejaVuSerif(0
)/m/n/10 , \TU/DejaVuSerif(0)/b/n/10 lab-o-ra-tory_equip-
 []

) (./f4_pos/f4_pos_010.tex
Overfull \hbox (27.08723pt too wide) in paragraph at lines 1--3
[]  \TU/DejaVuSerif(0)/b/n/10 fin-ger\TU/DejaVuSerif(0)/m/n/10 , \TU/DejaVuSeri
f(0)/b/n/10 med-i-cal_glove\TU/DejaVuSerif(0)/m/n/10 , \TU/DejaVuSerif(0)/b/n/1
0 fluid\TU/DejaVuSerif(0)/m/n/10 , \TU/DejaVuSerif(0)/b/n/10 med-i-cal\TU/DejaV
uSerif(0)/m/n/10 , \TU/DejaVuSerif(0)/b/n/10 med-i-cal_equip-ment\TU/DejaVuSeri
f(0)/m/n/10 , \TU/DejaVuSerif(0)/b/n/10 liq-uid\TU/DejaVuSerif(0)/m/n/10 , \TU/
DejaVuSerif(0)/b/n/10 health_care\TU/DejaVuSerif(0)/m/n/10 ,
 []


Overfull \hbox (41.56282pt too wide) in paragraph at lines 1--3
\TU/DejaVuSerif(0)/b/n/10 hy-po-der-mic_nee-dle\TU/DejaVuSerif(0)/m/n/10 , \TU/
DejaVuSerif(0)/b/n/10 med-i-cal_as-sis-tant\TU/DejaVuSerif(0)/m/n/10 , \TU/Deja
VuSerif(0)/b/n/10 lab-o-ra-tory\TU/DejaVuSerif(0)/m/n/10 , \TU/DejaVuSerif(0)/b
/n/10 test_tube\TU/DejaVuSerif(0)/m/n/10 , \TU/DejaVuSerif(0)/b/n/10 clinic\TU/
DejaVuSerif(0)/m/n/10 , \TU/DejaVuSerif(0)/b/n/10 health_pro-
 []


Overfull \hbox (13.6009pt too wide) in paragraph at lines 1--3
\TU/DejaVuSerif(0)/b/n/10 fes-sional\TU/DejaVuSerif(0)/m/n/10 , \TU/DejaVuSerif
(0)/b/n/10 med-i-cal_pro-ce-dure\TU/DejaVuSerif(0)/m/n/10 , \TU/DejaVuSerif(0)/
b/n/10 re-search\TU/DejaVuSerif(0)/m/n/10 , \TU/DejaVuSerif(0)/b/n/10 plas-tic\
TU/DejaVuSerif(0)/m/n/10 , \TU/DejaVuSerif(0)/b/n/10 sci-ence\TU/DejaVuSerif(0)
/m/n/10 , \TU/DejaVuSerif(0)/b/n/10 white_coat\TU/DejaVuSerif(0)/m/n/10 , \TU/D
ejaVuSerif(0)/b/n/10 chem-
 []

) (./f4_pos/f4_pos_011.tex
Overfull \hbox (51.58528pt too wide) in paragraph at lines 1--3
[]  \TU/DejaVuSerif(0)/b/n/10 med-i-cal_glove\TU/DejaVuSerif(0)/m/n/10 , \TU/De
jaVuSerif(0)/b/n/10 med-i-cal\TU/DejaVuSerif(0)/m/n/10 , \TU/DejaVuSerif(0)/b/n
/10 health_care\TU/DejaVuSerif(0)/m/n/10 , \TU/DejaVuSerif(0)/b/n/10 per-sonal_p
ro-tec-tive_equip-ment\TU/DejaVuSerif(0)/m/n/10 , \TU/DejaVuSerif(0)/b/n/10 heal
th_pro-
 []


Overfull \hbox (3.71614pt too wide) in paragraph at lines 1--3
\TU/DejaVuSerif(0)/b/n/10 fes-sional\TU/DejaVuSerif(0)/m/n/10 , \TU/DejaVuSerif
(0)/b/n/10 safety_glove\TU/DejaVuSerif(0)/m/n/10 , \TU/DejaVuSerif(0)/b/n/10 med
-i-cal_equip-ment\TU/DejaVuSerif(0)/m/n/10 , \TU/DejaVuSerif(0)/b/n/10 glove\TU
/DejaVuSerif(0)/m/n/10 , \TU/DejaVuSerif(0)/b/n/10 white_coat\TU/DejaVuSerif(0)
/m/n/10 , \TU/DejaVuSerif(0)/b/n/10 work-wear\TU/DejaVuSerif(0)/m/n/10 ,
 []

) (./f4_pos/f4_pos_012.tex
Overfull \hbox (23.35286pt too wide) in paragraph at lines 1--3
[]  \TU/DejaVuSerif(0)/b/n/10 med-i-cal_glove\TU/DejaVuSerif(0)/m/n/10 , \TU/De
jaVuSerif(0)/b/n/10 per-sonal_pro-tec-tive_equip-ment\TU/DejaVuSerif(0)/m/n/10 
, \TU/DejaVuSerif(0)/b/n/10 safety_glove\TU/DejaVuSerif(0)/m/n/10 , \TU/DejaVuS
erif(0)/b/n/10 med-i-cal\TU/DejaVuSerif(0)/m/n/10 , \TU/DejaVuSerif(0)/b/n/10 gl
ove\TU/DejaVuSerif(0)/m/n/10 ,
 []


Overfull \hbox (13.7679pt too wide) in paragraph at lines 1--3
\TU/DejaVuSerif(0)/b/n/10 sci-en-tist\TU/DejaVuSerif(0)/m/n/10 , \TU/DejaVuSeri
f(0)/b/n/10 health_care\TU/DejaVuSerif(0)/m/n/10 , \TU/DejaVuSerif(0)/b/n/10 hea
lth_pro-fes-sional\TU/DejaVuSerif(0)/m/n/10 , \TU/DejaVuSerif(0)/b/n/10 work-wea
r\TU/DejaVuSerif(0)/m/n/10 , \TU/DejaVuSerif(0)/b/n/10 med-i-cal_equip-ment\TU/
DejaVuSerif(0)/m/n/10 ,
 []

) (./f4_pos/f4_pos_013.tex
Overfull \hbox (8.30794pt too wide) in paragraph at lines 1--3
\TU/DejaVuSerif(0)/b/n/10 tory_equip-ment\TU/DejaVuSerif(0)/m/n/10 , \TU/DejaVu
Serif(0)/b/n/10 glove\TU/DejaVuSerif(0)/m/n/10 , \TU/DejaVuSerif(0)/b/n/10 re-se
arch\TU/DejaVuSerif(0)/m/n/10 , \TU/DejaVuSerif(0)/b/n/10 safety_glove\TU/DejaV
uSerif(0)/m/n/10 , \TU/DejaVuSerif(0)/b/n/10 re-searcher\TU/DejaVuSerif(0)/m/n/
10 , \TU/DejaVuSerif(0)/b/n/10 med-i-cal\TU/DejaVuSerif(0)/m/n/10 , \TU/DejaVuS
erif(0)/b/n/10 chem-
 []


Overfull \hbox (1.6761pt too wide) in paragraph at lines 1--3
\TU/DejaVuSerif(0)/b/n/10 istry\TU/DejaVuSerif(0)/m/n/10 , \TU/DejaVuSerif(0)/b
/n/10 chem-i-cal_en-gi-neer\TU/DejaVuSerif(0)/m/n/10 , \TU/DejaVuSerif(0)/b/n/1
0 re-search_in-sti-tute\TU/DejaVuSerif(0)/m/n/10 , \TU/DejaVuSerif(0)/b/n/10 per
-sonal_pro-tec-tive_equip-
 []


Overfull \hbox (18.77571pt too wide) in paragraph at lines 1--3
\TU/DejaVuSerif(0)/b/n/10 health_pro-fes-sional\TU/DejaVuSerif(0)/m/n/10 , \TU/
DejaVuSerif(0)/b/n/10 med-i-cal_as-sis-tant\TU/DejaVuSerif(0)/m/n/10 , \TU/Deja
VuSerif(0)/b/n/10 sci-en-tific_in-stru-ment\TU/DejaVuSerif(0)/m/n/10 , \TU/Deja
VuSerif(0)/b/n/10 med-i-cal_pro-
 []

[40]) (./f4_pos/f4_pos_014.tex
Overfull \hbox (32.4056pt too wide) in paragraph at lines 1--3
\TU/DejaVuSerif(0)/b/n/10 tory_equip-ment\TU/DejaVuSerif(0)/m/n/10 , \TU/DejaVu
Serif(0)/b/n/10 re-search\TU/DejaVuSerif(0)/m/n/10 , \TU/DejaVuSerif(0)/b/n/10 
liq-uid\TU/DejaVuSerif(0)/m/n/10 , \TU/DejaVuSerif(0)/b/n/10 per-sonal_pro-tec-t
ive_equip-ment\TU/DejaVuSerif(0)/m/n/10 , \TU/DejaVuSerif(0)/b/n/10 re-searcher\TU/DejaVuSerif(0)/m/n/10 ,
 []


Overfull \hbox (18.5306pt too wide) in paragraph at lines 1--3
\TU/DejaVuSerif(0)/b/n/10 glove\TU/DejaVuSerif(0)/m/n/10 , \TU/DejaVuSerif(0)/b
/n/10 uni-form\TU/DejaVuSerif(0)/m/n/10 , \TU/DejaVuSerif(0)/b/n/10 chem-i-cal_e
n-gi-neer\TU/DejaVuSerif(0)/m/n/10 , \TU/DejaVuSerif(0)/b/n/10 med-i-cal\TU/Dej
aVuSerif(0)/m/n/10 , \TU/DejaVuSerif(0)/b/n/10 re-search_in-sti-tute\TU/DejaVuS
erif(0)/m/n/10 , \TU/DejaVuSerif(0)/b/n/10 white_coat\TU/DejaVuSerif(0)/m/n/10 
,
 []


Overfull \hbox (5.29329pt too wide) in paragraph at lines 1--3
\TU/DejaVuSerif(0)/b/n/10 safety_glove\TU/DejaVuSerif(0)/m/n/10 , \TU/DejaVuSer
if(0)/b/n/10 test_tube\TU/DejaVuSerif(0)/m/n/10 , \TU/DejaVuSerif(0)/b/n/10 heal
th_care\TU/DejaVuSerif(0)/m/n/10 , \TU/DejaVuSerif(0)/b/n/10 work-wear\TU/DejaV
uSerif(0)/m/n/10 , \TU/DejaVuSerif(0)/b/n/10 health_pro-fes-sional\TU/DejaVuSer
if(0)/m/n/10 , \TU/DejaVuSerif(0)/b/n/10 plas-
 []


Overfull \hbox (4.71712pt too wide) in paragraph at lines 1--3
\TU/DejaVuSerif(0)/b/n/10 tic\TU/DejaVuSerif(0)/m/n/10 , \TU/DejaVuSerif(0)/b/n
/10 med-i-cal_equip-ment\TU/DejaVuSerif(0)/m/n/10 , \TU/DejaVuSerif(0)/b/n/10 sc
i-en-tific_in-stru-ment\TU/DejaVuSerif(0)/m/n/10 , \TU/DejaVuSerif(0)/b/n/10 sci
-ence\TU/DejaVuSerif(0)/m/n/10 , \TU/DejaVuSerif(0)/b/n/10 clean-li-ness\TU/Dej
aVuSerif(0)/m/n/10 , \TU/DejaVuSerif(0)/b/n/10 med-
 []

) (./f4_pos/f4_pos_015.tex
Overfull \hbox (10.34114pt too wide) in paragraph at lines 1--3
\TU/DejaVuSerif(0)/b/n/10 uid\TU/DejaVuSerif(0)/m/n/10 , \TU/DejaVuSerif(0)/b/n
/10 health_care\TU/DejaVuSerif(0)/m/n/10 , \TU/DejaVuSerif(0)/b/n/10 glove\TU/D
ejaVuSerif(0)/m/n/10 , \TU/DejaVuSerif(0)/b/n/10 med-i-cal_glove\TU/DejaVuSerif
(0)/m/n/10 , \TU/DejaVuSerif(0)/b/n/10 safety_glove\TU/DejaVuSerif(0)/m/n/10 , 
\TU/DejaVuSerif(0)/b/n/10 nail\TU/DejaVuSerif(0)/m/n/10 , \TU/DejaVuSerif(0)/b/
n/10 thumb\TU/DejaVuSerif(0)/m/n/10 , \TU/DejaVuSerif(0)/b/n/10 re-search\TU/De
jaVuSerif(0)/m/n/10 ,
 []


Overfull \hbox (12.18782pt too wide) in paragraph at lines 1--3
\TU/DejaVuSerif(0)/b/n/10 white_coat\TU/DejaVuSerif(0)/m/n/10 , \TU/DejaVuSerif
(0)/b/n/10 test_tube\TU/DejaVuSerif(0)/m/n/10 , \TU/DejaVuSerif(0)/b/n/10 lab-o-
ra-tory\TU/DejaVuSerif(0)/m/n/10 , \TU/DejaVuSerif(0)/b/n/10 sci-en-tist\TU/Dej
aVuSerif(0)/m/n/10 , \TU/DejaVuSerif(0)/b/n/10 re-search_in-sti-tute\TU/DejaVuS
erif(0)/m/n/10 , \TU/DejaVuSerif(0)/b/n/10 re-searcher\TU/DejaVuSerif(0)/m/n/10
 ,
 []


Overfull \hbox (7.82454pt too wide) in paragraph at lines 1--3
\TU/DejaVuSerif(0)/b/n/10 plas-tic\TU/DejaVuSerif(0)/m/n/10 , \TU/DejaVuSerif(0
)/b/n/10 chem-istry\TU/DejaVuSerif(0)/m/n/10 , \TU/DejaVuSerif(0)/b/n/10 sci-enc
e\TU/DejaVuSerif(0)/m/n/10 , \TU/DejaVuSerif(0)/b/n/10 med-i-cal_pro-ce-dure\TU
/DejaVuSerif(0)/m/n/10 , \TU/DejaVuSerif(0)/b/n/10 medicine\TU/DejaVuSerif(0)/m
/n/10 , \TU/DejaVuSerif(0)/b/n/10 so-lu-tion\TU/DejaVuSerif(0)/m/n/10 , \TU/Dej
aVuSerif(0)/b/n/10 chem-
 []

) (./f4_pos/f4_pos_016.tex
Overfull \hbox (31.02669pt too wide) in paragraph at lines 1--3
\TU/DejaVuSerif(0)/b/n/10 med-i-cal_equip-ment\TU/DejaVuSerif(0)/m/n/10 , \TU/D
ejaVuSerif(0)/b/n/10 sur-geon\TU/DejaVuSerif(0)/m/n/10 , \TU/DejaVuSerif(0)/b/n
/10 per-sonal_pro-tec-tive_equip-ment\TU/DejaVuSerif(0)/m/n/10 , \TU/DejaVuSeri
f(0)/b/n/10 op-er-at-ing_the-
 []


Overfull \hbox (20.92805pt too wide) in paragraph at lines 1--3
\TU/DejaVuSerif(0)/b/n/10 pa-tient\TU/DejaVuSerif(0)/m/n/10 , \TU/DejaVuSerif(0
)/b/n/10 lab-o-ra-tory_equip-ment\TU/DejaVuSerif(0)/m/n/10 , \TU/DejaVuSerif(0)
/b/n/10 mask\TU/DejaVuSerif(0)/m/n/10 , \TU/DejaVuSerif(0)/b/n/10 emer-gency\TU
/DejaVuSerif(0)/m/n/10 , \TU/DejaVuSerif(0)/b/n/10 re-search_in-sti-tute\TU/Dej
aVuSerif(0)/m/n/10 , \TU/DejaVuSerif(0)/b/n/10 nurse\TU/DejaVuSerif(0)/m/n/10 ,
 []

) (./f4_pos/f4_pos_017.tex
Overfull \hbox (52.91243pt too wide) in paragraph at lines 1--3
[]  \TU/DejaVuSerif(0)/b/n/10 health_pro-fes-sional\TU/DejaVuSerif(0)/m/n/10 , 
\TU/DejaVuSerif(0)/b/n/10 uni-form\TU/DejaVuSerif(0)/m/n/10 , \TU/DejaVuSerif(0
)/b/n/10 sci-en-tist\TU/DejaVuSerif(0)/m/n/10 , \TU/DejaVuSerif(0)/b/n/10 med-i-
cal\TU/DejaVuSerif(0)/m/n/10 , \TU/DejaVuSerif(0)/b/n/10 lab-o-ra-tory\TU/DejaV
uSerif(0)/m/n/10 , \TU/DejaVuSerif(0)/b/n/10 chemist\TU/DejaVuSerif(0)/m/n/10 , \TU/DejaVuSerif(0)/b/n/10 health_care\TU/DejaVuSerif(0)/m/n/10 ,
 []


Overfull \hbox (17.13899pt too wide) in paragraph at lines 1--3
\TU/DejaVuSerif(0)/b/n/10 re-search\TU/DejaVuSerif(0)/m/n/10 , \TU/DejaVuSerif(
0)/b/n/10 lab-o-ra-tory_equip-ment\TU/DejaVuSerif(0)/m/n/10 , \TU/DejaVuSerif(0
)/b/n/10 stu-dent\TU/DejaVuSerif(0)/m/n/10 , \TU/DejaVuSerif(0)/b/n/10 white_coa
t\TU/DejaVuSerif(0)/m/n/10 , \TU/DejaVuSerif(0)/b/n/10 clinic\TU/DejaVuSerif(0)
/m/n/10 , \TU/DejaVuSerif(0)/b/n/10 med-i-cal_glove\TU/DejaVuSerif(0)/m/n/10 ,
 []


Overfull \hbox (19.79036pt too wide) in paragraph at lines 1--3
\TU/DejaVuSerif(0)/b/n/10 glove\TU/DejaVuSerif(0)/m/n/10 , \TU/DejaVuSerif(0)/b
/n/10 med-i-cal_equip-ment\TU/DejaVuSerif(0)/m/n/10 , \TU/DejaVuSerif(0)/b/n/10
 sci-ence\TU/DejaVuSerif(0)/m/n/10 , \TU/DejaVuSerif(0)/b/n/10 chem-i-cal_en-gi-
neer\TU/DejaVuSerif(0)/m/n/10 , \TU/DejaVuSerif(0)/b/n/10 nurse\TU/DejaVuSerif(
0)/m/n/10 , \TU/DejaVuSerif(0)/b/n/10 med-i-cal_pro-
 []

) (./f4_pos/f4_pos_018.tex
Overfull \hbox (6.1009pt too wide) in paragraph at lines 1--3
[]  \TU/DejaVuSerif(0)/b/n/10 med-i-cal_glove\TU/DejaVuSerif(0)/m/n/10 , \TU/De
jaVuSerif(0)/b/n/10 sci-en-tist\TU/DejaVuSerif(0)/m/n/10 , \TU/DejaVuSerif(0)/b
/n/10 lab-o-ra-tory\TU/DejaVuSerif(0)/m/n/10 , \TU/DejaVuSerif(0)/b/n/10 glove\
TU/DejaVuSerif(0)/m/n/10 , \TU/DejaVuSerif(0)/b/n/10 safety_glove\TU/DejaVuSeri
f(0)/m/n/10 , \TU/DejaVuSerif(0)/b/n/10 re-searcher\TU/DejaVuSerif(0)/m/n/10 , 
\TU/DejaVuSerif(0)/b/n/10 med-
 []


Overfull \hbox (25.17903pt too wide) in paragraph at lines 1--3
\TU/DejaVuSerif(0)/b/n/10 cal_en-gi-neer\TU/DejaVuSerif(0)/m/n/10 , \TU/DejaVuS
erif(0)/b/n/10 ma-chine\TU/DejaVuSerif(0)/m/n/10 , \TU/DejaVuSerif(0)/b/n/10 hea
lth_pro-fes-sional\TU/DejaVuSerif(0)/m/n/10 , \TU/DejaVuSerif(0)/b/n/10 med-i-ca
l_equip-ment\TU/DejaVuSerif(0)/m/n/10 , \TU/DejaVuSerif(0)/b/n/10 white_coat\TU
/DejaVuSerif(0)/m/n/10 ,
 []


Overfull \hbox (21.51888pt too wide) in paragraph at lines 1--3
\TU/DejaVuSerif(0)/b/n/10 sci-en-tific_in-stru-ment\TU/DejaVuSerif(0)/m/n/10 , 
\TU/DejaVuSerif(0)/b/n/10 sci-ence\TU/DejaVuSerif(0)/m/n/10 , \TU/DejaVuSerif(0
)/b/n/10 hos-pi-tal\TU/DejaVuSerif(0)/m/n/10 , \TU/DejaVuSerif(0)/b/n/10 med-i-c
al_as-sis-tant\TU/DejaVuSerif(0)/m/n/10 , \TU/DejaVuSerif(0)/b/n/10 in-dus-try\
TU/DejaVuSerif(0)/m/n/10 , \TU/DejaVuSerif(0)/b/n/10 scrubs\TU/DejaVuSerif(0)/m
/n/10 ,
 []

[41]) (./f4_pos/f4_pos_019.tex
Overfull \hbox (15.96223pt too wide) in paragraph at lines 1--3
\TU/DejaVuSerif(0)/b/n/10 search_in-sti-tute\TU/DejaVuSerif(0)/m/n/10 , \TU/Dej
aVuSerif(0)/b/n/10 lab-o-ra-tory\TU/DejaVuSerif(0)/m/n/10 , \TU/DejaVuSerif(0)/
b/n/10 med-i-cal_pro-ce-dure\TU/DejaVuSerif(0)/m/n/10 , \TU/DejaVuSerif(0)/b/n/
10 white_coat\TU/DejaVuSerif(0)/m/n/10 , \TU/DejaVuSerif(0)/b/n/10 plas-tic\TU/
DejaVuSerif(0)/m/n/10 , \TU/DejaVuSerif(0)/b/n/10 chem-
 []

) (./f4_pos/f4_pos_020.tex
Overfull \hbox (21.12044pt too wide) in paragraph at lines 1--3
\TU/DejaVuSerif(0)/b/n/10 tory_equip-ment\TU/DejaVuSerif(0)/m/n/10 , \TU/DejaVu
Serif(0)/b/n/10 health_pro-fes-sional\TU/DejaVuSerif(0)/m/n/10 , \TU/DejaVuSeri
f(0)/b/n/10 nail\TU/DejaVuSerif(0)/m/n/10 , \TU/DejaVuSerif(0)/b/n/10 thumb\TU/
DejaVuSerif(0)/m/n/10 , \TU/DejaVuSerif(0)/b/n/10 wrist\TU/DejaVuSerif(0)/m/n/1
0 , \TU/DejaVuSerif(0)/b/n/10 sci-en-tist\TU/DejaVuSerif(0)/m/n/10 , \TU/DejaVu
Serif(0)/b/n/10 medicine\TU/DejaVuSerif(0)/m/n/10 ,
 []


Overfull \hbox (9.37532pt too wide) in paragraph at lines 1--3
\TU/DejaVuSerif(0)/b/n/10 re-search\TU/DejaVuSerif(0)/m/n/10 , \TU/DejaVuSerif(
0)/b/n/10 glove\TU/DejaVuSerif(0)/m/n/10 , \TU/DejaVuSerif(0)/b/n/10 med-i-cal_p
ro-ce-dure\TU/DejaVuSerif(0)/m/n/10 , \TU/DejaVuSerif(0)/b/n/10 physi-cian\TU/D
ejaVuSerif(0)/m/n/10 , \TU/DejaVuSerif(0)/b/n/10 white_coat\TU/DejaVuSerif(0)/m
/n/10 , \TU/DejaVuSerif(0)/b/n/10 med-i-cal_glove\TU/DejaVuSerif(0)/m/n/10 ,
 []


Overfull \hbox (15.91927pt too wide) in paragraph at lines 1--3
\TU/DejaVuSerif(0)/b/n/10 hy-po-der-mic_nee-dle\TU/DejaVuSerif(0)/m/n/10 , \TU/
DejaVuSerif(0)/b/n/10 med-i-cal_as-sis-tant\TU/DejaVuSerif(0)/m/n/10 , \TU/Deja
VuSerif(0)/b/n/10 safety_glove\TU/DejaVuSerif(0)/m/n/10 , \TU/DejaVuSerif(0)/b/
n/10 sci-en-tific_in-stru-ment\TU/DejaVuSerif(0)/m/n/10 ,
 []

) (./f4_pos/f4_pos_021.tex
Overfull \hbox (10.8509pt too wide) in paragraph at lines 1--3
[]  \TU/DejaVuSerif(0)/b/n/10 med-i-cal_glove\TU/DejaVuSerif(0)/m/n/10 , \TU/De
jaVuSerif(0)/b/n/10 per-sonal_pro-tec-tive_equip-ment\TU/DejaVuSerif(0)/m/n/10 
, \TU/DejaVuSerif(0)/b/n/10 health_pro-fes-sional\TU/DejaVuSerif(0)/m/n/10 , \T
U/DejaVuSerif(0)/b/n/10 med-
 []


Overfull \hbox (2.54817pt too wide) in paragraph at lines 1--3
\TU/DejaVuSerif(0)/b/n/10 i-cal\TU/DejaVuSerif(0)/m/n/10 , \TU/DejaVuSerif(0)/b
/n/10 glove\TU/DejaVuSerif(0)/m/n/10 , \TU/DejaVuSerif(0)/b/n/10 work-wear\TU/D
ejaVuSerif(0)/m/n/10 , \TU/DejaVuSerif(0)/b/n/10 safety_glove\TU/DejaVuSerif(0)
/m/n/10 , \TU/DejaVuSerif(0)/b/n/10 health_care\TU/DejaVuSerif(0)/m/n/10 , \TU/
DejaVuSerif(0)/b/n/10 re-search\TU/DejaVuSerif(0)/m/n/10 , \TU/DejaVuSerif(0)/b
/n/10 sci-en-tist\TU/DejaVuSerif(0)/m/n/10 , \TU/DejaVuSerif(0)/b/n/10 med-
 []


Overfull \hbox (2.13802pt too wide) in paragraph at lines 1--3
\TU/DejaVuSerif(0)/b/n/10 i-cal_as-sis-tant\TU/DejaVuSerif(0)/m/n/10 , \TU/Deja
VuSerif(0)/b/n/10 sur-geon\TU/DejaVuSerif(0)/m/n/10 , \TU/DejaVuSerif(0)/b/n/10
 physi-cian\TU/DejaVuSerif(0)/m/n/10 , \TU/DejaVuSerif(0)/b/n/10 scrubs\TU/Deja
VuSerif(0)/m/n/10 , \TU/DejaVuSerif(0)/b/n/10 nurse\TU/DejaVuSerif(0)/m/n/10 , 
\TU/DejaVuSerif(0)/b/n/10 clinic\TU/DejaVuSerif(0)/m/n/10 , \TU/DejaVuSerif(0)/
b/n/10 white_coat\TU/DejaVuSerif(0)/m/n/10 , \TU/DejaVuSerif(0)/b/n/10 med-
 []


Overfull \hbox (14.18001pt too wide) in paragraph at lines 1--3
\TU/DejaVuSerif(0)/b/n/10 lab-o-ra-tory_equip-ment\TU/DejaVuSerif(0)/m/n/10 , \
TU/DejaVuSerif(0)/b/n/10 chemist\TU/DejaVuSerif(0)/m/n/10 , \TU/DejaVuSerif(0)/
b/n/10 sci-ence\TU/DejaVuSerif(0)/m/n/10 , \TU/DejaVuSerif(0)/b/n/10 medicine\T
U/DejaVuSerif(0)/m/n/10 , \TU/DejaVuSerif(0)/b/n/10 lab-o-ra-tory\TU/DejaVuSeri
f(0)/m/n/10 , \TU/DejaVuSerif(0)/b/n/10 sur-gi-cal_in-
 []

) (./f4_pos/f4_pos_022.tex
Overfull \hbox (29.9095pt too wide) in paragraph at lines 1--3
[]  \TU/DejaVuSerif(0)/b/n/10 hand\TU/DejaVuSerif(0)/m/n/10 , \TU/DejaVuSerif(0
)/b/n/10 med-i-cal_glove\TU/DejaVuSerif(0)/m/n/10 , \TU/DejaVuSerif(0)/b/n/10 me
d-i-cal\TU/DejaVuSerif(0)/m/n/10 , \TU/DejaVuSerif(0)/b/n/10 fin-ger\TU/DejaVuS
erif(0)/m/n/10 , \TU/DejaVuSerif(0)/b/n/10 health_pro-fes-sional\TU/DejaVuSerif
(0)/m/n/10 , \TU/DejaVuSerif(0)/b/n/10 glove\TU/DejaVuSerif(0)/m/n/10 , \TU/Dej
aVuSerif(0)/b/n/10 safety_glove\TU/DejaVuSerif(0)/m/n/10 ,
 []


Overfull \hbox (3.04915pt too wide) in paragraph at lines 1--3
\TU/DejaVuSerif(0)/b/n/10 cal_as-sis-tant\TU/DejaVuSerif(0)/m/n/10 , \TU/DejaVu
Serif(0)/b/n/10 sur-geon\TU/DejaVuSerif(0)/m/n/10 , \TU/DejaVuSerif(0)/b/n/10 wr
ist\TU/DejaVuSerif(0)/m/n/10 , \TU/DejaVuSerif(0)/b/n/10 med-i-cal_equip-ment\T
U/DejaVuSerif(0)/m/n/10 , \TU/DejaVuSerif(0)/b/n/10 thumb\TU/DejaVuSerif(0)/m/n
/10 , \TU/DejaVuSerif(0)/b/n/10 hos-pi-tal\TU/DejaVuSerif(0)/m/n/10 , \TU/DejaV
uSerif(0)/b/n/10 work-
 []


Overfull \hbox (6.74251pt too wide) in paragraph at lines 1--3
\TU/DejaVuSerif(0)/b/n/10 wear\TU/DejaVuSerif(0)/m/n/10 , \TU/DejaVuSerif(0)/b/
n/10 scrubs\TU/DejaVuSerif(0)/m/n/10 , \TU/DejaVuSerif(0)/b/n/10 clinic\TU/Deja
VuSerif(0)/m/n/10 , \TU/DejaVuSerif(0)/b/n/10 physi-cian\TU/DejaVuSerif(0)/m/n/
10 , \TU/DejaVuSerif(0)/b/n/10 sur-gi-cal_in-stru-ment\TU/DejaVuSerif(0)/m/n/10
 , \TU/DejaVuSerif(0)/b/n/10 nurse\TU/DejaVuSerif(0)/m/n/10 , \TU/DejaVuSerif(0
)/b/n/10 nail\TU/DejaVuSerif(0)/m/n/10 , \TU/DejaVuSerif(0)/b/n/10 re-search\TU
/DejaVuSerif(0)/m/n/10 ,
 []

) (./f4_pos/f4_pos_023.tex
Overfull \hbox (2.18391pt too wide) in paragraph at lines 1--3
[]  \TU/DejaVuSerif(0)/b/n/10 med-i-cal\TU/DejaVuSerif(0)/m/n/10 , \TU/DejaVuSe
rif(0)/b/n/10 med-i-cal_glove\TU/DejaVuSerif(0)/m/n/10 , \TU/DejaVuSerif(0)/b/n
/10 health_pro-fes-sional\TU/DejaVuSerif(0)/m/n/10 , \TU/DejaVuSerif(0)/b/n/10 
per-sonal_pro-tec-tive_equip-
 []


Overfull \hbox (54.36751pt too wide) in paragraph at lines 1--3
\TU/DejaVuSerif(0)/b/n/10 wear\TU/DejaVuSerif(0)/m/n/10 , \TU/DejaVuSerif(0)/b/
n/10 white_coat\TU/DejaVuSerif(0)/m/n/10 , \TU/DejaVuSerif(0)/b/n/10 sci-en-tist
\TU/DejaVuSerif(0)/m/n/10 , \TU/DejaVuSerif(0)/b/n/10 lab-o-ra-tory_equip-ment\
TU/DejaVuSerif(0)/m/n/10 , \TU/DejaVuSerif(0)/b/n/10 uni-form\TU/DejaVuSerif(0)
/m/n/10 , \TU/DejaVuSerif(0)/b/n/10 hos-pi-tal\TU/DejaVuSerif(0)/m/n/10 , \TU/D
ejaVuSerif(0)/b/n/10 safety_glove\TU/DejaVuSerif(0)/m/n/10 ,
 []

) (./f4_pos/f4_pos_024.tex
Overfull \hbox (8.30794pt too wide) in paragraph at lines 1--3
\TU/DejaVuSerif(0)/b/n/10 tory_equip-ment\TU/DejaVuSerif(0)/m/n/10 , \TU/DejaVu
Serif(0)/b/n/10 safety_glove\TU/DejaVuSerif(0)/m/n/10 , \TU/DejaVuSerif(0)/b/n/
10 glove\TU/DejaVuSerif(0)/m/n/10 , \TU/DejaVuSerif(0)/b/n/10 re-search\TU/Deja
VuSerif(0)/m/n/10 , \TU/DejaVuSerif(0)/b/n/10 re-searcher\TU/DejaVuSerif(0)/m/n
/10 , \TU/DejaVuSerif(0)/b/n/10 med-i-cal\TU/DejaVuSerif(0)/m/n/10 , \TU/DejaVu
Serif(0)/b/n/10 chem-
 []


Overfull \hbox (6.22395pt too wide) in paragraph at lines 1--3
\TU/DejaVuSerif(0)/b/n/10 istry\TU/DejaVuSerif(0)/m/n/10 , \TU/DejaVuSerif(0)/b
/n/10 chem-i-cal_en-gi-neer\TU/DejaVuSerif(0)/m/n/10 , \TU/DejaVuSerif(0)/b/n/1
0 re-search_in-sti-tute\TU/DejaVuSerif(0)/m/n/10 , \TU/DejaVuSerif(0)/b/n/10 hea
lth_care\TU/DejaVuSerif(0)/m/n/10 , \TU/DejaVuSerif(0)/b/n/10 med-i-cal_equip-
 []


Overfull \hbox (1.58235pt too wide) in paragraph at lines 1--3
\TU/DejaVuSerif(0)/b/n/10 ment\TU/DejaVuSerif(0)/m/n/10 , \TU/DejaVuSerif(0)/b/
n/10 test_tube\TU/DejaVuSerif(0)/m/n/10 , \TU/DejaVuSerif(0)/b/n/10 work-wear\T
U/DejaVuSerif(0)/m/n/10 , \TU/DejaVuSerif(0)/b/n/10 health_pro-fes-sional\TU/De
jaVuSerif(0)/m/n/10 , \TU/DejaVuSerif(0)/b/n/10 med-i-cal_as-sis-tant\TU/DejaVu
Serif(0)/m/n/10 , \TU/DejaVuSerif(0)/b/n/10 med-
 []

[42]) (./f4_pos/f4_pos_025.tex
Overfull \hbox (16.07845pt too wide) in paragraph at lines 1--3
[]  \TU/DejaVuSerif(0)/b/n/10 hand\TU/DejaVuSerif(0)/m/n/10 , \TU/DejaVuSerif(0
)/b/n/10 med-i-cal_glove\TU/DejaVuSerif(0)/m/n/10 , \TU/DejaVuSerif(0)/b/n/10 fi
n-ger\TU/DejaVuSerif(0)/m/n/10 , \TU/DejaVuSerif(0)/b/n/10 fluid\TU/DejaVuSerif
(0)/m/n/10 , \TU/DejaVuSerif(0)/b/n/10 safety_glove\TU/DejaVuSerif(0)/m/n/10 , 
\TU/DejaVuSerif(0)/b/n/10 glove\TU/DejaVuSerif(0)/m/n/10 , \TU/DejaVuSerif(0)/b
/n/10 med-i-cal\TU/DejaVuSerif(0)/m/n/10 , \TU/DejaVuSerif(0)/b/n/10 health_care
\TU/DejaVuSerif(0)/m/n/10 ,
 []

) (./f4_pos/f4_pos_026.tex
Overfull \hbox (14.15852pt too wide) in paragraph at lines 1--3
[]  \TU/DejaVuSerif(0)/b/n/10 per-sonal_pro-tec-tive_equip-ment\TU/DejaVuSerif(
0)/m/n/10 , \TU/DejaVuSerif(0)/b/n/10 med-i-cal\TU/DejaVuSerif(0)/m/n/10 , \TU/
DejaVuSerif(0)/b/n/10 work-wear\TU/DejaVuSerif(0)/m/n/10 , \TU/DejaVuSerif(0)/b
/n/10 sci-en-tist\TU/DejaVuSerif(0)/m/n/10 , \TU/DejaVuSerif(0)/b/n/10 health_ca
re\TU/DejaVuSerif(0)/m/n/10 ,
 []


Overfull \hbox (55.7054pt too wide) in paragraph at lines 1--3
\TU/DejaVuSerif(0)/b/n/10 health_pro-fes-sional\TU/DejaVuSerif(0)/m/n/10 , \TU/
DejaVuSerif(0)/b/n/10 glove\TU/DejaVuSerif(0)/m/n/10 , \TU/DejaVuSerif(0)/b/n/1
0 med-i-cal_glove\TU/DejaVuSerif(0)/m/n/10 , \TU/DejaVuSerif(0)/b/n/10 sur-geon\TU/DejaVuSerif(0)/m/n/10 , \TU/DejaVuSerif(0)/b/n/10 re-search\TU/DejaVuSerif(0)/m/n/10 , \TU/DejaVuSerif(0)/b/n/10 scrubs\TU/DejaVuSerif(0)/m/n/10 , \TU/DejaVuSerif(0)/b/n/10 safety_glove\TU/DejaVuSerif(0)/m/n/10 ,
 []


Overfull \hbox (8.48177pt too wide) in paragraph at lines 1--3
\TU/DejaVuSerif(0)/b/n/10 mask\TU/DejaVuSerif(0)/m/n/10 , \TU/DejaVuSerif(0)/b/
n/10 lab-o-ra-tory\TU/DejaVuSerif(0)/m/n/10 , \TU/DejaVuSerif(0)/b/n/10 hos-pi-t
al\TU/DejaVuSerif(0)/m/n/10 , \TU/DejaVuSerif(0)/b/n/10 lab-o-ra-tory_equip-ment
\TU/DejaVuSerif(0)/m/n/10 , \TU/DejaVuSerif(0)/b/n/10 re-search_in-sti-tute\TU/
DejaVuSerif(0)/m/n/10 , \TU/DejaVuSerif(0)/b/n/10 job\TU/DejaVuSerif(0)/m/n/10 
,
 []


Overfull \hbox (2.71516pt too wide) in paragraph at lines 1--3
\TU/DejaVuSerif(0)/b/n/10 re-searcher\TU/DejaVuSerif(0)/m/n/10 , \TU/DejaVuSeri
f(0)/b/n/10 chemist\TU/DejaVuSerif(0)/m/n/10 , \TU/DejaVuSerif(0)/b/n/10 gog-gle
s\TU/DejaVuSerif(0)/m/n/10 , \TU/DejaVuSerif(0)/b/n/10 white_coat\TU/DejaVuSeri
f(0)/m/n/10 , \TU/DejaVuSerif(0)/b/n/10 med-i-cal_pro-ce-dure\TU/DejaVuSerif(0)
/m/n/10 , \TU/DejaVuSerif(0)/b/n/10 chem-istry\TU/DejaVuSerif(0)/m/n/10 ,
 []


Overfull \hbox (1.1556pt too wide) in paragraph at lines 1--3
\TU/DejaVuSerif(0)/b/n/10 med-i-cal_equip-ment\TU/DejaVuSerif(0)/m/n/10 , \TU/D
ejaVuSerif(0)/b/n/10 physi-cian\TU/DejaVuSerif(0)/m/n/10 , \TU/DejaVuSerif(0)/b
/n/10 sci-ence\TU/DejaVuSerif(0)/m/n/10 , \TU/DejaVuSerif(0)/b/n/10 med-i-cal_as
-sis-tant\TU/DejaVuSerif(0)/m/n/10 , \TU/DejaVuSerif(0)/b/n/10 chem-i-cal_en-
 []

) (./f4_pos/f4_pos_027.tex
Overfull \hbox (54.37239pt too wide) in paragraph at lines 1--3
\TU/DejaVuSerif(0)/b/n/10 tory\TU/DejaVuSerif(0)/m/n/10 , \TU/DejaVuSerif(0)/b/
n/10 health_pro-fes-sional\TU/DejaVuSerif(0)/m/n/10 , \TU/DejaVuSerif(0)/b/n/10
 health_care\TU/DejaVuSerif(0)/m/n/10 , \TU/DejaVuSerif(0)/b/n/10 re-search\TU/
DejaVuSerif(0)/m/n/10 , \TU/DejaVuSerif(0)/b/n/10 sci-en-tist\TU/DejaVuSerif(0)
/m/n/10 , \TU/DejaVuSerif(0)/b/n/10 work-wear\TU/DejaVuSerif(0)/m/n/10 , \TU/De
jaVuSerif(0)/b/n/10 safety_glove\TU/DejaVuSerif(0)/m/n/10 ,
 []


Overfull \hbox (19.65169pt too wide) in paragraph at lines 1--3
\TU/DejaVuSerif(0)/b/n/10 re-search_in-sti-tute\TU/DejaVuSerif(0)/m/n/10 , \TU/
DejaVuSerif(0)/b/n/10 lab-o-ra-tory_equip-ment\TU/DejaVuSerif(0)/m/n/10 , \TU/D
ejaVuSerif(0)/b/n/10 re-searcher\TU/DejaVuSerif(0)/m/n/10 , \TU/DejaVuSerif(0)/
b/n/10 chemist\TU/DejaVuSerif(0)/m/n/10 , \TU/DejaVuSerif(0)/b/n/10 med-i-cal_as
-
 []


Overfull \hbox (16.34993pt too wide) in paragraph at lines 1--3
\TU/DejaVuSerif(0)/b/n/10 med-i-cal_pro-ce-dure\TU/DejaVuSerif(0)/m/n/10 , \TU/
DejaVuSerif(0)/b/n/10 white_coat\TU/DejaVuSerif(0)/m/n/10 , \TU/DejaVuSerif(0)/
b/n/10 chem-istry\TU/DejaVuSerif(0)/m/n/10 , \TU/DejaVuSerif(0)/b/n/10 plas-tic\TU/DejaVuSerif(0)/m/n/10 , \TU/DejaVuSerif(0)/b/n/10 sur-geon\TU/DejaVuSerif(0)/m/n/10 , \TU/DejaVuSerif(0)/b/n/10 sci-ence\TU/DejaVuSerif(0)/m/n/10 , \TU/DejaVuSerif(0)/b/n/10 nurse\TU/DejaVuSerif(0)/m/n/10 ,
 []

) (./f4_pos/f4_pos_028.tex
Overfull \hbox (7.99055pt too wide) in paragraph at lines 1--3
[]  \TU/DejaVuSerif(0)/b/n/10 white_coat\TU/DejaVuSerif(0)/m/n/10 , \TU/DejaVuS
erif(0)/b/n/10 lab-o-ra-tory\TU/DejaVuSerif(0)/m/n/10 , \TU/DejaVuSerif(0)/b/n/
10 chemist\TU/DejaVuSerif(0)/m/n/10 , \TU/DejaVuSerif(0)/b/n/10 sci-en-tist\TU/
DejaVuSerif(0)/m/n/10 , \TU/DejaVuSerif(0)/b/n/10 fluid\TU/DejaVuSerif(0)/m/n/1
0 , \TU/DejaVuSerif(0)/b/n/10 chem-istry\TU/DejaVuSerif(0)/m/n/10 , \TU/DejaVuS
erif(0)/b/n/10 med-i-cal_glove\TU/DejaVuSerif(0)/m/n/10 ,
 []


Overfull \hbox (31.05794pt too wide) in paragraph at lines 1--3
\TU/DejaVuSerif(0)/b/n/10 re-search\TU/DejaVuSerif(0)/m/n/10 , \TU/DejaVuSerif(
0)/b/n/10 lab-o-ra-tory_equip-ment\TU/DejaVuSerif(0)/m/n/10 , \TU/DejaVuSerif(0
)/b/n/10 re-searcher\TU/DejaVuSerif(0)/m/n/10 , \TU/DejaVuSerif(0)/b/n/10 chem-i
-cal_en-gi-neer\TU/DejaVuSerif(0)/m/n/10 , \TU/DejaVuSerif(0)/b/n/10 re-search_i
n-
 []


Overfull \hbox (30.81966pt too wide) in paragraph at lines 1--3
\TU/DejaVuSerif(0)/b/n/10 sti-tute\TU/DejaVuSerif(0)/m/n/10 , \TU/DejaVuSerif(0
)/b/n/10 liq-uid\TU/DejaVuSerif(0)/m/n/10 , lab-o-ra-tory_flask, \TU/DejaVuSeri
f(0)/b/n/10 glove\TU/DejaVuSerif(0)/m/n/10 , \TU/DejaVuSerif(0)/b/n/10 med-i-cal
\TU/DejaVuSerif(0)/m/n/10 , \TU/DejaVuSerif(0)/b/n/10 uni-form\TU/DejaVuSerif(0
)/m/n/10 , \TU/DejaVuSerif(0)/b/n/10 test_tube\TU/DejaVuSerif(0)/m/n/10 , \TU/D
ejaVuSerif(0)/b/n/10 health_care\TU/DejaVuSerif(0)/m/n/10 ,
 []


Overfull \hbox (10.48372pt too wide) in paragraph at lines 1--3
\TU/DejaVuSerif(0)/b/n/10 health_pro-fes-sional\TU/DejaVuSerif(0)/m/n/10 , \TU/
DejaVuSerif(0)/b/n/10 sci-ence\TU/DejaVuSerif(0)/m/n/10 , \TU/DejaVuSerif(0)/b/
n/10 clean-li-ness\TU/DejaVuSerif(0)/m/n/10 , \TU/DejaVuSerif(0)/b/n/10 med-i-ca
l_as-sis-tant\TU/DejaVuSerif(0)/m/n/10 , \TU/DejaVuSerif(0)/b/n/10 so-lu-tion\T
U/DejaVuSerif(0)/m/n/10 , \TU/DejaVuSerif(0)/b/n/10 stu-
 []

) (./f4_pos/f4_pos_029.tex
Overfull \hbox (7.47395pt too wide) in paragraph at lines 1--3
\TU/DejaVuSerif(0)/b/n/10 sional\TU/DejaVuSerif(0)/m/n/10 , \TU/DejaVuSerif(0)/
b/n/10 lab-o-ra-tory_equip-ment\TU/DejaVuSerif(0)/m/n/10 , \TU/DejaVuSerif(0)/b
/n/10 med-i-cal_equip-ment\TU/DejaVuSerif(0)/m/n/10 , \TU/DejaVuSerif(0)/b/n/10
 medicine\TU/DejaVuSerif(0)/m/n/10 , \TU/DejaVuSerif(0)/b/n/10 med-i-cal_as-
 []

) (./f4_pos/f4_pos_030.tex
Overfull \hbox (12.43196pt too wide) in paragraph at lines 1--3
\TU/DejaVuSerif(0)/b/n/10 white_coat\TU/DejaVuSerif(0)/m/n/10 , \TU/DejaVuSerif
(0)/b/n/10 med-i-cal_equip-ment\TU/DejaVuSerif(0)/m/n/10 , \TU/DejaVuSerif(0)/b
/n/10 sci-en-tist\TU/DejaVuSerif(0)/m/n/10 , \TU/DejaVuSerif(0)/b/n/10 wrist\TU
/DejaVuSerif(0)/m/n/10 , \TU/DejaVuSerif(0)/b/n/10 health_pro-fes-sional\TU/Dej
aVuSerif(0)/m/n/10 , \TU/DejaVuSerif(0)/b/n/10 med-
 []


Overfull \hbox (7.98372pt too wide) in paragraph at lines 1--3
\TU/DejaVuSerif(0)/b/n/10 i-cal_pro-ce-dure\TU/DejaVuSerif(0)/m/n/10 , \TU/Deja
VuSerif(0)/b/n/10 nail\TU/DejaVuSerif(0)/m/n/10 , \TU/DejaVuSerif(0)/b/n/10 thum
b\TU/DejaVuSerif(0)/m/n/10 , \TU/DejaVuSerif(0)/b/n/10 re-search\TU/DejaVuSerif
(0)/m/n/10 , \TU/DejaVuSerif(0)/b/n/10 lab-o-ra-tory_equip-ment\TU/DejaVuSerif(
0)/m/n/10 , \TU/DejaVuSerif(0)/b/n/10 med-i-cal_as-
 []


Overfull \hbox (6.77473pt too wide) in paragraph at lines 1--3
\TU/DejaVuSerif(0)/b/n/10 sis-tant\TU/DejaVuSerif(0)/m/n/10 , \TU/DejaVuSerif(0
)/b/n/10 re-search_in-sti-tute\TU/DejaVuSerif(0)/m/n/10 , \TU/DejaVuSerif(0)/b/
n/10 re-searcher\TU/DejaVuSerif(0)/m/n/10 , \TU/DejaVuSerif(0)/b/n/10 physi-cian
\TU/DejaVuSerif(0)/m/n/10 , \TU/DejaVuSerif(0)/b/n/10 hos-pi-tal\TU/DejaVuSerif
(0)/m/n/10 , \TU/DejaVuSerif(0)/b/n/10 medicine\TU/DejaVuSerif(0)/m/n/10 , \TU/
DejaVuSerif(0)/b/n/10 lab-
 []

[43]) (./f4_pos/f4_pos_031.tex
Overfull \hbox (37.8177pt too wide) in paragraph at lines 1--3
\TU/DejaVuSerif(0)/b/n/10 ment\TU/DejaVuSerif(0)/m/n/10 , \TU/DejaVuSerif(0)/b/
n/10 chemist\TU/DejaVuSerif(0)/m/n/10 , \TU/DejaVuSerif(0)/b/n/10 re-search_in-s
ti-tute\TU/DejaVuSerif(0)/m/n/10 , \TU/DejaVuSerif(0)/b/n/10 chem-i-cal_en-gi-ne
er\TU/DejaVuSerif(0)/m/n/10 , \TU/DejaVuSerif(0)/b/n/10 health_care\TU/DejaVuSe
rif(0)/m/n/10 , \TU/DejaVuSerif(0)/b/n/10 white_coat\TU/DejaVuSerif(0)/m/n/10 ,
 []


Overfull \hbox (4.23177pt too wide) in paragraph at lines 1--3
\TU/DejaVuSerif(0)/b/n/10 med-i-cal_equip-ment\TU/DejaVuSerif(0)/m/n/10 , \TU/D
ejaVuSerif(0)/b/n/10 chem-istry\TU/DejaVuSerif(0)/m/n/10 , \TU/DejaVuSerif(0)/b
/n/10 work-wear\TU/DejaVuSerif(0)/m/n/10 , \TU/DejaVuSerif(0)/b/n/10 health_pro-
fes-sional\TU/DejaVuSerif(0)/m/n/10 , \TU/DejaVuSerif(0)/b/n/10 ma-chine\TU/Dej
aVuSerif(0)/m/n/10 ,
 []


Overfull \hbox (7.89876pt too wide) in paragraph at lines 1--3
\TU/DejaVuSerif(0)/b/n/10 job\TU/DejaVuSerif(0)/m/n/10 , \TU/DejaVuSerif(0)/b/n
/10 med-i-cal_pro-ce-dure\TU/DejaVuSerif(0)/m/n/10 , \TU/DejaVuSerif(0)/b/n/10 
sci-en-tific_in-stru-ment\TU/DejaVuSerif(0)/m/n/10 , \TU/DejaVuSerif(0)/b/n/10 
elec-tron-ics\TU/DejaVuSerif(0)/m/n/10 , \TU/DejaVuSerif(0)/b/n/10 elec-tronic_e
n-
 []

) (./f4_pos/f4_pos_032.tex
Overfull \hbox (29.97298pt too wide) in paragraph at lines 1--3
\TU/DejaVuSerif(0)/b/n/10 re-search\TU/DejaVuSerif(0)/m/n/10 , \TU/DejaVuSerif(
0)/b/n/10 med-i-cal\TU/DejaVuSerif(0)/m/n/10 , \TU/DejaVuSerif(0)/b/n/10 safety_
glove\TU/DejaVuSerif(0)/m/n/10 , \TU/DejaVuSerif(0)/b/n/10 chemist\TU/DejaVuSer
if(0)/m/n/10 , \TU/DejaVuSerif(0)/b/n/10 health_care\TU/DejaVuSerif(0)/m/n/10 , \TU/DejaVuSerif(0)/b/n/10 chem-istry\TU/DejaVuSerif(0)/m/n/10 , \TU/DejaVuSerif(0)/b/n/10 re-search_in-
 []


Overfull \hbox (17.85188pt too wide) in paragraph at lines 1--3
\TU/DejaVuSerif(0)/b/n/10 sti-tute\TU/DejaVuSerif(0)/m/n/10 , \TU/DejaVuSerif(0
)/b/n/10 nail\TU/DejaVuSerif(0)/m/n/10 , \TU/DejaVuSerif(0)/b/n/10 chem-i-cal_en
-gi-neer\TU/DejaVuSerif(0)/m/n/10 , \TU/DejaVuSerif(0)/b/n/10 re-searcher\TU/De
jaVuSerif(0)/m/n/10 , \TU/DejaVuSerif(0)/b/n/10 med-i-cal_equip-ment\TU/DejaVuS
erif(0)/m/n/10 , \TU/DejaVuSerif(0)/b/n/10 test_tube\TU/DejaVuSerif(0)/m/n/10 ,
 []

) (./f4_pos/f4_pos_033.tex
Overfull \hbox (38.6009pt too wide) in paragraph at lines 1--3
[]  \TU/DejaVuSerif(0)/b/n/10 hand\TU/DejaVuSerif(0)/m/n/10 , \TU/DejaVuSerif(0
)/b/n/10 fin-ger\TU/DejaVuSerif(0)/m/n/10 , \TU/DejaVuSerif(0)/b/n/10 med-i-cal_
equip-ment\TU/DejaVuSerif(0)/m/n/10 , \TU/DejaVuSerif(0)/b/n/10 health_care\TU/
DejaVuSerif(0)/m/n/10 , \TU/DejaVuSerif(0)/b/n/10 med-i-cal\TU/DejaVuSerif(0)/m
/n/10 , \TU/DejaVuSerif(0)/b/n/10 white_coat\TU/DejaVuSerif(0)/m/n/10 , \TU/Dej
aVuSerif(0)/b/n/10 health_pro-
 []


Overfull \hbox (6.8929pt too wide) in paragraph at lines 1--3
\TU/DejaVuSerif(0)/b/n/10 mic_nee-dle\TU/DejaVuSerif(0)/m/n/10 , \TU/DejaVuSeri
f(0)/b/n/10 med-i-cal_pro-ce-dure\TU/DejaVuSerif(0)/m/n/10 , \TU/DejaVuSerif(0)
/b/n/10 lab-o-ra-tory_equip-ment\TU/DejaVuSerif(0)/m/n/10 , \TU/DejaVuSerif(0)/
b/n/10 hos-pi-tal\TU/DejaVuSerif(0)/m/n/10 , \TU/DejaVuSerif(0)/b/n/10 sci-ence\TU/DejaVuSerif(0)/m/n/10 ,
 []

) (./f4_pos/f4_pos_034.tex
Overfull \hbox (23.09407pt too wide) in paragraph at lines 1--3
\TU/DejaVuSerif(0)/b/n/10 health_pro-fes-sional\TU/DejaVuSerif(0)/m/n/10 , \TU/
DejaVuSerif(0)/b/n/10 med-i-cal_equip-ment\TU/DejaVuSerif(0)/m/n/10 , \TU/DejaV
uSerif(0)/b/n/10 white_coat\TU/DejaVuSerif(0)/m/n/10 , \TU/DejaVuSerif(0)/b/n/1
0 sci-en-tist\TU/DejaVuSerif(0)/m/n/10 , \TU/DejaVuSerif(0)/b/n/10 med-i-cal_pro
-
 []


Overfull \hbox (16.57454pt too wide) in paragraph at lines 1--3
\TU/DejaVuSerif(0)/b/n/10 sis-tant\TU/DejaVuSerif(0)/m/n/10 , \TU/DejaVuSerif(0
)/b/n/10 re-searcher\TU/DejaVuSerif(0)/m/n/10 , \TU/DejaVuSerif(0)/b/n/10 hos-pi
-tal\TU/DejaVuSerif(0)/m/n/10 , \TU/DejaVuSerif(0)/b/n/10 physi-cian\TU/DejaVuS
erif(0)/m/n/10 , \TU/DejaVuSerif(0)/b/n/10 re-search_in-sti-tute\TU/DejaVuSerif
(0)/m/n/10 , \TU/DejaVuSerif(0)/b/n/10 medicine\TU/DejaVuSerif(0)/m/n/10 , \TU/
DejaVuSerif(0)/b/n/10 work-
 []

) (./f4_pos/f4_pos_035.tex
Overfull \hbox (3.33333pt too wide) in paragraph at lines 1--3
[]  \TU/DejaVuSerif(0)/b/n/10 med-i-cal_glove\TU/DejaVuSerif(0)/m/n/10 , \TU/De
jaVuSerif(0)/b/n/10 sci-en-tist\TU/DejaVuSerif(0)/m/n/10 , \TU/DejaVuSerif(0)/b
/n/10 med-i-cal\TU/DejaVuSerif(0)/m/n/10 , \TU/DejaVuSerif(0)/b/n/10 glove\TU/D
ejaVuSerif(0)/m/n/10 , \TU/DejaVuSerif(0)/b/n/10 per-sonal_pro-tec-tive_equip-me
nt\TU/DejaVuSerif(0)/m/n/10 ,
 []


Overfull \hbox (7.41048pt too wide) in paragraph at lines 1--3
\TU/DejaVuSerif(0)/b/n/10 fes-sional\TU/DejaVuSerif(0)/m/n/10 , \TU/DejaVuSerif
(0)/b/n/10 lab-o-ra-tory_equip-ment\TU/DejaVuSerif(0)/m/n/10 , \TU/DejaVuSerif(
0)/b/n/10 re-searcher\TU/DejaVuSerif(0)/m/n/10 , \TU/DejaVuSerif(0)/b/n/10 re-se
arch_in-sti-tute\TU/DejaVuSerif(0)/m/n/10 , \TU/DejaVuSerif(0)/b/n/10 chemist\T
U/DejaVuSerif(0)/m/n/10 ,
 []


Overfull \hbox (2.62337pt too wide) in paragraph at lines 1--3
\TU/DejaVuSerif(0)/b/n/10 med-i-cal_equip-ment\TU/DejaVuSerif(0)/m/n/10 , \TU/D
ejaVuSerif(0)/b/n/10 chem-i-cal_en-gi-neer\TU/DejaVuSerif(0)/m/n/10 , \TU/DejaV
uSerif(0)/b/n/10 med-i-cal_pro-ce-dure\TU/DejaVuSerif(0)/m/n/10 , \TU/DejaVuSer
if(0)/b/n/10 white_coat\TU/DejaVuSerif(0)/m/n/10 ,
 []

) (./f4_pos/f4_pos_036.tex [44]
Overfull \hbox (0.67708pt too wide) in paragraph at lines 1--3
[]  \TU/DejaVuSerif(0)/b/n/10 med-i-cal_glove\TU/DejaVuSerif(0)/m/n/10 , \TU/De
jaVuSerif(0)/b/n/10 lab-o-ra-tory\TU/DejaVuSerif(0)/m/n/10 , \TU/DejaVuSerif(0)
/b/n/10 per-sonal_pro-tec-tive_equip-ment\TU/DejaVuSerif(0)/m/n/10 , \TU/DejaVu
Serif(0)/b/n/10 chemist\TU/DejaVuSerif(0)/m/n/10 , \TU/DejaVuSerif(0)/b/n/10 sci
-
 []


Overfull \hbox (3.45247pt too wide) in paragraph at lines 1--3
\TU/DejaVuSerif(0)/b/n/10 stru-ment\TU/DejaVuSerif(0)/m/n/10 , \TU/DejaVuSerif(
0)/b/n/10 med-i-cal_equip-ment\TU/DejaVuSerif(0)/m/n/10 , \TU/DejaVuSerif(0)/b/
n/10 plas-tic\TU/DejaVuSerif(0)/m/n/10 , \TU/DejaVuSerif(0)/b/n/10 med-i-cal_as-
sis-tant\TU/DejaVuSerif(0)/m/n/10 , \TU/DejaVuSerif(0)/b/n/10 sci-ence\TU/DejaV
uSerif(0)/m/n/10 , \TU/DejaVuSerif(0)/b/n/10 clean-
 []

) (./f4_pos/f4_pos_037.tex
Overfull \hbox (5.12239pt too wide) in paragraph at lines 1--3
[]  \TU/DejaVuSerif(0)/b/n/10 fluid\TU/DejaVuSerif(0)/m/n/10 , \TU/DejaVuSerif(
0)/b/n/10 med-i-cal\TU/DejaVuSerif(0)/m/n/10 , \TU/DejaVuSerif(0)/b/n/10 health_
care\TU/DejaVuSerif(0)/m/n/10 , \TU/DejaVuSerif(0)/b/n/10 liq-uid\TU/DejaVuSeri
f(0)/m/n/10 , \TU/DejaVuSerif(0)/b/n/10 med-i-cal_equip-ment\TU/DejaVuSerif(0)/
m/n/10 , \TU/DejaVuSerif(0)/b/n/10 lab-o-ra-tory_equip-
 []


Overfull \hbox (2.12141pt too wide) in paragraph at lines 1--3
\TU/DejaVuSerif(0)/b/n/10 dle\TU/DejaVuSerif(0)/m/n/10 , \TU/DejaVuSerif(0)/b/n
/10 so-lu-tion\TU/DejaVuSerif(0)/m/n/10 , \TU/DejaVuSerif(0)/b/n/10 safety_glove
\TU/DejaVuSerif(0)/m/n/10 , \TU/DejaVuSerif(0)/b/n/10 sci-ence\TU/DejaVuSerif(0
)/m/n/10 , \TU/DejaVuSerif(0)/b/n/10 lab-o-ra-tory\TU/DejaVuSerif(0)/m/n/10 , \
TU/DejaVuSerif(0)/b/n/10 re-search_in-sti-tute\TU/DejaVuSerif(0)/m/n/10 , \TU/D
ejaVuSerif(0)/b/n/10 chem-
 []

) (./f4_pos/f4_pos_038.tex
Overfull \hbox (16.21419pt too wide) in paragraph at lines 1--3
[]  \TU/DejaVuSerif(0)/b/n/10 per-sonal_pro-tec-tive_equip-ment\TU/DejaVuSerif(
0)/m/n/10 , \TU/DejaVuSerif(0)/b/n/10 med-i-cal_glove\TU/DejaVuSerif(0)/m/n/10 
, \TU/DejaVuSerif(0)/b/n/10 fluid\TU/DejaVuSerif(0)/m/n/10 , \TU/DejaVuSerif(0)
/b/n/10 med-i-cal\TU/DejaVuSerif(0)/m/n/10 , \TU/DejaVuSerif(0)/b/n/10 health_ca
re\TU/DejaVuSerif(0)/m/n/10 ,
 []


Overfull \hbox (19.57063pt too wide) in paragraph at lines 1--3
\TU/DejaVuSerif(0)/b/n/10 glove\TU/DejaVuSerif(0)/m/n/10 , \TU/DejaVuSerif(0)/b
/n/10 sci-en-tist\TU/DejaVuSerif(0)/m/n/10 , \TU/DejaVuSerif(0)/b/n/10 safety_gl
ove\TU/DejaVuSerif(0)/m/n/10 , \TU/DejaVuSerif(0)/b/n/10 lab-o-ra-tory_equip-men
t\TU/DejaVuSerif(0)/m/n/10 , \TU/DejaVuSerif(0)/b/n/10 re-search\TU/DejaVuSerif
(0)/m/n/10 , \TU/DejaVuSerif(0)/b/n/10 med-i-cal_pro-
 []

) (./f4_pos/f4_pos_039.tex
Overfull \hbox (23.35286pt too wide) in paragraph at lines 1--3
[]  \TU/DejaVuSerif(0)/b/n/10 med-i-cal_glove\TU/DejaVuSerif(0)/m/n/10 , \TU/De
jaVuSerif(0)/b/n/10 per-sonal_pro-tec-tive_equip-ment\TU/DejaVuSerif(0)/m/n/10 
, \TU/DejaVuSerif(0)/b/n/10 med-i-cal\TU/DejaVuSerif(0)/m/n/10 , \TU/DejaVuSeri
f(0)/b/n/10 glove\TU/DejaVuSerif(0)/m/n/10 , \TU/DejaVuSerif(0)/b/n/10 safety_gl
ove\TU/DejaVuSerif(0)/m/n/10 ,
 []


Overfull \hbox (21.03548pt too wide) in paragraph at lines 1--3
\TU/DejaVuSerif(0)/b/n/10 work-wear\TU/DejaVuSerif(0)/m/n/10 , \TU/DejaVuSerif(
0)/b/n/10 sci-en-tist\TU/DejaVuSerif(0)/m/n/10 , \TU/DejaVuSerif(0)/b/n/10 healt
h_pro-fes-sional\TU/DejaVuSerif(0)/m/n/10 , \TU/DejaVuSerif(0)/b/n/10 health_car
e\TU/DejaVuSerif(0)/m/n/10 , \TU/DejaVuSerif(0)/b/n/10 mask\TU/DejaVuSerif(0)/m
/n/10 , \TU/DejaVuSerif(0)/b/n/10 med-i-cal_equip-
 []

) (./f4_pos/f4_pos_040.tex
Overfull \hbox (5.5931pt too wide) in paragraph at lines 1--3
[]  \TU/DejaVuSerif(0)/b/n/10 med-i-cal_glove\TU/DejaVuSerif(0)/m/n/10 , \TU/De
jaVuSerif(0)/b/n/10 lab-o-ra-tory\TU/DejaVuSerif(0)/m/n/10 , \TU/DejaVuSerif(0)
/b/n/10 sci-en-tist\TU/DejaVuSerif(0)/m/n/10 , \TU/DejaVuSerif(0)/b/n/10 chemist
\TU/DejaVuSerif(0)/m/n/10 , \TU/DejaVuSerif(0)/b/n/10 re-search\TU/DejaVuSerif(
0)/m/n/10 , \TU/DejaVuSerif(0)/b/n/10 glove\TU/DejaVuSerif(0)/m/n/10 , \TU/Deja
VuSerif(0)/b/n/10 white_coat\TU/DejaVuSerif(0)/m/n/10 ,
 []


Overfull \hbox (5.63997pt too wide) in paragraph at lines 1--3
\TU/DejaVuSerif(0)/b/n/10 sti-tute\TU/DejaVuSerif(0)/m/n/10 , \TU/DejaVuSerif(0
)/b/n/10 health_pro-fes-sional\TU/DejaVuSerif(0)/m/n/10 , \TU/DejaVuSerif(0)/b/
n/10 health_care\TU/DejaVuSerif(0)/m/n/10 , \TU/DejaVuSerif(0)/b/n/10 sci-en-tif
ic_in-stru-ment\TU/DejaVuSerif(0)/m/n/10 , \TU/DejaVuSerif(0)/b/n/10 job\TU/Dej
aVuSerif(0)/m/n/10 , \TU/DejaVuSerif(0)/b/n/10 med-
 []


Overfull \hbox (3.96516pt too wide) in paragraph at lines 1--3
\TU/DejaVuSerif(0)/b/n/10 cal_as-sis-tant\TU/DejaVuSerif(0)/m/n/10 , \TU/DejaVu
Serif(0)/b/n/10 clean-li-ness\TU/DejaVuSerif(0)/m/n/10 , \TU/DejaVuSerif(0)/b/n
/10 op-ti-cal_in-stru-ment\TU/DejaVuSerif(0)/m/n/10 , \TU/DejaVuSerif(0)/b/n/10
 so-lu-tion\TU/DejaVuSerif(0)/m/n/10 , \TU/DejaVuSerif(0)/b/n/10 hos-pi-tal\TU/
DejaVuSerif(0)/m/n/10 , \TU/DejaVuSerif(0)/b/n/10 stu-dent 
 []

) (./f4_neg/f4_neg_001.tex [45]) (./f4_neg/f4_neg_002.tex)
(./f4_neg/f4_neg_003.tex) (./f4_neg/f4_neg_004.tex
Overfull \hbox (3.90852pt too wide) in paragraph at lines 1--3
[]  \TU/DejaVuSerif(0)/m/n/10 fore-head, \TU/DejaVuSerif(0)/b/n/10 suit\TU/Deja
VuSerif(0)/m/n/10 , \TU/DejaVuSerif(0)/b/n/10 blazer\TU/DejaVuSerif(0)/m/n/10 , \TU/DejaVuSerif(0)/b/n/10 coat\TU/DejaVuSerif(0)/m/n/10 , for-mal_wear, \TU/DejaVuSerif(0)/b/n/10 white-collar_worker\TU/DejaVuSerif(0)/m/n/10 , \TU/DejaVuSerif(0)/b/n/10 mi-cro-phone\TU/DejaVuSerif(0)/m/n/10 ,
 []

) (./f4_neg/f4_neg_005.tex
Overfull \hbox (35.45052pt too wide) in paragraph at lines 1--3
[]  \TU/DejaVuSerif(0)/m/n/10 chin, fore-head, \TU/DejaVuSerif(0)/b/n/10 suit\T
U/DejaVuSerif(0)/m/n/10 , for-mal_wear, col-lar, wrin-kle, \TU/DejaVuSerif(0)/b
/n/10 blazer\TU/DejaVuSerif(0)/m/n/10 , \TU/DejaVuSerif(0)/b/n/10 coat\TU/DejaV
uSerif(0)/m/n/10 , \TU/DejaVuSerif(0)/b/n/10 white-collar_worker\TU/DejaVuSerif
(0)/m/n/10 ,
 []

) (./f4_neg/f4_neg_006.tex
Overfull \hbox (11.68977pt too wide) in paragraph at lines 1--3
\TU/DejaVuSerif(0)/b/n/10 spokesper-son\TU/DejaVuSerif(0)/m/n/10 , \TU/DejaVuSe
rif(0)/b/n/10 mi-cro-phone\TU/DejaVuSerif(0)/m/n/10 , dress_shirt, \TU/DejaVuSe
rif(0)/b/n/10 speech\TU/DejaVuSerif(0)/m/n/10 , pub-lic_ad-dress_sys-tem, \TU/D
ejaVuSerif(0)/b/n/10 logo\TU/DejaVuSerif(0)/m/n/10 ,
 []

) (./f4_neg/f4_neg_007.tex) (./f4_neg/f4_neg_008.tex) (./f4_neg/f4_neg_009.tex
Overfull \hbox (9.13606pt too wide) in paragraph at lines 1--3
\TU/DejaVuSerif(0)/b/n/10 neck-tie\TU/DejaVuSerif(0)/m/n/10 , \TU/DejaVuSerif(0
)/b/n/10 white-collar_worker\TU/DejaVuSerif(0)/m/n/10 , dress_shirt, \TU/DejaVu
Serif(0)/b/n/10 spokesper-son\TU/DejaVuSerif(0)/m/n/10 , \TU/DejaVuSerif(0)/b/n
/10 mi-cro-phone\TU/DejaVuSerif(0)/m/n/10 , \TU/DejaVuSerif(0)/b/n/10 logo\TU/D
ejaVuSerif(0)/m/n/10 ,
 []

) (./f4_neg/f4_neg_010.tex
Overfull \hbox (10.38313pt too wide) in paragraph at lines 1--3
[]  \TU/DejaVuSerif(0)/m/n/10 for-mal_wear, \TU/DejaVuSerif(0)/b/n/10 white-coll
ar_worker\TU/DejaVuSerif(0)/m/n/10 , \TU/DejaVuSerif(0)/b/n/10 blazer\TU/DejaVu
Serif(0)/m/n/10 , dress_shirt, job, \TU/DejaVuSerif(0)/b/n/10 logo\TU/DejaVuSer
if(0)/m/n/10 , \TU/DejaVuSerif(0)/b/n/10 busi-nessper-
 []

[46]) (./f4_neg/f4_neg_011.tex) (./f4_neg/f4_neg_012.tex)
(./f4_neg/f4_neg_013.tex) (./f4_neg/f4_neg_014.tex) (./f4_neg/f4_neg_015.tex)
(./f4_neg/f4_neg_016.tex) (./f4_neg/f4_neg_017.tex) (./f4_neg/f4_neg_018.tex)
(./f4_neg/f4_neg_019.tex) (./f4_neg/f4_neg_020.tex
Overfull \hbox (49.36263pt too wide) in paragraph at lines 1--3
\TU/DejaVuSerif(0)/b/n/10 son\TU/DejaVuSerif(0)/m/n/10 , for-mal_wear, \TU/Deja
VuSerif(0)/b/n/10 speech\TU/DejaVuSerif(0)/m/n/10 , \TU/DejaVuSerif(0)/b/n/10 su
it\TU/DejaVuSerif(0)/m/n/10 , \TU/DejaVuSerif(0)/b/n/10 neck-tie\TU/DejaVuSerif
(0)/m/n/10 , pub-lic_ad-dress_sys-tem, \TU/DejaVuSerif(0)/b/n/10 white-collar_wo
rker\TU/DejaVuSerif(0)/m/n/10 ,
 []


Overfull \hbox (1.02766pt too wide) in paragraph at lines 1--3
\TU/DejaVuSerif(0)/m/n/10 podium, \TU/DejaVuSerif(0)/b/n/10 speaker\TU/DejaVuSe
rif(0)/m/n/10 , ges-ture, \TU/DejaVuSerif(0)/b/n/10 busi-nessper-son\TU/DejaVuS
erif(0)/m/n/10 , \TU/DejaVuSerif(0)/b/n/10 logo\TU/DejaVuSerif(0)/m/n/10 , lecte
rn, \TU/DejaVuSerif(0)/b/n/10 news_con-fer-ence\TU/DejaVuSerif(0)/m/n/10 ,
 []

[47]) (./f4_neg/f4_neg_021.tex
Overfull \hbox (2.4095pt too wide) in paragraph at lines 1--3
[]  \TU/DejaVuSerif(0)/m/n/10 smile, ad-ver-tis-ing, pub-li-ca-tion, \TU/DejaVu
Serif(0)/b/n/10 white-collar_worker\TU/DejaVuSerif(0)/m/n/10 , poster, \TU/Deja
VuSerif(0)/b/n/10 logo\TU/DejaVuSerif(0)/m/n/10 , \TU/DejaVuSerif(0)/b/n/10 hap-
pi-ness\TU/DejaVuSerif(0)/m/n/10 ,
 []

) (./f4_neg/f4_neg_022.tex) (./f4_neg/f4_neg_023.tex) (./f4_neg/f4_neg_024.tex) (./f4_neg/f4_neg_025.tex) (./f4_neg/f4_neg_026.tex) (./f4_neg/f4_neg_027.tex)
(./f4_neg/f4_neg_028.tex
Overfull \hbox (1.09114pt too wide) in paragraph at lines 1--3
\TU/DejaVuSerif(0)/b/n/10 au-dio_equip-ment\TU/DejaVuSerif(0)/m/n/10 , dress_shi
rt, \TU/DejaVuSerif(0)/b/n/10 speech\TU/DejaVuSerif(0)/m/n/10 , of-fi-cial, \TU
/DejaVuSerif(0)/b/n/10 busi-nessper-son\TU/DejaVuSerif(0)/m/n/10 , \TU/DejaVuSe
rif(0)/b/n/10 logo\TU/DejaVuSerif(0)/m/n/10 , news,
 []

) (./f4_neg/f4_neg_029.tex [48]) (./f4_neg/f4_neg_030.tex)
(./f4_neg/f4_neg_031.tex) (./f4_neg/f4_neg_032.tex
Overfull \hbox (4.14485pt too wide) in paragraph at lines 1--3
[]  \TU/DejaVuSerif(0)/m/n/10 fa-cial_hair, beard, \TU/DejaVuSerif(0)/b/n/10 hap
-pi-ness\TU/DejaVuSerif(0)/m/n/10 , mous-tache, smile, ad-ver-tis-ing, \TU/Deja
VuSerif(0)/b/n/10 logo\TU/DejaVuSerif(0)/m/n/10 , ac-tive_shirt,
 []

) (./f4_neg/f4_neg_033.tex) (./f4_neg/f4_neg_034.tex) (./f4_neg/f4_neg_035.tex) (./f4_neg/f4_neg_036.tex) (./f4_neg/f4_neg_037.tex) (./f4_neg/f4_neg_038.tex
Overfull \hbox (0.54915pt too wide) in paragraph at lines 1--3
[]  \TU/DejaVuSerif(0)/m/n/10 eye-wear, glasses, vi-sion_care, news, \TU/DejaVu
Serif(0)/b/n/10 spokesper-son\TU/DejaVuSerif(0)/m/n/10 , \TU/DejaVuSerif(0)/b/n
/10 elec-tronic_de-vice\TU/DejaVuSerif(0)/m/n/10 , \TU/DejaVuSerif(0)/b/n/10 nec
k-
 []


Overfull \hbox (7.67513pt too wide) in paragraph at lines 1--3
\TU/DejaVuSerif(0)/b/n/10 tie\TU/DejaVuSerif(0)/m/n/10 , \TU/DejaVuSerif(0)/b/n
/10 suit\TU/DejaVuSerif(0)/m/n/10 , \TU/DejaVuSerif(0)/b/n/10 white-collar_worke
r\TU/DejaVuSerif(0)/m/n/10 , \TU/DejaVuSerif(0)/b/n/10 mi-cro-phone\TU/DejaVuSe
rif(0)/m/n/10 , \TU/DejaVuSerif(0)/b/n/10 speech\TU/DejaVuSerif(0)/m/n/10 , fa-c
ial_hair, \TU/DejaVuSerif(0)/b/n/10 blazer\TU/DejaVuSerif(0)/m/n/10 , \TU/DejaV
uSerif(0)/b/n/10 logo\TU/DejaVuSerif(0)/m/n/10 ,
 []

) (./f4_neg/f4_neg_039.tex
Overfull \hbox (3.47688pt too wide) in paragraph at lines 1--3
\TU/DejaVuSerif(0)/m/n/10 mal_wear, \TU/DejaVuSerif(0)/b/n/10 blazer\TU/DejaVuS
erif(0)/m/n/10 , \TU/DejaVuSerif(0)/b/n/10 coat\TU/DejaVuSerif(0)/m/n/10 , \TU/
DejaVuSerif(0)/b/n/10 white-collar_worker\TU/DejaVuSerif(0)/m/n/10 , dress_shirt
, pub-lic_ad-dress_sys-
 []

[49]) (./f4_neg/f4_neg_040.tex) (./f5_pos/f5_pos_001.tex
Overfull \hbox (2.98079pt too wide) in paragraph at lines 1--3
[]  \TU/DejaVuSerif(0)/b/n/10 build-ing\TU/DejaVuSerif(0)/m/n/10 , \TU/DejaVuSe
rif(0)/b/n/10 day-time\TU/DejaVuSerif(0)/m/n/10 , \TU/DejaVuSerif(0)/b/n/10 ur-b
an_area\TU/DejaVuSerif(0)/m/n/10 , \TU/DejaVuSerif(0)/b/n/10 city\TU/DejaVuSeri
f(0)/m/n/10 , \TU/DejaVuSerif(0)/b/n/10 skyscraper\TU/DejaVuSerif(0)/m/n/10 , \
TU/DejaVuSerif(0)/b/n/10 metropoli-tan_area\TU/DejaVuSerif(0)/m/n/10 , \TU/Deja
VuSerif(0)/b/n/10 high-
 []


Overfull \hbox (16.75813pt too wide) in paragraph at lines 1--3
\TU/DejaVuSerif(0)/b/n/10 rise_build-ing\TU/DejaVuSerif(0)/m/n/10 , trans-port, \TU/DejaVuSerif(0)/b/n/10 road\TU/DejaVuSerif(0)/m/n/10 , \TU/DejaVuSerif(0)/b/n/10 road_sur-face\TU/DejaVuSerif(0)/m/n/10 , \TU/DejaVuSerif(0)/b/n/10 com-mer-cial_build-ing\TU/DejaVuSerif(0)/m/n/10 , \TU/DejaVuSerif(0)/b/n/10 metropo-
 []


Overfull \hbox (28.41731pt too wide) in paragraph at lines 1--3
\TU/DejaVuSerif(0)/b/n/10 lis\TU/DejaVuSerif(0)/m/n/10 , \TU/DejaVuSerif(0)/b/n
/10 street\TU/DejaVuSerif(0)/m/n/10 , \TU/DejaVuSerif(0)/b/n/10 thor-ough-fare\
TU/DejaVuSerif(0)/m/n/10 , \TU/DejaVuSerif(0)/b/n/10 as-phalt\TU/DejaVuSerif(0)
/m/n/10 , \TU/DejaVuSerif(0)/b/n/10 con-do-minium\TU/DejaVuSerif(0)/m/n/10 , \T
U/DejaVuSerif(0)/b/n/10 lane\TU/DejaVuSerif(0)/m/n/10 , \TU/DejaVuSerif(0)/b/n/
10 mixed-use\TU/DejaVuSerif(0)/m/n/10 , \TU/DejaVuSerif(0)/b/n/10 street_light\
TU/DejaVuSerif(0)/m/n/10 ,
 []

) (./f5_pos/f5_pos_002.tex
Overfull \hbox (7.7093pt too wide) in paragraph at lines 1--3
[]  \TU/DejaVuSerif(0)/b/n/10 build-ing\TU/DejaVuSerif(0)/m/n/10 , \TU/DejaVuSe
rif(0)/b/n/10 ur-ban_area\TU/DejaVuSerif(0)/m/n/10 , \TU/DejaVuSerif(0)/b/n/10 
road\TU/DejaVuSerif(0)/m/n/10 , \TU/DejaVuSerif(0)/b/n/10 city\TU/DejaVuSerif(0
)/m/n/10 , trans-port, \TU/DejaVuSerif(0)/b/n/10 metropoli-tan_area\TU/DejaVuSe
rif(0)/m/n/10 , \TU/DejaVuSerif(0)/b/n/10 street\TU/DejaVuSerif(0)/m/n/10 , \TU
/DejaVuSerif(0)/b/n/10 thor-
 []


Overfull \hbox (1.75813pt too wide) in paragraph at lines 1--3
\TU/DejaVuSerif(0)/b/n/10 ough-fare\TU/DejaVuSerif(0)/m/n/10 , \TU/DejaVuSerif(
0)/b/n/10 high-rise_build-ing\TU/DejaVuSerif(0)/m/n/10 , \TU/DejaVuSerif(0)/b/n
/10 metropo-lis\TU/DejaVuSerif(0)/m/n/10 , \TU/DejaVuSerif(0)/b/n/10 lane\TU/De
jaVuSerif(0)/m/n/10 , \TU/DejaVuSerif(0)/b/n/10 com-mer-cial_build-ing\TU/DejaV
uSerif(0)/m/n/10 , \TU/DejaVuSerif(0)/b/n/10 ur-
 []


Overfull \hbox (12.07552pt too wide) in paragraph at lines 1--3
\TU/DejaVuSerif(0)/b/n/10 con-do-minium\TU/DejaVuSerif(0)/m/n/10 , \TU/DejaVuSe
rif(0)/b/n/10 mixed-use\TU/DejaVuSerif(0)/m/n/10 , \TU/DejaVuSerif(0)/b/n/10 tra
f-fic\TU/DejaVuSerif(0)/m/n/10 , \TU/DejaVuSerif(0)/b/n/10 cityscape\TU/DejaVuS
erif(0)/m/n/10 , controlled-access_high-way, \TU/DejaVuSerif(0)/b/n/10 side-
 []


Overfull \hbox (44.57552pt too wide) in paragraph at lines 1--3
\TU/DejaVuSerif(0)/b/n/10 walk\TU/DejaVuSerif(0)/m/n/10 , pub-lic_util-ity, road
_junc-tion, \TU/DejaVuSerif(0)/b/n/10 head-quar-ters\TU/DejaVuSerif(0)/m/n/10 , \TU/DejaVuSerif(0)/b/n/10 pedes-trian_cross-ing\TU/DejaVuSerif(0)/m/n/10 , \TU/DejaVuSerif(0)/b/n/10 street_light\TU/DejaVuSerif(0)/m/n/10 ,
 []


Overfull \hbox (19.51497pt too wide) in paragraph at lines 1--3
\TU/DejaVuSerif(0)/b/n/10 ze-bra_cross-ing\TU/DejaVuSerif(0)/m/n/10 , \TU/DejaV
uSerif(0)/b/n/10 tour_bus_ser-vice\TU/DejaVuSerif(0)/m/n/10 , \TU/DejaVuSerif(0
)/b/n/10 aerial_pho-tog-ra-phy\TU/DejaVuSerif(0)/m/n/10 , \TU/DejaVuSerif(0)/b/
n/10 bus\TU/DejaVuSerif(0)/m/n/10 , \TU/DejaVuSerif(0)/b/n/10 cor-po-rate_head-
 []

) (./f5_pos/f5_pos_003.tex
Overfull \hbox (10.99934pt too wide) in paragraph at lines 1--3
\TU/DejaVuSerif(0)/b/n/10 chi-tec-ture\TU/DejaVuSerif(0)/m/n/10 , \TU/DejaVuSer
if(0)/b/n/10 con-do-minium\TU/DejaVuSerif(0)/m/n/10 , \TU/DejaVuSerif(0)/b/n/10
 com-mer-cial_build-ing\TU/DejaVuSerif(0)/m/n/10 , bird’s-eye_view, \TU/DejaV
uSerif(0)/b/n/10 land-mark\TU/DejaVuSerif(0)/m/n/10 ,
 []


Overfull \hbox (7.35384pt too wide) in paragraph at lines 1--3
\TU/DejaVuSerif(0)/b/n/10 ur-ban_de-sign\TU/DejaVuSerif(0)/m/n/10 , \TU/DejaVuS
erif(0)/b/n/10 tower\TU/DejaVuSerif(0)/m/n/10 , sub-urb, \TU/DejaVuSerif(0)/b/n
/10 hu-man_set-tle-ment\TU/DejaVuSerif(0)/m/n/10 , \TU/DejaVuSerif(0)/b/n/10 aer
ial_pho-tog-ra-phy\TU/DejaVuSerif(0)/m/n/10 , \TU/DejaVuSerif(0)/b/n/10 sky-
 []

) (./f5_pos/f5_pos_004.tex
Overfull \hbox (1.65755pt too wide) in paragraph at lines 1--3
[]  \TU/DejaVuSerif(0)/b/n/10 road\TU/DejaVuSerif(0)/m/n/10 , \TU/DejaVuSerif(0
)/b/n/10 build-ing\TU/DejaVuSerif(0)/m/n/10 , \TU/DejaVuSerif(0)/b/n/10 road_sur
-face\TU/DejaVuSerif(0)/m/n/10 , \TU/DejaVuSerif(0)/b/n/10 city\TU/DejaVuSerif(
0)/m/n/10 , \TU/DejaVuSerif(0)/b/n/10 ur-ban_area\TU/DejaVuSerif(0)/m/n/10 , \T
U/DejaVuSerif(0)/b/n/10 street\TU/DejaVuSerif(0)/m/n/10 , \TU/DejaVuSerif(0)/b/
n/10 metropoli-tan_area\TU/DejaVuSerif(0)/m/n/10 ,
 []


Overfull \hbox (2.78548pt too wide) in paragraph at lines 1--3
\TU/DejaVuSerif(0)/b/n/10 thor-ough-fare\TU/DejaVuSerif(0)/m/n/10 , \TU/DejaVuS
erif(0)/b/n/10 as-phalt\TU/DejaVuSerif(0)/m/n/10 , \TU/DejaVuSerif(0)/b/n/10 pub
-lic_space\TU/DejaVuSerif(0)/m/n/10 , \TU/DejaVuSerif(0)/b/n/10 pedes-trian\TU/
DejaVuSerif(0)/m/n/10 , \TU/DejaVuSerif(0)/b/n/10 light-ing\TU/DejaVuSerif(0)/m
/n/10 , \TU/DejaVuSerif(0)/b/n/10 side-walk\TU/DejaVuSerif(0)/m/n/10 , \TU/Deja
VuSerif(0)/b/n/10 lane\TU/DejaVuSerif(0)/m/n/10 ,
 []


Overfull \hbox (26.35579pt too wide) in paragraph at lines 1--3
\TU/DejaVuSerif(0)/m/n/10 sig-nal-ing_de-vice, \TU/DejaVuSerif(0)/b/n/10 metropo
-lis\TU/DejaVuSerif(0)/m/n/10 , \TU/DejaVuSerif(0)/b/n/10 pedes-trian_cross-ing\TU/DejaVuSerif(0)/m/n/10 , \TU/DejaVuSerif(0)/b/n/10 ze-bra_cross-ing\TU/DejaVuSerif(0)/m/n/10 , traf-fic_light,
 []


Overfull \hbox (2.1468pt too wide) in paragraph at lines 1--3
\TU/DejaVuSerif(0)/b/n/10 high-rise_build-ing\TU/DejaVuSerif(0)/m/n/10 , \TU/De
jaVuSerif(0)/b/n/10 com-mer-cial_build-ing\TU/DejaVuSerif(0)/m/n/10 , \TU/DejaV
uSerif(0)/b/n/10 skyscraper\TU/DejaVuSerif(0)/m/n/10 , \TU/DejaVuSerif(0)/b/n/1
0 street_light\TU/DejaVuSerif(0)/m/n/10 , travel,
 []

[50]) (./f5_pos/f5_pos_005.tex) (./f5_pos/f5_pos_006.tex
Overfull \hbox (13.51692pt too wide) in paragraph at lines 1--3
[]  \TU/DejaVuSerif(0)/b/n/10 day-time\TU/DejaVuSerif(0)/m/n/10 , \TU/DejaVuSer
if(0)/b/n/10 build-ing\TU/DejaVuSerif(0)/m/n/10 , \TU/DejaVuSerif(0)/b/n/10 al-l
ey\TU/DejaVuSerif(0)/m/n/10 , \TU/DejaVuSerif(0)/b/n/10 ur-ban_area\TU/DejaVuSe
rif(0)/m/n/10 , \TU/DejaVuSerif(0)/b/n/10 road\TU/DejaVuSerif(0)/m/n/10 , \TU/D
ejaVuSerif(0)/b/n/10 road_sur-face\TU/DejaVuSerif(0)/m/n/10 , \TU/DejaVuSerif(0
)/b/n/10 city\TU/DejaVuSerif(0)/m/n/10 , \TU/DejaVuSerif(0)/b/n/10 street\TU/De
jaVuSerif(0)/m/n/10 , \TU/DejaVuSerif(0)/b/n/10 neigh-
 []


Overfull \hbox (8.51106pt too wide) in paragraph at lines 1--3
\TU/DejaVuSerif(0)/b/n/10 com-pos-ite_ma-te-rial\TU/DejaVuSerif(0)/m/n/10 , \TU
/DejaVuSerif(0)/b/n/10 thor-ough-fare\TU/DejaVuSerif(0)/m/n/10 , \TU/DejaVuSeri
f(0)/b/n/10 morn-ing\TU/DejaVuSerif(0)/m/n/10 , \TU/DejaVuSerif(0)/b/n/10 pedes-
trian\TU/DejaVuSerif(0)/m/n/10 , \TU/DejaVuSerif(0)/b/n/10 con-crete\TU/DejaVuS
erif(0)/m/n/10 , \TU/DejaVuSerif(0)/b/n/10 mixed-
 []


Overfull \hbox (9.64583pt too wide) in paragraph at lines 1--3
\TU/DejaVuSerif(0)/b/n/10 use\TU/DejaVuSerif(0)/m/n/10 , \TU/DejaVuSerif(0)/b/n
/10 com-mer-cial_build-ing\TU/DejaVuSerif(0)/m/n/10 , cob-ble-stone, \TU/DejaVu
Serif(0)/b/n/10 walk-ing\TU/DejaVuSerif(0)/m/n/10 , \TU/DejaVuSerif(0)/b/n/10 wa
lk-way\TU/DejaVuSerif(0)/m/n/10 , \TU/DejaVuSerif(0)/b/n/10 evening\TU/DejaVuSe
rif(0)/m/n/10 , \TU/DejaVuSerif(0)/b/n/10 shadow 
 []

) (./f5_pos/f5_pos_007.tex
Overfull \hbox (2.98079pt too wide) in paragraph at lines 1--3
[]  \TU/DejaVuSerif(0)/b/n/10 skyscraper\TU/DejaVuSerif(0)/m/n/10 , \TU/DejaVuS
erif(0)/b/n/10 ur-ban_area\TU/DejaVuSerif(0)/m/n/10 , \TU/DejaVuSerif(0)/b/n/10
 build-ing\TU/DejaVuSerif(0)/m/n/10 , \TU/DejaVuSerif(0)/b/n/10 day-time\TU/Dej
aVuSerif(0)/m/n/10 , \TU/DejaVuSerif(0)/b/n/10 city\TU/DejaVuSerif(0)/m/n/10 , 
\TU/DejaVuSerif(0)/b/n/10 metropoli-tan_area\TU/DejaVuSerif(0)/m/n/10 , \TU/Dej
aVuSerif(0)/b/n/10 high-
 []


Overfull \hbox (2.91048pt too wide) in paragraph at lines 1--3
\TU/DejaVuSerif(0)/b/n/10 cial_build-ing\TU/DejaVuSerif(0)/m/n/10 , \TU/DejaVuS
erif(0)/b/n/10 cityscape\TU/DejaVuSerif(0)/m/n/10 , \TU/DejaVuSerif(0)/b/n/10 la
nd-mark\TU/DejaVuSerif(0)/m/n/10 , \TU/DejaVuSerif(0)/b/n/10 con-do-minium\TU/D
ejaVuSerif(0)/m/n/10 , \TU/DejaVuSerif(0)/b/n/10 ur-ban_de-sign\TU/DejaVuSerif(
0)/m/n/10 , \TU/DejaVuSerif(0)/b/n/10 sky-line\TU/DejaVuSerif(0)/m/n/10 ,
 []


Overfull \hbox (0.347pt too wide) in paragraph at lines 1--3
\TU/DejaVuSerif(0)/b/n/10 apart-ment\TU/DejaVuSerif(0)/m/n/10 , \TU/DejaVuSerif
(0)/b/n/10 mixed-use\TU/DejaVuSerif(0)/m/n/10 , \TU/DejaVuSerif(0)/b/n/10 head-q
uar-ters\TU/DejaVuSerif(0)/m/n/10 , \TU/DejaVuSerif(0)/b/n/10 haze\TU/DejaVuSer
if(0)/m/n/10 , \TU/DejaVuSerif(0)/b/n/10 cor-po-rate_head-quar-ters\TU/DejaVuSe
rif(0)/m/n/10 , fog,
 []

) (./f5_pos/f5_pos_008.tex
Overfull \hbox (3.66243pt too wide) in paragraph at lines 1--3
\TU/DejaVuSerif(0)/b/n/10 tan_area\TU/DejaVuSerif(0)/m/n/10 , \TU/DejaVuSerif(0
)/b/n/10 pedes-trian\TU/DejaVuSerif(0)/m/n/10 , \TU/DejaVuSerif(0)/b/n/10 pub-li
c_space\TU/DejaVuSerif(0)/m/n/10 , \TU/DejaVuSerif(0)/b/n/10 com-pos-ite_ma-te-r
ial\TU/DejaVuSerif(0)/m/n/10 , \TU/DejaVuSerif(0)/b/n/10 metropo-lis\TU/DejaVuS
erif(0)/m/n/10 , \TU/DejaVuSerif(0)/b/n/10 con-
 []

) (./f5_pos/f5_pos_009.tex
Overfull \hbox (12.89095pt too wide) in paragraph at lines 1--3
\TU/DejaVuSerif(0)/b/n/10 con-do-minium\TU/DejaVuSerif(0)/m/n/10 , \TU/DejaVuSe
rif(0)/b/n/10 bus\TU/DejaVuSerif(0)/m/n/10 , \TU/DejaVuSerif(0)/b/n/10 bi-cy-cle
_wheel\TU/DejaVuSerif(0)/m/n/10 , \TU/DejaVuSerif(0)/b/n/10 com-mer-cial_build-i
ng\TU/DejaVuSerif(0)/m/n/10 , \TU/DejaVuSerif(0)/b/n/10 bi-cy-cle_tire\TU/DejaV
uSerif(0)/m/n/10 , \TU/DejaVuSerif(0)/b/n/10 thor-
 []

) (./f5_pos/f5_pos_010.tex
Overfull \hbox (35.40755pt too wide) in paragraph at lines 1--3
\TU/DejaVuSerif(0)/b/n/10 ing\TU/DejaVuSerif(0)/m/n/10 , \TU/DejaVuSerif(0)/b/n
/10 neigh-bour-hood\TU/DejaVuSerif(0)/m/n/10 , \TU/DejaVuSerif(0)/b/n/10 ar-chi-
tec-ture\TU/DejaVuSerif(0)/m/n/10 , \TU/DejaVuSerif(0)/b/n/10 dusk\TU/DejaVuSer
if(0)/m/n/10 , \TU/DejaVuSerif(0)/b/n/10 res-i-den-tial_area\TU/DejaVuSerif(0)/
m/n/10 , \TU/DejaVuSerif(0)/b/n/10 apart-ment\TU/DejaVuSerif(0)/m/n/10 , \TU/De
jaVuSerif(0)/b/n/10 metropo-
 []

[51]) (./f5_pos/f5_pos_011.tex
Overfull \hbox (2.98079pt too wide) in paragraph at lines 1--3
[]  \TU/DejaVuSerif(0)/b/n/10 ur-ban_area\TU/DejaVuSerif(0)/m/n/10 , \TU/DejaVu
Serif(0)/b/n/10 skyscraper\TU/DejaVuSerif(0)/m/n/10 , \TU/DejaVuSerif(0)/b/n/10
 build-ing\TU/DejaVuSerif(0)/m/n/10 , \TU/DejaVuSerif(0)/b/n/10 day-time\TU/Dej
aVuSerif(0)/m/n/10 , \TU/DejaVuSerif(0)/b/n/10 city\TU/DejaVuSerif(0)/m/n/10 , 
\TU/DejaVuSerif(0)/b/n/10 metropoli-tan_area\TU/DejaVuSerif(0)/m/n/10 , \TU/Dej
aVuSerif(0)/b/n/10 high-
 []

) (./f5_pos/f5_pos_012.tex
Overfull \hbox (10.00032pt too wide) in paragraph at lines 1--3
[]  \TU/DejaVuSerif(0)/b/n/10 build-ing\TU/DejaVuSerif(0)/m/n/10 , \TU/DejaVuSe
rif(0)/b/n/10 city\TU/DejaVuSerif(0)/m/n/10 , \TU/DejaVuSerif(0)/b/n/10 ur-ban_a
rea\TU/DejaVuSerif(0)/m/n/10 , \TU/DejaVuSerif(0)/b/n/10 metropoli-tan_area\TU/
DejaVuSerif(0)/m/n/10 , \TU/DejaVuSerif(0)/b/n/10 com-mer-cial_build-ing\TU/Dej
aVuSerif(0)/m/n/10 , \TU/DejaVuSerif(0)/b/n/10 high-
 []


Overfull \hbox (22.45149pt too wide) in paragraph at lines 1--3
\TU/DejaVuSerif(0)/b/n/10 rise_build-ing\TU/DejaVuSerif(0)/m/n/10 , \TU/DejaVuS
erif(0)/b/n/10 con-do-minium\TU/DejaVuSerif(0)/m/n/10 , \TU/DejaVuSerif(0)/b/n/
10 ur-ban_de-sign\TU/DejaVuSerif(0)/m/n/10 , \TU/DejaVuSerif(0)/b/n/10 apart-men
t\TU/DejaVuSerif(0)/m/n/10 , \TU/DejaVuSerif(0)/b/n/10 mixed-use\TU/DejaVuSerif
(0)/m/n/10 , \TU/DejaVuSerif(0)/b/n/10 metropo-
 []


Overfull \hbox (5.82356pt too wide) in paragraph at lines 1--3
\TU/DejaVuSerif(0)/b/n/10 com-pact_car\TU/DejaVuSerif(0)/m/n/10 , full-size_car,
 au-to-mo-tive_tail_&_brake_light, \TU/DejaVuSerif(0)/b/n/10 park-ing\TU/DejaVu
Serif(0)/m/n/10 , hot_hatch,
 []

) (./f5_pos/f5_pos_013.tex
Overfull \hbox (5.56868pt too wide) in paragraph at lines 1--3
\TU/DejaVuSerif(0)/b/n/10 thor-ough-fare\TU/DejaVuSerif(0)/m/n/10 , \TU/DejaVuS
erif(0)/b/n/10 metropoli-tan_area\TU/DejaVuSerif(0)/m/n/10 , \TU/DejaVuSerif(0)
/b/n/10 dome\TU/DejaVuSerif(0)/m/n/10 , \TU/DejaVuSerif(0)/b/n/10 as-phalt\TU/D
ejaVuSerif(0)/m/n/10 , \TU/DejaVuSerif(0)/b/n/10 lane\TU/DejaVuSerif(0)/m/n/10 
, travel, \TU/DejaVuSerif(0)/b/n/10 street_light\TU/DejaVuSerif(0)/m/n/10 ,
 []


Overfull \hbox (4.33138pt too wide) in paragraph at lines 1--3
\TU/DejaVuSerif(0)/b/n/10 metropo-lis\TU/DejaVuSerif(0)/m/n/10 , \TU/DejaVuSeri
f(0)/b/n/10 walk-ing\TU/DejaVuSerif(0)/m/n/10 , \TU/DejaVuSerif(0)/b/n/10 side-w
alk\TU/DejaVuSerif(0)/m/n/10 , \TU/DejaVuSerif(0)/b/n/10 win-ter\TU/DejaVuSerif
(0)/m/n/10 , \TU/DejaVuSerif(0)/b/n/10 pedes-trian_cross-ing\TU/DejaVuSerif(0)/
m/n/10 , \TU/DejaVuSerif(0)/b/n/10 town_square\TU/DejaVuSerif(0)/m/n/10 ,
 []

) (./f5_pos/f5_pos_014.tex
Overfull \hbox (2.81087pt too wide) in paragraph at lines 1--3
\TU/DejaVuSerif(0)/b/n/10 high-rise_build-ing\TU/DejaVuSerif(0)/m/n/10 , \TU/De
jaVuSerif(0)/b/n/10 ur-ban_de-sign\TU/DejaVuSerif(0)/m/n/10 , \TU/DejaVuSerif(0
)/b/n/10 tower\TU/DejaVuSerif(0)/m/n/10 , \TU/DejaVuSerif(0)/b/n/10 com-mer-cial
_build-ing\TU/DejaVuSerif(0)/m/n/10 , \TU/DejaVuSerif(0)/b/n/10 metropo-
 []


Overfull \hbox (2.14583pt too wide) in paragraph at lines 1--3
\TU/DejaVuSerif(0)/b/n/10 lis\TU/DejaVuSerif(0)/m/n/10 , \TU/DejaVuSerif(0)/b/n
/10 head-quar-ters\TU/DejaVuSerif(0)/m/n/10 , \TU/DejaVuSerif(0)/b/n/10 skyscrap
er\TU/DejaVuSerif(0)/m/n/10 , \TU/DejaVuSerif(0)/b/n/10 cityscape\TU/DejaVuSeri
f(0)/m/n/10 , \TU/DejaVuSerif(0)/b/n/10 con-do-minium\TU/DejaVuSerif(0)/m/n/10 
, sports_venue, \TU/DejaVuSerif(0)/b/n/10 cor-
 []

) (./f5_pos/f5_pos_015.tex
Overfull \hbox (26.7093pt too wide) in paragraph at lines 1--3
[]  \TU/DejaVuSerif(0)/b/n/10 day-time\TU/DejaVuSerif(0)/m/n/10 , \TU/DejaVuSer
if(0)/b/n/10 skyscraper\TU/DejaVuSerif(0)/m/n/10 , \TU/DejaVuSerif(0)/b/n/10 ur-
ban_area\TU/DejaVuSerif(0)/m/n/10 , \TU/DejaVuSerif(0)/b/n/10 high-rise_build-in
g\TU/DejaVuSerif(0)/m/n/10 , \TU/DejaVuSerif(0)/b/n/10 city\TU/DejaVuSerif(0)/m
/n/10 , \TU/DejaVuSerif(0)/b/n/10 metropoli-tan_area\TU/DejaVuSerif(0)/m/n/10 ,
 []


Overfull \hbox (21.47298pt too wide) in paragraph at lines 1--3
\TU/DejaVuSerif(0)/b/n/10 tower\TU/DejaVuSerif(0)/m/n/10 , \TU/DejaVuSerif(0)/b
/n/10 at-mo-spheric_phe-nomenon\TU/DejaVuSerif(0)/m/n/10 , \TU/DejaVuSerif(0)/b
/n/10 metropo-lis\TU/DejaVuSerif(0)/m/n/10 , \TU/DejaVuSerif(0)/b/n/10 land-mark
\TU/DejaVuSerif(0)/m/n/10 , \TU/DejaVuSerif(0)/b/n/10 com-mer-cial_build-
 []


Overfull \hbox (13.55696pt too wide) in paragraph at lines 1--3
\TU/DejaVuSerif(0)/b/n/10 ing\TU/DejaVuSerif(0)/m/n/10 , \TU/DejaVuSerif(0)/b/n
/10 con-do-minium\TU/DejaVuSerif(0)/m/n/10 , \TU/DejaVuSerif(0)/b/n/10 cityscape
\TU/DejaVuSerif(0)/m/n/10 , \TU/DejaVuSerif(0)/b/n/10 sky-line\TU/DejaVuSerif(0
)/m/n/10 , \TU/DejaVuSerif(0)/b/n/10 head-quar-ters\TU/DejaVuSerif(0)/m/n/10 , 
\TU/DejaVuSerif(0)/b/n/10 haze\TU/DejaVuSerif(0)/m/n/10 , \TU/DejaVuSerif(0)/b/
n/10 cor-po-rate_head-
 []

) (./f5_pos/f5_pos_016.tex
Overfull \hbox (6.80501pt too wide) in paragraph at lines 1--3
\TU/DejaVuSerif(0)/b/n/10 ur-ban_de-sign\TU/DejaVuSerif(0)/m/n/10 , \TU/DejaVuS
erif(0)/b/n/10 con-do-minium\TU/DejaVuSerif(0)/m/n/10 , \TU/DejaVuSerif(0)/b/n/
10 com-mer-cial_build-ing\TU/DejaVuSerif(0)/m/n/10 , \TU/DejaVuSerif(0)/b/n/10 
metropo-lis\TU/DejaVuSerif(0)/m/n/10 , \TU/DejaVuSerif(0)/b/n/10 con-crete\TU/D
ejaVuSerif(0)/m/n/10 ,
 []


Overfull \hbox (18.35188pt too wide) in paragraph at lines 1--3
\TU/DejaVuSerif(0)/b/n/10 town_square\TU/DejaVuSerif(0)/m/n/10 , \TU/DejaVuSeri
f(0)/b/n/10 side-walk\TU/DejaVuSerif(0)/m/n/10 , \TU/DejaVuSerif(0)/b/n/10 skysc
raper\TU/DejaVuSerif(0)/m/n/10 , \TU/DejaVuSerif(0)/b/n/10 head-quar-ters\TU/De
jaVuSerif(0)/m/n/10 , \TU/DejaVuSerif(0)/b/n/10 walk-way\TU/DejaVuSerif(0)/m/n/
10 , plaza, \TU/DejaVuSerif(0)/b/n/10 cityscape\TU/DejaVuSerif(0)/m/n/10 ,
 []

) (./f5_pos/f5_pos_017.tex
Overfull \hbox (28.97981pt too wide) in paragraph at lines 1--3
[]  \TU/DejaVuSerif(0)/b/n/10 build-ing\TU/DejaVuSerif(0)/m/n/10 , \TU/DejaVuSe
rif(0)/b/n/10 ur-ban_area\TU/DejaVuSerif(0)/m/n/10 , \TU/DejaVuSerif(0)/b/n/10 
city\TU/DejaVuSerif(0)/m/n/10 , \TU/DejaVuSerif(0)/b/n/10 metropoli-tan_area\TU
/DejaVuSerif(0)/m/n/10 , \TU/DejaVuSerif(0)/b/n/10 high-rise_build-ing\TU/DejaV
uSerif(0)/m/n/10 , \TU/DejaVuSerif(0)/b/n/10 skyscraper\TU/DejaVuSerif(0)/m/n/1
0 ,
 []

[52]) (./f5_pos/f5_pos_018.tex
Overfull \hbox (30.64192pt too wide) in paragraph at lines 1--3
[]  \TU/DejaVuSerif(0)/m/n/10 sky, \TU/DejaVuSerif(0)/b/n/10 day-time\TU/DejaVu
Serif(0)/m/n/10 , \TU/DejaVuSerif(0)/b/n/10 ur-ban_area\TU/DejaVuSerif(0)/m/n/1
0 , \TU/DejaVuSerif(0)/b/n/10 city\TU/DejaVuSerif(0)/m/n/10 , \TU/DejaVuSerif(0
)/b/n/10 skyscraper\TU/DejaVuSerif(0)/m/n/10 , \TU/DejaVuSerif(0)/b/n/10 metropo
li-tan_area\TU/DejaVuSerif(0)/m/n/10 , \TU/DejaVuSerif(0)/b/n/10 high-rise_build
-
 []

) (./f5_pos/f5_pos_019.tex
Overfull \hbox (0.61067pt too wide) in paragraph at lines 1--3
\TU/DejaVuSerif(0)/b/n/10 minium\TU/DejaVuSerif(0)/m/n/10 , \TU/DejaVuSerif(0)/
b/n/10 en-gi-neer-ing\TU/DejaVuSerif(0)/m/n/10 , \TU/DejaVuSerif(0)/b/n/10 head-
quar-ters\TU/DejaVuSerif(0)/m/n/10 , \TU/DejaVuSerif(0)/b/n/10 palm_trees\TU/De
jaVuSerif(0)/m/n/10 , \TU/DejaVuSerif(0)/b/n/10 shade\TU/DejaVuSerif(0)/m/n/10 
, \TU/DejaVuSerif(0)/b/n/10 cor-po-rate_head-
 []

) (./f5_pos/f5_pos_020.tex
Overfull \hbox (7.86653pt too wide) in paragraph at lines 1--3
[]  \TU/DejaVuSerif(0)/b/n/10 day-time\TU/DejaVuSerif(0)/m/n/10 , \TU/DejaVuSer
if(0)/b/n/10 city\TU/DejaVuSerif(0)/m/n/10 , \TU/DejaVuSerif(0)/b/n/10 fa-cade\
TU/DejaVuSerif(0)/m/n/10 , \TU/DejaVuSerif(0)/b/n/10 com-mer-cial_build-ing\TU/
DejaVuSerif(0)/m/n/10 , \TU/DejaVuSerif(0)/b/n/10 metropoli-tan_area\TU/DejaVuS
erif(0)/m/n/10 , \TU/DejaVuSerif(0)/b/n/10 ur-ban_de-
 []


Overfull \hbox (7.61263pt too wide) in paragraph at lines 1--3
\TU/DejaVuSerif(0)/b/n/10 sign\TU/DejaVuSerif(0)/m/n/10 , \TU/DejaVuSerif(0)/b/
n/10 hu-man_set-tle-ment\TU/DejaVuSerif(0)/m/n/10 , \TU/DejaVuSerif(0)/b/n/10 co
m-pos-ite_ma-te-rial\TU/DejaVuSerif(0)/m/n/10 , \TU/DejaVuSerif(0)/b/n/10 apart-
ment\TU/DejaVuSerif(0)/m/n/10 , \TU/DejaVuSerif(0)/b/n/10 mixed-use\TU/DejaVuSe
rif(0)/m/n/10 , \TU/DejaVuSerif(0)/b/n/10 con-
 []


Overfull \hbox (14.27278pt too wide) in paragraph at lines 1--3
\TU/DejaVuSerif(0)/b/n/10 do-minium\TU/DejaVuSerif(0)/m/n/10 , \TU/DejaVuSerif(
0)/b/n/10 en-gi-neer-ing\TU/DejaVuSerif(0)/m/n/10 , \TU/DejaVuSerif(0)/b/n/10 he
ad-quar-ters\TU/DejaVuSerif(0)/m/n/10 , \TU/DejaVuSerif(0)/b/n/10 palm_trees\TU
/DejaVuSerif(0)/m/n/10 , \TU/DejaVuSerif(0)/b/n/10 shade\TU/DejaVuSerif(0)/m/n/
10 , \TU/DejaVuSerif(0)/b/n/10 cor-po-rate_head-
 []

) (./f5_pos/f5_pos_021.tex
Overfull \hbox (18.1302pt too wide) in paragraph at lines 1--3
[]  \TU/DejaVuSerif(0)/b/n/10 day-time\TU/DejaVuSerif(0)/m/n/10 , \TU/DejaVuSer
if(0)/b/n/10 city\TU/DejaVuSerif(0)/m/n/10 , \TU/DejaVuSerif(0)/b/n/10 ur-ban_ar
ea\TU/DejaVuSerif(0)/m/n/10 , \TU/DejaVuSerif(0)/b/n/10 fa-cade\TU/DejaVuSerif(
0)/m/n/10 , \TU/DejaVuSerif(0)/b/n/10 com-mer-cial_build-ing\TU/DejaVuSerif(0)/
m/n/10 , \TU/DejaVuSerif(0)/b/n/10 metropoli-tan_area\TU/DejaVuSerif(0)/m/n/10 
,
 []


Overfull \hbox (10.29622pt too wide) in paragraph at lines 1--3
\TU/DejaVuSerif(0)/b/n/10 apart-ment\TU/DejaVuSerif(0)/m/n/10 , \TU/DejaVuSerif
(0)/b/n/10 ur-ban_de-sign\TU/DejaVuSerif(0)/m/n/10 , \TU/DejaVuSerif(0)/b/n/10 
hu-man_set-tle-ment\TU/DejaVuSerif(0)/m/n/10 , \TU/DejaVuSerif(0)/b/n/10 com-pos
-ite_ma-te-rial\TU/DejaVuSerif(0)/m/n/10 , \TU/DejaVuSerif(0)/b/n/10 mixed-
 []

) (./f5_pos/f5_pos_022.tex
Overfull \hbox (7.86653pt too wide) in paragraph at lines 1--3
[]  \TU/DejaVuSerif(0)/b/n/10 day-time\TU/DejaVuSerif(0)/m/n/10 , \TU/DejaVuSer
if(0)/b/n/10 city\TU/DejaVuSerif(0)/m/n/10 , \TU/DejaVuSerif(0)/b/n/10 fa-cade\
TU/DejaVuSerif(0)/m/n/10 , \TU/DejaVuSerif(0)/b/n/10 com-mer-cial_build-ing\TU/
DejaVuSerif(0)/m/n/10 , \TU/DejaVuSerif(0)/b/n/10 metropoli-tan_area\TU/DejaVuS
erif(0)/m/n/10 , \TU/DejaVuSerif(0)/b/n/10 ur-ban_de-
 []


Overfull \hbox (7.61263pt too wide) in paragraph at lines 1--3
\TU/DejaVuSerif(0)/b/n/10 sign\TU/DejaVuSerif(0)/m/n/10 , \TU/DejaVuSerif(0)/b/
n/10 hu-man_set-tle-ment\TU/DejaVuSerif(0)/m/n/10 , \TU/DejaVuSerif(0)/b/n/10 co
m-pos-ite_ma-te-rial\TU/DejaVuSerif(0)/m/n/10 , \TU/DejaVuSerif(0)/b/n/10 apart-
ment\TU/DejaVuSerif(0)/m/n/10 , \TU/DejaVuSerif(0)/b/n/10 mixed-use\TU/DejaVuSe
rif(0)/m/n/10 , \TU/DejaVuSerif(0)/b/n/10 con-
 []


Overfull \hbox (14.27278pt too wide) in paragraph at lines 1--3
\TU/DejaVuSerif(0)/b/n/10 do-minium\TU/DejaVuSerif(0)/m/n/10 , \TU/DejaVuSerif(
0)/b/n/10 en-gi-neer-ing\TU/DejaVuSerif(0)/m/n/10 , \TU/DejaVuSerif(0)/b/n/10 he
ad-quar-ters\TU/DejaVuSerif(0)/m/n/10 , \TU/DejaVuSerif(0)/b/n/10 palm_trees\TU
/DejaVuSerif(0)/m/n/10 , \TU/DejaVuSerif(0)/b/n/10 shade\TU/DejaVuSerif(0)/m/n/
10 , \TU/DejaVuSerif(0)/b/n/10 cor-po-rate_head-
 []

) (./f5_pos/f5_pos_023.tex
Overfull \hbox (10.97688pt too wide) in paragraph at lines 1--3
\TU/DejaVuSerif(0)/b/n/10 tan_area\TU/DejaVuSerif(0)/m/n/10 , \TU/DejaVuSerif(0
)/b/n/10 pub-lic_space\TU/DejaVuSerif(0)/m/n/10 , \TU/DejaVuSerif(0)/b/n/10 metr
opo-lis\TU/DejaVuSerif(0)/m/n/10 , \TU/DejaVuSerif(0)/b/n/10 mixed-use\TU/DejaV
uSerif(0)/m/n/10 , \TU/DejaVuSerif(0)/b/n/10 mar-ket\TU/DejaVuSerif(0)/m/n/10 , \TU/DejaVuSerif(0)/b/n/10 com-mer-cial_build-
 []


Overfull \hbox (29.27376pt too wide) in paragraph at lines 1--3
\TU/DejaVuSerif(0)/b/n/10 ing\TU/DejaVuSerif(0)/m/n/10 , \TU/DejaVuSerif(0)/b/n
/10 bazaar\TU/DejaVuSerif(0)/m/n/10 , \TU/DejaVuSerif(0)/b/n/10 al-ley\TU/DejaV
uSerif(0)/m/n/10 , travel, ad-ver-tis-ing, \TU/DejaVuSerif(0)/b/n/10 walk-ing\T
U/DejaVuSerif(0)/m/n/10 , \TU/DejaVuSerif(0)/b/n/10 shop-ping\TU/DejaVuSerif(0)
/m/n/10 , \TU/DejaVuSerif(0)/b/n/10 re-tail\TU/DejaVuSerif(0)/m/n/10 , \TU/Deja
VuSerif(0)/b/n/10 high-rise_build-
 []

) (./f5_pos/f5_pos_024.tex
Overfull \hbox (9.20247pt too wide) in paragraph at lines 1--3
[]  \TU/DejaVuSerif(0)/b/n/10 city\TU/DejaVuSerif(0)/m/n/10 , \TU/DejaVuSerif(0
)/b/n/10 fa-cade\TU/DejaVuSerif(0)/m/n/10 , \TU/DejaVuSerif(0)/b/n/10 com-mer-ci
al_build-ing\TU/DejaVuSerif(0)/m/n/10 , \TU/DejaVuSerif(0)/b/n/10 metropoli-tan_
area\TU/DejaVuSerif(0)/m/n/10 , \TU/DejaVuSerif(0)/b/n/10 hu-man_set-tle-ment\T
U/DejaVuSerif(0)/m/n/10 ,
 []


Overfull \hbox (2.27571pt too wide) in paragraph at lines 1--3
\TU/DejaVuSerif(0)/b/n/10 sub-com-pact_car\TU/DejaVuSerif(0)/m/n/10 , \TU/DejaV
uSerif(0)/b/n/10 park-ing\TU/DejaVuSerif(0)/m/n/10 , \TU/DejaVuSerif(0)/b/n/10 
sport_util-ity_ve-hi-cle\TU/DejaVuSerif(0)/m/n/10 , \TU/DejaVuSerif(0)/b/n/10 ex
-ec-u-tive_car\TU/DejaVuSerif(0)/m/n/10 , sedan, \TU/DejaVuSerif(0)/b/n/10 cal-
 []

[53]) (./f5_pos/f5_pos_025.tex) (./f5_pos/f5_pos_026.tex
Overfull \hbox (6.65462pt too wide) in paragraph at lines 1--3
[]  \TU/DejaVuSerif(0)/m/n/10 peo-ple, \TU/DejaVuSerif(0)/b/n/10 day-time\TU/De
jaVuSerif(0)/m/n/10 , crowd, \TU/DejaVuSerif(0)/b/n/10 ur-ban_area\TU/DejaVuSer
if(0)/m/n/10 , \TU/DejaVuSerif(0)/b/n/10 city\TU/DejaVuSerif(0)/m/n/10 , tem-ple
, hu-man_body, \TU/DejaVuSerif(0)/b/n/10 pub-lic_space\TU/DejaVuSerif(0)/m/n/10
 ,
 []


Overfull \hbox (29.61848pt too wide) in paragraph at lines 1--3
\TU/DejaVuSerif(0)/b/n/10 pedes-trian\TU/DejaVuSerif(0)/m/n/10 , \TU/DejaVuSeri
f(0)/b/n/10 town\TU/DejaVuSerif(0)/m/n/10 , \TU/DejaVuSerif(0)/b/n/10 neigh-bour
-hood\TU/DejaVuSerif(0)/m/n/10 , jeans, \TU/DejaVuSerif(0)/b/n/10 street\TU/Dej
aVuSerif(0)/m/n/10 , \TU/DejaVuSerif(0)/b/n/10 bazaar\TU/DejaVuSerif(0)/m/n/10 
, \TU/DejaVuSerif(0)/b/n/10 metropo-lis\TU/DejaVuSerif(0)/m/n/10 , \TU/DejaVuSe
rif(0)/b/n/10 metropoli-
 []

) (./f5_pos/f5_pos_027.tex
Overfull \hbox (25.10579pt too wide) in paragraph at lines 1--3
[]  \TU/DejaVuSerif(0)/b/n/10 city\TU/DejaVuSerif(0)/m/n/10 , \TU/DejaVuSerif(0
)/b/n/10 com-mer-cial_build-ing\TU/DejaVuSerif(0)/m/n/10 , \TU/DejaVuSerif(0)/b
/n/10 metropoli-tan_area\TU/DejaVuSerif(0)/m/n/10 , \TU/DejaVuSerif(0)/b/n/10 hu
-man_set-tle-ment\TU/DejaVuSerif(0)/m/n/10 , \TU/DejaVuSerif(0)/b/n/10 ur-ban_de
-
 []


Overfull \hbox (1.9388pt too wide) in paragraph at lines 1--3
\TU/DejaVuSerif(0)/b/n/10 neer-ing\TU/DejaVuSerif(0)/m/n/10 , \TU/DejaVuSerif(0
)/b/n/10 head-quar-ters\TU/DejaVuSerif(0)/m/n/10 , \TU/DejaVuSerif(0)/b/n/10 sha
de\TU/DejaVuSerif(0)/m/n/10 , \TU/DejaVuSerif(0)/b/n/10 palm_trees\TU/DejaVuSer
if(0)/m/n/10 , \TU/DejaVuSerif(0)/b/n/10 cam-pus\TU/DejaVuSerif(0)/m/n/10 , \TU
/DejaVuSerif(0)/b/n/10 cor-po-rate_head-quar-
 []

) (./f5_pos/f5_pos_028.tex
Overfull \hbox (11.07454pt too wide) in paragraph at lines 1--3
\TU/DejaVuSerif(0)/b/n/10 fa-cade\TU/DejaVuSerif(0)/m/n/10 , \TU/DejaVuSerif(0)
/b/n/10 street\TU/DejaVuSerif(0)/m/n/10 , \TU/DejaVuSerif(0)/b/n/10 town_square\TU/DejaVuSerif(0)/m/n/10 , \TU/DejaVuSerif(0)/b/n/10 ur-ban_de-sign\TU/DejaVuSerif(0)/m/n/10 , \TU/DejaVuSerif(0)/b/n/10 hu-man_set-tle-ment\TU/DejaVuSerif(0)/m/n/10 , \TU/DejaVuSerif(0)/b/n/10 apart-ment\TU/DejaVuSerif(0)/m/n/10 ,
 []

) (./f5_pos/f5_pos_029.tex
Overfull \hbox (0.59993pt too wide) in paragraph at lines 1--3
\TU/DejaVuSerif(0)/b/n/10 cial_build-ing\TU/DejaVuSerif(0)/m/n/10 , \TU/DejaVuS
erif(0)/b/n/10 al-ley\TU/DejaVuSerif(0)/m/n/10 , travel, \TU/DejaVuSerif(0)/b/n
/10 shop-ping\TU/DejaVuSerif(0)/m/n/10 , \TU/DejaVuSerif(0)/b/n/10 re-tail\TU/D
ejaVuSerif(0)/m/n/10 , \TU/DejaVuSerif(0)/b/n/10 walk-ing\TU/DejaVuSerif(0)/m/n
/10 , ad-ver-tis-ing, bill-board,
 []

) (./f5_pos/f5_pos_030.tex) (./f5_pos/f5_pos_031.tex
Overfull \hbox (26.65071pt too wide) in paragraph at lines 1--3
[]  \TU/DejaVuSerif(0)/b/n/10 build-ing\TU/DejaVuSerif(0)/m/n/10 , \TU/DejaVuSe
rif(0)/b/n/10 city\TU/DejaVuSerif(0)/m/n/10 , \TU/DejaVuSerif(0)/b/n/10 apart-me
nt\TU/DejaVuSerif(0)/m/n/10 , \TU/DejaVuSerif(0)/b/n/10 res-i-den-tial_area\TU/
DejaVuSerif(0)/m/n/10 , \TU/DejaVuSerif(0)/b/n/10 con-do-minium\TU/DejaVuSerif(
0)/m/n/10 , \TU/DejaVuSerif(0)/b/n/10 com-mer-cial_build-
 []


Overfull \hbox (40.95247pt too wide) in paragraph at lines 1--3
\TU/DejaVuSerif(0)/b/n/10 ing\TU/DejaVuSerif(0)/m/n/10 , \TU/DejaVuSerif(0)/b/n
/10 hu-man_set-tle-ment\TU/DejaVuSerif(0)/m/n/10 , \TU/DejaVuSerif(0)/b/n/10 ur-
ban_de-sign\TU/DejaVuSerif(0)/m/n/10 , \TU/DejaVuSerif(0)/b/n/10 mixed-use\TU/D
ejaVuSerif(0)/m/n/10 , \TU/DejaVuSerif(0)/b/n/10 en-gi-neer-ing\TU/DejaVuSerif(
0)/m/n/10 , \TU/DejaVuSerif(0)/b/n/10 high-rise_build-
 []

[54]) (./f5_pos/f5_pos_032.tex
Overfull \hbox (3.9261pt too wide) in paragraph at lines 1--3
\TU/DejaVuSerif(0)/b/n/10 neer-ing\TU/DejaVuSerif(0)/m/n/10 , \TU/DejaVuSerif(0
)/b/n/10 head-quar-ters\TU/DejaVuSerif(0)/m/n/10 , \TU/DejaVuSerif(0)/b/n/10 sha
de\TU/DejaVuSerif(0)/m/n/10 , \TU/DejaVuSerif(0)/b/n/10 palm_trees\TU/DejaVuSer
if(0)/m/n/10 , \TU/DejaVuSerif(0)/b/n/10 cor-po-rate_head-quar-ters\TU/DejaVuSe
rif(0)/m/n/10 , \TU/DejaVuSerif(0)/b/n/10 cam-
 []

) (./f5_pos/f5_pos_033.tex) (./f5_pos/f5_pos_034.tex
Overfull \hbox (17.38118pt too wide) in paragraph at lines 1--3
\TU/DejaVuSerif(0)/b/n/10 hu-man_set-tle-ment\TU/DejaVuSerif(0)/m/n/10 , \TU/De
jaVuSerif(0)/b/n/10 ur-ban_de-sign\TU/DejaVuSerif(0)/m/n/10 , \TU/DejaVuSerif(0
)/b/n/10 mixed-use\TU/DejaVuSerif(0)/m/n/10 , \TU/DejaVuSerif(0)/b/n/10 en-gi-ne
er-ing\TU/DejaVuSerif(0)/m/n/10 , \TU/DejaVuSerif(0)/b/n/10 high-rise_build-
 []

) (./f5_pos/f5_pos_035.tex
Overfull \hbox (14.59798pt too wide) in paragraph at lines 1--3
\TU/DejaVuSerif(0)/b/n/10 head-quar-ters\TU/DejaVuSerif(0)/m/n/10 , \TU/DejaVuS
erif(0)/b/n/10 shade\TU/DejaVuSerif(0)/m/n/10 , \TU/DejaVuSerif(0)/b/n/10 palm_t
rees\TU/DejaVuSerif(0)/m/n/10 , \TU/DejaVuSerif(0)/b/n/10 cor-po-rate_head-quar-
ters\TU/DejaVuSerif(0)/m/n/10 , \TU/DejaVuSerif(0)/b/n/10 cal-i-for-nia_palm 
 []

) (./f5_pos/f5_pos_036.tex) (./f5_pos/f5_pos_037.tex
Overfull \hbox (30.86751pt too wide) in paragraph at lines 1--3
[]  \TU/DejaVuSerif(0)/b/n/10 day-time\TU/DejaVuSerif(0)/m/n/10 , \TU/DejaVuSer
if(0)/b/n/10 com-mer-cial_build-ing\TU/DejaVuSerif(0)/m/n/10 , \TU/DejaVuSerif(
0)/b/n/10 ur-ban_de-sign\TU/DejaVuSerif(0)/m/n/10 , \TU/DejaVuSerif(0)/b/n/10 co
m-pos-ite_ma-te-rial\TU/DejaVuSerif(0)/m/n/10 , \TU/DejaVuSerif(0)/b/n/10 metrop
oli-
 []


Overfull \hbox (26.81184pt too wide) in paragraph at lines 1--3
\TU/DejaVuSerif(0)/b/n/10 tan_area\TU/DejaVuSerif(0)/m/n/10 , \TU/DejaVuSerif(0
)/b/n/10 head-quar-ters\TU/DejaVuSerif(0)/m/n/10 , \TU/DejaVuSerif(0)/b/n/10 mix
ed-use\TU/DejaVuSerif(0)/m/n/10 , \TU/DejaVuSerif(0)/b/n/10 metropo-lis\TU/Deja
VuSerif(0)/m/n/10 , \TU/DejaVuSerif(0)/b/n/10 en-gi-neer-ing\TU/DejaVuSerif(0)/
m/n/10 , \TU/DejaVuSerif(0)/b/n/10 high-rise_build-
 []

) (./f5_pos/f5_pos_038.tex
Overfull \hbox (25.10579pt too wide) in paragraph at lines 1--3
[]  \TU/DejaVuSerif(0)/b/n/10 city\TU/DejaVuSerif(0)/m/n/10 , \TU/DejaVuSerif(0
)/b/n/10 com-mer-cial_build-ing\TU/DejaVuSerif(0)/m/n/10 , \TU/DejaVuSerif(0)/b
/n/10 metropoli-tan_area\TU/DejaVuSerif(0)/m/n/10 , \TU/DejaVuSerif(0)/b/n/10 hu
-man_set-tle-ment\TU/DejaVuSerif(0)/m/n/10 , \TU/DejaVuSerif(0)/b/n/10 ur-ban_de
-
 []


Overfull \hbox (3.90169pt too wide) in paragraph at lines 1--3
\TU/DejaVuSerif(0)/b/n/10 minium\TU/DejaVuSerif(0)/m/n/10 , \TU/DejaVuSerif(0)/
b/n/10 head-quar-ters\TU/DejaVuSerif(0)/m/n/10 , \TU/DejaVuSerif(0)/b/n/10 palm_
trees\TU/DejaVuSerif(0)/m/n/10 , \TU/DejaVuSerif(0)/b/n/10 shade\TU/DejaVuSerif
(0)/m/n/10 , \TU/DejaVuSerif(0)/b/n/10 cor-po-rate_head-quar-ters\TU/DejaVuSeri
f(0)/m/n/10 , \TU/DejaVuSerif(0)/b/n/10 cam-
 []

[55]) (./f5_pos/f5_pos_039.tex
Overfull \hbox (26.15266pt too wide) in paragraph at lines 1--3
[]  \TU/DejaVuSerif(0)/b/n/10 day-time\TU/DejaVuSerif(0)/m/n/10 , \TU/DejaVuSer
if(0)/b/n/10 fa-cade\TU/DejaVuSerif(0)/m/n/10 , \TU/DejaVuSerif(0)/b/n/10 ur-ban
_area\TU/DejaVuSerif(0)/m/n/10 , \TU/DejaVuSerif(0)/b/n/10 com-mer-cial_build-in
g\TU/DejaVuSerif(0)/m/n/10 , \TU/DejaVuSerif(0)/b/n/10 ur-ban_de-sign\TU/DejaVu
Serif(0)/m/n/10 , \TU/DejaVuSerif(0)/b/n/10 metropoli-
 []


Overfull \hbox (11.85579pt too wide) in paragraph at lines 1--3
\TU/DejaVuSerif(0)/b/n/10 tan_area\TU/DejaVuSerif(0)/m/n/10 , \TU/DejaVuSerif(0
)/b/n/10 com-pos-ite_ma-te-rial\TU/DejaVuSerif(0)/m/n/10 , \TU/DejaVuSerif(0)/b
/n/10 mixed-use\TU/DejaVuSerif(0)/m/n/10 , \TU/DejaVuSerif(0)/b/n/10 head-quar-t
ers\TU/DejaVuSerif(0)/m/n/10 , \TU/DejaVuSerif(0)/b/n/10 en-gi-neer-ing\TU/Deja
VuSerif(0)/m/n/10 , \TU/DejaVuSerif(0)/b/n/10 con-
 []


Overfull \hbox (1.09212pt too wide) in paragraph at lines 1--3
\TU/DejaVuSerif(0)/b/n/10 crete\TU/DejaVuSerif(0)/m/n/10 , \TU/DejaVuSerif(0)/b
/n/10 cor-po-rate_head-quar-ters\TU/DejaVuSerif(0)/m/n/10 , \TU/DejaVuSerif(0)/
b/n/10 bru-tal-ist_ar-chi-tec-ture\TU/DejaVuSerif(0)/m/n/10 , com-pany, \TU/Dej
aVuSerif(0)/b/n/10 cam-pus\TU/DejaVuSerif(0)/m/n/10 ,
 []

) (./f5_pos/f5_pos_040.tex
Overfull \hbox (2.40755pt too wide) in paragraph at lines 1--3
\TU/DejaVuSerif(0)/b/n/10 pos-ite_ma-te-rial\TU/DejaVuSerif(0)/m/n/10 , \TU/Dej
aVuSerif(0)/b/n/10 ur-ban_de-sign\TU/DejaVuSerif(0)/m/n/10 , \TU/DejaVuSerif(0)
/b/n/10 apart-ment\TU/DejaVuSerif(0)/m/n/10 , \TU/DejaVuSerif(0)/b/n/10 mixed-us
e\TU/DejaVuSerif(0)/m/n/10 , \TU/DejaVuSerif(0)/b/n/10 con-do-minium\TU/DejaVuS
erif(0)/m/n/10 , \TU/DejaVuSerif(0)/b/n/10 en-
 []


Overfull \hbox (14.71712pt too wide) in paragraph at lines 1--3
\TU/DejaVuSerif(0)/b/n/10 gi-neer-ing\TU/DejaVuSerif(0)/m/n/10 , \TU/DejaVuSeri
f(0)/b/n/10 head-quar-ters\TU/DejaVuSerif(0)/m/n/10 , \TU/DejaVuSerif(0)/b/n/10
 shade\TU/DejaVuSerif(0)/m/n/10 , \TU/DejaVuSerif(0)/b/n/10 palm_trees\TU/DejaV
uSerif(0)/m/n/10 , \TU/DejaVuSerif(0)/b/n/10 cor-po-rate_head-quar-ters\TU/Deja
VuSerif(0)/m/n/10 , \TU/DejaVuSerif(0)/b/n/10 cam-
 []

) (./f5_neg/f5_neg_001.tex
Overfull \hbox (7.04622pt too wide) in paragraph at lines 1--3
\TU/DejaVuSerif(0)/m/n/10 lic_trans-port, \TU/DejaVuSerif(0)/b/n/10 freight_tran
s-port\TU/DejaVuSerif(0)/m/n/10 , \TU/DejaVuSerif(0)/b/n/10 mono-plane\TU/DejaV
uSerif(0)/m/n/10 , \TU/DejaVuSerif(0)/b/n/10 wide-body_air-craft\TU/DejaVuSerif
(0)/m/n/10 , \TU/DejaVuSerif(0)/b/n/10 flap\TU/DejaVuSerif(0)/m/n/10 , \TU/Deja
VuSerif(0)/b/n/10 high-
 []


Overfull \hbox (22.89973pt too wide) in paragraph at lines 1--3
\TU/DejaVuSerif(0)/b/n/10 visibility_cloth-ing\TU/DejaVuSerif(0)/m/n/10 , \TU/D
ejaVuSerif(0)/b/n/10 tur-bine\TU/DejaVuSerif(0)/m/n/10 , rolling, trans-port_hub
, \TU/DejaVuSerif(0)/b/n/10 fin\TU/DejaVuSerif(0)/m/n/10 , \TU/DejaVuSerif(0)/b
/n/10 cargo\TU/DejaVuSerif(0)/m/n/10 , \TU/DejaVuSerif(0)/b/n/10 air-bus\TU/Dej
aVuSerif(0)/m/n/10 , jet_bridge,
 []


Overfull \hbox (4.41927pt too wide) in paragraph at lines 1--3
\TU/DejaVuSerif(0)/b/n/10 boe-ing\TU/DejaVuSerif(0)/m/n/10 , \TU/DejaVuSerif(0)
/b/n/10 board-ing\TU/DejaVuSerif(0)/m/n/10 , \TU/DejaVuSerif(0)/b/n/10 land-ing\TU/DejaVuSerif(0)/m/n/10 , \TU/DejaVuSerif(0)/b/n/10 gen-eral_avi-a-tion\TU/DejaVuSerif(0)/m/n/10 , \TU/DejaVuSerif(0)/b/n/10 air-port_ter-mi-nal\TU/DejaVuSerif(0)/m/n/10 , boe-ing_737 
 []

) (./f5_neg/f5_neg_002.tex
Overfull \hbox (0.19856pt too wide) in paragraph at lines 1--3
\TU/DejaVuSerif(0)/b/n/10 aerospace_en-gi-neer-ing\TU/DejaVuSerif(0)/m/n/10 , \
TU/DejaVuSerif(0)/b/n/10 air-craft_en-gine\TU/DejaVuSerif(0)/m/n/10 , \TU/DejaV
uSerif(0)/b/n/10 run-way\TU/DejaVuSerif(0)/m/n/10 , \TU/DejaVuSerif(0)/b/n/10 ai
r-port_apron\TU/DejaVuSerif(0)/m/n/10 , \TU/DejaVuSerif(0)/b/n/10 narrow-
 []


Overfull \hbox (22.48763pt too wide) in paragraph at lines 1--3
\TU/DejaVuSerif(0)/b/n/10 body_air-craft\TU/DejaVuSerif(0)/m/n/10 , \TU/DejaVuS
erif(0)/b/n/10 jet_air-craft\TU/DejaVuSerif(0)/m/n/10 , \TU/DejaVuSerif(0)/b/n/
10 ma-chine\TU/DejaVuSerif(0)/m/n/10 , \TU/DejaVuSerif(0)/b/n/10 wide-body_air-c
raft\TU/DejaVuSerif(0)/m/n/10 , \TU/DejaVuSerif(0)/b/n/10 tur-bine\TU/DejaVuSer
if(0)/m/n/10 , \TU/DejaVuSerif(0)/b/n/10 flap\TU/DejaVuSerif(0)/m/n/10 , \TU/De
jaVuSerif(0)/b/n/10 jet_en-
 []

) (./f5_neg/f5_neg_003.tex
Overfull \hbox (5.21126pt too wide) in paragraph at lines 1--3
\TU/DejaVuSerif(0)/b/n/10 aerospace_man-u-fac-turer\TU/DejaVuSerif(0)/m/n/10 , 
\TU/DejaVuSerif(0)/b/n/10 aerospace_en-gi-neer-ing\TU/DejaVuSerif(0)/m/n/10 , \
TU/DejaVuSerif(0)/b/n/10 flight\TU/DejaVuSerif(0)/m/n/10 , \TU/DejaVuSerif(0)/b
/n/10 air-craft_en-gine\TU/DejaVuSerif(0)/m/n/10 ,
 []


Overfull \hbox (2.5013pt too wide) in paragraph at lines 1--3
\TU/DejaVuSerif(0)/m/n/10 port, \TU/DejaVuSerif(0)/b/n/10 jet_en-gine\TU/DejaVu
Serif(0)/m/n/10 , \TU/DejaVuSerif(0)/b/n/10 twin-jet\TU/DejaVuSerif(0)/m/n/10 , \TU/DejaVuSerif(0)/b/n/10 mono-plane\TU/DejaVuSerif(0)/m/n/10 , take-off, \TU/DejaVuSerif(0)/b/n/10 air-port\TU/DejaVuSerif(0)/m/n/10 , \TU/DejaVuSerif(0)/b/n/10 land-ing\TU/DejaVuSerif(0)/m/n/10 , \TU/DejaVuSerif(0)/b/n/10 air-bus\TU/DejaVuSerif(0)/m/n/10 , \TU/DejaVuSerif(0)/b/n/10 boe-
 []

[56]) (./f5_neg/f5_neg_004.tex
Overfull \hbox (3.63802pt too wide) in paragraph at lines 1--3
\TU/DejaVuSerif(0)/b/n/10 fac-turer\TU/DejaVuSerif(0)/m/n/10 , \TU/DejaVuSerif(
0)/b/n/10 twin-jet\TU/DejaVuSerif(0)/m/n/10 , \TU/DejaVuSerif(0)/b/n/10 jet_en-g
ine\TU/DejaVuSerif(0)/m/n/10 , \TU/DejaVuSerif(0)/b/n/10 run-way\TU/DejaVuSerif
(0)/m/n/10 , pub-lic_trans-port, \TU/DejaVuSerif(0)/b/n/10 wide-body_air-craft\
TU/DejaVuSerif(0)/m/n/10 ,
 []


Overfull \hbox (13.99055pt too wide) in paragraph at lines 1--3
\TU/DejaVuSerif(0)/m/n/10 travel, \TU/DejaVuSerif(0)/b/n/10 flap\TU/DejaVuSerif
(0)/m/n/10 , \TU/DejaVuSerif(0)/b/n/10 air-bus\TU/DejaVuSerif(0)/m/n/10 , \TU/D
ejaVuSerif(0)/b/n/10 boe-ing\TU/DejaVuSerif(0)/m/n/10 , \TU/DejaVuSerif(0)/b/n/
10 gen-eral_avi-a-tion\TU/DejaVuSerif(0)/m/n/10 , boe-ing_737, \TU/DejaVuSerif(
0)/b/n/10 tur-bine\TU/DejaVuSerif(0)/m/n/10 , \TU/DejaVuSerif(0)/b/n/10 fin\TU/
DejaVuSerif(0)/m/n/10 , \TU/DejaVuSerif(0)/b/n/10 board-
 []

) (./f5_neg/f5_neg_005.tex
Overfull \hbox (8.26692pt too wide) in paragraph at lines 1--3
\TU/DejaVuSerif(0)/b/n/10 craft\TU/DejaVuSerif(0)/m/n/10 , \TU/DejaVuSerif(0)/b
/n/10 jet_air-craft\TU/DejaVuSerif(0)/m/n/10 , \TU/DejaVuSerif(0)/b/n/10 narrow-
body_air-craft\TU/DejaVuSerif(0)/m/n/10 , \TU/DejaVuSerif(0)/b/n/10 flap\TU/Dej
aVuSerif(0)/m/n/10 , \TU/DejaVuSerif(0)/b/n/10 air-craft_en-gine\TU/DejaVuSerif
(0)/m/n/10 , pub-lic_trans-
 []

) (./f5_neg/f5_neg_006.tex
Overfull \hbox (18.9056pt too wide) in paragraph at lines 1--3
\TU/DejaVuSerif(0)/b/n/10 gine\TU/DejaVuSerif(0)/m/n/10 , \TU/DejaVuSerif(0)/b/
n/10 flap\TU/DejaVuSerif(0)/m/n/10 , \TU/DejaVuSerif(0)/b/n/10 jet_en-gine\TU/D
ejaVuSerif(0)/m/n/10 , \TU/DejaVuSerif(0)/b/n/10 mono-plane\TU/DejaVuSerif(0)/m
/n/10 , \TU/DejaVuSerif(0)/b/n/10 fin\TU/DejaVuSerif(0)/m/n/10 , \TU/DejaVuSeri
f(0)/b/n/10 jet_air-craft\TU/DejaVuSerif(0)/m/n/10 , \TU/DejaVuSerif(0)/b/n/10 
tur-bine\TU/DejaVuSerif(0)/m/n/10 , \TU/DejaVuSerif(0)/b/n/10 narrow-body_air-
 []

) (./f5_neg/f5_neg_007.tex
Overfull \hbox (2.94173pt too wide) in paragraph at lines 1--3
[]  \TU/DejaVuSerif(0)/b/n/10 fixed-wing_air-craft\TU/DejaVuSerif(0)/m/n/10 , \
TU/DejaVuSerif(0)/b/n/10 air-craft\TU/DejaVuSerif(0)/m/n/10 , \TU/DejaVuSerif(0
)/b/n/10 air-liner\TU/DejaVuSerif(0)/m/n/10 , \TU/DejaVuSerif(0)/b/n/10 air-line
\TU/DejaVuSerif(0)/m/n/10 , \TU/DejaVuSerif(0)/b/n/10 air_travel\TU/DejaVuSerif
(0)/m/n/10 , \TU/DejaVuSerif(0)/b/n/10 avi-a-tion\TU/DejaVuSerif(0)/m/n/10 , \T
U/DejaVuSerif(0)/b/n/10 narrow-
 []


Overfull \hbox (24.61946pt too wide) in paragraph at lines 1--3
\TU/DejaVuSerif(0)/b/n/10 neer-ing\TU/DejaVuSerif(0)/m/n/10 , \TU/DejaVuSerif(0
)/b/n/10 air-port\TU/DejaVuSerif(0)/m/n/10 , \TU/DejaVuSerif(0)/b/n/10 air-craft
_en-gine\TU/DejaVuSerif(0)/m/n/10 , \TU/DejaVuSerif(0)/b/n/10 jet_air-craft\TU/
DejaVuSerif(0)/m/n/10 , pub-lic_trans-port, \TU/DejaVuSerif(0)/b/n/10 wide-body_
air-
 []


Overfull \hbox (26.38313pt too wide) in paragraph at lines 1--3
\TU/DejaVuSerif(0)/b/n/10 craft\TU/DejaVuSerif(0)/m/n/10 , \TU/DejaVuSerif(0)/b
/n/10 run-way\TU/DejaVuSerif(0)/m/n/10 , rolling, \TU/DejaVuSerif(0)/b/n/10 jet_
en-gine\TU/DejaVuSerif(0)/m/n/10 , \TU/DejaVuSerif(0)/b/n/10 fin\TU/DejaVuSerif
(0)/m/n/10 , \TU/DejaVuSerif(0)/b/n/10 flap\TU/DejaVuSerif(0)/m/n/10 , \TU/Deja
VuSerif(0)/b/n/10 air-bus\TU/DejaVuSerif(0)/m/n/10 , \TU/DejaVuSerif(0)/b/n/10 
boe-ing\TU/DejaVuSerif(0)/m/n/10 , boe-ing_737_next_gen-
 []

) (./f5_neg/f5_neg_008.tex
Overfull \hbox (28.2347pt too wide) in paragraph at lines 1--3
[]  \TU/DejaVuSerif(0)/b/n/10 air-craft\TU/DejaVuSerif(0)/m/n/10 , \TU/DejaVuSe
rif(0)/b/n/10 fixed-wing_air-craft\TU/DejaVuSerif(0)/m/n/10 , \TU/DejaVuSerif(0
)/b/n/10 air_travel\TU/DejaVuSerif(0)/m/n/10 , \TU/DejaVuSerif(0)/b/n/10 avi-a-t
ion\TU/DejaVuSerif(0)/m/n/10 , \TU/DejaVuSerif(0)/b/n/10 wing\TU/DejaVuSerif(0)
/m/n/10 , \TU/DejaVuSerif(0)/b/n/10 air-liner\TU/DejaVuSerif(0)/m/n/10 , \TU/De
jaVuSerif(0)/b/n/10 aerospace_en-
 []


Overfull \hbox (9.37044pt too wide) in paragraph at lines 1--3
\TU/DejaVuSerif(0)/b/n/10 gi-neer-ing\TU/DejaVuSerif(0)/m/n/10 , \TU/DejaVuSeri
f(0)/b/n/10 air-line\TU/DejaVuSerif(0)/m/n/10 , \TU/DejaVuSerif(0)/b/n/10 air-cr
aft_en-gine\TU/DejaVuSerif(0)/m/n/10 , \TU/DejaVuSerif(0)/b/n/10 aerospace_man-u
-fac-turer\TU/DejaVuSerif(0)/m/n/10 , \TU/DejaVuSerif(0)/b/n/10 flap\TU/DejaVuS
erif(0)/m/n/10 , \TU/DejaVuSerif(0)/b/n/10 narrow-
 []

) (./f5_neg/f5_neg_009.tex
Overfull \hbox (1.72102pt too wide) in paragraph at lines 1--3
\TU/DejaVuSerif(0)/b/n/10 gine\TU/DejaVuSerif(0)/m/n/10 , \TU/DejaVuSerif(0)/b/
n/10 wide-body_air-craft\TU/DejaVuSerif(0)/m/n/10 , \TU/DejaVuSerif(0)/b/n/10 fl
ap\TU/DejaVuSerif(0)/m/n/10 , \TU/DejaVuSerif(0)/b/n/10 jet_air-craft\TU/DejaVu
Serif(0)/m/n/10 , \TU/DejaVuSerif(0)/b/n/10 twin-jet\TU/DejaVuSerif(0)/m/n/10 , pub-lic_trans-port, travel,
 []


Overfull \hbox (22.79524pt too wide) in paragraph at lines 1--3
\TU/DejaVuSerif(0)/m/n/10 boe-ing_787_dream-liner, \TU/DejaVuSerif(0)/b/n/10 fin
\TU/DejaVuSerif(0)/m/n/10 , \TU/DejaVuSerif(0)/b/n/10 air-bus\TU/DejaVuSerif(0)
/m/n/10 , \TU/DejaVuSerif(0)/b/n/10 boe-ing\TU/DejaVuSerif(0)/m/n/10 , \TU/Deja
VuSerif(0)/b/n/10 mono-plane\TU/DejaVuSerif(0)/m/n/10 , \TU/DejaVuSerif(0)/b/n/
10 tur-bine\TU/DejaVuSerif(0)/m/n/10 , \TU/DejaVuSerif(0)/b/n/10 freight_trans-
 []

) (./f5_neg/f5_neg_010.tex
Overfull \hbox (38.34212pt too wide) in paragraph at lines 1--3
[]  \TU/DejaVuSerif(0)/b/n/10 air-craft\TU/DejaVuSerif(0)/m/n/10 , \TU/DejaVuSe
rif(0)/b/n/10 fixed-wing_air-craft\TU/DejaVuSerif(0)/m/n/10 , \TU/DejaVuSerif(0
)/b/n/10 air_travel\TU/DejaVuSerif(0)/m/n/10 , \TU/DejaVuSerif(0)/b/n/10 avi-a-t
ion\TU/DejaVuSerif(0)/m/n/10 , \TU/DejaVuSerif(0)/b/n/10 air-liner\TU/DejaVuSer
if(0)/m/n/10 , \TU/DejaVuSerif(0)/b/n/10 air-line\TU/DejaVuSerif(0)/m/n/10 , \T
U/DejaVuSerif(0)/b/n/10 aerospace_en-
 []


Overfull \hbox (0.31184pt too wide) in paragraph at lines 1--3
\TU/DejaVuSerif(0)/b/n/10 craft\TU/DejaVuSerif(0)/m/n/10 , \TU/DejaVuSerif(0)/b
/n/10 twin-jet\TU/DejaVuSerif(0)/m/n/10 , \TU/DejaVuSerif(0)/b/n/10 air-craft_en
-gine\TU/DejaVuSerif(0)/m/n/10 , \TU/DejaVuSerif(0)/b/n/10 flap\TU/DejaVuSerif(
0)/m/n/10 , \TU/DejaVuSerif(0)/b/n/10 flight\TU/DejaVuSerif(0)/m/n/10 , \TU/Dej
aVuSerif(0)/b/n/10 jet_air-craft\TU/DejaVuSerif(0)/m/n/10 , \TU/DejaVuSerif(0)/
b/n/10 fin\TU/DejaVuSerif(0)/m/n/10 , \TU/DejaVuSerif(0)/b/n/10 wide-body_air-
 []

[57]) (./f5_neg/f5_neg_011.tex
Overfull \hbox (23.53157pt too wide) in paragraph at lines 1--3
\TU/DejaVuSerif(0)/b/n/10 wide-body_air-craft\TU/DejaVuSerif(0)/m/n/10 , \TU/De
jaVuSerif(0)/b/n/10 aerospace_man-u-fac-turer\TU/DejaVuSerif(0)/m/n/10 , \TU/De
jaVuSerif(0)/b/n/10 aerospace_en-gi-neer-ing\TU/DejaVuSerif(0)/m/n/10 , \TU/Dej
aVuSerif(0)/b/n/10 flight\TU/DejaVuSerif(0)/m/n/10 ,
 []


Overfull \hbox (3.04427pt too wide) in paragraph at lines 1--3
\TU/DejaVuSerif(0)/b/n/10 flap\TU/DejaVuSerif(0)/m/n/10 , \TU/DejaVuSerif(0)/b/
n/10 jet_air-craft\TU/DejaVuSerif(0)/m/n/10 , \TU/DejaVuSerif(0)/b/n/10 air-craf
t_en-gine\TU/DejaVuSerif(0)/m/n/10 , \TU/DejaVuSerif(0)/b/n/10 mono-plane\TU/De
jaVuSerif(0)/m/n/10 , moun-tain_range, travel, take-
 []


Overfull \hbox (6.19173pt too wide) in paragraph at lines 1--3
\TU/DejaVuSerif(0)/m/n/10 off, ridge, \TU/DejaVuSerif(0)/b/n/10 land-ing\TU/Dej
aVuSerif(0)/m/n/10 , boe-ing_747-400, \TU/DejaVuSerif(0)/b/n/10 gen-eral_avi-a-t
ion\TU/DejaVuSerif(0)/m/n/10 , \TU/DejaVuSerif(0)/b/n/10 narrow-body_air-craft\
TU/DejaVuSerif(0)/m/n/10 ,
 []

) (./f5_neg/f5_neg_012.tex
Overfull \hbox (38.34212pt too wide) in paragraph at lines 1--3
[]  \TU/DejaVuSerif(0)/b/n/10 fixed-wing_air-craft\TU/DejaVuSerif(0)/m/n/10 , \
TU/DejaVuSerif(0)/b/n/10 air_travel\TU/DejaVuSerif(0)/m/n/10 , \TU/DejaVuSerif(
0)/b/n/10 air-craft\TU/DejaVuSerif(0)/m/n/10 , \TU/DejaVuSerif(0)/b/n/10 air-lin
e\TU/DejaVuSerif(0)/m/n/10 , \TU/DejaVuSerif(0)/b/n/10 avi-a-tion\TU/DejaVuSeri
f(0)/m/n/10 , \TU/DejaVuSerif(0)/b/n/10 air-liner\TU/DejaVuSerif(0)/m/n/10 , \T
U/DejaVuSerif(0)/b/n/10 aerospace_en-
 []

) (./f5_neg/f5_neg_013.tex
Overfull \hbox (1.64388pt too wide) in paragraph at lines 1--3
[]  \TU/DejaVuSerif(0)/b/n/10 air-craft\TU/DejaVuSerif(0)/m/n/10 , \TU/DejaVuSe
rif(0)/b/n/10 air_travel\TU/DejaVuSerif(0)/m/n/10 , \TU/DejaVuSerif(0)/b/n/10 fi
xed-wing_air-craft\TU/DejaVuSerif(0)/m/n/10 , \TU/DejaVuSerif(0)/b/n/10 avi-a-ti
on\TU/DejaVuSerif(0)/m/n/10 , \TU/DejaVuSerif(0)/b/n/10 aerospace_en-gi-neer-ing
\TU/DejaVuSerif(0)/m/n/10 ,
 []


Overfull \hbox (11.42805pt too wide) in paragraph at lines 1--3
\TU/DejaVuSerif(0)/b/n/10 wing\TU/DejaVuSerif(0)/m/n/10 , \TU/DejaVuSerif(0)/b/
n/10 air-line\TU/DejaVuSerif(0)/m/n/10 , \TU/DejaVuSerif(0)/b/n/10 air-liner\TU
/DejaVuSerif(0)/m/n/10 , \TU/DejaVuSerif(0)/b/n/10 aerospace_man-u-fac-turer\TU
/DejaVuSerif(0)/m/n/10 , \TU/DejaVuSerif(0)/b/n/10 flight\TU/DejaVuSerif(0)/m/n
/10 , \TU/DejaVuSerif(0)/b/n/10 flap\TU/DejaVuSerif(0)/m/n/10 , \TU/DejaVuSerif
(0)/b/n/10 wide-body_air-
 []


Overfull \hbox (9.00423pt too wide) in paragraph at lines 1--3
\TU/DejaVuSerif(0)/b/n/10 craft\TU/DejaVuSerif(0)/m/n/10 , \TU/DejaVuSerif(0)/b
/n/10 narrow-body_air-craft\TU/DejaVuSerif(0)/m/n/10 , \TU/DejaVuSerif(0)/b/n/1
0 mono-plane\TU/DejaVuSerif(0)/m/n/10 , \TU/DejaVuSerif(0)/b/n/10 jet_air-craft\TU/DejaVuSerif(0)/m/n/10 , \TU/DejaVuSerif(0)/b/n/10 air-craft_en-gine\TU/DejaVuSerif(0)/m/n/10 , take-
 []

) (./f5_neg/f5_neg_014.tex
Overfull \hbox (1.64388pt too wide) in paragraph at lines 1--3
[]  \TU/DejaVuSerif(0)/b/n/10 air-craft\TU/DejaVuSerif(0)/m/n/10 , \TU/DejaVuSe
rif(0)/b/n/10 air_travel\TU/DejaVuSerif(0)/m/n/10 , \TU/DejaVuSerif(0)/b/n/10 fi
xed-wing_air-craft\TU/DejaVuSerif(0)/m/n/10 , \TU/DejaVuSerif(0)/b/n/10 avi-a-ti
on\TU/DejaVuSerif(0)/m/n/10 , \TU/DejaVuSerif(0)/b/n/10 aerospace_en-gi-neer-ing
\TU/DejaVuSerif(0)/m/n/10 ,
 []


Overfull \hbox (5.0345pt too wide) in paragraph at lines 1--3
\TU/DejaVuSerif(0)/b/n/10 air-line\TU/DejaVuSerif(0)/m/n/10 , \TU/DejaVuSerif(0
)/b/n/10 flight\TU/DejaVuSerif(0)/m/n/10 , \TU/DejaVuSerif(0)/b/n/10 air-liner\
TU/DejaVuSerif(0)/m/n/10 , \TU/DejaVuSerif(0)/b/n/10 flap\TU/DejaVuSerif(0)/m/n
/10 , \TU/DejaVuSerif(0)/b/n/10 aerospace_man-u-fac-turer\TU/DejaVuSerif(0)/m/n
/10 , \TU/DejaVuSerif(0)/b/n/10 wide-body_air-craft\TU/DejaVuSerif(0)/m/n/10 ,
 []

) (./f5_neg/f5_neg_015.tex
Overfull \hbox (2.13997pt too wide) in paragraph at lines 1--3
[]  \TU/DejaVuSerif(0)/m/n/10 au-to-mo-tive_wheel_sys-tem, au-to-mo-tive_tire, 
\TU/DejaVuSerif(0)/b/n/10 aerospace_en-gi-neer-ing\TU/DejaVuSerif(0)/m/n/10 , \
TU/DejaVuSerif(0)/b/n/10 air-port\TU/DejaVuSerif(0)/m/n/10 ,
 []

) (./f5_neg/f5_neg_016.tex [58]) (./f5_neg/f5_neg_017.tex
Overfull \hbox (0.6302pt too wide) in paragraph at lines 1--3
[]  \TU/DejaVuSerif(0)/b/n/10 air-craft\TU/DejaVuSerif(0)/m/n/10 , ve-hi-cle, \
TU/DejaVuSerif(0)/b/n/10 fixed-wing_air-craft\TU/DejaVuSerif(0)/m/n/10 , \TU/De
jaVuSerif(0)/b/n/10 air_travel\TU/DejaVuSerif(0)/m/n/10 , \TU/DejaVuSerif(0)/b/
n/10 avi-a-tion\TU/DejaVuSerif(0)/m/n/10 , \TU/DejaVuSerif(0)/b/n/10 aerospace_m
an-
 []


Overfull \hbox (36.55013pt too wide) in paragraph at lines 1--3
\TU/DejaVuSerif(0)/b/n/10 jet_air-craft\TU/DejaVuSerif(0)/m/n/10 , \TU/DejaVuSe
rif(0)/b/n/10 air-craft_en-gine\TU/DejaVuSerif(0)/m/n/10 , \TU/DejaVuSerif(0)/b
/n/10 air-port\TU/DejaVuSerif(0)/m/n/10 , boe-ing_747, \TU/DejaVuSerif(0)/b/n/1
0 logo\TU/DejaVuSerif(0)/m/n/10 , boe-ing_747-400, cargo_air-
 []

) (./f5_neg/f5_neg_018.tex
Overfull \hbox (10.99641pt too wide) in paragraph at lines 1--3
[]  \TU/DejaVuSerif(0)/b/n/10 air-craft\TU/DejaVuSerif(0)/m/n/10 , \TU/DejaVuSe
rif(0)/b/n/10 air_travel\TU/DejaVuSerif(0)/m/n/10 , \TU/DejaVuSerif(0)/b/n/10 av
i-a-tion\TU/DejaVuSerif(0)/m/n/10 , \TU/DejaVuSerif(0)/b/n/10 fixed-wing_air-cra
ft\TU/DejaVuSerif(0)/m/n/10 , \TU/DejaVuSerif(0)/b/n/10 pas-sen-ger\TU/DejaVuSe
rif(0)/m/n/10 , \TU/DejaVuSerif(0)/b/n/10 aerospace_en-
 []


Overfull \hbox (3.26692pt too wide) in paragraph at lines 1--3
\TU/DejaVuSerif(0)/b/n/10 air-liner\TU/DejaVuSerif(0)/m/n/10 , \TU/DejaVuSerif(
0)/b/n/10 air-port\TU/DejaVuSerif(0)/m/n/10 , \TU/DejaVuSerif(0)/b/n/10 narrow-b
ody_air-craft\TU/DejaVuSerif(0)/m/n/10 , \TU/DejaVuSerif(0)/b/n/10 logo\TU/Deja
VuSerif(0)/m/n/10 , \TU/DejaVuSerif(0)/b/n/10 air-craft_en-gine\TU/DejaVuSerif(
0)/m/n/10 , \TU/DejaVuSerif(0)/b/n/10 jet_air-craft\TU/DejaVuSerif(0)/m/n/10 ,
 []

) (./f5_neg/f5_neg_019.tex
Overfull \hbox (7.5638pt too wide) in paragraph at lines 1--3
[]  \TU/DejaVuSerif(0)/b/n/10 air-craft\TU/DejaVuSerif(0)/m/n/10 , \TU/DejaVuSe
rif(0)/b/n/10 avi-a-tion\TU/DejaVuSerif(0)/m/n/10 , \TU/DejaVuSerif(0)/b/n/10 ae
rospace_en-gi-neer-ing\TU/DejaVuSerif(0)/m/n/10 , \TU/DejaVuSerif(0)/b/n/10 fixe
d-wing_air-craft\TU/DejaVuSerif(0)/m/n/10 , \TU/DejaVuSerif(0)/b/n/10 air-line\
TU/DejaVuSerif(0)/m/n/10 , \TU/DejaVuSerif(0)/b/n/10 air-
 []


Overfull \hbox (16.08919pt too wide) in paragraph at lines 1--3
\TU/DejaVuSerif(0)/b/n/10 craft\TU/DejaVuSerif(0)/m/n/10 , \TU/DejaVuSerif(0)/b
/n/10 flight\TU/DejaVuSerif(0)/m/n/10 , \TU/DejaVuSerif(0)/b/n/10 an-i-mated_car
-toon\TU/DejaVuSerif(0)/m/n/10 , \TU/DejaVuSerif(0)/b/n/10 se-cu-rity\TU/DejaVu
Serif(0)/m/n/10 , \TU/DejaVuSerif(0)/b/n/10 aerospace_man-u-fac-turer\TU/DejaVu
Serif(0)/m/n/10 , \TU/DejaVuSerif(0)/b/n/10 clip_art\TU/DejaVuSerif(0)/m/n/10 ,
 []


Overfull \hbox (34.09407pt too wide) in paragraph at lines 1--3
\TU/DejaVuSerif(0)/b/n/10 graph-ics\TU/DejaVuSerif(0)/m/n/10 , \TU/DejaVuSerif(
0)/b/n/10 narrow-body_air-craft\TU/DejaVuSerif(0)/m/n/10 , \TU/DejaVuSerif(0)/b
/n/10 flap\TU/DejaVuSerif(0)/m/n/10 , \TU/DejaVuSerif(0)/b/n/10 fic-tion\TU/Dej
aVuSerif(0)/m/n/10 , busi-nessper-son, \TU/DejaVuSerif(0)/b/n/10 boe-ing\TU/Dej
aVuSerif(0)/m/n/10 , graphic_de-
 []

) (./f5_neg/f5_neg_020.tex) (./f5_neg/f5_neg_021.tex
Overfull \hbox (8.56966pt too wide) in paragraph at lines 1--3
[]  \TU/DejaVuSerif(0)/b/n/10 air-port\TU/DejaVuSerif(0)/m/n/10 , \TU/DejaVuSer
if(0)/b/n/10 run-way\TU/DejaVuSerif(0)/m/n/10 , \TU/DejaVuSerif(0)/b/n/10 aerosp
ace_en-gi-neer-ing\TU/DejaVuSerif(0)/m/n/10 , \TU/DejaVuSerif(0)/b/n/10 air-line
\TU/DejaVuSerif(0)/m/n/10 , \TU/DejaVuSerif(0)/b/n/10 air-port_apron\TU/DejaVuS
erif(0)/m/n/10 , \TU/DejaVuSerif(0)/b/n/10 air_travel\TU/DejaVuSerif(0)/m/n/10 
,
 []

) (./f5_neg/f5_neg_022.tex
Overfull \hbox (1.64388pt too wide) in paragraph at lines 1--3
[]  \TU/DejaVuSerif(0)/b/n/10 air-craft\TU/DejaVuSerif(0)/m/n/10 , \TU/DejaVuSe
rif(0)/b/n/10 avi-a-tion\TU/DejaVuSerif(0)/m/n/10 , \TU/DejaVuSerif(0)/b/n/10 fi
xed-wing_air-craft\TU/DejaVuSerif(0)/m/n/10 , \TU/DejaVuSerif(0)/b/n/10 aerospac
e_en-gi-neer-ing\TU/DejaVuSerif(0)/m/n/10 , \TU/DejaVuSerif(0)/b/n/10 air_travel
\TU/DejaVuSerif(0)/m/n/10 ,
 []


Overfull \hbox (21.27473pt too wide) in paragraph at lines 1--3
\TU/DejaVuSerif(0)/b/n/10 air-liner\TU/DejaVuSerif(0)/m/n/10 , \TU/DejaVuSerif(
0)/b/n/10 air-line\TU/DejaVuSerif(0)/m/n/10 , \TU/DejaVuSerif(0)/b/n/10 pas-sen-
ger\TU/DejaVuSerif(0)/m/n/10 , \TU/DejaVuSerif(0)/b/n/10 jet_air-craft\TU/DejaV
uSerif(0)/m/n/10 , \TU/DejaVuSerif(0)/b/n/10 wide-body_air-craft\TU/DejaVuSerif
(0)/m/n/10 , \TU/DejaVuSerif(0)/b/n/10 aerospace_man-
 []

) (./f5_neg/f5_neg_023.tex
Overfull \hbox (1.64388pt too wide) in paragraph at lines 1--3
[]  \TU/DejaVuSerif(0)/b/n/10 air-craft\TU/DejaVuSerif(0)/m/n/10 , \TU/DejaVuSe
rif(0)/b/n/10 avi-a-tion\TU/DejaVuSerif(0)/m/n/10 , \TU/DejaVuSerif(0)/b/n/10 ae
rospace_en-gi-neer-ing\TU/DejaVuSerif(0)/m/n/10 , \TU/DejaVuSerif(0)/b/n/10 fixe
d-wing_air-craft\TU/DejaVuSerif(0)/m/n/10 , \TU/DejaVuSerif(0)/b/n/10 air_travel
\TU/DejaVuSerif(0)/m/n/10 ,
 []

[59]) (./f5_neg/f5_neg_024.tex
Overfull \hbox (13.50813pt too wide) in paragraph at lines 1--3
[]  \TU/DejaVuSerif(0)/b/n/10 aerospace_en-gi-neer-ing\TU/DejaVuSerif(0)/m/n/10
 , \TU/DejaVuSerif(0)/b/n/10 avi-a-tion\TU/DejaVuSerif(0)/m/n/10 , \TU/DejaVuSe
rif(0)/b/n/10 air_travel\TU/DejaVuSerif(0)/m/n/10 , \TU/DejaVuSerif(0)/b/n/10 ai
r-craft\TU/DejaVuSerif(0)/m/n/10 , \TU/DejaVuSerif(0)/b/n/10 air-line\TU/DejaVu
Serif(0)/m/n/10 , \TU/DejaVuSerif(0)/b/n/10 air-liner\TU/DejaVuSerif(0)/m/n/10 
, \TU/DejaVuSerif(0)/b/n/10 wide-
 []


Overfull \hbox (4.82552pt too wide) in paragraph at lines 1--3
\TU/DejaVuSerif(0)/b/n/10 body_air-craft\TU/DejaVuSerif(0)/m/n/10 , \TU/DejaVuS
erif(0)/b/n/10 narrow-body_air-craft\TU/DejaVuSerif(0)/m/n/10 , \TU/DejaVuSerif
(0)/b/n/10 fixed-wing_air-craft\TU/DejaVuSerif(0)/m/n/10 , \TU/DejaVuSerif(0)/b
/n/10 aerospace_man-
 []

) (./f5_neg/f5_neg_025.tex
Overfull \hbox (1.64388pt too wide) in paragraph at lines 1--3
[]  \TU/DejaVuSerif(0)/b/n/10 air-craft\TU/DejaVuSerif(0)/m/n/10 , \TU/DejaVuSe
rif(0)/b/n/10 avi-a-tion\TU/DejaVuSerif(0)/m/n/10 , \TU/DejaVuSerif(0)/b/n/10 ae
rospace_en-gi-neer-ing\TU/DejaVuSerif(0)/m/n/10 , \TU/DejaVuSerif(0)/b/n/10 air_
travel\TU/DejaVuSerif(0)/m/n/10 , \TU/DejaVuSerif(0)/b/n/10 fixed-wing_air-craft
\TU/DejaVuSerif(0)/m/n/10 ,
 []


Overfull \hbox (3.05891pt too wide) in paragraph at lines 1--3
\TU/DejaVuSerif(0)/b/n/10 flight\TU/DejaVuSerif(0)/m/n/10 , \TU/DejaVuSerif(0)/
b/n/10 air-liner\TU/DejaVuSerif(0)/m/n/10 , \TU/DejaVuSerif(0)/b/n/10 air-line\
TU/DejaVuSerif(0)/m/n/10 , \TU/DejaVuSerif(0)/b/n/10 flap\TU/DejaVuSerif(0)/m/n
/10 , screen-shot, \TU/DejaVuSerif(0)/b/n/10 jet_air-craft\TU/DejaVuSerif(0)/m/
n/10 , \TU/DejaVuSerif(0)/b/n/10 narrow-body_air-craft\TU/DejaVuSerif(0)/m/n/10
 ,
 []

) (./f5_neg/f5_neg_026.tex
Overfull \hbox (50.84993pt too wide) in paragraph at lines 1--3
\TU/DejaVuSerif(0)/b/n/10 flight\TU/DejaVuSerif(0)/m/n/10 , \TU/DejaVuSerif(0)/
b/n/10 air-line\TU/DejaVuSerif(0)/m/n/10 , \TU/DejaVuSerif(0)/b/n/10 air-liner\
TU/DejaVuSerif(0)/m/n/10 , \TU/DejaVuSerif(0)/b/n/10 narrow-body_air-craft\TU/D
ejaVuSerif(0)/m/n/10 , \TU/DejaVuSerif(0)/b/n/10 fixed-wing_air-craft\TU/DejaVu
Serif(0)/m/n/10 , \TU/DejaVuSerif(0)/b/n/10 aerospace_man-
 []

) (./f5_neg/f5_neg_027.tex
Overfull \hbox (25.70833pt too wide) in paragraph at lines 1--3
[]  \TU/DejaVuSerif(0)/b/n/10 pas-sen-ger\TU/DejaVuSerif(0)/m/n/10 , \TU/DejaVu
Serif(0)/b/n/10 air_travel\TU/DejaVuSerif(0)/m/n/10 , \TU/DejaVuSerif(0)/b/n/10
 air-craft_cabin\TU/DejaVuSerif(0)/m/n/10 , pub-lic_trans-port, \TU/DejaVuSerif
(0)/b/n/10 avi-a-tion\TU/DejaVuSerif(0)/m/n/10 , \TU/DejaVuSerif(0)/b/n/10 aeros
pace_en-
 []


Overfull \hbox (34.87044pt too wide) in paragraph at lines 1--3
\TU/DejaVuSerif(0)/b/n/10 gi-neer-ing\TU/DejaVuSerif(0)/m/n/10 , \TU/DejaVuSeri
f(0)/b/n/10 air-line\TU/DejaVuSerif(0)/m/n/10 , \TU/DejaVuSerif(0)/b/n/10 air-li
ner\TU/DejaVuSerif(0)/m/n/10 , \TU/DejaVuSerif(0)/b/n/10 air-craft\TU/DejaVuSer
if(0)/m/n/10 , \TU/DejaVuSerif(0)/b/n/10 fixed-wing_air-craft\TU/DejaVuSerif(0)
/m/n/10 , travel, \TU/DejaVuSerif(0)/b/n/10 aerospace_man-
 []

) (./f5_neg/f5_neg_028.tex
Overfull \hbox (1.12337pt too wide) in paragraph at lines 1--3
[]  \TU/DejaVuSerif(0)/b/n/10 avi-a-tion\TU/DejaVuSerif(0)/m/n/10 , \TU/DejaVuS
erif(0)/b/n/10 aerospace_en-gi-neer-ing\TU/DejaVuSerif(0)/m/n/10 , \TU/DejaVuSe
rif(0)/b/n/10 air-line\TU/DejaVuSerif(0)/m/n/10 , \TU/DejaVuSerif(0)/b/n/10 air_
travel\TU/DejaVuSerif(0)/m/n/10 , \TU/DejaVuSerif(0)/b/n/10 air-craft\TU/DejaVu
Serif(0)/m/n/10 , \TU/DejaVuSerif(0)/b/n/10 jet_air-craft\TU/DejaVuSerif(0)/m/n
/10 ,
 []


Overfull \hbox (9.40266pt too wide) in paragraph at lines 1--3
\TU/DejaVuSerif(0)/b/n/10 high-visibility_cloth-ing\TU/DejaVuSerif(0)/m/n/10 , 
\TU/DejaVuSerif(0)/b/n/10 air-liner\TU/DejaVuSerif(0)/m/n/10 , \TU/DejaVuSerif(
0)/b/n/10 air-port\TU/DejaVuSerif(0)/m/n/10 , \TU/DejaVuSerif(0)/b/n/10 narrow-b
ody_air-craft\TU/DejaVuSerif(0)/m/n/10 , \TU/DejaVuSerif(0)/b/n/10 work-wear\TU
/DejaVuSerif(0)/m/n/10 ,
 []

) (./f5_neg/f5_neg_029.tex
Overfull \hbox (1.64388pt too wide) in paragraph at lines 1--3
[]  \TU/DejaVuSerif(0)/b/n/10 avi-a-tion\TU/DejaVuSerif(0)/m/n/10 , \TU/DejaVuS
erif(0)/b/n/10 aerospace_en-gi-neer-ing\TU/DejaVuSerif(0)/m/n/10 , \TU/DejaVuSe
rif(0)/b/n/10 air-craft\TU/DejaVuSerif(0)/m/n/10 , \TU/DejaVuSerif(0)/b/n/10 air
_travel\TU/DejaVuSerif(0)/m/n/10 , \TU/DejaVuSerif(0)/b/n/10 fixed-wing_air-craf
t\TU/DejaVuSerif(0)/m/n/10 ,
 []

) (./f5_neg/f5_neg_030.tex
Overfull \hbox (1.64388pt too wide) in paragraph at lines 1--3
[]  \TU/DejaVuSerif(0)/b/n/10 avi-a-tion\TU/DejaVuSerif(0)/m/n/10 , \TU/DejaVuS
erif(0)/b/n/10 air_travel\TU/DejaVuSerif(0)/m/n/10 , \TU/DejaVuSerif(0)/b/n/10 
air-craft\TU/DejaVuSerif(0)/m/n/10 , \TU/DejaVuSerif(0)/b/n/10 aerospace_en-gi-n
eer-ing\TU/DejaVuSerif(0)/m/n/10 , \TU/DejaVuSerif(0)/b/n/10 fixed-wing_air-craf
t\TU/DejaVuSerif(0)/m/n/10 ,
 []


Overfull \hbox (7.9593pt too wide) in paragraph at lines 1--3
\TU/DejaVuSerif(0)/b/n/10 air-line\TU/DejaVuSerif(0)/m/n/10 , pub-lic_trans-port
, \TU/DejaVuSerif(0)/b/n/10 air-liner\TU/DejaVuSerif(0)/m/n/10 , \TU/DejaVuSeri
f(0)/b/n/10 pas-sen-ger\TU/DejaVuSerif(0)/m/n/10 , \TU/DejaVuSerif(0)/b/n/10 aer
ospace_man-u-fac-turer\TU/DejaVuSerif(0)/m/n/10 , \TU/DejaVuSerif(0)/b/n/10 air-

 []

) (./f5_neg/f5_neg_031.tex
Overfull \hbox (16.81184pt too wide) in paragraph at lines 1--3
\TU/DejaVuSerif(0)/b/n/10 craft\TU/DejaVuSerif(0)/m/n/10 , \TU/DejaVuSerif(0)/b
/n/10 work-wear\TU/DejaVuSerif(0)/m/n/10 , \TU/DejaVuSerif(0)/b/n/10 air-craft_c
abin\TU/DejaVuSerif(0)/m/n/10 , clean-li-ness, \TU/DejaVuSerif(0)/b/n/10 aerospa
ce_man-u-fac-turer\TU/DejaVuSerif(0)/m/n/10 , \TU/DejaVuSerif(0)/b/n/10 flight\
TU/DejaVuSerif(0)/m/n/10 ,
 []

[60]) (./f5_neg/f5_neg_032.tex
Overfull \hbox (5.01985pt too wide) in paragraph at lines 1--3
[]  \TU/DejaVuSerif(0)/b/n/10 smile\TU/DejaVuSerif(0)/m/n/10 , \TU/DejaVuSerif(
0)/b/n/10 air_travel\TU/DejaVuSerif(0)/m/n/10 , \TU/DejaVuSerif(0)/b/n/10 avi-a-
tion\TU/DejaVuSerif(0)/m/n/10 , \TU/DejaVuSerif(0)/b/n/10 aerospace_en-gi-neer-i
ng\TU/DejaVuSerif(0)/m/n/10 , \TU/DejaVuSerif(0)/b/n/10 air-line\TU/DejaVuSerif
(0)/m/n/10 , \TU/DejaVuSerif(0)/b/n/10 air-craft_cabin\TU/DejaVuSerif(0)/m/n/10
 ,
 []

) (./f5_neg/f5_neg_033.tex
Overfull \hbox (4.04622pt too wide) in paragraph at lines 1--3
[]  \TU/DejaVuSerif(0)/b/n/10 pas-sen-ger\TU/DejaVuSerif(0)/m/n/10 , \TU/DejaVu
Serif(0)/b/n/10 air_travel\TU/DejaVuSerif(0)/m/n/10 , \TU/DejaVuSerif(0)/b/n/10
 air-craft_cabin\TU/DejaVuSerif(0)/m/n/10 , \TU/DejaVuSerif(0)/b/n/10 fixed-wing
_air-craft\TU/DejaVuSerif(0)/m/n/10 , pub-lic_trans-port,
 []

) (./f5_neg/f5_neg_034.tex
Overfull \hbox (0.60188pt too wide) in paragraph at lines 1--3
\TU/DejaVuSerif(0)/b/n/10 aerospace_man-u-fac-turer\TU/DejaVuSerif(0)/m/n/10 , 
\TU/DejaVuSerif(0)/b/n/10 air-port_ter-mi-nal\TU/DejaVuSerif(0)/m/n/10 , palm_tr
ees, \TU/DejaVuSerif(0)/b/n/10 narrow-body_air-
 []

) (./f5_neg/f5_neg_035.tex) (./f5_neg/f5_neg_036.tex
Overfull \hbox (3.0472pt too wide) in paragraph at lines 1--3
\TU/DejaVuSerif(0)/b/n/10 fixed-wing_air-craft\TU/DejaVuSerif(0)/m/n/10 , \TU/D
ejaVuSerif(0)/b/n/10 aerospace_en-gi-neer-ing\TU/DejaVuSerif(0)/m/n/10 , \TU/De
jaVuSerif(0)/b/n/10 avi-a-tion\TU/DejaVuSerif(0)/m/n/10 , cabin, ceil-ing, trave
l,
 []


Overfull \hbox (8.74251pt too wide) in paragraph at lines 1--3
\TU/DejaVuSerif(0)/m/n/10 aisle, \TU/DejaVuSerif(0)/b/n/10 flight\TU/DejaVuSeri
f(0)/m/n/10 , \TU/DejaVuSerif(0)/b/n/10 wide-body_air-craft\TU/DejaVuSerif(0)/m
/n/10 , clean-li-ness, \TU/DejaVuSerif(0)/b/n/10 air-craft\TU/DejaVuSerif(0)/m/
n/10 , head_re-straint, \TU/DejaVuSerif(0)/b/n/10 narrow-
 []

) (./f5_neg/f5_neg_037.tex
Overfull \hbox (17.55891pt too wide) in paragraph at lines 1--3
[]  \TU/DejaVuSerif(0)/b/n/10 pas-sen-ger\TU/DejaVuSerif(0)/m/n/10 , \TU/DejaVu
Serif(0)/b/n/10 air-craft_cabin\TU/DejaVuSerif(0)/m/n/10 , \TU/DejaVuSerif(0)/b
/n/10 air_travel\TU/DejaVuSerif(0)/m/n/10 , \TU/DejaVuSerif(0)/b/n/10 air-line\
TU/DejaVuSerif(0)/m/n/10 , pub-lic_trans-port, \TU/DejaVuSerif(0)/b/n/10 aerospa
ce_en-
 []

) (./f5_neg/f5_neg_038.tex
Overfull \hbox (3.07845pt too wide) in paragraph at lines 1--3
\TU/DejaVuSerif(0)/b/n/10 air-line\TU/DejaVuSerif(0)/m/n/10 , \TU/DejaVuSerif(0
)/b/n/10 air-liner\TU/DejaVuSerif(0)/m/n/10 , \TU/DejaVuSerif(0)/b/n/10 aerospac
e_en-gi-neer-ing\TU/DejaVuSerif(0)/m/n/10 , \TU/DejaVuSerif(0)/b/n/10 air-craft\TU/DejaVuSerif(0)/m/n/10 , \TU/DejaVuSerif(0)/b/n/10 pas-sen-ger\TU/DejaVuSerif(0)/m/n/10 , travel, cabin,
 []

[61]) (./f5_neg/f5_neg_039.tex
Overfull \hbox (46.6263pt too wide) in paragraph at lines 1--3
[]  \TU/DejaVuSerif(0)/b/n/10 pas-sen-ger\TU/DejaVuSerif(0)/m/n/10 , \TU/DejaVu
Serif(0)/b/n/10 air_travel\TU/DejaVuSerif(0)/m/n/10 , \TU/DejaVuSerif(0)/b/n/10
 fixed-wing_air-craft\TU/DejaVuSerif(0)/m/n/10 , \TU/DejaVuSerif(0)/b/n/10 air-c
raft_cabin\TU/DejaVuSerif(0)/m/n/10 , \TU/DejaVuSerif(0)/b/n/10 avi-a-tion\TU/D
ejaVuSerif(0)/m/n/10 , \TU/DejaVuSerif(0)/b/n/10 aerospace_en-
 []

) (./f5_neg/f5_neg_040.tex
Overfull \hbox (67.57747pt too wide) in paragraph at lines 1--3
\TU/DejaVuSerif(0)/b/n/10 craft\TU/DejaVuSerif(0)/m/n/10 , \TU/DejaVuSerif(0)/b
/n/10 air-line\TU/DejaVuSerif(0)/m/n/10 , \TU/DejaVuSerif(0)/b/n/10 air-craft\T
U/DejaVuSerif(0)/m/n/10 , \TU/DejaVuSerif(0)/b/n/10 air-liner\TU/DejaVuSerif(0)
/m/n/10 , \TU/DejaVuSerif(0)/b/n/10 air-craft_cabin\TU/DejaVuSerif(0)/m/n/10 , 
\TU/DejaVuSerif(0)/b/n/10 flight\TU/DejaVuSerif(0)/m/n/10 , flight_at-ten-dant, \TU/DejaVuSerif(0)/b/n/10 aerospace_man-
 []

) (./f6_pos/f6_pos_001.tex
Overfull \hbox (4.2259pt too wide) in paragraph at lines 1--3
\TU/DejaVuSerif(0)/b/n/10 leg\TU/DejaVuSerif(0)/m/n/10 , \TU/DejaVuSerif(0)/b/n
/10 so-cial_group\TU/DejaVuSerif(0)/m/n/10 , lug-gage_&_bags, \TU/DejaVuSerif(0
)/b/n/10 pedes-trian\TU/DejaVuSerif(0)/m/n/10 , \TU/DejaVuSerif(0)/b/n/10 back-p
ack\TU/DejaVuSerif(0)/m/n/10 , \TU/DejaVuSerif(0)/b/n/10 jacket\TU/DejaVuSerif(
0)/m/n/10 , \TU/DejaVuSerif(0)/b/n/10 bag-gage\TU/DejaVuSerif(0)/m/n/10 ,
 []

) (./f6_pos/f6_pos_002.tex) (./f6_pos/f6_pos_003.tex
Overfull \hbox (16.40852pt too wide) in paragraph at lines 1--3
\TU/DejaVuSerif(0)/b/n/10 cial_group\TU/DejaVuSerif(0)/m/n/10 , \TU/DejaVuSerif
(0)/b/n/10 youth\TU/DejaVuSerif(0)/m/n/10 , lug-gage_&_bags, \TU/DejaVuSerif(0)
/b/n/10 in-ter-ac-tion\TU/DejaVuSerif(0)/m/n/10 , \TU/DejaVuSerif(0)/b/n/10 pede
s-trian\TU/DejaVuSerif(0)/m/n/10 , \TU/DejaVuSerif(0)/b/n/10 back-pack\TU/DejaV
uSerif(0)/m/n/10 , \TU/DejaVuSerif(0)/b/n/10 waist\TU/DejaVuSerif(0)/m/n/10 ,
 []


Overfull \hbox (1.7884pt too wide) in paragraph at lines 1--3
\TU/DejaVuSerif(0)/b/n/10 hat\TU/DejaVuSerif(0)/m/n/10 , \TU/DejaVuSerif(0)/b/n
/10 hand-bag\TU/DejaVuSerif(0)/m/n/10 , \TU/DejaVuSerif(0)/b/n/10 crowd\TU/Deja
VuSerif(0)/m/n/10 , \TU/DejaVuSerif(0)/b/n/10 fun\TU/DejaVuSerif(0)/m/n/10 , \T
U/DejaVuSerif(0)/b/n/10 hu-man_back\TU/DejaVuSerif(0)/m/n/10 , \TU/DejaVuSerif(
0)/b/n/10 leisure\TU/DejaVuSerif(0)/m/n/10 , torso, hip, \TU/DejaVuSerif(0)/b/n
/10 feath-ered_hair\TU/DejaVuSerif(0)/m/n/10 ,
 []

) (./f6_pos/f6_pos_004.tex
Overfull \hbox (9.25911pt too wide) in paragraph at lines 1--3
[]  \TU/DejaVuSerif(0)/b/n/10 peo-ple\TU/DejaVuSerif(0)/m/n/10 , \TU/DejaVuSeri
f(0)/b/n/10 bag\TU/DejaVuSerif(0)/m/n/10 , \TU/DejaVuSerif(0)/b/n/10 trousers\T
U/DejaVuSerif(0)/m/n/10 , \TU/DejaVuSerif(0)/b/n/10 out-er-wear\TU/DejaVuSerif(
0)/m/n/10 , \TU/DejaVuSerif(0)/b/n/10 shoe\TU/DejaVuSerif(0)/m/n/10 , \TU/DejaV
uSerif(0)/b/n/10 jacket\TU/DejaVuSerif(0)/m/n/10 , \TU/DejaVuSerif(0)/b/n/10 sta
nd-ing\TU/DejaVuSerif(0)/m/n/10 , \TU/DejaVuSerif(0)/b/n/10 pedes-trian\TU/Deja
VuSerif(0)/m/n/10 , \TU/DejaVuSerif(0)/b/n/10 jeans\TU/DejaVuSerif(0)/m/n/10 ,
 []


Overfull \hbox (5.30208pt too wide) in paragraph at lines 1--3
\TU/DejaVuSerif(0)/m/n/10 lug-gage_&_bags, \TU/DejaVuSerif(0)/b/n/10 pub-lic_spa
ce\TU/DejaVuSerif(0)/m/n/10 , black, \TU/DejaVuSerif(0)/b/n/10 denim\TU/DejaVuS
erif(0)/m/n/10 , \TU/DejaVuSerif(0)/b/n/10 hand-bag\TU/DejaVuSerif(0)/m/n/10 , 
\TU/DejaVuSerif(0)/b/n/10 win-ter\TU/DejaVuSerif(0)/m/n/10 , \TU/DejaVuSerif(0)
/b/n/10 travel\TU/DejaVuSerif(0)/m/n/10 , \TU/DejaVuSerif(0)/b/n/10 back-
 []

) (./f6_pos/f6_pos_005.tex
Overfull \hbox (91.88313pt too wide) in paragraph at lines 1--3
\TU/DejaVuSerif(0)/b/n/10 win-ter\TU/DejaVuSerif(0)/m/n/10 , \TU/DejaVuSerif(0)
/b/n/10 bi-cy-cle_tire\TU/DejaVuSerif(0)/m/n/10 , \TU/DejaVuSerif(0)/b/n/10 bi-c
y-cle_han-dle-bar\TU/DejaVuSerif(0)/m/n/10 , \TU/DejaVuSerif(0)/b/n/10 bi-cy-cle
_wheel\TU/DejaVuSerif(0)/m/n/10 , \TU/DejaVuSerif(0)/b/n/10 bicycles--equipment_
and_supplies\TU/DejaVuSerif(0)/m/n/10 ,
 []

[62]) (./f6_pos/f6_pos_006.tex) (./f6_pos/f6_pos_007.tex
Overfull \hbox (4.23079pt too wide) in paragraph at lines 1--3
\TU/DejaVuSerif(0)/b/n/10 man_body\TU/DejaVuSerif(0)/m/n/10 , \TU/DejaVuSerif(0
)/b/n/10 stand-ing\TU/DejaVuSerif(0)/m/n/10 , \TU/DejaVuSerif(0)/b/n/10 pedes-tr
ian\TU/DejaVuSerif(0)/m/n/10 , lug-gage_&_bags, \TU/DejaVuSerif(0)/b/n/10 in-ter
-ac-tion\TU/DejaVuSerif(0)/m/n/10 , \TU/DejaVuSerif(0)/b/n/10 street\TU/DejaVuS
erif(0)/m/n/10 , \TU/DejaVuSerif(0)/b/n/10 pub-
 []

) (./f6_pos/f6_pos_008.tex) (./f6_pos/f6_pos_009.tex
Overfull \hbox (3.37825pt too wide) in paragraph at lines 1--3
\TU/DejaVuSerif(0)/b/n/10 trousers\TU/DejaVuSerif(0)/m/n/10 , shorts, \TU/DejaV
uSerif(0)/b/n/10 pedes-trian\TU/DejaVuSerif(0)/m/n/10 , \TU/DejaVuSerif(0)/b/n/
10 jeans\TU/DejaVuSerif(0)/m/n/10 , \TU/DejaVuSerif(0)/b/n/10 road\TU/DejaVuSer
if(0)/m/n/10 , \TU/DejaVuSerif(0)/b/n/10 pub-lic_space\TU/DejaVuSerif(0)/m/n/10
 , \TU/DejaVuSerif(0)/b/n/10 ur-ban_area\TU/DejaVuSerif(0)/m/n/10 , \TU/DejaVuS
erif(0)/b/n/10 stand-
 []

) (./f6_pos/f6_pos_010.tex) (./f6_pos/f6_pos_011.tex) (./f6_pos/f6_pos_012.tex
[63]) (./f6_pos/f6_pos_013.tex
Overfull \hbox (1.02083pt too wide) in paragraph at lines 1--3
\TU/DejaVuSerif(0)/b/n/10 pedes-trian\TU/DejaVuSerif(0)/m/n/10 , \TU/DejaVuSeri
f(0)/b/n/10 pub-lic_space\TU/DejaVuSerif(0)/m/n/10 , lug-gage_&_bags, \TU/DejaV
uSerif(0)/b/n/10 in-ter-ac-tion\TU/DejaVuSerif(0)/m/n/10 , \TU/DejaVuSerif(0)/b
/n/10 back-pack\TU/DejaVuSerif(0)/m/n/10 , \TU/DejaVuSerif(0)/b/n/10 hoodie\TU/
DejaVuSerif(0)/m/n/10 ,
 []

) (./f6_pos/f6_pos_014.tex
Overfull \hbox (31.77864pt too wide) in paragraph at lines 1--3
[]  \TU/DejaVuSerif(0)/b/n/10 peo-ple\TU/DejaVuSerif(0)/m/n/10 , stairs, \TU/De
jaVuSerif(0)/b/n/10 trousers\TU/DejaVuSerif(0)/m/n/10 , \TU/DejaVuSerif(0)/b/n/
10 leg\TU/DejaVuSerif(0)/m/n/10 , \TU/DejaVuSerif(0)/b/n/10 jeans\TU/DejaVuSeri
f(0)/m/n/10 , \TU/DejaVuSerif(0)/b/n/10 hu-man_body\TU/DejaVuSerif(0)/m/n/10 , 
\TU/DejaVuSerif(0)/b/n/10 bag\TU/DejaVuSerif(0)/m/n/10 , \TU/DejaVuSerif(0)/b/n
/10 stand-ing\TU/DejaVuSerif(0)/m/n/10 , lug-gage_&_bags,
 []

) (./f6_pos/f6_pos_015.tex
Overfull \hbox (23.31477pt too wide) in paragraph at lines 1--3
\TU/DejaVuSerif(0)/b/n/10 back-pack\TU/DejaVuSerif(0)/m/n/10 , \TU/DejaVuSerif(
0)/b/n/10 win-ter\TU/DejaVuSerif(0)/m/n/10 , fur, \TU/DejaVuSerif(0)/b/n/10 hand
-bag\TU/DejaVuSerif(0)/m/n/10 , \TU/DejaVuSerif(0)/b/n/10 pas-sen-ger\TU/DejaVu
Serif(0)/m/n/10 , \TU/DejaVuSerif(0)/b/n/10 feath-ered_hair\TU/DejaVuSerif(0)/m
/n/10 , \TU/DejaVuSerif(0)/b/n/10 hoodie\TU/DejaVuSerif(0)/m/n/10 , \TU/DejaVuS
erif(0)/b/n/10 fur_cloth-
 []

) (./f6_pos/f6_pos_016.tex) (./f6_pos/f6_pos_017.tex) (./f6_pos/f6_pos_018.tex
Overfull \hbox (3.42708pt too wide) in paragraph at lines 1--3
[]  \TU/DejaVuSerif(0)/b/n/10 bag\TU/DejaVuSerif(0)/m/n/10 , \TU/DejaVuSerif(0)
/b/n/10 trousers\TU/DejaVuSerif(0)/m/n/10 , \TU/DejaVuSerif(0)/b/n/10 hu-man_bod
y\TU/DejaVuSerif(0)/m/n/10 , suit-case, \TU/DejaVuSerif(0)/b/n/10 bag-gage\TU/D
ejaVuSerif(0)/m/n/10 , lug-gage_&_bags, \TU/DejaVuSerif(0)/b/n/10 jeans\TU/Deja
VuSerif(0)/m/n/10 , \TU/DejaVuSerif(0)/b/n/10 pas-
 []


Overfull \hbox (3.31282pt too wide) in paragraph at lines 1--3
\TU/DejaVuSerif(0)/b/n/10 sen-ger\TU/DejaVuSerif(0)/m/n/10 , \TU/DejaVuSerif(0)
/b/n/10 back-pack\TU/DejaVuSerif(0)/m/n/10 , \TU/DejaVuSerif(0)/b/n/10 hand_lug-
gage\TU/DejaVuSerif(0)/m/n/10 , \TU/DejaVuSerif(0)/b/n/10 hand-bag\TU/DejaVuSer
if(0)/m/n/10 , \TU/DejaVuSerif(0)/b/n/10 travel\TU/DejaVuSerif(0)/m/n/10 , \TU/
DejaVuSerif(0)/b/n/10 clean-li-ness\TU/DejaVuSerif(0)/m/n/10 , \TU/DejaVuSerif(
0)/b/n/10 cus-tomer\TU/DejaVuSerif(0)/m/n/10 ,
 []

) (./f6_pos/f6_pos_019.tex) (./f6_pos/f6_pos_020.tex
Overfull \hbox (0.57356pt too wide) in paragraph at lines 1--3
\TU/DejaVuSerif(0)/b/n/10 travel\TU/DejaVuSerif(0)/m/n/10 , check-in, \TU/DejaV
uSerif(0)/b/n/10 hand-bag\TU/DejaVuSerif(0)/m/n/10 , \TU/DejaVuSerif(0)/b/n/10 
clean-li-ness\TU/DejaVuSerif(0)/m/n/10 , \TU/DejaVuSerif(0)/b/n/10 air-port_ter-
mi-nal\TU/DejaVuSerif(0)/m/n/10 , \TU/DejaVuSerif(0)/b/n/10 boot\TU/DejaVuSerif
(0)/m/n/10 , \TU/DejaVuSerif(0)/b/n/10 dis-play_de-
 []

[64]) (./f6_pos/f6_pos_021.tex) (./f6_pos/f6_pos_022.tex
Overfull \hbox (17.27278pt too wide) in paragraph at lines 1--3
\TU/DejaVuSerif(0)/m/n/10 gage_&_bags, \TU/DejaVuSerif(0)/b/n/10 pedes-trian\TU
/DejaVuSerif(0)/m/n/10 , \TU/DejaVuSerif(0)/b/n/10 travel\TU/DejaVuSerif(0)/m/n
/10 , \TU/DejaVuSerif(0)/b/n/10 hand-bag\TU/DejaVuSerif(0)/m/n/10 , \TU/DejaVuS
erif(0)/b/n/10 bag-gage\TU/DejaVuSerif(0)/m/n/10 , \TU/DejaVuSerif(0)/b/n/10 bac
k-pack\TU/DejaVuSerif(0)/m/n/10 , \TU/DejaVuSerif(0)/b/n/10 pub-lic_trans-
 []


Overfull \hbox (1.1888pt too wide) in paragraph at lines 1--3
\TU/DejaVuSerif(0)/b/n/10 port\TU/DejaVuSerif(0)/m/n/10 , metro_sta-tion, \TU/D
ejaVuSerif(0)/b/n/10 clean-li-ness\TU/DejaVuSerif(0)/m/n/10 , \TU/DejaVuSerif(0
)/b/n/10 trans-port_hub\TU/DejaVuSerif(0)/m/n/10 , \TU/DejaVuSerif(0)/b/n/10 han
d_lug-gage\TU/DejaVuSerif(0)/m/n/10 , \TU/DejaVuSerif(0)/b/n/10 boot\TU/DejaVuS
erif(0)/m/n/10 , steel,
 []

) (./f6_pos/f6_pos_023.tex
Overfull \hbox (5.4554pt too wide) in paragraph at lines 1--3
[]  \TU/DejaVuSerif(0)/b/n/10 peo-ple\TU/DejaVuSerif(0)/m/n/10 , \TU/DejaVuSeri
f(0)/b/n/10 crowd\TU/DejaVuSerif(0)/m/n/10 , \TU/DejaVuSerif(0)/b/n/10 out-er-we
ar\TU/DejaVuSerif(0)/m/n/10 , \TU/DejaVuSerif(0)/b/n/10 tem-ple\TU/DejaVuSerif(
0)/m/n/10 , tex-tile, \TU/DejaVuSerif(0)/b/n/10 jacket\TU/DejaVuSerif(0)/m/n/10
 , \TU/DejaVuSerif(0)/b/n/10 youth\TU/DejaVuSerif(0)/m/n/10 , \TU/DejaVuSerif(0
)/b/n/10 in-ter-ac-tion\TU/DejaVuSerif(0)/m/n/10 , \TU/DejaVuSerif(0)/b/n/10 jea
ns\TU/DejaVuSerif(0)/m/n/10 ,
 []


Overfull \hbox (3.78157pt too wide) in paragraph at lines 1--3
\TU/DejaVuSerif(0)/b/n/10 pedes-trian\TU/DejaVuSerif(0)/m/n/10 , \TU/DejaVuSeri
f(0)/b/n/10 pub-lic_event\TU/DejaVuSerif(0)/m/n/10 , lug-gage_&_bags, \TU/DejaV
uSerif(0)/b/n/10 bag\TU/DejaVuSerif(0)/m/n/10 , \TU/DejaVuSerif(0)/b/n/10 protes
t\TU/DejaVuSerif(0)/m/n/10 , \TU/DejaVuSerif(0)/b/n/10 hoodie\TU/DejaVuSerif(0)
/m/n/10 , \TU/DejaVuSerif(0)/b/n/10 back-pack\TU/DejaVuSerif(0)/m/n/10 ,
 []

) (./f6_pos/f6_pos_024.tex
Overfull \hbox (1.41536pt too wide) in paragraph at lines 1--3
[]  \TU/DejaVuSerif(0)/b/n/10 peo-ple\TU/DejaVuSerif(0)/m/n/10 , \TU/DejaVuSeri
f(0)/b/n/10 cloth-ing\TU/DejaVuSerif(0)/m/n/10 , \TU/DejaVuSerif(0)/b/n/10 jeans
\TU/DejaVuSerif(0)/m/n/10 , \TU/DejaVuSerif(0)/b/n/10 trousers\TU/DejaVuSerif(0
)/m/n/10 , \TU/DejaVuSerif(0)/b/n/10 crowd\TU/DejaVuSerif(0)/m/n/10 , \TU/DejaV
uSerif(0)/b/n/10 bag\TU/DejaVuSerif(0)/m/n/10 , \TU/DejaVuSerif(0)/b/n/10 pedes-
trian\TU/DejaVuSerif(0)/m/n/10 , lug-gage_&_bags,
 []

) (./f6_pos/f6_pos_025.tex) (./f6_pos/f6_pos_026.tex
Overfull \hbox (29.9847pt too wide) in paragraph at lines 1--3
[]  \TU/DejaVuSerif(0)/b/n/10 peo-ple\TU/DejaVuSerif(0)/m/n/10 , \TU/DejaVuSeri
f(0)/b/n/10 out-er-wear\TU/DejaVuSerif(0)/m/n/10 , \TU/DejaVuSerif(0)/b/n/10 jac
ket\TU/DejaVuSerif(0)/m/n/10 , \TU/DejaVuSerif(0)/b/n/10 in-ter-ac-tion\TU/Deja
VuSerif(0)/m/n/10 , \TU/DejaVuSerif(0)/b/n/10 hat\TU/DejaVuSerif(0)/m/n/10 , \T
U/DejaVuSerif(0)/b/n/10 pedes-trian\TU/DejaVuSerif(0)/m/n/10 , \TU/DejaVuSerif(
0)/b/n/10 crowd\TU/DejaVuSerif(0)/m/n/10 , lug-gage_&_bags,
 []


Overfull \hbox (0.43587pt too wide) in paragraph at lines 1--3
\TU/DejaVuSerif(0)/b/n/10 cap\TU/DejaVuSerif(0)/m/n/10 , um-brella, \TU/DejaVuS
erif(0)/b/n/10 bag\TU/DejaVuSerif(0)/m/n/10 , \TU/DejaVuSerif(0)/b/n/10 win-ter\TU/DejaVuSerif(0)/m/n/10 , \TU/DejaVuSerif(0)/b/n/10 scarf\TU/DejaVuSerif(0)/m/n/10 , \TU/DejaVuSerif(0)/b/n/10 back-pack\TU/DejaVuSerif(0)/m/n/10 , \TU/DejaVuSerif(0)/b/n/10 hoodie\TU/DejaVuSerif(0)/m/n/10 , \TU/DejaVuSerif(0)/b/n/10 feath-ered_hair\TU/DejaVuSerif(0)/m/n/10 , \TU/DejaVuSerif(0)/b/n/10 hand-
 []

) (./f6_pos/f6_pos_027.tex [65]) (./f6_pos/f6_pos_028.tex
Overfull \hbox (33.94466pt too wide) in paragraph at lines 1--3
[]  \TU/DejaVuSerif(0)/b/n/10 trousers\TU/DejaVuSerif(0)/m/n/10 , \TU/DejaVuSer
if(0)/b/n/10 hu-man_body\TU/DejaVuSerif(0)/m/n/10 , \TU/DejaVuSerif(0)/b/n/10 le
g\TU/DejaVuSerif(0)/m/n/10 , \TU/DejaVuSerif(0)/b/n/10 jeans\TU/DejaVuSerif(0)/
m/n/10 , \TU/DejaVuSerif(0)/b/n/10 cus-tomer\TU/DejaVuSerif(0)/m/n/10 , \TU/Dej
aVuSerif(0)/b/n/10 pedes-trian\TU/DejaVuSerif(0)/m/n/10 , \TU/DejaVuSerif(0)/b/
n/10 re-tail\TU/DejaVuSerif(0)/m/n/10 , lug-gage_&_bags,
 []

) (./f6_pos/f6_pos_029.tex) (./f6_pos/f6_pos_030.tex
Overfull \hbox (3.12923pt too wide) in paragraph at lines 1--3
[]  \TU/DejaVuSerif(0)/b/n/10 bag\TU/DejaVuSerif(0)/m/n/10 , \TU/DejaVuSerif(0)
/b/n/10 cus-tomer\TU/DejaVuSerif(0)/m/n/10 , \TU/DejaVuSerif(0)/b/n/10 pedes-tri
an\TU/DejaVuSerif(0)/m/n/10 , lug-gage_&_bags, \TU/DejaVuSerif(0)/b/n/10 jeans\
TU/DejaVuSerif(0)/m/n/10 , \TU/DejaVuSerif(0)/b/n/10 crowd\TU/DejaVuSerif(0)/m/
n/10 , \TU/DejaVuSerif(0)/b/n/10 bag-gage\TU/DejaVuSerif(0)/m/n/10 , \TU/DejaVu
Serif(0)/b/n/10 travel\TU/DejaVuSerif(0)/m/n/10 ,
 []

) (./f6_pos/f6_pos_031.tex
Overfull \hbox (21.19075pt too wide) in paragraph at lines 1--3
\TU/DejaVuSerif(0)/m/n/10 gage_&_bags, \TU/DejaVuSerif(0)/b/n/10 bag\TU/DejaVuS
erif(0)/m/n/10 , \TU/DejaVuSerif(0)/b/n/10 protest\TU/DejaVuSerif(0)/m/n/10 , \
TU/DejaVuSerif(0)/b/n/10 back-pack\TU/DejaVuSerif(0)/m/n/10 , \TU/DejaVuSerif(0
)/b/n/10 feath-ered_hair\TU/DejaVuSerif(0)/m/n/10 , \TU/DejaVuSerif(0)/b/n/10 ha
nd-bag\TU/DejaVuSerif(0)/m/n/10 , \TU/DejaVuSerif(0)/b/n/10 scarf\TU/DejaVuSeri
f(0)/m/n/10 , \TU/DejaVuSerif(0)/b/n/10 hoodie\TU/DejaVuSerif(0)/m/n/10 ,
 []

) (./f6_pos/f6_pos_032.tex
Overfull \hbox (28.32942pt too wide) in paragraph at lines 1--3
[]  \TU/DejaVuSerif(0)/b/n/10 peo-ple\TU/DejaVuSerif(0)/m/n/10 , \TU/DejaVuSeri
f(0)/b/n/10 jeans\TU/DejaVuSerif(0)/m/n/10 , \TU/DejaVuSerif(0)/b/n/10 trousers\TU/DejaVuSerif(0)/m/n/10 , \TU/DejaVuSerif(0)/b/n/10 youth\TU/DejaVuSerif(0)/m/n/10 , \TU/DejaVuSerif(0)/b/n/10 pedes-trian\TU/DejaVuSerif(0)/m/n/10 , \TU/DejaVuSerif(0)/b/n/10 crowd\TU/DejaVuSerif(0)/m/n/10 , \TU/DejaVuSerif(0)/b/n/10 in-ter-ac-tion\TU/DejaVuSerif(0)/m/n/10 , lug-gage_&_bags,
 []

) (./f6_pos/f6_pos_033.tex) (./f6_pos/f6_pos_034.tex) (./f6_pos/f6_pos_035.tex
Overfull \hbox (28.32942pt too wide) in paragraph at lines 1--3
[]  \TU/DejaVuSerif(0)/b/n/10 peo-ple\TU/DejaVuSerif(0)/m/n/10 , \TU/DejaVuSeri
f(0)/b/n/10 jeans\TU/DejaVuSerif(0)/m/n/10 , \TU/DejaVuSerif(0)/b/n/10 trousers\TU/DejaVuSerif(0)/m/n/10 , \TU/DejaVuSerif(0)/b/n/10 youth\TU/DejaVuSerif(0)/m/n/10 , \TU/DejaVuSerif(0)/b/n/10 crowd\TU/DejaVuSerif(0)/m/n/10 , \TU/DejaVuSerif(0)/b/n/10 pedes-trian\TU/DejaVuSerif(0)/m/n/10 , \TU/DejaVuSerif(0)/b/n/10 in-ter-ac-tion\TU/DejaVuSerif(0)/m/n/10 , lug-gage_&_bags,
 []

[66]) (./f6_pos/f6_pos_036.tex) (./f6_pos/f6_pos_037.tex
Overfull \hbox (6.91145pt too wide) in paragraph at lines 1--3
\TU/DejaVuSerif(0)/b/n/10 pedes-trian\TU/DejaVuSerif(0)/m/n/10 , \TU/DejaVuSeri
f(0)/b/n/10 back-pack\TU/DejaVuSerif(0)/m/n/10 , \TU/DejaVuSerif(0)/b/n/10 pub-l
ic_event\TU/DejaVuSerif(0)/m/n/10 , \TU/DejaVuSerif(0)/b/n/10 hand-bag\TU/DejaV
uSerif(0)/m/n/10 , \TU/DejaVuSerif(0)/b/n/10 leisure\TU/DejaVuSerif(0)/m/n/10 , \TU/DejaVuSerif(0)/b/n/10 bazaar\TU/DejaVuSerif(0)/m/n/10 , \TU/DejaVuSerif(0)/b/n/10 sun-glasses\TU/DejaVuSerif(0)/m/n/10 ,
 []

) (./f6_pos/f6_pos_038.tex) (./f6_pos/f6_pos_039.tex) (./f6_pos/f6_pos_040.tex) (./f6_neg/f6_neg_001.tex
Overfull \hbox (29.99739pt too wide) in paragraph at lines 1--3
\TU/DejaVuSerif(0)/b/n/10 bulk_car-rier\TU/DejaVuSerif(0)/m/n/10 , cargo, \TU/D
ejaVuSerif(0)/b/n/10 mo-tor_ship\TU/DejaVuSerif(0)/m/n/10 , \TU/DejaVuSerif(0)/
b/n/10 con-tainer_ship\TU/DejaVuSerif(0)/m/n/10 , feeder_ship, \TU/DejaVuSerif(
0)/b/n/10 port\TU/DejaVuSerif(0)/m/n/10 , \TU/DejaVuSerif(0)/b/n/10 wa-ter_trans
-
 []


Overfull \hbox (49.36165pt too wide) in paragraph at lines 1--3
\TU/DejaVuSerif(0)/b/n/10 porta-tion\TU/DejaVuSerif(0)/m/n/10 , ore-bulk-oil_car
-rier, float-ing_pro-duc-tion_stor-age_and_of-fload-ing, \TU/DejaVuSerif(0)/b/n
/10 oil_tanker\TU/DejaVuSerif(0)/m/n/10 ,
 []

) (./f6_neg/f6_neg_002.tex [67]) (./f6_neg/f6_neg_003.tex
Overfull \hbox (0.81087pt too wide) in paragraph at lines 1--3
\TU/DejaVuSerif(0)/b/n/10 tanker\TU/DejaVuSerif(0)/m/n/10 , \TU/DejaVuSerif(0)/
b/n/10 pana-max\TU/DejaVuSerif(0)/m/n/10 , \TU/DejaVuSerif(0)/b/n/10 wa-ter_tran
s-porta-tion\TU/DejaVuSerif(0)/m/n/10 , \TU/DejaVuSerif(0)/b/n/10 mo-tor_ship\T
U/DejaVuSerif(0)/m/n/10 , \TU/DejaVuSerif(0)/b/n/10 con-tainer_ship\TU/DejaVuSe
rif(0)/m/n/10 , har-
 []

) (./f6_neg/f6_neg_004.tex
Overfull \hbox (72.91927pt too wide) in paragraph at lines 1--3
[]  \TU/DejaVuSerif(0)/m/n/10 wa-ter_re-sources, hori-zon, fluid, \TU/DejaVuSer
if(0)/b/n/10 cloud\TU/DejaVuSerif(0)/m/n/10 , \TU/DejaVuSerif(0)/b/n/10 wa-ter-c
raft\TU/DejaVuSerif(0)/m/n/10 , \TU/DejaVuSerif(0)/b/n/10 sea\TU/DejaVuSerif(0)
/m/n/10 , \TU/DejaVuSerif(0)/b/n/10 liq-uid\TU/DejaVuSerif(0)/m/n/10 , \TU/Deja
VuSerif(0)/b/n/10 coastal_and_oceanic_land-
 []


Overfull \hbox (6.2259pt too wide) in paragraph at lines 1--3
\TU/DejaVuSerif(0)/m/n/10 wind_wave, \TU/DejaVuSerif(0)/b/n/10 cu-mu-lus\TU/Dej
aVuSerif(0)/m/n/10 , \TU/DejaVuSerif(0)/b/n/10 bulk_car-rier\TU/DejaVuSerif(0)/
m/n/10 , \TU/DejaVuSerif(0)/b/n/10 wa-ter_trans-porta-tion\TU/DejaVuSerif(0)/m/
n/10 , \TU/DejaVuSerif(0)/b/n/10 oil_tanker\TU/DejaVuSerif(0)/m/n/10 , \TU/Deja
VuSerif(0)/b/n/10 wind\TU/DejaVuSerif(0)/m/n/10 ,
 []

) (./f6_neg/f6_neg_005.tex
Overfull \hbox (34.68489pt too wide) in paragraph at lines 1--3
[]  \TU/DejaVuSerif(0)/b/n/10 wa-ter-craft\TU/DejaVuSerif(0)/m/n/10 , \TU/DejaV
uSerif(0)/b/n/10 boat\TU/DejaVuSerif(0)/m/n/10 , \TU/DejaVuSerif(0)/b/n/10 cargo
_ship\TU/DejaVuSerif(0)/m/n/10 , \TU/DejaVuSerif(0)/b/n/10 ship\TU/DejaVuSerif(
0)/m/n/10 , \TU/DejaVuSerif(0)/b/n/10 freight_trans-port\TU/DejaVuSerif(0)/m/n/
10 , \TU/DejaVuSerif(0)/b/n/10 pana-max\TU/DejaVuSerif(0)/m/n/10 , \TU/DejaVuSe
rif(0)/b/n/10 con-tainer_ship\TU/DejaVuSerif(0)/m/n/10 ,
 []


Overfull \hbox (3.13509pt too wide) in paragraph at lines 1--3
\TU/DejaVuSerif(0)/b/n/10 naval_ar-chi-tec-ture\TU/DejaVuSerif(0)/m/n/10 , \TU/
DejaVuSerif(0)/b/n/10 bulk_car-rier\TU/DejaVuSerif(0)/m/n/10 , cargo, handy-max,
 \TU/DejaVuSerif(0)/b/n/10 tanker\TU/DejaVuSerif(0)/m/n/10 , ore-bulk-oil_car-
 []


Overfull \hbox (7.43196pt too wide) in paragraph at lines 1--3
\TU/DejaVuSerif(0)/m/n/10 rier, \TU/DejaVuSerif(0)/b/n/10 oil_tanker\TU/DejaVuS
erif(0)/m/n/10 , feeder_ship, \TU/DejaVuSerif(0)/b/n/10 wa-ter_trans-porta-tion\TU/DejaVuSerif(0)/m/n/10 , \TU/DejaVuSerif(0)/b/n/10 mo-tor_ship\TU/DejaVuSerif(0)/m/n/10 , float-ing_pro-
 []

) (./f6_neg/f6_neg_006.tex
Overfull \hbox (3.38802pt too wide) in paragraph at lines 1--3
[]  \TU/DejaVuSerif(0)/b/n/10 boat\TU/DejaVuSerif(0)/m/n/10 , \TU/DejaVuSerif(0
)/b/n/10 wa-ter-craft\TU/DejaVuSerif(0)/m/n/10 , \TU/DejaVuSerif(0)/b/n/10 liq-u
id\TU/DejaVuSerif(0)/m/n/10 , \TU/DejaVuSerif(0)/b/n/10 ship\TU/DejaVuSerif(0)/
m/n/10 , \TU/DejaVuSerif(0)/b/n/10 naval_ar-chi-tec-ture\TU/DejaVuSerif(0)/m/n/
10 , \TU/DejaVuSerif(0)/b/n/10 sea\TU/DejaVuSerif(0)/m/n/10 , \TU/DejaVuSerif(0
)/b/n/10 tanker\TU/DejaVuSerif(0)/m/n/10 , \TU/DejaVuSerif(0)/b/n/10 cargo_ship\TU/DejaVuSerif(0)/m/n/10 ,
 []


Overfull \hbox (6.57552pt too wide) in paragraph at lines 1--3
\TU/DejaVuSerif(0)/b/n/10 ocean\TU/DejaVuSerif(0)/m/n/10 , \TU/DejaVuSerif(0)/b
/n/10 freight_trans-port\TU/DejaVuSerif(0)/m/n/10 , \TU/DejaVuSerif(0)/b/n/10 oi
l_tanker\TU/DejaVuSerif(0)/m/n/10 , ore-bulk-oil_car-rier, \TU/DejaVuSerif(0)/b
/n/10 wa-ter_trans-porta-
 []

) (./f6_neg/f6_neg_007.tex) (./f6_neg/f6_neg_008.tex) (./f6_neg/f6_neg_009.tex
Overfull \hbox (1.37727pt too wide) in paragraph at lines 1--3
\TU/DejaVuSerif(0)/b/n/10 ship\TU/DejaVuSerif(0)/m/n/10 , \TU/DejaVuSerif(0)/b/
n/10 pana-max\TU/DejaVuSerif(0)/m/n/10 , \TU/DejaVuSerif(0)/b/n/10 tanker\TU/De
jaVuSerif(0)/m/n/10 , \TU/DejaVuSerif(0)/b/n/10 naval_ar-chi-tec-ture\TU/DejaVu
Serif(0)/m/n/10 , ore-bulk-oil_car-rier, \TU/DejaVuSerif(0)/b/n/10 oil_tanker\T
U/DejaVuSerif(0)/m/n/10 ,
 []


Overfull \hbox (21.90071pt too wide) in paragraph at lines 1--3
\TU/DejaVuSerif(0)/m/n/10 cargo, float-ing_pro-duc-tion_stor-age_and_of-fload-in
g, \TU/DejaVuSerif(0)/b/n/10 con-tainer_ship\TU/DejaVuSerif(0)/m/n/10 , \TU/Dej
aVuSerif(0)/b/n/10 wa-ter_trans-
 []

[68]) (./f6_neg/f6_neg_010.tex
Overfull \hbox (0.74739pt too wide) in paragraph at lines 1--3
[]  \TU/DejaVuSerif(0)/b/n/10 boat\TU/DejaVuSerif(0)/m/n/10 , \TU/DejaVuSerif(0
)/b/n/10 wa-ter-craft\TU/DejaVuSerif(0)/m/n/10 , \TU/DejaVuSerif(0)/b/n/10 ship\TU/DejaVuSerif(0)/m/n/10 , \TU/DejaVuSerif(0)/b/n/10 naval_ar-chi-tec-ture\TU/DejaVuSerif(0)/m/n/10 , \TU/DejaVuSerif(0)/b/n/10 cargo_ship\TU/DejaVuSerif(0)/m/n/10 , \TU/DejaVuSerif(0)/b/n/10 freight_trans-port\TU/DejaVuSerif(0)/m/n/10 ,
 []


Overfull \hbox (15.46126pt too wide) in paragraph at lines 1--3
\TU/DejaVuSerif(0)/b/n/10 con-tainer_ship\TU/DejaVuSerif(0)/m/n/10 , \TU/DejaVu
Serif(0)/b/n/10 pana-max\TU/DejaVuSerif(0)/m/n/10 , ship-ping_con-tainer, \TU/D
ejaVuSerif(0)/b/n/10 port\TU/DejaVuSerif(0)/m/n/10 , cargo, feeder_ship, \TU/De
jaVuSerif(0)/b/n/10 tanker\TU/DejaVuSerif(0)/m/n/10 ,
 []


Overfull \hbox (5.32161pt too wide) in paragraph at lines 1--3
\TU/DejaVuSerif(0)/b/n/10 wa-ter_trans-porta-tion\TU/DejaVuSerif(0)/m/n/10 , flo
at-ing_pro-duc-tion_stor-age_and_of-fload-ing, \TU/DejaVuSerif(0)/b/n/10 bulk_ca
r-
 []

) (./f6_neg/f6_neg_011.tex
Overfull \hbox (20.52473pt too wide) in paragraph at lines 1--3
[]  \TU/DejaVuSerif(0)/m/n/10 cruise_ship, \TU/DejaVuSerif(0)/b/n/10 wa-ter-craf
t\TU/DejaVuSerif(0)/m/n/10 , \TU/DejaVuSerif(0)/b/n/10 boat\TU/DejaVuSerif(0)/m
/n/10 , pas-sen-ger_ship, \TU/DejaVuSerif(0)/b/n/10 ship\TU/DejaVuSerif(0)/m/n/
10 , \TU/DejaVuSerif(0)/b/n/10 naval_ar-chi-tec-ture\TU/DejaVuSerif(0)/m/n/10 , \TU/DejaVuSerif(0)/b/n/10 cruise-
 []


Overfull \hbox (8.97688pt too wide) in paragraph at lines 1--3
\TU/DejaVuSerif(0)/b/n/10 ferry\TU/DejaVuSerif(0)/m/n/10 , pub-lic_trans-port, 
\TU/DejaVuSerif(0)/b/n/10 ocean_liner\TU/DejaVuSerif(0)/m/n/10 , travel, \TU/De
jaVuSerif(0)/b/n/10 wa-ter_trans-porta-tion\TU/DejaVuSerif(0)/m/n/10 , \TU/Deja
VuSerif(0)/b/n/10 port\TU/DejaVuSerif(0)/m/n/10 , deck,
 []

) (./f6_neg/f6_neg_012.tex) (./f6_neg/f6_neg_013.tex
Overfull \hbox (2.68684pt too wide) in paragraph at lines 1--3
\TU/DejaVuSerif(0)/b/n/10 ship\TU/DejaVuSerif(0)/m/n/10 , \TU/DejaVuSerif(0)/b/
n/10 boat\TU/DejaVuSerif(0)/m/n/10 , \TU/DejaVuSerif(0)/b/n/10 sea\TU/DejaVuSer
if(0)/m/n/10 , \TU/DejaVuSerif(0)/b/n/10 ocean_liner\TU/DejaVuSerif(0)/m/n/10 , \TU/DejaVuSerif(0)/b/n/10 ocean\TU/DejaVuSerif(0)/m/n/10 , travel, \TU/DejaVuSerif(0)/b/n/10 port\TU/DejaVuSerif(0)/m/n/10 , \TU/DejaVuSerif(0)/b/n/10 trop-ics\TU/DejaVuSerif(0)/m/n/10 , \TU/DejaVuSerif(0)/b/n/10 wa-ter_trans-porta-
 []

) (./f6_neg/f6_neg_014.tex
Overfull \hbox (14.23274pt too wide) in paragraph at lines 1--3
[]  \TU/DejaVuSerif(0)/b/n/10 boat\TU/DejaVuSerif(0)/m/n/10 , trans-port, \TU/D
ejaVuSerif(0)/b/n/10 wa-ter-craft\TU/DejaVuSerif(0)/m/n/10 , \TU/DejaVuSerif(0)
/b/n/10 ship\TU/DejaVuSerif(0)/m/n/10 , \TU/DejaVuSerif(0)/b/n/10 naval_ar-chi-t
ec-ture\TU/DejaVuSerif(0)/m/n/10 , \TU/DejaVuSerif(0)/b/n/10 sea\TU/DejaVuSerif
(0)/m/n/10 , \TU/DejaVuSerif(0)/b/n/10 cargo_ship\TU/DejaVuSerif(0)/m/n/10 , \T
U/DejaVuSerif(0)/b/n/10 ocean\TU/DejaVuSerif(0)/m/n/10 ,
 []

) (./f6_neg/f6_neg_015.tex
Overfull \hbox (20.52473pt too wide) in paragraph at lines 1--3
[]  \TU/DejaVuSerif(0)/m/n/10 cruise_ship, \TU/DejaVuSerif(0)/b/n/10 wa-ter-craf
t\TU/DejaVuSerif(0)/m/n/10 , \TU/DejaVuSerif(0)/b/n/10 ship\TU/DejaVuSerif(0)/m
/n/10 , pas-sen-ger_ship, \TU/DejaVuSerif(0)/b/n/10 boat\TU/DejaVuSerif(0)/m/n/
10 , \TU/DejaVuSerif(0)/b/n/10 naval_ar-chi-tec-ture\TU/DejaVuSerif(0)/m/n/10 , \TU/DejaVuSerif(0)/b/n/10 cruise-
 []

) (./f6_neg/f6_neg_016.tex) (./f6_neg/f6_neg_017.tex [69])
(./f6_neg/f6_neg_018.tex
Overfull \hbox (20.52473pt too wide) in paragraph at lines 1--3
[]  \TU/DejaVuSerif(0)/b/n/10 boat\TU/DejaVuSerif(0)/m/n/10 , \TU/DejaVuSerif(0
)/b/n/10 wa-ter-craft\TU/DejaVuSerif(0)/m/n/10 , cruise_ship, \TU/DejaVuSerif(0
)/b/n/10 ship\TU/DejaVuSerif(0)/m/n/10 , pas-sen-ger_ship, \TU/DejaVuSerif(0)/b
/n/10 naval_ar-chi-tec-ture\TU/DejaVuSerif(0)/m/n/10 , \TU/DejaVuSerif(0)/b/n/1
0 cruise-
 []


Overfull \hbox (2.14095pt too wide) in paragraph at lines 1--3
\TU/DejaVuSerif(0)/b/n/10 ferry\TU/DejaVuSerif(0)/m/n/10 , \TU/DejaVuSerif(0)/b
/n/10 sea\TU/DejaVuSerif(0)/m/n/10 , \TU/DejaVuSerif(0)/b/n/10 ocean\TU/DejaVuS
erif(0)/m/n/10 , travel, \TU/DejaVuSerif(0)/b/n/10 ocean_liner\TU/DejaVuSerif(0
)/m/n/10 , \TU/DejaVuSerif(0)/b/n/10 wa-ter_trans-porta-tion\TU/DejaVuSerif(0)/
m/n/10 , \TU/DejaVuSerif(0)/b/n/10 ms_is-land_es-
 []

) (./f6_neg/f6_neg_019.tex
Overfull \hbox (20.52473pt too wide) in paragraph at lines 1--3
[]  \TU/DejaVuSerif(0)/b/n/10 wa-ter-craft\TU/DejaVuSerif(0)/m/n/10 , cruise_shi
p, \TU/DejaVuSerif(0)/b/n/10 ship\TU/DejaVuSerif(0)/m/n/10 , \TU/DejaVuSerif(0)
/b/n/10 naval_ar-chi-tec-ture\TU/DejaVuSerif(0)/m/n/10 , \TU/DejaVuSerif(0)/b/n
/10 boat\TU/DejaVuSerif(0)/m/n/10 , pas-sen-ger_ship, \TU/DejaVuSerif(0)/b/n/10
 cruise-
 []

) (./f6_neg/f6_neg_020.tex
Overfull \hbox (20.52473pt too wide) in paragraph at lines 1--3
[]  \TU/DejaVuSerif(0)/b/n/10 wa-ter-craft\TU/DejaVuSerif(0)/m/n/10 , \TU/DejaV
uSerif(0)/b/n/10 boat\TU/DejaVuSerif(0)/m/n/10 , cruise_ship, \TU/DejaVuSerif(0
)/b/n/10 ship\TU/DejaVuSerif(0)/m/n/10 , pas-sen-ger_ship, \TU/DejaVuSerif(0)/b
/n/10 naval_ar-chi-tec-ture\TU/DejaVuSerif(0)/m/n/10 , \TU/DejaVuSerif(0)/b/n/1
0 cruise-
 []

) (./f6_neg/f6_neg_021.tex) (./f6_neg/f6_neg_022.tex
Overfull \hbox (44.90657pt too wide) in paragraph at lines 1--3
[]  \TU/DejaVuSerif(0)/b/n/10 cross\TU/DejaVuSerif(0)/m/n/10 , \TU/DejaVuSerif(
0)/b/n/10 grave\TU/DejaVuSerif(0)/m/n/10 , \TU/DejaVuSerif(0)/b/n/10 ceme-tery\
TU/DejaVuSerif(0)/m/n/10 , \TU/DejaVuSerif(0)/b/n/10 sym-bol\TU/DejaVuSerif(0)/
m/n/10 , \TU/DejaVuSerif(0)/b/n/10 memo-rial\TU/DejaVuSerif(0)/m/n/10 , head-sto
ne, re-li-gious_item, \TU/DejaVuSerif(0)/b/n/10 still_life_pho-
 []

) (./f6_neg/f6_neg_023.tex
Overfull \hbox (35.0218pt too wide) in paragraph at lines 1--3
[]  \TU/DejaVuSerif(0)/b/n/10 naval_ar-chi-tec-ture\TU/DejaVuSerif(0)/m/n/10 , 
\TU/DejaVuSerif(0)/b/n/10 ship\TU/DejaVuSerif(0)/m/n/10 , \TU/DejaVuSerif(0)/b/
n/10 wa-ter-craft\TU/DejaVuSerif(0)/m/n/10 , \TU/DejaVuSerif(0)/b/n/10 freight_t
rans-port\TU/DejaVuSerif(0)/m/n/10 , \TU/DejaVuSerif(0)/b/n/10 boat\TU/DejaVuSe
rif(0)/m/n/10 , cargo, \TU/DejaVuSerif(0)/b/n/10 cargo_ship\TU/DejaVuSerif(0)/m
/n/10 ,
 []

) (./f6_neg/f6_neg_024.tex) (./f6_neg/f6_neg_025.tex
Overfull \hbox (20.52473pt too wide) in paragraph at lines 1--3
[]  \TU/DejaVuSerif(0)/b/n/10 boat\TU/DejaVuSerif(0)/m/n/10 , \TU/DejaVuSerif(0
)/b/n/10 wa-ter-craft\TU/DejaVuSerif(0)/m/n/10 , cruise_ship, pas-sen-ger_ship, \TU/DejaVuSerif(0)/b/n/10 ship\TU/DejaVuSerif(0)/m/n/10 , \TU/DejaVuSerif(0)/b/n/10 naval_ar-chi-tec-ture\TU/DejaVuSerif(0)/m/n/10 , \TU/DejaVuSerif(0)/b/n/10 cruise-
 []

) (./f6_neg/f6_neg_026.tex [70]) (./f6_neg/f6_neg_027.tex)
(./f6_neg/f6_neg_028.tex
Overfull \hbox (11.59407pt too wide) in paragraph at lines 1--3
[]  \TU/DejaVuSerif(0)/m/n/10 pho-to-graph, monochrome_pho-tog-ra-phy, \TU/Deja
VuSerif(0)/b/n/10 cross\TU/DejaVuSerif(0)/m/n/10 , white, re-li-gious_item, blac
k, \TU/DejaVuSerif(0)/b/n/10 sym-
 []


Overfull \hbox (41.22981pt too wide) in paragraph at lines 1--3
\TU/DejaVuSerif(0)/b/n/10 bol\TU/DejaVuSerif(0)/m/n/10 , monochrome, black_and_w
hite, grey, \TU/DejaVuSerif(0)/b/n/10 memo-rial\TU/DejaVuSerif(0)/m/n/10 , \TU/
DejaVuSerif(0)/b/n/10 ceme-tery\TU/DejaVuSerif(0)/m/n/10 , \TU/DejaVuSerif(0)/b
/n/10 grave\TU/DejaVuSerif(0)/m/n/10 , \TU/DejaVuSerif(0)/b/n/10 still_life_pho-

 []

) (./f6_neg/f6_neg_029.tex) (./f6_neg/f6_neg_030.tex
Overfull \hbox (7.4681pt too wide) in paragraph at lines 1--3
\TU/DejaVuSerif(0)/m/n/10 sun-rise, \TU/DejaVuSerif(0)/b/n/10 dusk\TU/DejaVuSer
if(0)/m/n/10 , \TU/DejaVuSerif(0)/b/n/10 me-te-o-ro-log-i-cal_phe-nomenon\TU/De
jaVuSerif(0)/m/n/10 , \TU/DejaVuSerif(0)/b/n/10 sun-set\TU/DejaVuSerif(0)/m/n/1
0 , dawn, steppe, wind_tur-
 []

) (./f6_neg/f6_neg_031.tex
Overfull \hbox (2.74348pt too wide) in paragraph at lines 1--3
[]  \TU/DejaVuSerif(0)/b/n/10 earth\TU/DejaVuSerif(0)/m/n/10 , \TU/DejaVuSerif(
0)/b/n/10 as-tro-nom-i-cal_ob-ject\TU/DejaVuSerif(0)/m/n/10 , sphere, map, plane
t, \TU/DejaVuSerif(0)/b/n/10 globe\TU/DejaVuSerif(0)/m/n/10 , graphic_de-sign, 
\TU/DejaVuSerif(0)/b/n/10 uni-
 []

) (./f6_neg/f6_neg_032.tex) (./f6_neg/f6_neg_033.tex
Overfull \hbox (2.02571pt too wide) in paragraph at lines 1--3
\TU/DejaVuSerif(0)/b/n/10 fast_food\TU/DejaVuSerif(0)/m/n/10 , \TU/DejaVuSerif(
0)/b/n/10 meat\TU/DejaVuSerif(0)/m/n/10 , com-fort_food, break-fast, food_crav-i
ng, gluten, dessert, bread,
 []

) (./f6_neg/f6_neg_034.tex
Overfull \hbox (12.17513pt too wide) in paragraph at lines 1--3
[]  \TU/DejaVuSerif(0)/m/n/10 outer_space, \TU/DejaVuSerif(0)/b/n/10 earth\TU/D
ejaVuSerif(0)/m/n/10 , \TU/DejaVuSerif(0)/b/n/10 as-tro-nom-i-cal_ob-ject\TU/De
jaVuSerif(0)/m/n/10 , planet, \TU/DejaVuSerif(0)/b/n/10 as-tron-omy\TU/DejaVuSe
rif(0)/m/n/10 , \TU/DejaVuSerif(0)/b/n/10 uni-verse\TU/DejaVuSerif(0)/m/n/10 , 
\TU/DejaVuSerif(0)/b/n/10 globe\TU/DejaVuSerif(0)/m/n/10 ,
 []

) (./f6_neg/f6_neg_035.tex [71]) (./f6_neg/f6_neg_036.tex)
(./f6_neg/f6_neg_037.tex) (./f6_neg/f6_neg_038.tex
Overfull \hbox (15.58919pt too wide) in paragraph at lines 1--3
\TU/DejaVuSerif(0)/m/n/10 ing, grasses, meadow, ground-cover, work-ing_an-i-mal,
 dairy, calf, fur, \TU/DejaVuSerif(0)/b/n/10 farm\TU/DejaVuSerif(0)/m/n/10 , wil
dlife,
 []

) (./f6_neg/f6_neg_039.tex) (./f6_neg/f6_neg_040.tex
Overfull \hbox (20.59016pt too wide) in paragraph at lines 1--3
[]  \TU/DejaVuSerif(0)/m/n/10 food, \TU/DejaVuSerif(0)/b/n/10 in-gre-di-ent\TU/
DejaVuSerif(0)/m/n/10 , junk_food, \TU/DejaVuSerif(0)/b/n/10 fin-ger_food\TU/De
jaVuSerif(0)/m/n/10 , \TU/DejaVuSerif(0)/b/n/10 food_group\TU/DejaVuSerif(0)/m/
n/10 , \TU/DejaVuSerif(0)/b/n/10 fast_food\TU/DejaVuSerif(0)/m/n/10 , recipe, cl
ip_art,
 []

) (./f7_pos/f7_pos_001.tex) (./f7_pos/f7_pos_002.tex
Overfull \hbox (11.42805pt too wide) in paragraph at lines 1--3
\TU/DejaVuSerif(0)/m/n/10 ogy, \TU/DejaVuSerif(0)/b/n/10 podium\TU/DejaVuSerif(
0)/m/n/10 , \TU/DejaVuSerif(0)/b/n/10 dress_shirt\TU/DejaVuSerif(0)/m/n/10 , \T
U/DejaVuSerif(0)/b/n/10 pub-lic_ad-dress_sys-tem\TU/DejaVuSerif(0)/m/n/10 , \TU
/DejaVuSerif(0)/b/n/10 lectern\TU/DejaVuSerif(0)/m/n/10 , \TU/DejaVuSerif(0)/b/
n/10 job\TU/DejaVuSerif(0)/m/n/10 , \TU/DejaVuSerif(0)/b/n/10 busi-nessper-
 []


Overfull \hbox (0.88606pt too wide) in paragraph at lines 1--3
\TU/DejaVuSerif(0)/b/n/10 son\TU/DejaVuSerif(0)/m/n/10 , \TU/DejaVuSerif(0)/b/n
/10 of-fi-cial\TU/DejaVuSerif(0)/m/n/10 , \TU/DejaVuSerif(0)/b/n/10 man-age-ment
\TU/DejaVuSerif(0)/m/n/10 , \TU/DejaVuSerif(0)/b/n/10 or-ga-ni-za-tion\TU/DejaV
uSerif(0)/m/n/10 , \TU/DejaVuSerif(0)/b/n/10 speaker\TU/DejaVuSerif(0)/m/n/10 , \TU/DejaVuSerif(0)/b/n/10 con-ven-tion\TU/DejaVuSerif(0)/m/n/10 , \TU/DejaVuSerif(0)/b/n/10 news_con-
 []

[72]) (./f7_pos/f7_pos_003.tex
Overfull \hbox (22.76888pt too wide) in paragraph at lines 1--3
\TU/DejaVuSerif(0)/b/n/10 mi-cro-phone_stand\TU/DejaVuSerif(0)/m/n/10 , \TU/Dej
aVuSerif(0)/b/n/10 lectern\TU/DejaVuSerif(0)/m/n/10 , \TU/DejaVuSerif(0)/b/n/10
 stand-ing\TU/DejaVuSerif(0)/m/n/10 , \TU/DejaVuSerif(0)/b/n/10 col-lar\TU/Deja
VuSerif(0)/m/n/10 , \TU/DejaVuSerif(0)/b/n/10 pub-lic_ad-dress_sys-tem\TU/DejaV
uSerif(0)/m/n/10 , \TU/DejaVuSerif(0)/b/n/10 speech\TU/DejaVuSerif(0)/m/n/10 ,
 []


Overfull \hbox (26.36458pt too wide) in paragraph at lines 1--3
\TU/DejaVuSerif(0)/b/n/10 coat\TU/DejaVuSerif(0)/m/n/10 , \TU/DejaVuSerif(0)/b/
n/10 dress_shirt\TU/DejaVuSerif(0)/m/n/10 , \TU/DejaVuSerif(0)/b/n/10 neck-tie\
TU/DejaVuSerif(0)/m/n/10 , \TU/DejaVuSerif(0)/b/n/10 white-collar_worker\TU/Dej
aVuSerif(0)/m/n/10 , \TU/DejaVuSerif(0)/b/n/10 fur-ni-ture\TU/DejaVuSerif(0)/m/
n/10 , tech-nol-ogy, \TU/DejaVuSerif(0)/b/n/10 speaker\TU/DejaVuSerif(0)/m/n/10
 ,
 []

) (./f7_pos/f7_pos_004.tex
Overfull \hbox (0.14876pt too wide) in paragraph at lines 1--3
\TU/DejaVuSerif(0)/b/n/10 tie\TU/DejaVuSerif(0)/m/n/10 , \TU/DejaVuSerif(0)/b/n
/10 out-er-wear\TU/DejaVuSerif(0)/m/n/10 , \TU/DejaVuSerif(0)/b/n/10 fur-ni-ture
\TU/DejaVuSerif(0)/m/n/10 , \TU/DejaVuSerif(0)/b/n/10 for-mal_wear\TU/DejaVuSer
if(0)/m/n/10 , \TU/DejaVuSerif(0)/b/n/10 blazer\TU/DejaVuSerif(0)/m/n/10 , \TU/
DejaVuSerif(0)/b/n/10 coat\TU/DejaVuSerif(0)/m/n/10 , \TU/DejaVuSerif(0)/b/n/10
 white-collar_worker\TU/DejaVuSerif(0)/m/n/10 ,
 []

) (./f7_pos/f7_pos_005.tex
Overfull \hbox (16.94954pt too wide) in paragraph at lines 1--3
[]  \TU/DejaVuSerif(0)/b/n/10 eye-wear\TU/DejaVuSerif(0)/m/n/10 , \TU/DejaVuSer
if(0)/b/n/10 chin\TU/DejaVuSerif(0)/m/n/10 , \TU/DejaVuSerif(0)/b/n/10 glasses\
TU/DejaVuSerif(0)/m/n/10 , \TU/DejaVuSerif(0)/b/n/10 head\TU/DejaVuSerif(0)/m/n
/10 , \TU/DejaVuSerif(0)/b/n/10 vi-sion_care\TU/DejaVuSerif(0)/m/n/10 , \TU/Dej
aVuSerif(0)/b/n/10 fore-head\TU/DejaVuSerif(0)/m/n/10 , \TU/DejaVuSerif(0)/b/n/
10 face\TU/DejaVuSerif(0)/m/n/10 , \TU/DejaVuSerif(0)/b/n/10 nose\TU/DejaVuSeri
f(0)/m/n/10 , \TU/DejaVuSerif(0)/b/n/10 for-mal_wear\TU/DejaVuSerif(0)/m/n/10 ,
 []


Overfull \hbox (4.75325pt too wide) in paragraph at lines 1--3
\TU/DejaVuSerif(0)/b/n/10 speaker\TU/DejaVuSerif(0)/m/n/10 , \TU/DejaVuSerif(0)
/b/n/10 podium\TU/DejaVuSerif(0)/m/n/10 , \TU/DejaVuSerif(0)/b/n/10 man-age-ment
\TU/DejaVuSerif(0)/m/n/10 , \TU/DejaVuSerif(0)/b/n/10 lectern\TU/DejaVuSerif(0)
/m/n/10 , \TU/DejaVuSerif(0)/b/n/10 wrin-kle\TU/DejaVuSerif(0)/m/n/10 , \TU/Dej
aVuSerif(0)/b/n/10 or-ga-ni-za-tion\TU/DejaVuSerif(0)/m/n/10 , \TU/DejaVuSerif(
0)/b/n/10 news_con-
 []

) (./f7_pos/f7_pos_006.tex
Overfull \hbox (20.41048pt too wide) in paragraph at lines 1--3
\TU/DejaVuSerif(0)/b/n/10 mi-cro-phone\TU/DejaVuSerif(0)/m/n/10 , \TU/DejaVuSer
if(0)/b/n/10 spokesper-son\TU/DejaVuSerif(0)/m/n/10 , \TU/DejaVuSerif(0)/b/n/10
 out-er-wear\TU/DejaVuSerif(0)/m/n/10 , \TU/DejaVuSerif(0)/b/n/10 suit\TU/DejaV
uSerif(0)/m/n/10 , \TU/DejaVuSerif(0)/b/n/10 elec-tronic_de-vice\TU/DejaVuSerif
(0)/m/n/10 , \TU/DejaVuSerif(0)/b/n/10 for-mal_wear\TU/DejaVuSerif(0)/m/n/10 ,
 []


Overfull \hbox (11.9388pt too wide) in paragraph at lines 1--3
\TU/DejaVuSerif(0)/b/n/10 coat\TU/DejaVuSerif(0)/m/n/10 , \TU/DejaVuSerif(0)/b/
n/10 blazer\TU/DejaVuSerif(0)/m/n/10 , \TU/DejaVuSerif(0)/b/n/10 neck-tie\TU/De
jaVuSerif(0)/m/n/10 , \TU/DejaVuSerif(0)/b/n/10 white-collar_worker\TU/DejaVuSe
rif(0)/m/n/10 , \TU/DejaVuSerif(0)/b/n/10 dress_shirt\TU/DejaVuSerif(0)/m/n/10 
, \TU/DejaVuSerif(0)/b/n/10 pub-lic_ad-dress_sys-
 []


Overfull \hbox (14.78157pt too wide) in paragraph at lines 1--3
\TU/DejaVuSerif(0)/b/n/10 tem\TU/DejaVuSerif(0)/m/n/10 , \TU/DejaVuSerif(0)/b/n
/10 speech\TU/DejaVuSerif(0)/m/n/10 , logo, \TU/DejaVuSerif(0)/b/n/10 of-fi-cial
\TU/DejaVuSerif(0)/m/n/10 , \TU/DejaVuSerif(0)/b/n/10 job\TU/DejaVuSerif(0)/m/n
/10 , \TU/DejaVuSerif(0)/b/n/10 busi-nessper-son\TU/DejaVuSerif(0)/m/n/10 , \TU
/DejaVuSerif(0)/b/n/10 speaker\TU/DejaVuSerif(0)/m/n/10 , \TU/DejaVuSerif(0)/b/
n/10 podium\TU/DejaVuSerif(0)/m/n/10 , \TU/DejaVuSerif(0)/b/n/10 news_con-
 []

) (./f7_pos/f7_pos_007.tex
Overfull \hbox (15.77376pt too wide) in paragraph at lines 1--3
[]  \TU/DejaVuSerif(0)/b/n/10 cloth-ing\TU/DejaVuSerif(0)/m/n/10 , \TU/DejaVuSe
rif(0)/b/n/10 eye-wear\TU/DejaVuSerif(0)/m/n/10 , \TU/DejaVuSerif(0)/b/n/10 au-d
io_equip-ment\TU/DejaVuSerif(0)/m/n/10 , \TU/DejaVuSerif(0)/b/n/10 elec-tronic_d
e-vice\TU/DejaVuSerif(0)/m/n/10 , \TU/DejaVuSerif(0)/b/n/10 chin\TU/DejaVuSerif
(0)/m/n/10 , \TU/DejaVuSerif(0)/b/n/10 glasses\TU/DejaVuSerif(0)/m/n/10 , \TU/D
ejaVuSerif(0)/b/n/10 head\TU/DejaVuSerif(0)/m/n/10 ,
 []


Overfull \hbox (8.31868pt too wide) in paragraph at lines 1--3
\TU/DejaVuSerif(0)/b/n/10 dress_sys-tem\TU/DejaVuSerif(0)/m/n/10 , \TU/DejaVuSe
rif(0)/b/n/10 white-collar_worker\TU/DejaVuSerif(0)/m/n/10 , tech-nol-ogy, \TU/
DejaVuSerif(0)/b/n/10 speech\TU/DejaVuSerif(0)/m/n/10 , \TU/DejaVuSerif(0)/b/n/
10 mi-cro-phone_stand\TU/DejaVuSerif(0)/m/n/10 ,
 []

) (./f7_pos/f7_pos_008.tex
Overfull \hbox (1.84114pt too wide) in paragraph at lines 1--3
\TU/DejaVuSerif(0)/b/n/10 news_con-fer-ence\TU/DejaVuSerif(0)/m/n/10 , \TU/Deja
VuSerif(0)/b/n/10 wrin-kle\TU/DejaVuSerif(0)/m/n/10 , \TU/DejaVuSerif(0)/b/n/10
 man-age-ment\TU/DejaVuSerif(0)/m/n/10 , \TU/DejaVuSerif(0)/b/n/10 or-ga-ni-za-t
ion\TU/DejaVuSerif(0)/m/n/10 , \TU/DejaVuSerif(0)/b/n/10 gov-ern-ment\TU/DejaVu
Serif(0)/m/n/10 , \TU/DejaVuSerif(0)/b/n/10 gov-
 []

[73]) (./f7_pos/f7_pos_009.tex
Overfull \hbox (22.12923pt too wide) in paragraph at lines 1--3
[]  \TU/DejaVuSerif(0)/b/n/10 eye-wear\TU/DejaVuSerif(0)/m/n/10 , \TU/DejaVuSer
if(0)/b/n/10 glasses\TU/DejaVuSerif(0)/m/n/10 , \TU/DejaVuSerif(0)/b/n/10 vi-sio
n_care\TU/DejaVuSerif(0)/m/n/10 , \TU/DejaVuSerif(0)/b/n/10 au-dio_equip-ment\T
U/DejaVuSerif(0)/m/n/10 , \TU/DejaVuSerif(0)/b/n/10 for-mal_wear\TU/DejaVuSerif
(0)/m/n/10 , \TU/DejaVuSerif(0)/b/n/10 elec-tronic_de-
 []

) (./f7_pos/f7_pos_010.tex
Overfull \hbox (7.4681pt too wide) in paragraph at lines 1--3
\TU/DejaVuSerif(0)/b/n/10 tronic_de-vice\TU/DejaVuSerif(0)/m/n/10 , \TU/DejaVuS
erif(0)/b/n/10 neck-tie\TU/DejaVuSerif(0)/m/n/10 , \TU/DejaVuSerif(0)/b/n/10 bla
zer\TU/DejaVuSerif(0)/m/n/10 , \TU/DejaVuSerif(0)/b/n/10 coat\TU/DejaVuSerif(0)
/m/n/10 , \TU/DejaVuSerif(0)/b/n/10 white-collar_worker\TU/DejaVuSerif(0)/m/n/1
0 , \TU/DejaVuSerif(0)/b/n/10 dress_shirt\TU/DejaVuSerif(0)/m/n/10 , \TU/DejaVu
Serif(0)/b/n/10 pub-
 []

) (./f7_pos/f7_pos_011.tex) (./f7_pos/f7_pos_012.tex
Overfull \hbox (8.43782pt too wide) in paragraph at lines 1--3
[]  \TU/DejaVuSerif(0)/b/n/10 cloth-ing\TU/DejaVuSerif(0)/m/n/10 , \TU/DejaVuSe
rif(0)/b/n/10 glasses\TU/DejaVuSerif(0)/m/n/10 , \TU/DejaVuSerif(0)/b/n/10 eye-w
ear\TU/DejaVuSerif(0)/m/n/10 , \TU/DejaVuSerif(0)/b/n/10 au-dio_equip-ment\TU/D
ejaVuSerif(0)/m/n/10 , \TU/DejaVuSerif(0)/b/n/10 elec-tronic_de-vice\TU/DejaVuS
erif(0)/m/n/10 , \TU/DejaVuSerif(0)/b/n/10 fore-head\TU/DejaVuSerif(0)/m/n/10 ,
 []


Overfull \hbox (9.74348pt too wide) in paragraph at lines 1--3
\TU/DejaVuSerif(0)/b/n/10 neck-tie\TU/DejaVuSerif(0)/m/n/10 , \TU/DejaVuSerif(0
)/b/n/10 coat\TU/DejaVuSerif(0)/m/n/10 , \TU/DejaVuSerif(0)/b/n/10 spokesper-son
\TU/DejaVuSerif(0)/m/n/10 , \TU/DejaVuSerif(0)/b/n/10 blazer\TU/DejaVuSerif(0)/
m/n/10 , \TU/DejaVuSerif(0)/b/n/10 white-collar_worker\TU/DejaVuSerif(0)/m/n/10
 , \TU/DejaVuSerif(0)/b/n/10 dress_shirt\TU/DejaVuSerif(0)/m/n/10 , \TU/DejaVuS
erif(0)/b/n/10 pub-
 []


Overfull \hbox (5.71516pt too wide) in paragraph at lines 1--3
\TU/DejaVuSerif(0)/b/n/10 lic_ad-dress_sys-tem\TU/DejaVuSerif(0)/m/n/10 , tech-n
ol-ogy, \TU/DejaVuSerif(0)/b/n/10 job\TU/DejaVuSerif(0)/m/n/10 , \TU/DejaVuSeri
f(0)/b/n/10 of-fi-cial\TU/DejaVuSerif(0)/m/n/10 , \TU/DejaVuSerif(0)/b/n/10 spee
ch\TU/DejaVuSerif(0)/m/n/10 , \TU/DejaVuSerif(0)/b/n/10 busi-nessper-son\TU/Dej
aVuSerif(0)/m/n/10 , \TU/DejaVuSerif(0)/b/n/10 man-
 []

) (./f7_pos/f7_pos_013.tex
Overfull \hbox (16.72981pt too wide) in paragraph at lines 1--3
[]  \TU/DejaVuSerif(0)/b/n/10 eye-wear\TU/DejaVuSerif(0)/m/n/10 , \TU/DejaVuSer
if(0)/b/n/10 chin\TU/DejaVuSerif(0)/m/n/10 , \TU/DejaVuSerif(0)/b/n/10 glasses\
TU/DejaVuSerif(0)/m/n/10 , \TU/DejaVuSerif(0)/b/n/10 head\TU/DejaVuSerif(0)/m/n
/10 , \TU/DejaVuSerif(0)/b/n/10 vi-sion_care\TU/DejaVuSerif(0)/m/n/10 , \TU/Dej
aVuSerif(0)/b/n/10 fore-head\TU/DejaVuSerif(0)/m/n/10 , \TU/DejaVuSerif(0)/b/n/
10 face\TU/DejaVuSerif(0)/m/n/10 , \TU/DejaVuSerif(0)/b/n/10 nose\TU/DejaVuSeri
f(0)/m/n/10 , \TU/DejaVuSerif(0)/b/n/10 au-dio_equip-
 []


Overfull \hbox (10.61263pt too wide) in paragraph at lines 1--3
\TU/DejaVuSerif(0)/b/n/10 ment\TU/DejaVuSerif(0)/m/n/10 , \TU/DejaVuSerif(0)/b/
n/10 neck-tie\TU/DejaVuSerif(0)/m/n/10 , \TU/DejaVuSerif(0)/b/n/10 suit\TU/Deja
VuSerif(0)/m/n/10 , \TU/DejaVuSerif(0)/b/n/10 for-mal_wear\TU/DejaVuSerif(0)/m/
n/10 , \TU/DejaVuSerif(0)/b/n/10 elec-tronic_de-vice\TU/DejaVuSerif(0)/m/n/10 , \TU/DejaVuSerif(0)/b/n/10 out-er-wear\TU/DejaVuSerif(0)/m/n/10 , \TU/DejaVuSerif(0)/b/n/10 spokesper-
 []


Overfull \hbox (10.60774pt too wide) in paragraph at lines 1--3
\TU/DejaVuSerif(0)/b/n/10 son\TU/DejaVuSerif(0)/m/n/10 , \TU/DejaVuSerif(0)/b/n
/10 mi-cro-phone\TU/DejaVuSerif(0)/m/n/10 , \TU/DejaVuSerif(0)/b/n/10 blazer\TU
/DejaVuSerif(0)/m/n/10 , \TU/DejaVuSerif(0)/b/n/10 coat\TU/DejaVuSerif(0)/m/n/1
0 , \TU/DejaVuSerif(0)/b/n/10 dress_shirt\TU/DejaVuSerif(0)/m/n/10 , \TU/DejaVu
Serif(0)/b/n/10 white-collar_worker\TU/DejaVuSerif(0)/m/n/10 , \TU/DejaVuSerif(
0)/b/n/10 pub-lic_ad-
 []


Overfull \hbox (7.0843pt too wide) in paragraph at lines 1--3
\TU/DejaVuSerif(0)/b/n/10 dress_sys-tem\TU/DejaVuSerif(0)/m/n/10 , \TU/DejaVuSe
rif(0)/b/n/10 of-fi-cial\TU/DejaVuSerif(0)/m/n/10 , \TU/DejaVuSerif(0)/b/n/10 sp
eech\TU/DejaVuSerif(0)/m/n/10 , \TU/DejaVuSerif(0)/b/n/10 busi-nessper-son\TU/D
ejaVuSerif(0)/m/n/10 , \TU/DejaVuSerif(0)/b/n/10 wrin-kle\TU/DejaVuSerif(0)/m/n
/10 , logo, \TU/DejaVuSerif(0)/b/n/10 job\TU/DejaVuSerif(0)/m/n/10 , \TU/DejaVu
Serif(0)/b/n/10 speaker\TU/DejaVuSerif(0)/m/n/10 ,
 []


Overfull \hbox (4.01692pt too wide) in paragraph at lines 1--3
\TU/DejaVuSerif(0)/b/n/10 man-age-ment\TU/DejaVuSerif(0)/m/n/10 , \TU/DejaVuSer
if(0)/b/n/10 gov-ern-ment_agency\TU/DejaVuSerif(0)/m/n/10 , \TU/DejaVuSerif(0)/
b/n/10 gov-ern-ment\TU/DejaVuSerif(0)/m/n/10 , \TU/DejaVuSerif(0)/b/n/10 or-ga-n
i-za-tion\TU/DejaVuSerif(0)/m/n/10 , \TU/DejaVuSerif(0)/b/n/10 news_con-
 []

[74]) (./f7_pos/f7_pos_014.tex
Overfull \hbox (35.23958pt too wide) in paragraph at lines 1--3
[]  \TU/DejaVuSerif(0)/b/n/10 head\TU/DejaVuSerif(0)/m/n/10 , \TU/DejaVuSerif(0
)/b/n/10 au-dio_equip-ment\TU/DejaVuSerif(0)/m/n/10 , \TU/DejaVuSerif(0)/b/n/10
 elec-tronic_de-vice\TU/DejaVuSerif(0)/m/n/10 , \TU/DejaVuSerif(0)/b/n/10 out-er
-wear\TU/DejaVuSerif(0)/m/n/10 , \TU/DejaVuSerif(0)/b/n/10 mi-cro-phone\TU/Deja
VuSerif(0)/m/n/10 , \TU/DejaVuSerif(0)/b/n/10 spokesper-
 []


Overfull \hbox (0.57063pt too wide) in paragraph at lines 1--3
\TU/DejaVuSerif(0)/b/n/10 white-collar_worker\TU/DejaVuSerif(0)/m/n/10 , \TU/De
jaVuSerif(0)/b/n/10 for-mal_wear\TU/DejaVuSerif(0)/m/n/10 , \TU/DejaVuSerif(0)/
b/n/10 blazer\TU/DejaVuSerif(0)/m/n/10 , \TU/DejaVuSerif(0)/b/n/10 job\TU/DejaV
uSerif(0)/m/n/10 , \TU/DejaVuSerif(0)/b/n/10 of-fi-cial\TU/DejaVuSerif(0)/m/n/1
0 , \TU/DejaVuSerif(0)/b/n/10 speaker\TU/DejaVuSerif(0)/m/n/10 , \TU/DejaVuSeri
f(0)/b/n/10 flag\TU/DejaVuSerif(0)/m/n/10 , \TU/DejaVuSerif(0)/b/n/10 con-
 []

) (./f7_pos/f7_pos_015.tex) (./f7_pos/f7_pos_016.tex
Overfull \hbox (13.07649pt too wide) in paragraph at lines 1--3
\TU/DejaVuSerif(0)/b/n/10 au-dio_equip-ment\TU/DejaVuSerif(0)/m/n/10 , \TU/Deja
VuSerif(0)/b/n/10 neck-tie\TU/DejaVuSerif(0)/m/n/10 , \TU/DejaVuSerif(0)/b/n/10
 out-er-wear\TU/DejaVuSerif(0)/m/n/10 , \TU/DejaVuSerif(0)/b/n/10 suit\TU/DejaV
uSerif(0)/m/n/10 , \TU/DejaVuSerif(0)/b/n/10 elec-tronic_de-vice\TU/DejaVuSerif
(0)/m/n/10 , \TU/DejaVuSerif(0)/b/n/10 mi-cro-phone\TU/DejaVuSerif(0)/m/n/10 ,
 []


Overfull \hbox (9.39485pt too wide) in paragraph at lines 1--3
\TU/DejaVuSerif(0)/b/n/10 for-mal_wear\TU/DejaVuSerif(0)/m/n/10 , \TU/DejaVuSer
if(0)/b/n/10 spokesper-son\TU/DejaVuSerif(0)/m/n/10 , \TU/DejaVuSerif(0)/b/n/10
 blazer\TU/DejaVuSerif(0)/m/n/10 , \TU/DejaVuSerif(0)/b/n/10 coat\TU/DejaVuSeri
f(0)/m/n/10 , \TU/DejaVuSerif(0)/b/n/10 white-collar_worker\TU/DejaVuSerif(0)/m
/n/10 , \TU/DejaVuSerif(0)/b/n/10 dress_shirt\TU/DejaVuSerif(0)/m/n/10 ,
 []


Overfull \hbox (6.31575pt too wide) in paragraph at lines 1--3
\TU/DejaVuSerif(0)/b/n/10 speaker\TU/DejaVuSerif(0)/m/n/10 , \TU/DejaVuSerif(0)
/b/n/10 man-age-ment\TU/DejaVuSerif(0)/m/n/10 , \TU/DejaVuSerif(0)/b/n/10 hear-i
ng\TU/DejaVuSerif(0)/m/n/10 , \TU/DejaVuSerif(0)/b/n/10 flag\TU/DejaVuSerif(0)/
m/n/10 , \TU/DejaVuSerif(0)/b/n/10 or-ga-ni-za-tion\TU/DejaVuSerif(0)/m/n/10 , 
\TU/DejaVuSerif(0)/b/n/10 news_con-fer-ence\TU/DejaVuSerif(0)/m/n/10 , \TU/Deja
VuSerif(0)/b/n/10 gov-
 []

) (./f7_pos/f7_pos_017.tex
Overfull \hbox (12.89778pt too wide) in paragraph at lines 1--3
\TU/DejaVuSerif(0)/b/n/10 fore-head\TU/DejaVuSerif(0)/m/n/10 , \TU/DejaVuSerif(
0)/b/n/10 spokesper-son\TU/DejaVuSerif(0)/m/n/10 , \TU/DejaVuSerif(0)/b/n/10 mi-
cro-phone\TU/DejaVuSerif(0)/m/n/10 , \TU/DejaVuSerif(0)/b/n/10 col-lar\TU/DejaV
uSerif(0)/m/n/10 , \TU/DejaVuSerif(0)/b/n/10 for-mal_wear\TU/DejaVuSerif(0)/m/n
/10 , \TU/DejaVuSerif(0)/b/n/10 neck-tie\TU/DejaVuSerif(0)/m/n/10 , \TU/DejaVuS
erif(0)/b/n/10 speech\TU/DejaVuSerif(0)/m/n/10 ,
 []


Overfull \hbox (3.91145pt too wide) in paragraph at lines 1--3
\TU/DejaVuSerif(0)/b/n/10 suit\TU/DejaVuSerif(0)/m/n/10 , \TU/DejaVuSerif(0)/b/
n/10 pub-lic_ad-dress_sys-tem\TU/DejaVuSerif(0)/m/n/10 , \TU/DejaVuSerif(0)/b/n
/10 blazer\TU/DejaVuSerif(0)/m/n/10 , \TU/DejaVuSerif(0)/b/n/10 dress_shirt\TU/
DejaVuSerif(0)/m/n/10 , \TU/DejaVuSerif(0)/b/n/10 white-collar_worker\TU/DejaVu
Serif(0)/m/n/10 , \TU/DejaVuSerif(0)/b/n/10 mi-
 []

) (./f7_pos/f7_pos_018.tex
Overfull \hbox (0.23665pt too wide) in paragraph at lines 1--3
[]  \TU/DejaVuSerif(0)/b/n/10 head\TU/DejaVuSerif(0)/m/n/10 , \TU/DejaVuSerif(0
)/b/n/10 fore-head\TU/DejaVuSerif(0)/m/n/10 , \TU/DejaVuSerif(0)/b/n/10 elec-tro
nic_de-vice\TU/DejaVuSerif(0)/m/n/10 , \TU/DejaVuSerif(0)/b/n/10 au-dio_equip-me
nt\TU/DejaVuSerif(0)/m/n/10 , \TU/DejaVuSerif(0)/b/n/10 face\TU/DejaVuSerif(0)/
m/n/10 , \TU/DejaVuSerif(0)/b/n/10 nose\TU/DejaVuSerif(0)/m/n/10 , \TU/DejaVuSe
rif(0)/b/n/10 podium\TU/DejaVuSerif(0)/m/n/10 ,
 []


Overfull \hbox (30.25423pt too wide) in paragraph at lines 1--3
\TU/DejaVuSerif(0)/b/n/10 spokesper-son\TU/DejaVuSerif(0)/m/n/10 , \TU/DejaVuSe
rif(0)/b/n/10 mi-cro-phone\TU/DejaVuSerif(0)/m/n/10 , \TU/DejaVuSerif(0)/b/n/10
 lectern\TU/DejaVuSerif(0)/m/n/10 , \TU/DejaVuSerif(0)/b/n/10 for-mal_wear\TU/D
ejaVuSerif(0)/m/n/10 , \TU/DejaVuSerif(0)/b/n/10 speech\TU/DejaVuSerif(0)/m/n/1
0 , \TU/DejaVuSerif(0)/b/n/10 pub-lic_ad-dress_sys-
 []

) (./f7_pos/f7_pos_019.tex
Overfull \hbox (25.04817pt too wide) in paragraph at lines 1--3
\TU/DejaVuSerif(0)/b/n/10 mi-cro-phone\TU/DejaVuSerif(0)/m/n/10 , \TU/DejaVuSer
if(0)/b/n/10 suit\TU/DejaVuSerif(0)/m/n/10 , \TU/DejaVuSerif(0)/b/n/10 neck-tie\TU/DejaVuSerif(0)/m/n/10 , \TU/DejaVuSerif(0)/b/n/10 eye\TU/DejaVuSerif(0)/m/n/10 , \TU/DejaVuSerif(0)/b/n/10 for-mal_wear\TU/DejaVuSerif(0)/m/n/10 , \TU/DejaVuSerif(0)/b/n/10 ear\TU/DejaVuSerif(0)/m/n/10 , \TU/DejaVuSerif(0)/b/n/10 blazer\TU/DejaVuSerif(0)/m/n/10 , \TU/DejaVuSerif(0)/b/n/10 white-collar_worker\TU/DejaVuSerif(0)/m/n/10 ,
 []

[75]) (./f7_pos/f7_pos_020.tex
Overfull \hbox (12.60286pt too wide) in paragraph at lines 1--3
\TU/DejaVuSerif(0)/b/n/10 suit\TU/DejaVuSerif(0)/m/n/10 , \TU/DejaVuSerif(0)/b/
n/10 out-er-wear\TU/DejaVuSerif(0)/m/n/10 , \TU/DejaVuSerif(0)/b/n/10 mi-cro-pho
ne\TU/DejaVuSerif(0)/m/n/10 , \TU/DejaVuSerif(0)/b/n/10 for-mal_wear\TU/DejaVuS
erif(0)/m/n/10 , \TU/DejaVuSerif(0)/b/n/10 elec-tronic_de-vice\TU/DejaVuSerif(0
)/m/n/10 , \TU/DejaVuSerif(0)/b/n/10 au-dio_equip-
 []

) (./f7_pos/f7_pos_021.tex
Overfull \hbox (0.91048pt too wide) in paragraph at lines 1--3
\TU/DejaVuSerif(0)/b/n/10 fore-head\TU/DejaVuSerif(0)/m/n/10 , \TU/DejaVuSerif(
0)/b/n/10 face\TU/DejaVuSerif(0)/m/n/10 , \TU/DejaVuSerif(0)/b/n/10 nose\TU/Dej
aVuSerif(0)/m/n/10 , \TU/DejaVuSerif(0)/b/n/10 for-mal_wear\TU/DejaVuSerif(0)/m
/n/10 , \TU/DejaVuSerif(0)/b/n/10 elec-tronic_de-vice\TU/DejaVuSerif(0)/m/n/10 
, \TU/DejaVuSerif(0)/b/n/10 spokesper-son\TU/DejaVuSerif(0)/m/n/10 , \TU/DejaVu
Serif(0)/b/n/10 suit\TU/DejaVuSerif(0)/m/n/10 ,
 []


Overfull \hbox (2.72005pt too wide) in paragraph at lines 1--3
\TU/DejaVuSerif(0)/b/n/10 collar_worker\TU/DejaVuSerif(0)/m/n/10 , \TU/DejaVuSe
rif(0)/b/n/10 pub-lic_ad-dress_sys-tem\TU/DejaVuSerif(0)/m/n/10 , \TU/DejaVuSer
if(0)/b/n/10 wrin-kle\TU/DejaVuSerif(0)/m/n/10 , \TU/DejaVuSerif(0)/b/n/10 of-fi
-cial\TU/DejaVuSerif(0)/m/n/10 , \TU/DejaVuSerif(0)/b/n/10 job\TU/DejaVuSerif(0
)/m/n/10 , \TU/DejaVuSerif(0)/b/n/10 busi-nessper-
 []

) (./f7_pos/f7_pos_022.tex
Overfull \hbox (1.62923pt too wide) in paragraph at lines 1--3
\TU/DejaVuSerif(0)/b/n/10 news_con-fer-ence\TU/DejaVuSerif(0)/m/n/10 , \TU/Deja
VuSerif(0)/b/n/10 or-ga-ni-za-tion\TU/DejaVuSerif(0)/m/n/10 , \TU/DejaVuSerif(0
)/b/n/10 podium\TU/DejaVuSerif(0)/m/n/10 , in-de-pen-dence_day, \TU/DejaVuSerif
(0)/b/n/10 man-age-ment\TU/DejaVuSerif(0)/m/n/10 ,
 []

) (./f7_pos/f7_pos_023.tex) (./f7_pos/f7_pos_024.tex) (./f7_pos/f7_pos_025.tex
[76]
Overfull \hbox (23.86751pt too wide) in paragraph at lines 1--3
\TU/DejaVuSerif(0)/b/n/10 cro-phone\TU/DejaVuSerif(0)/m/n/10 , \TU/DejaVuSerif(
0)/b/n/10 elec-tronic_de-vice\TU/DejaVuSerif(0)/m/n/10 , \TU/DejaVuSerif(0)/b/n
/10 au-dio_equip-ment\TU/DejaVuSerif(0)/m/n/10 , \TU/DejaVuSerif(0)/b/n/10 neck-
tie\TU/DejaVuSerif(0)/m/n/10 , \TU/DejaVuSerif(0)/b/n/10 for-mal_wear\TU/DejaVu
Serif(0)/m/n/10 , \TU/DejaVuSerif(0)/b/n/10 blazer\TU/DejaVuSerif(0)/m/n/10 ,
 []


Overfull \hbox (2.43977pt too wide) in paragraph at lines 1--3
\TU/DejaVuSerif(0)/b/n/10 white-collar_worker\TU/DejaVuSerif(0)/m/n/10 , \TU/De
jaVuSerif(0)/b/n/10 coat\TU/DejaVuSerif(0)/m/n/10 , \TU/DejaVuSerif(0)/b/n/10 fu
r-ni-ture\TU/DejaVuSerif(0)/m/n/10 , \TU/DejaVuSerif(0)/b/n/10 dress_shirt\TU/D
ejaVuSerif(0)/m/n/10 , \TU/DejaVuSerif(0)/b/n/10 pub-lic_ad-dress_sys-tem\TU/De
jaVuSerif(0)/m/n/10 ,
 []

) (./f7_pos/f7_pos_026.tex
Overfull \hbox (6.47981pt too wide) in paragraph at lines 1--3
\TU/DejaVuSerif(0)/b/n/10 suit\TU/DejaVuSerif(0)/m/n/10 , \TU/DejaVuSerif(0)/b/
n/10 au-dio_equip-ment\TU/DejaVuSerif(0)/m/n/10 , \TU/DejaVuSerif(0)/b/n/10 for-
mal_wear\TU/DejaVuSerif(0)/m/n/10 , \TU/DejaVuSerif(0)/b/n/10 blazer\TU/DejaVuS
erif(0)/m/n/10 , \TU/DejaVuSerif(0)/b/n/10 spokesper-son\TU/DejaVuSerif(0)/m/n/
10 , \TU/DejaVuSerif(0)/b/n/10 elec-tronic_de-
 []


Overfull \hbox (24.96126pt too wide) in paragraph at lines 1--3
\TU/DejaVuSerif(0)/b/n/10 vice\TU/DejaVuSerif(0)/m/n/10 , \TU/DejaVuSerif(0)/b/
n/10 mi-cro-phone\TU/DejaVuSerif(0)/m/n/10 , \TU/DejaVuSerif(0)/b/n/10 dress_shi
rt\TU/DejaVuSerif(0)/m/n/10 , \TU/DejaVuSerif(0)/b/n/10 white-collar_worker\TU/
DejaVuSerif(0)/m/n/10 , \TU/DejaVuSerif(0)/b/n/10 coat\TU/DejaVuSerif(0)/m/n/10
 , \TU/DejaVuSerif(0)/b/n/10 pub-lic_ad-dress_sys-
 []

) (./f7_pos/f7_pos_027.tex
Overfull \hbox (9.39485pt too wide) in paragraph at lines 1--3
\TU/DejaVuSerif(0)/b/n/10 for-mal_wear\TU/DejaVuSerif(0)/m/n/10 , \TU/DejaVuSer
if(0)/b/n/10 spokesper-son\TU/DejaVuSerif(0)/m/n/10 , \TU/DejaVuSerif(0)/b/n/10
 blazer\TU/DejaVuSerif(0)/m/n/10 , \TU/DejaVuSerif(0)/b/n/10 coat\TU/DejaVuSeri
f(0)/m/n/10 , \TU/DejaVuSerif(0)/b/n/10 white-collar_worker\TU/DejaVuSerif(0)/m
/n/10 , \TU/DejaVuSerif(0)/b/n/10 dress_shirt\TU/DejaVuSerif(0)/m/n/10 ,
 []

) (./f7_pos/f7_pos_028.tex
Overfull \hbox (15.61946pt too wide) in paragraph at lines 1--3
[]  \TU/DejaVuSerif(0)/b/n/10 eye-wear\TU/DejaVuSerif(0)/m/n/10 , \TU/DejaVuSer
if(0)/b/n/10 cloth-ing\TU/DejaVuSerif(0)/m/n/10 , \TU/DejaVuSerif(0)/b/n/10 chin
\TU/DejaVuSerif(0)/m/n/10 , \TU/DejaVuSerif(0)/b/n/10 glasses\TU/DejaVuSerif(0)
/m/n/10 , \TU/DejaVuSerif(0)/b/n/10 head\TU/DejaVuSerif(0)/m/n/10 , \TU/DejaVuS
erif(0)/b/n/10 vi-sion_care\TU/DejaVuSerif(0)/m/n/10 , \TU/DejaVuSerif(0)/b/n/1
0 fore-head\TU/DejaVuSerif(0)/m/n/10 , \TU/DejaVuSerif(0)/b/n/10 elec-tronic_de-

 []


Overfull \hbox (9.39485pt too wide) in paragraph at lines 1--3
\TU/DejaVuSerif(0)/b/n/10 for-mal_wear\TU/DejaVuSerif(0)/m/n/10 , \TU/DejaVuSer
if(0)/b/n/10 spokesper-son\TU/DejaVuSerif(0)/m/n/10 , \TU/DejaVuSerif(0)/b/n/10
 blazer\TU/DejaVuSerif(0)/m/n/10 , \TU/DejaVuSerif(0)/b/n/10 white-collar_worker
\TU/DejaVuSerif(0)/m/n/10 , \TU/DejaVuSerif(0)/b/n/10 coat\TU/DejaVuSerif(0)/m/
n/10 , \TU/DejaVuSerif(0)/b/n/10 dress_shirt\TU/DejaVuSerif(0)/m/n/10 ,
 []

) (./f7_pos/f7_pos_029.tex
Overfull \hbox (16.72981pt too wide) in paragraph at lines 1--3
[]  \TU/DejaVuSerif(0)/b/n/10 eye-wear\TU/DejaVuSerif(0)/m/n/10 , \TU/DejaVuSer
if(0)/b/n/10 chin\TU/DejaVuSerif(0)/m/n/10 , \TU/DejaVuSerif(0)/b/n/10 glasses\
TU/DejaVuSerif(0)/m/n/10 , \TU/DejaVuSerif(0)/b/n/10 head\TU/DejaVuSerif(0)/m/n
/10 , \TU/DejaVuSerif(0)/b/n/10 vi-sion_care\TU/DejaVuSerif(0)/m/n/10 , \TU/Dej
aVuSerif(0)/b/n/10 fore-head\TU/DejaVuSerif(0)/m/n/10 , \TU/DejaVuSerif(0)/b/n/
10 face\TU/DejaVuSerif(0)/m/n/10 , \TU/DejaVuSerif(0)/b/n/10 nose\TU/DejaVuSeri
f(0)/m/n/10 , \TU/DejaVuSerif(0)/b/n/10 au-dio_equip-
 []

) (./f7_pos/f7_pos_030.tex
Overfull \hbox (1.02278pt too wide) in paragraph at lines 1--3
\TU/DejaVuSerif(0)/b/n/10 dress_shirt\TU/DejaVuSerif(0)/m/n/10 , \TU/DejaVuSeri
f(0)/b/n/10 pub-lic_ad-dress_sys-tem\TU/DejaVuSerif(0)/m/n/10 , tech-nol-ogy, \
TU/DejaVuSerif(0)/b/n/10 of-fi-cial\TU/DejaVuSerif(0)/m/n/10 , \TU/DejaVuSerif(
0)/b/n/10 job\TU/DejaVuSerif(0)/m/n/10 , \TU/DejaVuSerif(0)/b/n/10 speech\TU/De
jaVuSerif(0)/m/n/10 , \TU/DejaVuSerif(0)/b/n/10 busi-
 []

[77]) (./f7_pos/f7_pos_031.tex
Overfull \hbox (3.12727pt too wide) in paragraph at lines 1--3
\TU/DejaVuSerif(0)/b/n/10 tem\TU/DejaVuSerif(0)/m/n/10 , \TU/DejaVuSerif(0)/b/n
/10 job\TU/DejaVuSerif(0)/m/n/10 , \TU/DejaVuSerif(0)/b/n/10 of-fi-cial\TU/Deja
VuSerif(0)/m/n/10 , \TU/DejaVuSerif(0)/b/n/10 busi-nessper-son\TU/DejaVuSerif(0
)/m/n/10 , \TU/DejaVuSerif(0)/b/n/10 speaker\TU/DejaVuSerif(0)/m/n/10 , \TU/Dej
aVuSerif(0)/b/n/10 news_con-fer-ence\TU/DejaVuSerif(0)/m/n/10 , \TU/DejaVuSerif
(0)/b/n/10 mous-tache\TU/DejaVuSerif(0)/m/n/10 ,
 []

) (./f7_pos/f7_pos_032.tex
Overfull \hbox (24.98567pt too wide) in paragraph at lines 1--3
\TU/DejaVuSerif(0)/b/n/10 elec-tronic_de-vice\TU/DejaVuSerif(0)/m/n/10 , \TU/De
jaVuSerif(0)/b/n/10 neck-tie\TU/DejaVuSerif(0)/m/n/10 , \TU/DejaVuSerif(0)/b/n/
10 au-dio_equip-ment\TU/DejaVuSerif(0)/m/n/10 , \TU/DejaVuSerif(0)/b/n/10 mi-cro
-phone\TU/DejaVuSerif(0)/m/n/10 , \TU/DejaVuSerif(0)/b/n/10 suit\TU/DejaVuSerif
(0)/m/n/10 , \TU/DejaVuSerif(0)/b/n/10 for-mal_wear\TU/DejaVuSerif(0)/m/n/10 ,
 []


Overfull \hbox (10.34895pt too wide) in paragraph at lines 1--3
\TU/DejaVuSerif(0)/b/n/10 spokesper-son\TU/DejaVuSerif(0)/m/n/10 , \TU/DejaVuSe
rif(0)/b/n/10 blazer\TU/DejaVuSerif(0)/m/n/10 , \TU/DejaVuSerif(0)/b/n/10 dress_
shirt\TU/DejaVuSerif(0)/m/n/10 , \TU/DejaVuSerif(0)/b/n/10 white-collar_worker\
TU/DejaVuSerif(0)/m/n/10 , \TU/DejaVuSerif(0)/b/n/10 coat\TU/DejaVuSerif(0)/m/n
/10 , \TU/DejaVuSerif(0)/b/n/10 wrin-kle\TU/DejaVuSerif(0)/m/n/10 , \TU/DejaVuS
erif(0)/b/n/10 pub-
 []

) (./f7_pos/f7_pos_033.tex
Overfull \hbox (15.1097pt too wide) in paragraph at lines 1--3
[]  \TU/DejaVuSerif(0)/b/n/10 eye-wear\TU/DejaVuSerif(0)/m/n/10 , \TU/DejaVuSer
if(0)/b/n/10 chin\TU/DejaVuSerif(0)/m/n/10 , \TU/DejaVuSerif(0)/b/n/10 glasses\
TU/DejaVuSerif(0)/m/n/10 , \TU/DejaVuSerif(0)/b/n/10 vi-sion_care\TU/DejaVuSeri
f(0)/m/n/10 , \TU/DejaVuSerif(0)/b/n/10 au-dio_equip-ment\TU/DejaVuSerif(0)/m/n
/10 , \TU/DejaVuSerif(0)/b/n/10 fore-head\TU/DejaVuSerif(0)/m/n/10 , \TU/DejaVu
Serif(0)/b/n/10 spokesper-
 []

) (./f7_pos/f7_pos_034.tex
Overfull \hbox (13.93977pt too wide) in paragraph at lines 1--3
\TU/DejaVuSerif(0)/b/n/10 nessper-son\TU/DejaVuSerif(0)/m/n/10 , \TU/DejaVuSeri
f(0)/b/n/10 flag\TU/DejaVuSerif(0)/m/n/10 , \TU/DejaVuSerif(0)/b/n/10 speaker\T
U/DejaVuSerif(0)/m/n/10 , \TU/DejaVuSerif(0)/b/n/10 job\TU/DejaVuSerif(0)/m/n/1
0 , \TU/DejaVuSerif(0)/b/n/10 gov-ern-ment\TU/DejaVuSerif(0)/m/n/10 , \TU/DejaV
uSerif(0)/b/n/10 wrin-kle\TU/DejaVuSerif(0)/m/n/10 , \TU/DejaVuSerif(0)/b/n/10 
man-age-ment\TU/DejaVuSerif(0)/m/n/10 , \TU/DejaVuSerif(0)/b/n/10 podium\TU/Dej
aVuSerif(0)/m/n/10 ,
 []

) (./f7_pos/f7_pos_035.tex
Overfull \hbox (16.47884pt too wide) in paragraph at lines 1--3
\TU/DejaVuSerif(0)/b/n/10 dio_equip-ment\TU/DejaVuSerif(0)/m/n/10 , \TU/DejaVuS
erif(0)/b/n/10 neck-tie\TU/DejaVuSerif(0)/m/n/10 , \TU/DejaVuSerif(0)/b/n/10 col
-lar\TU/DejaVuSerif(0)/m/n/10 , \TU/DejaVuSerif(0)/b/n/10 blazer\TU/DejaVuSerif
(0)/m/n/10 , \TU/DejaVuSerif(0)/b/n/10 suit\TU/DejaVuSerif(0)/m/n/10 , \TU/Deja
VuSerif(0)/b/n/10 mi-cro-phone\TU/DejaVuSerif(0)/m/n/10 , \TU/DejaVuSerif(0)/b/
n/10 dress_shirt\TU/DejaVuSerif(0)/m/n/10 , \TU/DejaVuSerif(0)/b/n/10 white-
 []


Overfull \hbox (9.99739pt too wide) in paragraph at lines 1--3
\TU/DejaVuSerif(0)/b/n/10 collar_worker\TU/DejaVuSerif(0)/m/n/10 , \TU/DejaVuSe
rif(0)/b/n/10 coat\TU/DejaVuSerif(0)/m/n/10 , \TU/DejaVuSerif(0)/b/n/10 speech\
TU/DejaVuSerif(0)/m/n/10 , \TU/DejaVuSerif(0)/b/n/10 pub-lic_ad-dress_sys-tem\T
U/DejaVuSerif(0)/m/n/10 , \TU/DejaVuSerif(0)/b/n/10 of-fi-cial\TU/DejaVuSerif(0
)/m/n/10 , \TU/DejaVuSerif(0)/b/n/10 wrin-kle\TU/DejaVuSerif(0)/m/n/10 , \TU/De
jaVuSerif(0)/b/n/10 busi-
 []


Overfull \hbox (7.93782pt too wide) in paragraph at lines 1--3
\TU/DejaVuSerif(0)/b/n/10 or-ga-ni-za-tion\TU/DejaVuSerif(0)/m/n/10 , \TU/DejaV
uSerif(0)/b/n/10 mous-tache\TU/DejaVuSerif(0)/m/n/10 , \TU/DejaVuSerif(0)/b/n/1
0 man-age-ment\TU/DejaVuSerif(0)/m/n/10 , \TU/DejaVuSerif(0)/b/n/10 gov-ern-ment
_agency\TU/DejaVuSerif(0)/m/n/10 , \TU/DejaVuSerif(0)/b/n/10 gov-ern-ment 
 []

) (./f7_pos/f7_pos_036.tex
Overfull \hbox (17.28548pt too wide) in paragraph at lines 1--3
\TU/DejaVuSerif(0)/b/n/10 vice\TU/DejaVuSerif(0)/m/n/10 , \TU/DejaVuSerif(0)/b/
n/10 dress_shirt\TU/DejaVuSerif(0)/m/n/10 , \TU/DejaVuSerif(0)/b/n/10 coat\TU/D
ejaVuSerif(0)/m/n/10 , \TU/DejaVuSerif(0)/b/n/10 white-collar_worker\TU/DejaVuS
erif(0)/m/n/10 , \TU/DejaVuSerif(0)/b/n/10 pub-lic_ad-dress_sys-tem\TU/DejaVuSe
rif(0)/m/n/10 , \TU/DejaVuSerif(0)/b/n/10 speech\TU/DejaVuSerif(0)/m/n/10 ,
 []


Overfull \hbox (43.8968pt too wide) in paragraph at lines 1--3
\TU/DejaVuSerif(0)/b/n/10 kle\TU/DejaVuSerif(0)/m/n/10 , \TU/DejaVuSerif(0)/b/n
/10 man-age-ment\TU/DejaVuSerif(0)/m/n/10 , \TU/DejaVuSerif(0)/b/n/10 news_con-f
er-ence\TU/DejaVuSerif(0)/m/n/10 , \TU/DejaVuSerif(0)/b/n/10 or-ga-ni-za-tion\T
U/DejaVuSerif(0)/m/n/10 , \TU/DejaVuSerif(0)/b/n/10 hear-ing\TU/DejaVuSerif(0)/
m/n/10 , \TU/DejaVuSerif(0)/b/n/10 gov-ern-ment_agency\TU/DejaVuSerif(0)/m/n/10
 ,
 []

[78]) (./f7_pos/f7_pos_037.tex) (./f7_pos/f7_pos_038.tex)
(./f7_pos/f7_pos_039.tex
Overfull \hbox (24.98567pt too wide) in paragraph at lines 1--3
\TU/DejaVuSerif(0)/b/n/10 elec-tronic_de-vice\TU/DejaVuSerif(0)/m/n/10 , \TU/De
jaVuSerif(0)/b/n/10 suit\TU/DejaVuSerif(0)/m/n/10 , \TU/DejaVuSerif(0)/b/n/10 ne
ck-tie\TU/DejaVuSerif(0)/m/n/10 , \TU/DejaVuSerif(0)/b/n/10 mi-cro-phone\TU/Dej
aVuSerif(0)/m/n/10 , \TU/DejaVuSerif(0)/b/n/10 au-dio_equip-ment\TU/DejaVuSerif
(0)/m/n/10 , \TU/DejaVuSerif(0)/b/n/10 for-mal_wear\TU/DejaVuSerif(0)/m/n/10 ,
 []


Overfull \hbox (7.1556pt too wide) in paragraph at lines 1--3
\TU/DejaVuSerif(0)/b/n/10 spokesper-son\TU/DejaVuSerif(0)/m/n/10 , \TU/DejaVuSe
rif(0)/b/n/10 blazer\TU/DejaVuSerif(0)/m/n/10 , \TU/DejaVuSerif(0)/b/n/10 white-
collar_worker\TU/DejaVuSerif(0)/m/n/10 , \TU/DejaVuSerif(0)/b/n/10 coat\TU/Deja
VuSerif(0)/m/n/10 , \TU/DejaVuSerif(0)/b/n/10 dress_shirt\TU/DejaVuSerif(0)/m/n
/10 , \TU/DejaVuSerif(0)/b/n/10 of-fi-cial\TU/DejaVuSerif(0)/m/n/10 , \TU/DejaV
uSerif(0)/b/n/10 pub-
 []


Overfull \hbox (31.09407pt too wide) in paragraph at lines 1--3
\TU/DejaVuSerif(0)/b/n/10 speaker\TU/DejaVuSerif(0)/m/n/10 , \TU/DejaVuSerif(0)
/b/n/10 hear-ing\TU/DejaVuSerif(0)/m/n/10 , \TU/DejaVuSerif(0)/b/n/10 or-ga-ni-z
a-tion\TU/DejaVuSerif(0)/m/n/10 , \TU/DejaVuSerif(0)/b/n/10 mous-tache\TU/DejaV
uSerif(0)/m/n/10 , \TU/DejaVuSerif(0)/b/n/10 gov-ern-ment\TU/DejaVuSerif(0)/m/n
/10 , \TU/DejaVuSerif(0)/b/n/10 gov-ern-ment_agency\TU/DejaVuSerif(0)/m/n/10 ,
 []

) (./f7_pos/f7_pos_040.tex
Overfull \hbox (16.94954pt too wide) in paragraph at lines 1--3
[]  \TU/DejaVuSerif(0)/b/n/10 eye-wear\TU/DejaVuSerif(0)/m/n/10 , \TU/DejaVuSer
if(0)/b/n/10 chin\TU/DejaVuSerif(0)/m/n/10 , \TU/DejaVuSerif(0)/b/n/10 glasses\
TU/DejaVuSerif(0)/m/n/10 , \TU/DejaVuSerif(0)/b/n/10 head\TU/DejaVuSerif(0)/m/n
/10 , \TU/DejaVuSerif(0)/b/n/10 vi-sion_care\TU/DejaVuSerif(0)/m/n/10 , \TU/Dej
aVuSerif(0)/b/n/10 fore-head\TU/DejaVuSerif(0)/m/n/10 , \TU/DejaVuSerif(0)/b/n/
10 nose\TU/DejaVuSerif(0)/m/n/10 , \TU/DejaVuSerif(0)/b/n/10 face\TU/DejaVuSeri
f(0)/m/n/10 , \TU/DejaVuSerif(0)/b/n/10 for-mal_wear\TU/DejaVuSerif(0)/m/n/10 ,
 []


Overfull \hbox (4.32161pt too wide) in paragraph at lines 1--3
\TU/DejaVuSerif(0)/b/n/10 mi-cro-phone\TU/DejaVuSerif(0)/m/n/10 , \TU/DejaVuSer
if(0)/b/n/10 col-lar\TU/DejaVuSerif(0)/m/n/10 , \TU/DejaVuSerif(0)/b/n/10 coat\
TU/DejaVuSerif(0)/m/n/10 , \TU/DejaVuSerif(0)/b/n/10 dress_shirt\TU/DejaVuSerif
(0)/m/n/10 , \TU/DejaVuSerif(0)/b/n/10 white-collar_worker\TU/DejaVuSerif(0)/m/
n/10 , \TU/DejaVuSerif(0)/b/n/10 elec-tronic_de-
 []

) (./f7_neg/f7_neg_001.tex) (./f7_neg/f7_neg_002.tex [79])
(./f7_neg/f7_neg_003.tex) (./f7_neg/f7_neg_004.tex) (./f7_neg/f7_neg_005.tex)
(./f7_neg/f7_neg_006.tex) (./f7_neg/f7_neg_007.tex) (./f7_neg/f7_neg_008.tex)
(./f7_neg/f7_neg_009.tex
Overfull \hbox (32.91536pt too wide) in paragraph at lines 1--3
[]  \TU/DejaVuSerif(0)/b/n/10 red\TU/DejaVuSerif(0)/m/n/10 , \TU/DejaVuSerif(0)
/b/n/10 text\TU/DejaVuSerif(0)/m/n/10 , \TU/DejaVuSerif(0)/b/n/10 font\TU/DejaV
uSerif(0)/m/n/10 , \TU/DejaVuSerif(0)/b/n/10 or-ange\TU/DejaVuSerif(0)/m/n/10 , logo, \TU/DejaVuSerif(0)/b/n/10 sign\TU/DejaVuSerif(0)/m/n/10 , sym-bol, \TU/DejaVuSerif(0)/b/n/10 tri-an-gle\TU/DejaVuSerif(0)/m/n/10 , \TU/DejaVuSerif(0)/b/n/10 graph-ics\TU/DejaVuSerif(0)/m/n/10 , de-sign, \TU/DejaVuSerif(0)/b/n/10 graphic_de-
 []

) (./f7_neg/f7_neg_010.tex) (./f7_neg/f7_neg_011.tex) (./f7_neg/f7_neg_012.tex) (./f7_neg/f7_neg_013.tex [80]) (./f7_neg/f7_neg_014.tex)
(./f7_neg/f7_neg_015.tex) (./f7_neg/f7_neg_016.tex) (./f7_neg/f7_neg_017.tex)
(./f7_neg/f7_neg_018.tex) (./f7_neg/f7_neg_019.tex) (./f7_neg/f7_neg_020.tex)
(./f7_neg/f7_neg_021.tex) (./f7_neg/f7_neg_022.tex) (./f7_neg/f7_neg_023.tex)
(./f7_neg/f7_neg_024.tex [81]) (./f7_neg/f7_neg_025.tex)
(./f7_neg/f7_neg_026.tex) (./f7_neg/f7_neg_027.tex) (./f7_neg/f7_neg_028.tex)
(./f7_neg/f7_neg_029.tex) (./f7_neg/f7_neg_030.tex) (./f7_neg/f7_neg_031.tex)
(./f7_neg/f7_neg_032.tex) (./f7_neg/f7_neg_033.tex) (./f7_neg/f7_neg_034.tex)
(./f7_neg/f7_neg_035.tex [82]) (./f7_neg/f7_neg_036.tex)
(./f7_neg/f7_neg_037.tex) (./f7_neg/f7_neg_038.tex) (./f7_neg/f7_neg_039.tex)
(./f7_neg/f7_neg_040.tex) [83] (./examples.aux)
 ***********
LaTeX2e <2026-06-01>
L3 programming layer <2026-06-18>
 ***********
Package rerunfilecheck Info: File `examples.out' has not changed.
(rerunfilecheck)             Checksum: 0A3A544862435C85C770B38859BDFF95;1326.
)

Here is how much of LuaTeX's memory you used:
 48210 strings out of 475704
 125189,1977958 words of node,token memory allocated
 593 words of node memory still in use:
   6 hlist, 2 vlist, 2 rule, 2 glue, 4 kern, 1 glyph, 13 attribute, 70 glue_spec
, 7 attribute_list, 2 write nodes
   avail lists: 1:3,2:1709,3:313,4:113,5:1058,6:74,7:7103,9:393,10:7,11:729
 66028 multiletter control sequences out of 65536+600000
 37 fonts using 13621335 bytes
 86i,5n,115p,1226b,511s stack positions out of 10000i,1000n,20000p,200000b,200000s
</usr/share/fonts/truetype/dejavu/DejaVuSerif-Bold.ttf></usr/share/fonts/truetyp
e/dejavu/DejaVuSerif-Italic.ttf></usr/share/fonts/truetype/dejavu/DejaVuSerif.tt
f>
Output written on examples.pdf (83 pages, 321117 bytes).

PDF statistics: 1040 PDF objects out of 1200 (max. 8388607)
 933 compressed objects within 10 object streams
 659 named destinations out of 1000 (max. 1048576)
 128 words of extra memory for PDF output out of 10000 (max. 100000000)

